date,site,country,query,position,clicks,impressions,data_state
2026-09-10,bathroomgraffiti,all,assouline judaisme,11,0,1,final
2026-09-11,bathroomgraffiti,all,assouline judaisme,4.4,1,5,final
2026-09-12,bathroomgraffiti,all,assouline judaisme,3.2,1,4,final
2026-09-13,bathroomgraffiti,all,assouline judaisme,4.5,0,6,final
2026-09-14,bathroomgraffiti,all,assouline judaisme,3.8,2,12,final
2026-09-15,bathroomgraffiti,all,assouline judaisme,4.6,1,14,final
2026-09-16,bathroomgraffiti,all,assouline judaisme,2.7,1,24,final
2026-09-17,bathroomgraffiti,all,assouline judaisme,3.2,2,9,final
2026-09-18,bathroomgraffiti,all,assouline judaisme,3.4,0,5,final
2026-09-19,bathroomgraffiti,all,assouline judaisme,5,0,6,final
2026-09-20,bathroomgraffiti,all,assouline judaisme,3.2,0,8,final
2026-09-21,bathroomgraffiti,all,assouline judaisme,2.7,0,3,final
2026-09-22,bathroomgraffiti,all,assouline judaisme,3,1,10,final
2026-09-23,bathroomgraffiti,all,assouline judaisme,3.1,0,14,final
2026-09-24,bathroomgraffiti,all,assouline judaisme,3.2,0,4,final
2026-09-25,bathroomgraffiti,all,assouline judaisme,5.3,0,14,final
2026-09-26,bathroomgraffiti,all,assouline judaisme,9,0,2,final
2026-09-27,bathroomgraffiti,all,assouline judaisme,5.6,0,7,final
2026-09-28,bathroomgraffiti,all,assouline judaisme,6.7,0,3,final
2026-09-29,bathroomgraffiti,all,assouline judaisme,7.2,1,4,final
2026-09-30,bathroomgraffiti,all,assouline judaisme,7.4,0,5,final
2026-10-01,bathroomgraffiti,all,assouline judaisme,9.4,0,7,final
2026-10-02,bathroomgraffiti,all,assouline judaisme,9.8,0,4,final
2026-10-04,bathroomgraffiti,all,assouline judaisme,9,0,2,fresh
2026-10-05,bathroomgraffiti,all,assouline judaisme,11,0,1,fresh
2026-09-12,bathroomgraffiti,all,assouline tel aviv,5.8,3,18,final
2026-09-13,bathroomgraffiti,all,assouline tel aviv,4.3,1,28,final
2026-09-14,bathroomgraffiti,all,assouline tel aviv,4.4,2,49,final
2026-09-15,bathroomgraffiti,all,assouline tel aviv,4.6,2,39,final
2026-09-16,bathroomgraffiti,all,assouline tel aviv,4.2,1,20,final
2026-09-17,bathroomgraffiti,all,assouline tel aviv,6.1,0,18,final
2026-09-18,bathroomgraffiti,all,assouline tel aviv,7.7,0,14,final
2026-09-19,bathroomgraffiti,all,assouline tel aviv,6.9,0,17,final
2026-09-20,bathroomgraffiti,all,assouline tel aviv,11,0,4,final
2026-09-21,bathroomgraffiti,all,assouline tel aviv,7,0,9,final
2026-09-22,bathroomgraffiti,all,assouline tel aviv,5.8,1,9,final
2026-09-23,bathroomgraffiti,all,assouline tel aviv,6.3,0,10,final
2026-09-24,bathroomgraffiti,all,assouline tel aviv,5.9,0,21,final
2026-09-25,bathroomgraffiti,all,assouline tel aviv,5.8,0,12,final
2026-09-26,bathroomgraffiti,all,assouline tel aviv,8.7,0,20,final
2026-09-27,bathroomgraffiti,all,assouline tel aviv,8.2,0,13,final
2026-09-28,bathroomgraffiti,all,assouline tel aviv,7.2,0,8,final
2026-09-29,bathroomgraffiti,all,assouline tel aviv,5.8,0,4,final
2026-09-30,bathroomgraffiti,all,assouline tel aviv,4.3,0,3,final
2026-10-01,bathroomgraffiti,all,assouline tel aviv,7.1,1,7,final
2026-10-02,bathroomgraffiti,all,assouline tel aviv,8.2,0,8,final
2026-10-03,bathroomgraffiti,all,assouline tel aviv,10,0,1,final
2026-10-04,bathroomgraffiti,all,assouline tel aviv,10.5,0,2,fresh
2026-10-05,bathroomgraffiti,all,assouline tel aviv,6,0,3,fresh
2025-06-12,bathroomgraffiti,all,bathroom graffitti,1,1,1,final
2025-06-13,bathroomgraffiti,all,bathroom graffitti,1,1,1,final
2025-06-14,bathroomgraffiti,all,bathroom graffitti,1,1,1,final
2025-06-16,bathroomgraffiti,all,bathroom graffitti,1,2,2,final
2025-06-17,bathroomgraffiti,all,bathroom graffitti,1,1,1,final
2025-06-21,bathroomgraffiti,all,bathroom graffitti,1,1,1,final
2025-06-23,bathroomgraffiti,all,bathroom graffitti,8,1,1,final
2025-07-04,bathroomgraffiti,all,bathroom graffitti,5,0,1,final
2025-07-07,bathroomgraffiti,all,bathroom graffitti,1,1,1,final
2025-07-09,bathroomgraffiti,all,bathroom graffitti,6,0,1,final
2025-07-11,bathroomgraffiti,all,bathroom graffitti,1,1,2,final
2025-07-13,bathroomgraffiti,all,bathroom graffitti,1,0,2,final
2025-07-16,bathroomgraffiti,all,bathroom graffitti,3,1,2,final
2025-07-18,bathroomgraffiti,all,bathroom graffitti,2,1,1,final
2025-07-19,bathroomgraffiti,all,bathroom graffitti,1,1,1,final
2025-07-21,bathroomgraffiti,all,bathroom graffitti,6,0,2,final
2025-07-22,bathroomgraffiti,all,bathroom graffitti,1,1,1,final
2025-07-24,bathroomgraffiti,all,bathroom graffitti,5,0,1,final
2025-07-25,bathroomgraffiti,all,bathroom graffitti,1,1,1,final
2025-07-29,bathroomgraffiti,all,bathroom graffitti,1,0,1,final
2025-08-01,bathroomgraffiti,all,bathroom graffitti,1,1,1,final
2025-08-02,bathroomgraffiti,all,bathroom graffitti,1,1,1,final
2025-08-07,bathroomgraffiti,all,bathroom graffitti,4,1,2,final
2025-08-15,bathroomgraffiti,all,bathroom graffitti,1,0,1,final
2025-08-18,bathroomgraffiti,all,bathroom graffitti,1,1,1,final
2025-08-19,bathroomgraffiti,all,bathroom graffitti,1,1,1,final
2025-08-26,bathroomgraffiti,all,bathroom graffitti,1,1,1,final
2025-08-29,bathroomgraffiti,all,bathroom graffitti,1,0,1,final
2025-08-30,bathroomgraffiti,all,bathroom graffitti,1,0,1,final
2025-08-31,bathroomgraffiti,all,bathroom graffitti,1,1,1,final
2025-09-03,bathroomgraffiti,all,bathroom graffitti,1,1,1,final
2025-09-04,bathroomgraffiti,all,bathroom graffitti,1,1,1,final
2025-09-07,bathroomgraffiti,all,bathroom graffitti,1,1,1,final
2025-09-21,bathroomgraffiti,all,bathroom graffitti,1,1,3,final
2025-09-23,bathroomgraffiti,all,bathroom graffitti,1,1,1,final
2025-09-30,bathroomgraffiti,all,bathroom graffitti,8,0,1,final
2025-10-02,bathroomgraffiti,all,bathroom graffitti,3,0,1,final
2025-10-06,bathroomgraffiti,all,bathroom graffitti,1,1,1,final
2025-10-07,bathroomgraffiti,all,bathroom graffitti,2,1,1,final
2025-10-08,bathroomgraffiti,all,bathroom graffitti,1,1,1,final
2025-10-09,bathroomgraffiti,all,bathroom graffitti,1,1,1,final
2025-10-12,bathroomgraffiti,all,bathroom graffitti,1,0,1,final
2025-10-13,bathroomgraffiti,all,bathroom graffitti,1,2,2,final
2025-10-24,bathroomgraffiti,all,bathroom graffitti,10,0,1,final
2025-10-25,bathroomgraffiti,all,bathroom graffitti,1,1,1,final
2025-11-02,bathroomgraffiti,all,bathroom graffitti,1,1,1,final
2025-11-10,bathroomgraffiti,all,bathroom graffitti,1,1,1,final
2025-11-11,bathroomgraffiti,all,bathroom graffitti,1,2,3,final
2025-11-14,bathroomgraffiti,all,bathroom graffitti,6,0,1,final
2025-11-18,bathroomgraffiti,all,bathroom graffitti,1,1,1,final
2025-11-19,bathroomgraffiti,all,bathroom graffitti,1,0,1,final
2025-11-20,bathroomgraffiti,all,bathroom graffitti,1,1,1,final
2025-11-21,bathroomgraffiti,all,bathroom graffitti,1,1,2,final
2025-11-29,bathroomgraffiti,all,bathroom graffitti,1,0,1,final
2025-11-30,bathroomgraffiti,all,bathroom graffitti,1,1,1,final
2025-12-02,bathroomgraffiti,all,bathroom graffitti,13,0,1,final
2025-12-03,bathroomgraffiti,all,bathroom graffitti,1,1,1,final
2025-12-05,bathroomgraffiti,all,bathroom graffitti,1,2,2,final
2025-12-06,bathroomgraffiti,all,bathroom graffitti,1,1,2,final
2025-12-07,bathroomgraffiti,all,bathroom graffitti,1,1,1,final
2025-12-09,bathroomgraffiti,all,bathroom graffitti,1,1,1,final
2025-12-11,bathroomgraffiti,all,bathroom graffitti,1,0,1,final
2025-12-13,bathroomgraffiti,all,bathroom graffitti,1,4,4,final
2025-12-14,bathroomgraffiti,all,bathroom graffitti,1,2,2,final
2025-12-15,bathroomgraffiti,all,bathroom graffitti,7.5,1,4,final
2025-12-16,bathroomgraffiti,all,bathroom graffitti,1,2,2,final
2025-12-17,bathroomgraffiti,all,bathroom graffitti,1,1,1,final
2025-12-19,bathroomgraffiti,all,bathroom graffitti,7.5,0,2,final
2025-12-20,bathroomgraffiti,all,bathroom graffitti,1,1,2,final
2025-12-21,bathroomgraffiti,all,bathroom graffitti,1,1,1,final
2025-12-23,bathroomgraffiti,all,bathroom graffitti,1,2,3,final
2025-12-26,bathroomgraffiti,all,bathroom graffitti,1,1,1,final
2026-01-01,bathroomgraffiti,all,bathroom graffitti,1,1,1,final
2026-01-05,bathroomgraffiti,all,bathroom graffitti,1,1,1,final
2026-01-07,bathroomgraffiti,all,bathroom graffitti,2,0,2,final
2026-01-13,bathroomgraffiti,all,bathroom graffitti,3,0,2,final
2026-01-14,bathroomgraffiti,all,bathroom graffitti,1,1,1,final
2026-01-19,bathroomgraffiti,all,bathroom graffitti,1,1,1,final
2026-01-29,bathroomgraffiti,all,bathroom graffitti,3,0,2,final
2026-02-02,bathroomgraffiti,all,bathroom graffitti,1,0,3,final
2026-02-03,bathroomgraffiti,all,bathroom graffitti,1,0,1,final
2026-02-04,bathroomgraffiti,all,bathroom graffitti,15,0,1,final
2026-02-05,bathroomgraffiti,all,bathroom graffitti,4,0,1,final
2026-02-12,bathroomgraffiti,all,bathroom graffitti,2,0,1,final
2026-02-13,bathroomgraffiti,all,bathroom graffitti,8,0,1,final
2026-02-21,bathroomgraffiti,all,bathroom graffitti,1,1,2,final
2026-02-23,bathroomgraffiti,all,bathroom graffitti,1,1,2,final
2026-02-28,bathroomgraffiti,all,bathroom graffitti,1,0,1,final
2026-03-03,bathroomgraffiti,all,bathroom graffitti,1.5,0,2,final
2026-03-04,bathroomgraffiti,all,bathroom graffitti,1,0,1,final
2026-03-05,bathroomgraffiti,all,bathroom graffitti,6,0,1,final
2026-03-15,bathroomgraffiti,all,bathroom graffitti,1,1,1,final
2026-03-18,bathroomgraffiti,all,bathroom graffitti,1,1,2,final
2026-03-22,bathroomgraffiti,all,bathroom graffitti,1,0,1,final
2026-03-24,bathroomgraffiti,all,bathroom graffitti,1,0,1,final
2026-04-09,bathroomgraffiti,all,bathroom graffitti,4,0,1,final
2026-04-11,bathroomgraffiti,all,bathroom graffitti,1,0,1,final
2026-04-16,bathroomgraffiti,all,bathroom graffitti,1,0,1,final
2026-04-20,bathroomgraffiti,all,bathroom graffitti,1,1,1,final
2026-04-22,bathroomgraffiti,all,bathroom graffitti,1,0,1,final
2026-05-04,bathroomgraffiti,all,bathroom graffitti,8,0,1,final
2026-05-07,bathroomgraffiti,all,bathroom graffitti,1,0,2,final
2026-05-13,bathroomgraffiti,all,bathroom graffitti,1,1,1,final
2026-05-14,bathroomgraffiti,all,bathroom graffitti,1,0,1,final
2026-05-19,bathroomgraffiti,all,bathroom graffitti,1,0,2,final
2026-05-23,bathroomgraffiti,all,bathroom graffitti,1,0,1,final
2026-05-29,bathroomgraffiti,all,bathroom graffitti,1,0,1,final
2026-05-31,bathroomgraffiti,all,bathroom graffitti,7,0,1,final
2026-06-02,bathroomgraffiti,all,bathroom graffitti,1,0,1,final
2026-06-19,bathroomgraffiti,all,bathroom graffitti,1,0,1,final
2026-06-20,bathroomgraffiti,all,bathroom graffitti,1,0,1,final
2026-06-21,bathroomgraffiti,all,bathroom graffitti,2,1,2,final
2026-06-23,bathroomgraffiti,all,bathroom graffitti,7,0,1,final
2026-06-25,bathroomgraffiti,all,bathroom graffitti,1,0,1,final
2026-06-27,bathroomgraffiti,all,bathroom graffitti,1,0,1,final
2026-07-05,bathroomgraffiti,all,bathroom graffitti,1,0,1,final
2026-07-12,bathroomgraffiti,all,bathroom graffitti,1,0,1,final
2026-07-21,bathroomgraffiti,all,bathroom graffitti,1,0,1,final
2026-07-23,bathroomgraffiti,all,bathroom graffitti,9,0,1,final
2026-07-25,bathroomgraffiti,all,bathroom graffitti,1,1,1,final
2026-07-27,bathroomgraffiti,all,bathroom graffitti,1,0,1,final
2026-08-05,bathroomgraffiti,all,bathroom graffitti,1,0,1,final
2026-08-06,bathroomgraffiti,all,bathroom graffitti,1,1,1,final
2026-08-10,bathroomgraffiti,all,bathroom graffitti,1,0,1,final
2026-08-11,bathroomgraffiti,all,bathroom graffitti,1,1,1,final
2026-08-20,bathroomgraffiti,all,bathroom graffitti,1,0,1,final
2026-09-08,bathroomgraffiti,all,bathroom graffitti,1,1,1,final
2026-09-10,bathroomgraffiti,all,bathroom graffitti,1,1,1,final
2026-09-11,bathroomgraffiti,all,bathroom graffitti,1,2,2,final
2026-09-12,bathroomgraffiti,all,bathroom graffitti,1,1,1,final
2026-09-13,bathroomgraffiti,all,bathroom graffitti,1,2,2,final
2026-09-17,bathroomgraffiti,all,bathroom graffitti,1,0,1,final
2026-09-20,bathroomgraffiti,all,bathroom graffitti,1,1,1,final
2026-09-29,bathroomgraffiti,all,bathroom graffitti,1.5,1,2,final
2025-06-14,bathroomgraffiti,all,bathroom graffity,1,0,2,final
2025-06-16,bathroomgraffiti,all,bathroom graffity,1,1,1,final
2025-06-19,bathroomgraffiti,all,bathroom graffity,1,0,1,final
2025-06-23,bathroomgraffiti,all,bathroom graffity,1,3,3,final
2025-06-26,bathroomgraffiti,all,bathroom graffity,2.5,0,2,final
2025-07-01,bathroomgraffiti,all,bathroom graffity,1,0,1,final
2025-07-03,bathroomgraffiti,all,bathroom graffity,12.5,1,2,final
2025-07-04,bathroomgraffiti,all,bathroom graffity,1,1,1,final
2025-07-05,bathroomgraffiti,all,bathroom graffity,1,1,1,final
2025-07-06,bathroomgraffiti,all,bathroom graffity,1,1,1,final
2025-07-08,bathroomgraffiti,all,bathroom graffity,1,1,1,final
2025-07-09,bathroomgraffiti,all,bathroom graffity,1,0,1,final
2025-07-10,bathroomgraffiti,all,bathroom graffity,1,1,1,final
2025-07-17,bathroomgraffiti,all,bathroom graffity,1,2,2,final
2025-07-18,bathroomgraffiti,all,bathroom graffity,1,1,1,final
2025-07-19,bathroomgraffiti,all,bathroom graffity,1,2,2,final
2025-07-23,bathroomgraffiti,all,bathroom graffity,1,2,2,final
2025-07-25,bathroomgraffiti,all,bathroom graffity,1,3,3,final
2025-07-26,bathroomgraffiti,all,bathroom graffity,1,0,1,final
2025-07-27,bathroomgraffiti,all,bathroom graffity,1,0,1,final
2025-07-31,bathroomgraffiti,all,bathroom graffity,1,1,2,final
2025-08-01,bathroomgraffiti,all,bathroom graffity,1,0,1,final
2025-08-03,bathroomgraffiti,all,bathroom graffity,1,1,1,final
2025-08-04,bathroomgraffiti,all,bathroom graffity,1,1,1,final
2025-08-10,bathroomgraffiti,all,bathroom graffity,1,0,1,final
2025-08-14,bathroomgraffiti,all,bathroom graffity,1,1,2,final
2025-08-20,bathroomgraffiti,all,bathroom graffity,1,1,1,final
2025-08-24,bathroomgraffiti,all,bathroom graffity,1,1,1,final
2025-08-25,bathroomgraffiti,all,bathroom graffity,1,1,1,final
2025-08-27,bathroomgraffiti,all,bathroom graffity,1,0,1,final
2025-08-29,bathroomgraffiti,all,bathroom graffity,1,2,3,final
2025-09-01,bathroomgraffiti,all,bathroom graffity,1,0,1,final
2025-09-02,bathroomgraffiti,all,bathroom graffity,1,0,1,final
2025-09-06,bathroomgraffiti,all,bathroom graffity,1,0,1,final
2025-09-08,bathroomgraffiti,all,bathroom graffity,1,1,1,final
2025-09-11,bathroomgraffiti,all,bathroom graffity,1,1,1,final
2025-09-21,bathroomgraffiti,all,bathroom graffity,1,2,2,final
2025-09-25,bathroomgraffiti,all,bathroom graffity,1,1,1,final
2025-09-27,bathroomgraffiti,all,bathroom graffity,1,1,1,final
2025-10-01,bathroomgraffiti,all,bathroom graffity,1,0,1,final
2025-10-03,bathroomgraffiti,all,bathroom graffity,1,1,1,final
2025-10-04,bathroomgraffiti,all,bathroom graffity,1,0,1,final
2025-10-05,bathroomgraffiti,all,bathroom graffity,1,0,1,final
2025-10-06,bathroomgraffiti,all,bathroom graffity,1,1,1,final
2025-10-07,bathroomgraffiti,all,bathroom graffity,1,0,1,final
2025-10-10,bathroomgraffiti,all,bathroom graffity,1,1,1,final
2025-10-12,bathroomgraffiti,all,bathroom graffity,1,0,1,final
2025-10-13,bathroomgraffiti,all,bathroom graffity,1,2,2,final
2025-10-18,bathroomgraffiti,all,bathroom graffity,1,0,1,final
2025-10-23,bathroomgraffiti,all,bathroom graffity,1,1,3,final
2025-10-25,bathroomgraffiti,all,bathroom graffity,1,1,1,final
2025-10-30,bathroomgraffiti,all,bathroom graffity,1,2,2,final
2025-10-31,bathroomgraffiti,all,bathroom graffity,1,2,2,final
2025-11-01,bathroomgraffiti,all,bathroom graffity,1,1,1,final
2025-11-06,bathroomgraffiti,all,bathroom graffity,1,1,1,final
2025-11-09,bathroomgraffiti,all,bathroom graffity,1,2,2,final
2025-11-11,bathroomgraffiti,all,bathroom graffity,1,1,1,final
2025-11-12,bathroomgraffiti,all,bathroom graffity,1,1,1,final
2025-11-14,bathroomgraffiti,all,bathroom graffity,1,1,1,final
2025-11-16,bathroomgraffiti,all,bathroom graffity,1,1,2,final
2025-11-19,bathroomgraffiti,all,bathroom graffity,1,1,1,final
2025-11-21,bathroomgraffiti,all,bathroom graffity,1,1,1,final
2025-11-23,bathroomgraffiti,all,bathroom graffity,1,1,1,final
2025-11-24,bathroomgraffiti,all,bathroom graffity,1,1,1,final
2025-11-25,bathroomgraffiti,all,bathroom graffity,1,1,1,final
2025-11-29,bathroomgraffiti,all,bathroom graffity,1,0,1,final
2025-12-01,bathroomgraffiti,all,bathroom graffity,1,1,1,final
2025-12-02,bathroomgraffiti,all,bathroom graffity,1,2,2,final
2025-12-03,bathroomgraffiti,all,bathroom graffity,1,1,1,final
2025-12-06,bathroomgraffiti,all,bathroom graffity,1,1,1,final
2025-12-07,bathroomgraffiti,all,bathroom graffity,1,1,1,final
2025-12-08,bathroomgraffiti,all,bathroom graffity,1,1,1,final
2025-12-09,bathroomgraffiti,all,bathroom graffity,1,1,1,final
2025-12-12,bathroomgraffiti,all,bathroom graffity,1,1,2,final
2025-12-13,bathroomgraffiti,all,bathroom graffity,1,1,1,final
2025-12-14,bathroomgraffiti,all,bathroom graffity,1,4,4,final
2025-12-15,bathroomgraffiti,all,bathroom graffity,1,0,2,final
2025-12-16,bathroomgraffiti,all,bathroom graffity,1,1,1,final
2025-12-18,bathroomgraffiti,all,bathroom graffity,1,1,1,final
2025-12-20,bathroomgraffiti,all,bathroom graffity,1,0,1,final
2025-12-21,bathroomgraffiti,all,bathroom graffity,1,2,2,final
2025-12-22,bathroomgraffiti,all,bathroom graffity,1,1,1,final
2025-12-27,bathroomgraffiti,all,bathroom graffity,1,1,2,final
2025-12-30,bathroomgraffiti,all,bathroom graffity,1,1,2,final
2025-12-31,bathroomgraffiti,all,bathroom graffity,1,2,2,final
2026-01-02,bathroomgraffiti,all,bathroom graffity,1,1,1,final
2026-01-03,bathroomgraffiti,all,bathroom graffity,1,3,3,final
2026-01-04,bathroomgraffiti,all,bathroom graffity,1,0,1,final
2026-01-06,bathroomgraffiti,all,bathroom graffity,1,0,1,final
2026-01-09,bathroomgraffiti,all,bathroom graffity,2.3,1,3,final
2026-01-12,bathroomgraffiti,all,bathroom graffity,1,3,3,final
2026-01-13,bathroomgraffiti,all,bathroom graffity,1,1,1,final
2026-01-16,bathroomgraffiti,all,bathroom graffity,1,1,1,final
2026-01-28,bathroomgraffiti,all,bathroom graffity,21,0,1,final
2026-01-29,bathroomgraffiti,all,bathroom graffity,1,0,1,final
2026-02-01,bathroomgraffiti,all,bathroom graffity,1,0,1,final
2026-02-03,bathroomgraffiti,all,bathroom graffity,1,1,1,final
2026-02-10,bathroomgraffiti,all,bathroom graffity,1,0,1,final
2026-02-19,bathroomgraffiti,all,bathroom graffity,1,0,1,final
2026-03-04,bathroomgraffiti,all,bathroom graffity,1,0,1,final
2026-03-23,bathroomgraffiti,all,bathroom graffity,1,1,3,final
2026-03-25,bathroomgraffiti,all,bathroom graffity,1,0,1,final
2026-03-27,bathroomgraffiti,all,bathroom graffity,1,1,1,final
2026-04-01,bathroomgraffiti,all,bathroom graffity,1,0,2,final
2026-04-02,bathroomgraffiti,all,bathroom graffity,1,0,1,final
2026-04-04,bathroomgraffiti,all,bathroom graffity,1,0,1,final
2026-04-06,bathroomgraffiti,all,bathroom graffity,1,0,1,final
2026-04-12,bathroomgraffiti,all,bathroom graffity,1,0,1,final
2026-04-13,bathroomgraffiti,all,bathroom graffity,1,0,1,final
2026-04-14,bathroomgraffiti,all,bathroom graffity,1,0,1,final
2026-04-16,bathroomgraffiti,all,bathroom graffity,1,0,1,final
2026-04-18,bathroomgraffiti,all,bathroom graffity,1,0,1,final
2026-04-19,bathroomgraffiti,all,bathroom graffity,1,0,1,final
2026-04-23,bathroomgraffiti,all,bathroom graffity,1,1,1,final
2026-04-24,bathroomgraffiti,all,bathroom graffity,1,0,1,final
2026-04-25,bathroomgraffiti,all,bathroom graffity,1.2,2,5,final
2026-04-27,bathroomgraffiti,all,bathroom graffity,1,0,1,final
2026-04-28,bathroomgraffiti,all,bathroom graffity,1,1,1,final
2026-04-30,bathroomgraffiti,all,bathroom graffity,3,0,2,final
2026-05-13,bathroomgraffiti,all,bathroom graffity,11,0,2,final
2026-05-20,bathroomgraffiti,all,bathroom graffity,1,0,1,final
2026-05-21,bathroomgraffiti,all,bathroom graffity,3,0,5,final
2026-05-22,bathroomgraffiti,all,bathroom graffity,1,0,1,final
2026-05-24,bathroomgraffiti,all,bathroom graffity,1,0,1,final
2026-05-28,bathroomgraffiti,all,bathroom graffity,1,0,1,final
2026-06-16,bathroomgraffiti,all,bathroom graffity,1,0,1,final
2026-06-28,bathroomgraffiti,all,bathroom graffity,1,0,2,final
2026-07-05,bathroomgraffiti,all,bathroom graffity,7,0,1,final
2026-07-06,bathroomgraffiti,all,bathroom graffity,1,1,1,final
2026-07-13,bathroomgraffiti,all,bathroom graffity,1,1,1,final
2026-09-04,bathroomgraffiti,all,bathroom graffity,1,1,1,final
2026-09-05,bathroomgraffiti,all,bathroom graffity,1,1,1,final
2026-09-08,bathroomgraffiti,all,bathroom graffity,1,0,1,final
2026-09-11,bathroomgraffiti,all,bathroom graffity,1,1,1,final
2026-09-12,bathroomgraffiti,all,bathroom graffity,1,0,1,final
2026-09-16,bathroomgraffiti,all,bathroom graffity,1,1,1,final
2026-09-23,bathroomgraffiti,all,bathroom graffity,1,1,1,final
2026-09-28,bathroomgraffiti,all,bathroom graffity,1,2,2,final
2026-10-02,bathroomgraffiti,all,bathroom graffity,1,1,1,final
2025-06-12,bathroomgraffiti,all,bathroom grafitti,1,1,1,final
2025-06-13,bathroomgraffiti,all,bathroom grafitti,1,1,2,final
2025-06-14,bathroomgraffiti,all,bathroom grafitti,1,1,2,final
2025-06-16,bathroomgraffiti,all,bathroom grafitti,2.2,2,5,final
2025-06-17,bathroomgraffiti,all,bathroom grafitti,1,3,3,final
2025-06-18,bathroomgraffiti,all,bathroom grafitti,1.3,2,3,final
2025-06-20,bathroomgraffiti,all,bathroom grafitti,3,1,5,final
2025-06-22,bathroomgraffiti,all,bathroom grafitti,1,1,2,final
2025-06-23,bathroomgraffiti,all,bathroom grafitti,1,1,1,final
2025-06-24,bathroomgraffiti,all,bathroom grafitti,1,3,4,final
2025-06-25,bathroomgraffiti,all,bathroom grafitti,2.2,1,4,final
2025-06-27,bathroomgraffiti,all,bathroom grafitti,1,1,2,final
2025-06-28,bathroomgraffiti,all,bathroom grafitti,1,1,2,final
2025-06-29,bathroomgraffiti,all,bathroom grafitti,1,0,4,final
2025-06-30,bathroomgraffiti,all,bathroom grafitti,4,1,2,final
2025-07-01,bathroomgraffiti,all,bathroom grafitti,1,4,4,final
2025-07-03,bathroomgraffiti,all,bathroom grafitti,1,0,1,final
2025-07-05,bathroomgraffiti,all,bathroom grafitti,1,3,3,final
2025-07-07,bathroomgraffiti,all,bathroom grafitti,1,0,1,final
2025-07-09,bathroomgraffiti,all,bathroom grafitti,6,0,1,final
2025-07-10,bathroomgraffiti,all,bathroom grafitti,1,1,1,final
2025-07-11,bathroomgraffiti,all,bathroom grafitti,1,0,1,final
2025-07-12,bathroomgraffiti,all,bathroom grafitti,1,1,3,final
2025-07-13,bathroomgraffiti,all,bathroom grafitti,4.5,0,2,final
2025-07-14,bathroomgraffiti,all,bathroom grafitti,1,1,1,final
2025-07-15,bathroomgraffiti,all,bathroom grafitti,5.5,1,2,final
2025-07-16,bathroomgraffiti,all,bathroom grafitti,2.5,0,2,final
2025-07-17,bathroomgraffiti,all,bathroom grafitti,1.5,1,2,final
2025-07-18,bathroomgraffiti,all,bathroom grafitti,1,1,2,final
2025-07-19,bathroomgraffiti,all,bathroom grafitti,1,1,2,final
2025-07-20,bathroomgraffiti,all,bathroom grafitti,1,1,1,final
2025-07-21,bathroomgraffiti,all,bathroom grafitti,1,1,3,final
2025-07-22,bathroomgraffiti,all,bathroom grafitti,4,0,1,final
2025-07-23,bathroomgraffiti,all,bathroom grafitti,1,3,3,final
2025-07-24,bathroomgraffiti,all,bathroom grafitti,1.3,3,7,final
2025-07-25,bathroomgraffiti,all,bathroom grafitti,1,2,2,final
2025-07-26,bathroomgraffiti,all,bathroom grafitti,4.7,1,3,final
2025-07-28,bathroomgraffiti,all,bathroom grafitti,1,1,3,final
2025-07-29,bathroomgraffiti,all,bathroom grafitti,1,2,4,final
2025-07-30,bathroomgraffiti,all,bathroom grafitti,1,1,2,final
2025-07-31,bathroomgraffiti,all,bathroom grafitti,1,1,1,final
2025-08-01,bathroomgraffiti,all,bathroom grafitti,1,0,2,final
2025-08-03,bathroomgraffiti,all,bathroom grafitti,1,1,1,final
2025-08-04,bathroomgraffiti,all,bathroom grafitti,1,1,1,final
2025-08-05,bathroomgraffiti,all,bathroom grafitti,1.2,2,5,final
2025-08-06,bathroomgraffiti,all,bathroom grafitti,2.8,3,6,final
2025-08-07,bathroomgraffiti,all,bathroom grafitti,2.5,0,2,final
2025-08-08,bathroomgraffiti,all,bathroom grafitti,1,1,2,final
2025-08-15,bathroomgraffiti,all,bathroom grafitti,3,3,6,final
2025-08-16,bathroomgraffiti,all,bathroom grafitti,1,1,2,final
2025-08-17,bathroomgraffiti,all,bathroom grafitti,1,0,2,final
2025-08-18,bathroomgraffiti,all,bathroom grafitti,4.3,2,3,final
2025-08-19,bathroomgraffiti,all,bathroom grafitti,1,0,3,final
2025-08-20,bathroomgraffiti,all,bathroom grafitti,1,1,1,final
2025-08-21,bathroomgraffiti,all,bathroom grafitti,1,2,2,final
2025-08-23,bathroomgraffiti,all,bathroom grafitti,8,0,1,final
2025-08-24,bathroomgraffiti,all,bathroom grafitti,1,0,1,final
2025-08-25,bathroomgraffiti,all,bathroom grafitti,1,2,2,final
2025-08-26,bathroomgraffiti,all,bathroom grafitti,1,2,2,final
2025-08-27,bathroomgraffiti,all,bathroom grafitti,3,1,1,final
2025-08-28,bathroomgraffiti,all,bathroom grafitti,1,2,3,final
2025-08-29,bathroomgraffiti,all,bathroom grafitti,1,0,2,final
2025-08-30,bathroomgraffiti,all,bathroom grafitti,2,1,2,final
2025-08-31,bathroomgraffiti,all,bathroom grafitti,1,0,1,final
2025-09-01,bathroomgraffiti,all,bathroom grafitti,1.3,0,3,final
2025-09-02,bathroomgraffiti,all,bathroom grafitti,2,0,1,final
2025-09-03,bathroomgraffiti,all,bathroom grafitti,1,1,1,final
2025-09-04,bathroomgraffiti,all,bathroom grafitti,1,2,3,final
2025-09-05,bathroomgraffiti,all,bathroom grafitti,1,0,3,final
2025-09-07,bathroomgraffiti,all,bathroom grafitti,2.5,2,4,final
2025-09-08,bathroomgraffiti,all,bathroom grafitti,1,1,4,final
2025-09-09,bathroomgraffiti,all,bathroom grafitti,5.8,1,5,final
2025-09-10,bathroomgraffiti,all,bathroom grafitti,1,1,1,final
2025-09-11,bathroomgraffiti,all,bathroom grafitti,1,0,1,final
2025-09-12,bathroomgraffiti,all,bathroom grafitti,2,2,3,final
2025-09-13,bathroomgraffiti,all,bathroom grafitti,1,0,1,final
2025-09-16,bathroomgraffiti,all,bathroom grafitti,1,1,2,final
2025-09-17,bathroomgraffiti,all,bathroom grafitti,1,1,1,final
2025-09-19,bathroomgraffiti,all,bathroom grafitti,1,1,1,final
2025-09-21,bathroomgraffiti,all,bathroom grafitti,1,2,2,final
2025-09-22,bathroomgraffiti,all,bathroom grafitti,3.5,1,2,final
2025-09-23,bathroomgraffiti,all,bathroom grafitti,1,0,1,final
2025-09-24,bathroomgraffiti,all,bathroom grafitti,10,0,1,final
2025-09-26,bathroomgraffiti,all,bathroom grafitti,1,1,2,final
2025-09-27,bathroomgraffiti,all,bathroom grafitti,1,1,1,final
2025-09-29,bathroomgraffiti,all,bathroom grafitti,1,2,2,final
2025-09-30,bathroomgraffiti,all,bathroom grafitti,1,0,2,final
2025-10-03,bathroomgraffiti,all,bathroom grafitti,1,1,1,final
2025-10-06,bathroomgraffiti,all,bathroom grafitti,1,3,3,final
2025-10-07,bathroomgraffiti,all,bathroom grafitti,2.2,2,5,final
2025-10-08,bathroomgraffiti,all,bathroom grafitti,3.5,1,2,final
2025-10-09,bathroomgraffiti,all,bathroom grafitti,4.5,1,2,final
2025-10-10,bathroomgraffiti,all,bathroom grafitti,1,1,2,final
2025-10-11,bathroomgraffiti,all,bathroom grafitti,1,0,2,final
2025-10-12,bathroomgraffiti,all,bathroom grafitti,1,1,3,final
2025-10-13,bathroomgraffiti,all,bathroom grafitti,1,0,3,final
2025-10-15,bathroomgraffiti,all,bathroom grafitti,1,3,3,final
2025-10-16,bathroomgraffiti,all,bathroom grafitti,1,0,3,final
2025-10-17,bathroomgraffiti,all,bathroom grafitti,1,0,1,final
2025-10-18,bathroomgraffiti,all,bathroom grafitti,1,0,1,final
2025-10-19,bathroomgraffiti,all,bathroom grafitti,1,1,2,final
2025-10-22,bathroomgraffiti,all,bathroom grafitti,1,0,1,final
2025-10-23,bathroomgraffiti,all,bathroom grafitti,1,1,1,final
2025-10-24,bathroomgraffiti,all,bathroom grafitti,3.3,2,3,final
2025-10-27,bathroomgraffiti,all,bathroom grafitti,1.5,2,2,final
2025-10-28,bathroomgraffiti,all,bathroom grafitti,1,1,1,final
2025-10-29,bathroomgraffiti,all,bathroom grafitti,4,0,1,final
2025-10-30,bathroomgraffiti,all,bathroom grafitti,1,0,1,final
2025-10-31,bathroomgraffiti,all,bathroom grafitti,4.7,1,3,final
2025-11-02,bathroomgraffiti,all,bathroom grafitti,1,0,2,final
2025-11-03,bathroomgraffiti,all,bathroom grafitti,1,1,1,final
2025-11-04,bathroomgraffiti,all,bathroom grafitti,1,0,1,final
2025-11-05,bathroomgraffiti,all,bathroom grafitti,1,0,1,final
2025-11-06,bathroomgraffiti,all,bathroom grafitti,11,0,1,final
2025-11-07,bathroomgraffiti,all,bathroom grafitti,1,1,1,final
2025-11-08,bathroomgraffiti,all,bathroom grafitti,3.2,2,5,final
2025-11-09,bathroomgraffiti,all,bathroom grafitti,2.2,4,6,final
2025-11-10,bathroomgraffiti,all,bathroom grafitti,1,1,3,final
2025-11-11,bathroomgraffiti,all,bathroom grafitti,1,2,3,final
2025-11-12,bathroomgraffiti,all,bathroom grafitti,1,2,2,final
2025-11-13,bathroomgraffiti,all,bathroom grafitti,1,1,2,final
2025-11-14,bathroomgraffiti,all,bathroom grafitti,1,2,3,final
2025-11-17,bathroomgraffiti,all,bathroom grafitti,1.5,0,2,final
2025-11-18,bathroomgraffiti,all,bathroom grafitti,1,2,2,final
2025-11-19,bathroomgraffiti,all,bathroom grafitti,1,3,4,final
2025-11-21,bathroomgraffiti,all,bathroom grafitti,1,2,2,final
2025-11-22,bathroomgraffiti,all,bathroom grafitti,1,1,1,final
2025-11-23,bathroomgraffiti,all,bathroom grafitti,1,1,2,final
2025-11-25,bathroomgraffiti,all,bathroom grafitti,1,1,1,final
2025-11-26,bathroomgraffiti,all,bathroom grafitti,1,1,1,final
2025-11-27,bathroomgraffiti,all,bathroom grafitti,1,3,4,final
2025-11-28,bathroomgraffiti,all,bathroom grafitti,1,2,3,final
2025-11-29,bathroomgraffiti,all,bathroom grafitti,1,2,3,final
2025-11-30,bathroomgraffiti,all,bathroom grafitti,1,1,2,final
2025-12-01,bathroomgraffiti,all,bathroom grafitti,1,5,6,final
2025-12-02,bathroomgraffiti,all,bathroom grafitti,1,4,4,final
2025-12-03,bathroomgraffiti,all,bathroom grafitti,1,2,2,final
2025-12-04,bathroomgraffiti,all,bathroom grafitti,1,1,2,final
2025-12-05,bathroomgraffiti,all,bathroom grafitti,1,2,2,final
2025-12-06,bathroomgraffiti,all,bathroom grafitti,1,4,5,final
2025-12-07,bathroomgraffiti,all,bathroom grafitti,1,0,1,final
2025-12-08,bathroomgraffiti,all,bathroom grafitti,1,1,1,final
2025-12-09,bathroomgraffiti,all,bathroom grafitti,1,3,4,final
2025-12-10,bathroomgraffiti,all,bathroom grafitti,1,4,6,final
2025-12-11,bathroomgraffiti,all,bathroom grafitti,1.2,3,4,final
2025-12-12,bathroomgraffiti,all,bathroom grafitti,1.5,3,4,final
2025-12-13,bathroomgraffiti,all,bathroom grafitti,1,2,2,final
2025-12-14,bathroomgraffiti,all,bathroom grafitti,1.9,5,8,final
2025-12-15,bathroomgraffiti,all,bathroom grafitti,2.5,3,6,final
2025-12-16,bathroomgraffiti,all,bathroom grafitti,1,1,1,final
2025-12-17,bathroomgraffiti,all,bathroom grafitti,1.6,4,5,final
2025-12-18,bathroomgraffiti,all,bathroom grafitti,1,4,4,final
2025-12-19,bathroomgraffiti,all,bathroom grafitti,1,3,5,final
2025-12-20,bathroomgraffiti,all,bathroom grafitti,1,2,4,final
2025-12-21,bathroomgraffiti,all,bathroom grafitti,1.2,3,5,final
2025-12-22,bathroomgraffiti,all,bathroom grafitti,1,2,4,final
2025-12-24,bathroomgraffiti,all,bathroom grafitti,1.2,4,6,final
2025-12-25,bathroomgraffiti,all,bathroom grafitti,1,2,2,final
2025-12-26,bathroomgraffiti,all,bathroom grafitti,1,1,1,final
2025-12-27,bathroomgraffiti,all,bathroom grafitti,1.5,1,4,final
2025-12-30,bathroomgraffiti,all,bathroom grafitti,1,1,1,final
2026-01-01,bathroomgraffiti,all,bathroom grafitti,1,0,1,final
2026-01-02,bathroomgraffiti,all,bathroom grafitti,1,2,4,final
2026-01-03,bathroomgraffiti,all,bathroom grafitti,1,0,1,final
2026-01-04,bathroomgraffiti,all,bathroom grafitti,1,0,2,final
2026-01-05,bathroomgraffiti,all,bathroom grafitti,1,1,1,final
2026-01-06,bathroomgraffiti,all,bathroom grafitti,1,1,2,final
2026-01-08,bathroomgraffiti,all,bathroom grafitti,1.3,3,7,final
2026-01-10,bathroomgraffiti,all,bathroom grafitti,1,1,1,final
2026-01-11,bathroomgraffiti,all,bathroom grafitti,4.5,0,2,final
2026-01-12,bathroomgraffiti,all,bathroom grafitti,1,0,1,final
2026-01-14,bathroomgraffiti,all,bathroom grafitti,1,3,5,final
2026-01-15,bathroomgraffiti,all,bathroom grafitti,1,2,2,final
2026-01-16,bathroomgraffiti,all,bathroom grafitti,11,0,2,final
2026-01-17,bathroomgraffiti,all,bathroom grafitti,1.5,0,2,final
2026-01-18,bathroomgraffiti,all,bathroom grafitti,1,1,1,final
2026-01-20,bathroomgraffiti,all,bathroom grafitti,10,0,1,final
2026-01-23,bathroomgraffiti,all,bathroom grafitti,1,1,2,final
2026-01-24,bathroomgraffiti,all,bathroom grafitti,2.5,0,2,final
2026-01-27,bathroomgraffiti,all,bathroom grafitti,1,0,1,final
2026-01-28,bathroomgraffiti,all,bathroom grafitti,1,0,3,final
2026-01-29,bathroomgraffiti,all,bathroom grafitti,7,0,2,final
2026-01-30,bathroomgraffiti,all,bathroom grafitti,12,0,1,final
2026-01-31,bathroomgraffiti,all,bathroom grafitti,1,1,2,final
2026-02-01,bathroomgraffiti,all,bathroom grafitti,1,1,1,final
2026-02-02,bathroomgraffiti,all,bathroom grafitti,1,0,2,final
2026-02-03,bathroomgraffiti,all,bathroom grafitti,7,0,1,final
2026-02-04,bathroomgraffiti,all,bathroom grafitti,2.5,1,2,final
2026-02-05,bathroomgraffiti,all,bathroom grafitti,1,3,4,final
2026-02-06,bathroomgraffiti,all,bathroom grafitti,1,0,3,final
2026-02-07,bathroomgraffiti,all,bathroom grafitti,1,0,2,final
2026-02-12,bathroomgraffiti,all,bathroom grafitti,2,0,2,final
2026-02-13,bathroomgraffiti,all,bathroom grafitti,1.2,1,4,final
2026-02-14,bathroomgraffiti,all,bathroom grafitti,1,0,3,final
2026-02-15,bathroomgraffiti,all,bathroom grafitti,1,2,3,final
2026-02-16,bathroomgraffiti,all,bathroom grafitti,4.8,0,6,final
2026-02-19,bathroomgraffiti,all,bathroom grafitti,1.3,0,3,final
2026-02-20,bathroomgraffiti,all,bathroom grafitti,1,0,2,final
2026-02-22,bathroomgraffiti,all,bathroom grafitti,1,0,1,final
2026-02-24,bathroomgraffiti,all,bathroom grafitti,10,0,1,final
2026-02-25,bathroomgraffiti,all,bathroom grafitti,1.3,1,3,final
2026-02-27,bathroomgraffiti,all,bathroom grafitti,1,0,2,final
2026-02-28,bathroomgraffiti,all,bathroom grafitti,5,0,3,final
2026-03-02,bathroomgraffiti,all,bathroom grafitti,1,0,1,final
2026-03-04,bathroomgraffiti,all,bathroom grafitti,1,2,3,final
2026-03-05,bathroomgraffiti,all,bathroom grafitti,1,1,1,final
2026-03-06,bathroomgraffiti,all,bathroom grafitti,1,0,1,final
2026-03-07,bathroomgraffiti,all,bathroom grafitti,1,1,2,final
2026-03-08,bathroomgraffiti,all,bathroom grafitti,2,0,1,final
2026-03-09,bathroomgraffiti,all,bathroom grafitti,2,0,1,final
2026-03-10,bathroomgraffiti,all,bathroom grafitti,1,1,1,final
2026-03-11,bathroomgraffiti,all,bathroom grafitti,1,1,2,final
2026-03-13,bathroomgraffiti,all,bathroom grafitti,1,1,3,final
2026-03-14,bathroomgraffiti,all,bathroom grafitti,1.5,1,2,final
2026-03-15,bathroomgraffiti,all,bathroom grafitti,1,0,2,final
2026-03-16,bathroomgraffiti,all,bathroom grafitti,1,0,1,final
2026-03-17,bathroomgraffiti,all,bathroom grafitti,1,2,2,final
2026-03-18,bathroomgraffiti,all,bathroom grafitti,1,0,1,final
2026-03-19,bathroomgraffiti,all,bathroom grafitti,1,0,3,final
2026-03-21,bathroomgraffiti,all,bathroom grafitti,8,0,1,final
2026-03-23,bathroomgraffiti,all,bathroom grafitti,1,1,2,final
2026-03-24,bathroomgraffiti,all,bathroom grafitti,1,0,1,final
2026-03-25,bathroomgraffiti,all,bathroom grafitti,4,0,2,final
2026-03-26,bathroomgraffiti,all,bathroom grafitti,1,0,1,final
2026-03-31,bathroomgraffiti,all,bathroom grafitti,1,0,1,final
2026-04-01,bathroomgraffiti,all,bathroom grafitti,1,0,1,final
2026-04-02,bathroomgraffiti,all,bathroom grafitti,1,1,2,final
2026-04-03,bathroomgraffiti,all,bathroom grafitti,1,0,1,final
2026-04-04,bathroomgraffiti,all,bathroom grafitti,1,0,1,final
2026-04-05,bathroomgraffiti,all,bathroom grafitti,1,0,1,final
2026-04-06,bathroomgraffiti,all,bathroom grafitti,2,1,1,final
2026-04-07,bathroomgraffiti,all,bathroom grafitti,5.3,1,6,final
2026-04-09,bathroomgraffiti,all,bathroom grafitti,1,0,1,final
2026-04-10,bathroomgraffiti,all,bathroom grafitti,1,1,1,final
2026-04-11,bathroomgraffiti,all,bathroom grafitti,1,1,3,final
2026-04-16,bathroomgraffiti,all,bathroom grafitti,1,0,1,final
2026-04-17,bathroomgraffiti,all,bathroom grafitti,1,1,1,final
2026-04-18,bathroomgraffiti,all,bathroom grafitti,1,1,1,final
2026-04-19,bathroomgraffiti,all,bathroom grafitti,1.3,0,6,final
2026-04-20,bathroomgraffiti,all,bathroom grafitti,1,1,3,final
2026-04-21,bathroomgraffiti,all,bathroom grafitti,1,0,2,final
2026-04-22,bathroomgraffiti,all,bathroom grafitti,1,0,1,final
2026-04-24,bathroomgraffiti,all,bathroom grafitti,1,1,3,final
2026-04-25,bathroomgraffiti,all,bathroom grafitti,2,0,1,final
2026-05-01,bathroomgraffiti,all,bathroom grafitti,1,1,1,final
2026-05-02,bathroomgraffiti,all,bathroom grafitti,1,1,1,final
2026-05-03,bathroomgraffiti,all,bathroom grafitti,1,1,1,final
2026-05-05,bathroomgraffiti,all,bathroom grafitti,1,1,1,final
2026-05-06,bathroomgraffiti,all,bathroom grafitti,1,0,1,final
2026-05-07,bathroomgraffiti,all,bathroom grafitti,1,1,1,final
2026-05-08,bathroomgraffiti,all,bathroom grafitti,1,1,1,final
2026-05-10,bathroomgraffiti,all,bathroom grafitti,1,0,3,final
2026-05-11,bathroomgraffiti,all,bathroom grafitti,1,0,2,final
2026-05-13,bathroomgraffiti,all,bathroom grafitti,6,0,1,final
2026-05-14,bathroomgraffiti,all,bathroom grafitti,1,1,1,final
2026-05-15,bathroomgraffiti,all,bathroom grafitti,4,1,1,final
2026-05-16,bathroomgraffiti,all,bathroom grafitti,1,0,1,final
2026-05-18,bathroomgraffiti,all,bathroom grafitti,1,1,1,final
2026-05-20,bathroomgraffiti,all,bathroom grafitti,1,1,2,final
2026-05-21,bathroomgraffiti,all,bathroom grafitti,5,0,1,final
2026-05-23,bathroomgraffiti,all,bathroom grafitti,1,0,1,final
2026-05-25,bathroomgraffiti,all,bathroom grafitti,1,0,1,final
2026-05-27,bathroomgraffiti,all,bathroom grafitti,1.5,0,2,final
2026-05-28,bathroomgraffiti,all,bathroom grafitti,9,0,1,final
2026-05-30,bathroomgraffiti,all,bathroom grafitti,1,0,1,final
2026-06-01,bathroomgraffiti,all,bathroom grafitti,1,1,1,final
2026-06-04,bathroomgraffiti,all,bathroom grafitti,1,0,2,final
2026-06-05,bathroomgraffiti,all,bathroom grafitti,1,0,1,final
2026-06-07,bathroomgraffiti,all,bathroom grafitti,1,0,2,final
2026-06-08,bathroomgraffiti,all,bathroom grafitti,3.3,1,3,final
2026-06-09,bathroomgraffiti,all,bathroom grafitti,1,0,1,final
2026-06-10,bathroomgraffiti,all,bathroom grafitti,1,1,1,final
2026-06-12,bathroomgraffiti,all,bathroom grafitti,1,1,1,final
2026-06-15,bathroomgraffiti,all,bathroom grafitti,1,0,2,final
2026-06-16,bathroomgraffiti,all,bathroom grafitti,1,0,2,final
2026-06-17,bathroomgraffiti,all,bathroom grafitti,1.3,0,3,final
2026-06-20,bathroomgraffiti,all,bathroom grafitti,1,0,1,final
2026-06-22,bathroomgraffiti,all,bathroom grafitti,1,0,2,final
2026-06-23,bathroomgraffiti,all,bathroom grafitti,1,1,3,final
2026-06-25,bathroomgraffiti,all,bathroom grafitti,1,0,3,final
2026-06-26,bathroomgraffiti,all,bathroom grafitti,1,0,1,final
2026-06-27,bathroomgraffiti,all,bathroom grafitti,4,0,2,final
2026-06-28,bathroomgraffiti,all,bathroom grafitti,4,1,1,final
2026-06-29,bathroomgraffiti,all,bathroom grafitti,7.5,0,2,final
2026-06-30,bathroomgraffiti,all,bathroom grafitti,1,1,3,final
2026-07-04,bathroomgraffiti,all,bathroom grafitti,1,0,1,final
2026-07-06,bathroomgraffiti,all,bathroom grafitti,1,2,4,final
2026-07-07,bathroomgraffiti,all,bathroom grafitti,4,0,2,final
2026-07-08,bathroomgraffiti,all,bathroom grafitti,1,2,2,final
2026-07-09,bathroomgraffiti,all,bathroom grafitti,1.5,2,2,final
2026-07-10,bathroomgraffiti,all,bathroom grafitti,9,0,1,final
2026-07-14,bathroomgraffiti,all,bathroom grafitti,4,2,3,final
2026-07-16,bathroomgraffiti,all,bathroom grafitti,4,2,3,final
2026-07-17,bathroomgraffiti,all,bathroom grafitti,11,0,1,final
2026-07-18,bathroomgraffiti,all,bathroom grafitti,1,0,1,final
2026-07-19,bathroomgraffiti,all,bathroom grafitti,1,1,1,final
2026-07-20,bathroomgraffiti,all,bathroom grafitti,5,1,2,final
2026-07-22,bathroomgraffiti,all,bathroom grafitti,1,1,1,final
2026-07-23,bathroomgraffiti,all,bathroom grafitti,5.5,1,2,final
2026-07-24,bathroomgraffiti,all,bathroom grafitti,1,0,1,final
2026-07-27,bathroomgraffiti,all,bathroom grafitti,4.5,0,2,final
2026-07-28,bathroomgraffiti,all,bathroom grafitti,1,2,2,final
2026-07-29,bathroomgraffiti,all,bathroom grafitti,1,1,1,final
2026-07-30,bathroomgraffiti,all,bathroom grafitti,1,3,4,final
2026-08-01,bathroomgraffiti,all,bathroom grafitti,1,2,2,final
2026-08-02,bathroomgraffiti,all,bathroom grafitti,1,0,1,final
2026-08-03,bathroomgraffiti,all,bathroom grafitti,1,1,3,final
2026-08-04,bathroomgraffiti,all,bathroom grafitti,1,3,3,final
2026-08-05,bathroomgraffiti,all,bathroom grafitti,1,4,4,final
2026-08-06,bathroomgraffiti,all,bathroom grafitti,1,1,1,final
2026-08-07,bathroomgraffiti,all,bathroom grafitti,7,0,1,final
2026-08-08,bathroomgraffiti,all,bathroom grafitti,1.5,1,2,final
2026-08-09,bathroomgraffiti,all,bathroom grafitti,1,0,1,final
2026-08-10,bathroomgraffiti,all,bathroom grafitti,1,2,2,final
2026-08-11,bathroomgraffiti,all,bathroom grafitti,1,1,2,final
2026-08-13,bathroomgraffiti,all,bathroom grafitti,1,0,2,final
2026-08-14,bathroomgraffiti,all,bathroom grafitti,8,0,1,final
2026-08-16,bathroomgraffiti,all,bathroom grafitti,1,1,1,final
2026-08-17,bathroomgraffiti,all,bathroom grafitti,2,0,1,final
2026-08-19,bathroomgraffiti,all,bathroom grafitti,1,3,3,final
2026-08-20,bathroomgraffiti,all,bathroom grafitti,1,2,4,final
2026-08-21,bathroomgraffiti,all,bathroom grafitti,1,1,4,final
2026-08-22,bathroomgraffiti,all,bathroom grafitti,1,1,2,final
2026-08-24,bathroomgraffiti,all,bathroom grafitti,2.2,1,4,final
2026-08-25,bathroomgraffiti,all,bathroom grafitti,1,3,3,final
2026-08-26,bathroomgraffiti,all,bathroom grafitti,3,0,1,final
2026-08-27,bathroomgraffiti,all,bathroom grafitti,1,0,1,final
2026-08-28,bathroomgraffiti,all,bathroom grafitti,1,1,3,final
2026-08-29,bathroomgraffiti,all,bathroom grafitti,1,0,1,final
2026-08-30,bathroomgraffiti,all,bathroom grafitti,5.7,1,3,final
2026-08-31,bathroomgraffiti,all,bathroom grafitti,2.8,2,5,final
2026-09-01,bathroomgraffiti,all,bathroom grafitti,1,2,2,final
2026-09-02,bathroomgraffiti,all,bathroom grafitti,1,0,1,final
2026-09-04,bathroomgraffiti,all,bathroom grafitti,1,2,2,final
2026-09-06,bathroomgraffiti,all,bathroom grafitti,1,1,2,final
2026-09-07,bathroomgraffiti,all,bathroom grafitti,4,1,2,final
2026-09-08,bathroomgraffiti,all,bathroom grafitti,1,1,3,final
2026-09-09,bathroomgraffiti,all,bathroom grafitti,1,0,2,final
2026-09-10,bathroomgraffiti,all,bathroom grafitti,9,0,1,final
2026-09-12,bathroomgraffiti,all,bathroom grafitti,1,1,1,final
2026-09-14,bathroomgraffiti,all,bathroom grafitti,1,2,3,final
2026-09-15,bathroomgraffiti,all,bathroom grafitti,3,1,2,final
2026-09-16,bathroomgraffiti,all,bathroom grafitti,1,2,2,final
2026-09-17,bathroomgraffiti,all,bathroom grafitti,1,1,1,final
2026-09-18,bathroomgraffiti,all,bathroom grafitti,1,1,1,final
2026-09-19,bathroomgraffiti,all,bathroom grafitti,1,1,2,final
2026-09-24,bathroomgraffiti,all,bathroom grafitti,1.6,2,5,final
2026-09-25,bathroomgraffiti,all,bathroom grafitti,1,1,1,final
2026-09-26,bathroomgraffiti,all,bathroom grafitti,1,0,2,final
2026-09-27,bathroomgraffiti,all,bathroom grafitti,1,1,1,final
2026-09-28,bathroomgraffiti,all,bathroom grafitti,1,1,1,final
2026-09-29,bathroomgraffiti,all,bathroom grafitti,1.3,1,3,final
2026-09-30,bathroomgraffiti,all,bathroom grafitti,1,1,1,final
2026-10-01,bathroomgraffiti,all,bathroom grafitti,1,1,1,final
2026-10-02,bathroomgraffiti,all,bathroom grafitti,1,2,3,final
2026-10-03,bathroomgraffiti,all,bathroom grafitti,1,0,2,final
2026-10-04,bathroomgraffiti,all,bathroom grafitti,1,1,1,fresh
2026-10-05,bathroomgraffiti,all,bathroom grafitti,1,1,1,fresh
2025-06-12,bathroomgraffiti,all,bathroom graphiti,1,2,2,final
2025-06-16,bathroomgraffiti,all,bathroom graphiti,1,1,1,final
2025-06-17,bathroomgraffiti,all,bathroom graphiti,1,1,3,final
2025-06-20,bathroomgraffiti,all,bathroom graphiti,1,0,1,final
2025-06-26,bathroomgraffiti,all,bathroom graphiti,1,1,1,final
2025-06-30,bathroomgraffiti,all,bathroom graphiti,1,1,1,final
2025-07-03,bathroomgraffiti,all,bathroom graphiti,1,1,1,final
2025-07-04,bathroomgraffiti,all,bathroom graphiti,1,0,1,final
2025-07-05,bathroomgraffiti,all,bathroom graphiti,1,0,5,final
2025-07-06,bathroomgraffiti,all,bathroom graphiti,1,1,2,final
2025-07-09,bathroomgraffiti,all,bathroom graphiti,1,0,1,final
2025-07-10,bathroomgraffiti,all,bathroom graphiti,1,1,1,final
2025-07-11,bathroomgraffiti,all,bathroom graphiti,1,1,1,final
2025-07-15,bathroomgraffiti,all,bathroom graphiti,9,0,1,final
2025-07-19,bathroomgraffiti,all,bathroom graphiti,1,1,1,final
2025-07-22,bathroomgraffiti,all,bathroom graphiti,1,0,1,final
2025-07-23,bathroomgraffiti,all,bathroom graphiti,1,1,1,final
2025-07-25,bathroomgraffiti,all,bathroom graphiti,1,1,1,final
2025-07-26,bathroomgraffiti,all,bathroom graphiti,1,1,1,final
2025-07-27,bathroomgraffiti,all,bathroom graphiti,1,2,3,final
2025-08-08,bathroomgraffiti,all,bathroom graphiti,1,1,1,final
2025-08-10,bathroomgraffiti,all,bathroom graphiti,1,1,1,final
2025-08-11,bathroomgraffiti,all,bathroom graphiti,1,0,1,final
2025-08-12,bathroomgraffiti,all,bathroom graphiti,1,1,1,final
2025-08-15,bathroomgraffiti,all,bathroom graphiti,1,1,1,final
2025-08-18,bathroomgraffiti,all,bathroom graphiti,1,0,1,final
2025-08-19,bathroomgraffiti,all,bathroom graphiti,1,1,1,final
2025-08-26,bathroomgraffiti,all,bathroom graphiti,1,1,1,final
2025-08-28,bathroomgraffiti,all,bathroom graphiti,1,0,1,final
2025-09-03,bathroomgraffiti,all,bathroom graphiti,1,0,1,final
2025-09-04,bathroomgraffiti,all,bathroom graphiti,1,2,2,final
2025-09-06,bathroomgraffiti,all,bathroom graphiti,1,0,2,final
2025-09-07,bathroomgraffiti,all,bathroom graphiti,1,3,3,final
2025-09-08,bathroomgraffiti,all,bathroom graphiti,1,2,2,final
2025-09-10,bathroomgraffiti,all,bathroom graphiti,1,1,2,final
2025-09-13,bathroomgraffiti,all,bathroom graphiti,1,2,4,final
2025-09-16,bathroomgraffiti,all,bathroom graphiti,1,2,2,final
2025-09-17,bathroomgraffiti,all,bathroom graphiti,1,1,2,final
2025-09-19,bathroomgraffiti,all,bathroom graphiti,1,1,2,final
2025-09-20,bathroomgraffiti,all,bathroom graphiti,1,0,2,final
2025-09-22,bathroomgraffiti,all,bathroom graphiti,1,0,1,final
2025-09-24,bathroomgraffiti,all,bathroom graphiti,1,1,1,final
2025-09-25,bathroomgraffiti,all,bathroom graphiti,1,2,3,final
2025-09-26,bathroomgraffiti,all,bathroom graphiti,1,0,2,final
2025-09-28,bathroomgraffiti,all,bathroom graphiti,1,1,1,final
2025-09-29,bathroomgraffiti,all,bathroom graphiti,1,0,2,final
2025-09-30,bathroomgraffiti,all,bathroom graphiti,1,1,2,final
2025-10-01,bathroomgraffiti,all,bathroom graphiti,1,0,1,final
2025-10-04,bathroomgraffiti,all,bathroom graphiti,1,1,4,final
2025-10-05,bathroomgraffiti,all,bathroom graphiti,1,0,1,final
2025-10-07,bathroomgraffiti,all,bathroom graphiti,1,2,2,final
2025-10-09,bathroomgraffiti,all,bathroom graphiti,1,1,1,final
2025-10-13,bathroomgraffiti,all,bathroom graphiti,1,1,1,final
2025-10-22,bathroomgraffiti,all,bathroom graphiti,1,1,1,final
2025-10-28,bathroomgraffiti,all,bathroom graphiti,1,1,1,final
2025-11-05,bathroomgraffiti,all,bathroom graphiti,1,1,1,final
2025-11-07,bathroomgraffiti,all,bathroom graphiti,1,0,1,final
2025-11-10,bathroomgraffiti,all,bathroom graphiti,1,1,1,final
2025-11-11,bathroomgraffiti,all,bathroom graphiti,1,1,1,final
2025-11-12,bathroomgraffiti,all,bathroom graphiti,1,1,1,final
2025-11-15,bathroomgraffiti,all,bathroom graphiti,1,1,2,final
2025-11-17,bathroomgraffiti,all,bathroom graphiti,1,2,2,final
2025-11-18,bathroomgraffiti,all,bathroom graphiti,1,1,1,final
2025-11-20,bathroomgraffiti,all,bathroom graphiti,1,1,1,final
2025-11-24,bathroomgraffiti,all,bathroom graphiti,1.7,1,3,final
2025-11-25,bathroomgraffiti,all,bathroom graphiti,1,0,1,final
2025-11-27,bathroomgraffiti,all,bathroom graphiti,1,1,1,final
2025-11-28,bathroomgraffiti,all,bathroom graphiti,1,1,1,final
2025-11-30,bathroomgraffiti,all,bathroom graphiti,1,1,1,final
2025-12-01,bathroomgraffiti,all,bathroom graphiti,1,2,4,final
2025-12-03,bathroomgraffiti,all,bathroom graphiti,1,1,1,final
2025-12-04,bathroomgraffiti,all,bathroom graphiti,1,1,1,final
2025-12-05,bathroomgraffiti,all,bathroom graphiti,1,0,1,final
2025-12-06,bathroomgraffiti,all,bathroom graphiti,1,1,1,final
2025-12-07,bathroomgraffiti,all,bathroom graphiti,1,3,5,final
2025-12-10,bathroomgraffiti,all,bathroom graphiti,1,1,1,final
2025-12-11,bathroomgraffiti,all,bathroom graphiti,1,0,1,final
2025-12-13,bathroomgraffiti,all,bathroom graphiti,1,0,2,final
2025-12-15,bathroomgraffiti,all,bathroom graphiti,1,2,2,final
2025-12-16,bathroomgraffiti,all,bathroom graphiti,1,1,2,final
2025-12-18,bathroomgraffiti,all,bathroom graphiti,1,0,1,final
2025-12-19,bathroomgraffiti,all,bathroom graphiti,1,2,2,final
2025-12-21,bathroomgraffiti,all,bathroom graphiti,1,1,1,final
2025-12-22,bathroomgraffiti,all,bathroom graphiti,1,1,1,final
2025-12-23,bathroomgraffiti,all,bathroom graphiti,1,2,2,final
2025-12-24,bathroomgraffiti,all,bathroom graphiti,1,1,1,final
2025-12-25,bathroomgraffiti,all,bathroom graphiti,1,1,1,final
2025-12-26,bathroomgraffiti,all,bathroom graphiti,1,1,1,final
2025-12-28,bathroomgraffiti,all,bathroom graphiti,1,1,1,final
2025-12-29,bathroomgraffiti,all,bathroom graphiti,1,1,2,final
2025-12-30,bathroomgraffiti,all,bathroom graphiti,1,0,1,final
2026-01-03,bathroomgraffiti,all,bathroom graphiti,1,0,1,final
2026-01-09,bathroomgraffiti,all,bathroom graphiti,1,1,1,final
2026-01-23,bathroomgraffiti,all,bathroom graphiti,1,0,2,final
2026-02-02,bathroomgraffiti,all,bathroom graphiti,1,0,1,final
2026-02-06,bathroomgraffiti,all,bathroom graphiti,1,0,1,final
2026-02-11,bathroomgraffiti,all,bathroom graphiti,1,0,1,final
2026-02-13,bathroomgraffiti,all,bathroom graphiti,1,0,1,final
2026-02-16,bathroomgraffiti,all,bathroom graphiti,1,0,2,final
2026-02-17,bathroomgraffiti,all,bathroom graphiti,1,0,1,final
2026-02-18,bathroomgraffiti,all,bathroom graphiti,1,0,1,final
2026-02-19,bathroomgraffiti,all,bathroom graphiti,1,0,1,final
2026-02-20,bathroomgraffiti,all,bathroom graphiti,1,1,1,final
2026-03-02,bathroomgraffiti,all,bathroom graphiti,1,1,1,final
2026-03-03,bathroomgraffiti,all,bathroom graphiti,1,0,1,final
2026-03-06,bathroomgraffiti,all,bathroom graphiti,1,0,2,final
2026-03-07,bathroomgraffiti,all,bathroom graphiti,2,0,1,final
2026-03-10,bathroomgraffiti,all,bathroom graphiti,2,0,2,final
2026-03-15,bathroomgraffiti,all,bathroom graphiti,1,1,1,final
2026-03-17,bathroomgraffiti,all,bathroom graphiti,1,0,3,final
2026-03-28,bathroomgraffiti,all,bathroom graphiti,1,0,1,final
2026-03-31,bathroomgraffiti,all,bathroom graphiti,6,1,2,final
2026-04-04,bathroomgraffiti,all,bathroom graphiti,2,0,1,final
2026-04-07,bathroomgraffiti,all,bathroom graphiti,1,0,1,final
2026-04-08,bathroomgraffiti,all,bathroom graphiti,1,0,2,final
2026-04-12,bathroomgraffiti,all,bathroom graphiti,1,0,1,final
2026-04-20,bathroomgraffiti,all,bathroom graphiti,1,0,1,final
2026-04-22,bathroomgraffiti,all,bathroom graphiti,1,0,1,final
2026-04-23,bathroomgraffiti,all,bathroom graphiti,1,0,1,final
2026-04-25,bathroomgraffiti,all,bathroom graphiti,1,0,1,final
2026-04-26,bathroomgraffiti,all,bathroom graphiti,1,0,1,final
2026-04-28,bathroomgraffiti,all,bathroom graphiti,1,0,1,final
2026-05-02,bathroomgraffiti,all,bathroom graphiti,5,0,1,final
2026-05-04,bathroomgraffiti,all,bathroom graphiti,1,0,1,final
2026-05-05,bathroomgraffiti,all,bathroom graphiti,1,1,1,final
2026-05-06,bathroomgraffiti,all,bathroom graphiti,1,0,1,final
2026-05-07,bathroomgraffiti,all,bathroom graphiti,1,0,1,final
2026-05-10,bathroomgraffiti,all,bathroom graphiti,1,0,2,final
2026-05-11,bathroomgraffiti,all,bathroom graphiti,1,0,2,final
2026-05-14,bathroomgraffiti,all,bathroom graphiti,1,0,1,final
2026-05-15,bathroomgraffiti,all,bathroom graphiti,1,1,1,final
2026-05-16,bathroomgraffiti,all,bathroom graphiti,1,0,1,final
2026-05-18,bathroomgraffiti,all,bathroom graphiti,1,1,1,final
2026-05-19,bathroomgraffiti,all,bathroom graphiti,1,0,1,final
2026-05-20,bathroomgraffiti,all,bathroom graphiti,1,1,1,final
2026-05-21,bathroomgraffiti,all,bathroom graphiti,1,0,1,final
2026-05-26,bathroomgraffiti,all,bathroom graphiti,1,3,3,final
2026-05-27,bathroomgraffiti,all,bathroom graphiti,1,0,1,final
2026-05-31,bathroomgraffiti,all,bathroom graphiti,1,1,2,final
2026-06-05,bathroomgraffiti,all,bathroom graphiti,1,0,1,final
2026-06-08,bathroomgraffiti,all,bathroom graphiti,1,0,1,final
2026-06-12,bathroomgraffiti,all,bathroom graphiti,1,0,1,final
2026-06-15,bathroomgraffiti,all,bathroom graphiti,1,0,1,final
2026-06-16,bathroomgraffiti,all,bathroom graphiti,1,0,2,final
2026-06-18,bathroomgraffiti,all,bathroom graphiti,1,0,2,final
2026-06-21,bathroomgraffiti,all,bathroom graphiti,1,0,1,final
2026-06-22,bathroomgraffiti,all,bathroom graphiti,1,0,1,final
2026-06-24,bathroomgraffiti,all,bathroom graphiti,1,0,1,final
2026-06-27,bathroomgraffiti,all,bathroom graphiti,3.3,1,3,final
2026-07-06,bathroomgraffiti,all,bathroom graphiti,1,2,8,final
2026-07-18,bathroomgraffiti,all,bathroom graphiti,1,1,1,final
2026-07-24,bathroomgraffiti,all,bathroom graphiti,1,0,2,final
2026-07-28,bathroomgraffiti,all,bathroom graphiti,1,1,1,final
2026-07-30,bathroomgraffiti,all,bathroom graphiti,1,0,2,final
2026-08-05,bathroomgraffiti,all,bathroom graphiti,1,1,1,final
2026-08-06,bathroomgraffiti,all,bathroom graphiti,3,1,1,final
2026-08-09,bathroomgraffiti,all,bathroom graphiti,1,1,1,final
2026-08-11,bathroomgraffiti,all,bathroom graphiti,1,1,1,final
2026-08-13,bathroomgraffiti,all,bathroom graphiti,1,0,1,final
2026-08-17,bathroomgraffiti,all,bathroom graphiti,1,2,3,final
2026-08-20,bathroomgraffiti,all,bathroom graphiti,1,0,1,final
2026-08-27,bathroomgraffiti,all,bathroom graphiti,1,2,2,final
2026-08-29,bathroomgraffiti,all,bathroom graphiti,1,1,2,final
2026-08-30,bathroomgraffiti,all,bathroom graphiti,1,2,2,final
2026-08-31,bathroomgraffiti,all,bathroom graphiti,1,1,1,final
2026-09-04,bathroomgraffiti,all,bathroom graphiti,1,1,1,final
2026-09-08,bathroomgraffiti,all,bathroom graphiti,1,0,1,final
2026-09-12,bathroomgraffiti,all,bathroom graphiti,1,1,1,final
2026-09-13,bathroomgraffiti,all,bathroom graphiti,1,1,1,final
2026-09-14,bathroomgraffiti,all,bathroom graphiti,1,1,1,final
2026-09-15,bathroomgraffiti,all,bathroom graphiti,1,2,2,final
2026-09-22,bathroomgraffiti,all,bathroom graphiti,1,1,1,final
2026-09-23,bathroomgraffiti,all,bathroom graphiti,1,0,1,final
2026-09-24,bathroomgraffiti,all,bathroom graphiti,1,1,2,final
2026-09-25,bathroomgraffiti,all,bathroom graphiti,1,1,2,final
2026-09-30,bathroomgraffiti,all,bathroom graphiti,1,0,1,final
2026-10-04,bathroomgraffiti,all,bathroom graphiti,1,1,2,fresh
2025-06-12,bathroomgraffiti,all,bougie anti connard,6.5,0,2,final
2025-06-13,bathroomgraffiti,all,bougie anti connard,7.5,0,2,final
2025-06-14,bathroomgraffiti,all,bougie anti connard,7,0,1,final
2025-06-15,bathroomgraffiti,all,bougie anti connard,7,0,1,final
2025-06-16,bathroomgraffiti,all,bougie anti connard,7,0,1,final
2025-06-17,bathroomgraffiti,all,bougie anti connard,7,0,1,final
2025-06-18,bathroomgraffiti,all,bougie anti connard,6.5,0,2,final
2025-06-19,bathroomgraffiti,all,bougie anti connard,8,0,1,final
2025-06-20,bathroomgraffiti,all,bougie anti connard,14,0,1,final
2025-06-21,bathroomgraffiti,all,bougie anti connard,13.5,0,2,final
2025-06-22,bathroomgraffiti,all,bougie anti connard,15,0,1,final
2025-06-23,bathroomgraffiti,all,bougie anti connard,16,0,1,final
2025-06-24,bathroomgraffiti,all,bougie anti connard,18,0,1,final
2025-06-26,bathroomgraffiti,all,bougie anti connard,13,0,1,final
2025-06-27,bathroomgraffiti,all,bougie anti connard,14,0,1,final
2025-06-28,bathroomgraffiti,all,bougie anti connard,13,0,1,final
2025-06-29,bathroomgraffiti,all,bougie anti connard,12,0,1,final
2025-06-30,bathroomgraffiti,all,bougie anti connard,10,0,3,final
2025-07-01,bathroomgraffiti,all,bougie anti connard,11.5,0,2,final
2025-07-02,bathroomgraffiti,all,bougie anti connard,13,0,1,final
2025-07-03,bathroomgraffiti,all,bougie anti connard,11.5,0,2,final
2025-07-04,bathroomgraffiti,all,bougie anti connard,15.5,0,2,final
2025-07-05,bathroomgraffiti,all,bougie anti connard,11.5,0,2,final
2025-07-06,bathroomgraffiti,all,bougie anti connard,16,0,1,final
2025-07-07,bathroomgraffiti,all,bougie anti connard,16,0,1,final
2025-07-08,bathroomgraffiti,all,bougie anti connard,16,0,2,final
2025-07-09,bathroomgraffiti,all,bougie anti connard,16,0,1,final
2025-07-10,bathroomgraffiti,all,bougie anti connard,16,0,1,final
2025-07-11,bathroomgraffiti,all,bougie anti connard,12,0,2,final
2025-07-12,bathroomgraffiti,all,bougie anti connard,15,0,1,final
2025-07-13,bathroomgraffiti,all,bougie anti connard,16,0,1,final
2025-07-14,bathroomgraffiti,all,bougie anti connard,15,0,1,final
2025-07-15,bathroomgraffiti,all,bougie anti connard,15,0,1,final
2025-07-16,bathroomgraffiti,all,bougie anti connard,10.7,0,3,final
2025-07-17,bathroomgraffiti,all,bougie anti connard,17,0,1,final
2025-07-18,bathroomgraffiti,all,bougie anti connard,16,0,1,final
2025-07-19,bathroomgraffiti,all,bougie anti connard,14,0,1,final
2025-07-20,bathroomgraffiti,all,bougie anti connard,16,0,1,final
2025-07-21,bathroomgraffiti,all,bougie anti connard,16,0,1,final
2025-07-22,bathroomgraffiti,all,bougie anti connard,15,0,1,final
2025-07-24,bathroomgraffiti,all,bougie anti connard,17,0,1,final
2025-07-26,bathroomgraffiti,all,bougie anti connard,10.7,0,3,final
2025-07-27,bathroomgraffiti,all,bougie anti connard,12,0,2,final
2025-07-28,bathroomgraffiti,all,bougie anti connard,22,0,1,final
2025-07-29,bathroomgraffiti,all,bougie anti connard,10,0,1,final
2025-07-30,bathroomgraffiti,all,bougie anti connard,21,0,1,final
2025-08-01,bathroomgraffiti,all,bougie anti connard,18,0,1,final
2025-08-02,bathroomgraffiti,all,bougie anti connard,19,0,1,final
2025-08-03,bathroomgraffiti,all,bougie anti connard,19,0,1,final
2025-08-04,bathroomgraffiti,all,bougie anti connard,4,0,1,final
2025-08-05,bathroomgraffiti,all,bougie anti connard,19,0,1,final
2025-08-06,bathroomgraffiti,all,bougie anti connard,19,0,1,final
2025-08-07,bathroomgraffiti,all,bougie anti connard,19,0,1,final
2025-08-08,bathroomgraffiti,all,bougie anti connard,19,0,1,final
2025-08-09,bathroomgraffiti,all,bougie anti connard,16,0,1,final
2025-08-10,bathroomgraffiti,all,bougie anti connard,20,0,1,final
2025-08-11,bathroomgraffiti,all,bougie anti connard,19,0,1,final
2025-08-12,bathroomgraffiti,all,bougie anti connard,13.5,0,2,final
2025-08-13,bathroomgraffiti,all,bougie anti connard,9,0,1,final
2025-08-14,bathroomgraffiti,all,bougie anti connard,19.3,0,3,final
2025-08-16,bathroomgraffiti,all,bougie anti connard,23,0,1,final
2025-08-17,bathroomgraffiti,all,bougie anti connard,24,0,1,final
2025-08-18,bathroomgraffiti,all,bougie anti connard,23,0,1,final
2025-08-19,bathroomgraffiti,all,bougie anti connard,15,0,2,final
2025-08-20,bathroomgraffiti,all,bougie anti connard,21,0,1,final
2025-08-21,bathroomgraffiti,all,bougie anti connard,16,0,2,final
2025-08-22,bathroomgraffiti,all,bougie anti connard,11.4,0,5,final
2025-08-23,bathroomgraffiti,all,bougie anti connard,22,0,1,final
2025-08-25,bathroomgraffiti,all,bougie anti connard,23,0,1,final
2025-08-26,bathroomgraffiti,all,bougie anti connard,23,0,1,final
2025-08-27,bathroomgraffiti,all,bougie anti connard,22,0,1,final
2025-08-28,bathroomgraffiti,all,bougie anti connard,22,0,1,final
2025-08-30,bathroomgraffiti,all,bougie anti connard,22,0,1,final
2025-08-31,bathroomgraffiti,all,bougie anti connard,20,0,1,final
2025-09-01,bathroomgraffiti,all,bougie anti connard,15.5,0,2,final
2025-09-02,bathroomgraffiti,all,bougie anti connard,19,0,1,final
2025-09-03,bathroomgraffiti,all,bougie anti connard,15.5,0,2,final
2025-09-04,bathroomgraffiti,all,bougie anti connard,11.2,1,6,final
2025-09-05,bathroomgraffiti,all,bougie anti connard,15.5,0,2,final
2025-09-06,bathroomgraffiti,all,bougie anti connard,20,0,1,final
2025-09-07,bathroomgraffiti,all,bougie anti connard,12,0,5,final
2025-09-08,bathroomgraffiti,all,bougie anti connard,12,0,6,final
2025-09-09,bathroomgraffiti,all,bougie anti connard,22,0,1,final
2025-09-10,bathroomgraffiti,all,bougie anti connard,20,0,1,final
2025-09-11,bathroomgraffiti,all,bougie anti connard,21,0,1,final
2025-09-12,bathroomgraffiti,all,bougie anti connard,11,0,3,final
2025-09-17,bathroomgraffiti,all,bougie anti connard,11,0,1,final
2025-09-19,bathroomgraffiti,all,bougie anti connard,9,0,1,final
2025-09-21,bathroomgraffiti,all,bougie anti connard,6,0,1,final
2025-09-25,bathroomgraffiti,all,bougie anti connard,22,0,1,final
2025-09-26,bathroomgraffiti,all,bougie anti connard,11,0,1,final
2025-09-28,bathroomgraffiti,all,bougie anti connard,10,0,1,final
2025-10-05,bathroomgraffiti,all,bougie anti connard,4,0,1,final
2025-10-07,bathroomgraffiti,all,bougie anti connard,6,0,1,final
2025-10-08,bathroomgraffiti,all,bougie anti connard,10.5,0,2,final
2025-10-09,bathroomgraffiti,all,bougie anti connard,4,0,1,final
2025-10-10,bathroomgraffiti,all,bougie anti connard,11,0,5,final
2025-10-11,bathroomgraffiti,all,bougie anti connard,4.5,0,2,final
2025-10-12,bathroomgraffiti,all,bougie anti connard,10.7,0,3,final
2025-10-13,bathroomgraffiti,all,bougie anti connard,11,0,3,final
2025-10-14,bathroomgraffiti,all,bougie anti connard,10.7,0,3,final
2025-10-15,bathroomgraffiti,all,bougie anti connard,10,0,3,final
2025-10-20,bathroomgraffiti,all,bougie anti connard,11,0,1,final
2025-10-21,bathroomgraffiti,all,bougie anti connard,4,0,1,final
2025-10-25,bathroomgraffiti,all,bougie anti connard,11,0,1,final
2025-10-26,bathroomgraffiti,all,bougie anti connard,11,0,6,final
2025-10-27,bathroomgraffiti,all,bougie anti connard,10.5,0,2,final
2025-10-28,bathroomgraffiti,all,bougie anti connard,9.2,0,5,final
2025-10-29,bathroomgraffiti,all,bougie anti connard,8.3,0,3,final
2025-10-30,bathroomgraffiti,all,bougie anti connard,11,0,2,final
2025-10-31,bathroomgraffiti,all,bougie anti connard,11,0,4,final
2025-11-01,bathroomgraffiti,all,bougie anti connard,11,0,3,final
2025-11-02,bathroomgraffiti,all,bougie anti connard,8.3,0,3,final
2025-11-03,bathroomgraffiti,all,bougie anti connard,11,0,4,final
2025-11-04,bathroomgraffiti,all,bougie anti connard,9.2,0,4,final
2025-11-05,bathroomgraffiti,all,bougie anti connard,10.2,0,4,final
2025-11-06,bathroomgraffiti,all,bougie anti connard,7.5,0,2,final
2025-11-07,bathroomgraffiti,all,bougie anti connard,10,0,1,final
2025-11-08,bathroomgraffiti,all,bougie anti connard,11,0,2,final
2025-11-09,bathroomgraffiti,all,bougie anti connard,6,0,1,final
2025-11-10,bathroomgraffiti,all,bougie anti connard,11,0,1,final
2025-11-11,bathroomgraffiti,all,bougie anti connard,8,0,2,final
2025-11-12,bathroomgraffiti,all,bougie anti connard,8.5,0,4,final
2025-11-13,bathroomgraffiti,all,bougie anti connard,11,0,1,final
2025-11-14,bathroomgraffiti,all,bougie anti connard,10.4,0,11,final
2025-11-15,bathroomgraffiti,all,bougie anti connard,9.2,0,4,final
2025-11-16,bathroomgraffiti,all,bougie anti connard,9.8,0,4,final
2025-11-17,bathroomgraffiti,all,bougie anti connard,11,0,3,final
2025-11-18,bathroomgraffiti,all,bougie anti connard,7.5,0,2,final
2025-11-19,bathroomgraffiti,all,bougie anti connard,9.8,0,4,final
2025-11-20,bathroomgraffiti,all,bougie anti connard,8.3,0,7,final
2025-11-21,bathroomgraffiti,all,bougie anti connard,11.5,0,2,final
2025-11-22,bathroomgraffiti,all,bougie anti connard,10.7,0,3,final
2025-11-23,bathroomgraffiti,all,bougie anti connard,11,0,2,final
2025-11-24,bathroomgraffiti,all,bougie anti connard,11,0,2,final
2025-11-25,bathroomgraffiti,all,bougie anti connard,8.4,1,8,final
2025-11-26,bathroomgraffiti,all,bougie anti connard,10.5,0,10,final
2025-11-27,bathroomgraffiti,all,bougie anti connard,10.2,0,9,final
2025-11-28,bathroomgraffiti,all,bougie anti connard,11,0,8,final
2025-11-29,bathroomgraffiti,all,bougie anti connard,11,0,3,final
2025-11-30,bathroomgraffiti,all,bougie anti connard,9.7,0,7,final
2025-12-02,bathroomgraffiti,all,bougie anti connard,8,0,1,final
2025-12-04,bathroomgraffiti,all,bougie anti connard,11.5,0,2,final
2025-12-06,bathroomgraffiti,all,bougie anti connard,9,0,1,final
2025-12-08,bathroomgraffiti,all,bougie anti connard,11,1,1,final
2025-12-09,bathroomgraffiti,all,bougie anti connard,8.3,0,3,final
2025-12-10,bathroomgraffiti,all,bougie anti connard,10.2,1,13,final
2025-12-11,bathroomgraffiti,all,bougie anti connard,10.1,0,8,final
2025-12-12,bathroomgraffiti,all,bougie anti connard,10.7,0,15,final
2025-12-13,bathroomgraffiti,all,bougie anti connard,9.2,0,8,final
2025-12-14,bathroomgraffiti,all,bougie anti connard,9,0,10,final
2025-12-15,bathroomgraffiti,all,bougie anti connard,7,0,1,final
2025-12-16,bathroomgraffiti,all,bougie anti connard,7,0,1,final
2025-12-17,bathroomgraffiti,all,bougie anti connard,7,0,1,final
2025-12-18,bathroomgraffiti,all,bougie anti connard,10,0,3,final
2025-12-19,bathroomgraffiti,all,bougie anti connard,7,0,2,final
2025-12-20,bathroomgraffiti,all,bougie anti connard,9.3,0,3,final
2025-12-22,bathroomgraffiti,all,bougie anti connard,10.5,0,2,final
2025-12-27,bathroomgraffiti,all,bougie anti connard,11,0,1,final
2025-12-28,bathroomgraffiti,all,bougie anti connard,10,0,1,final
2026-01-01,bathroomgraffiti,all,bougie anti connard,15,0,1,final
2026-01-02,bathroomgraffiti,all,bougie anti connard,7,0,1,final
2026-01-07,bathroomgraffiti,all,bougie anti connard,9,0,1,final
2026-01-09,bathroomgraffiti,all,bougie anti connard,10.5,0,2,final
2026-01-10,bathroomgraffiti,all,bougie anti connard,5,0,2,final
2026-01-11,bathroomgraffiti,all,bougie anti connard,5,0,4,final
2026-01-12,bathroomgraffiti,all,bougie anti connard,5,0,2,final
2026-01-13,bathroomgraffiti,all,bougie anti connard,5.8,0,6,final
2026-01-14,bathroomgraffiti,all,bougie anti connard,8,0,2,final
2026-01-16,bathroomgraffiti,all,bougie anti connard,8,0,2,final
2026-01-17,bathroomgraffiti,all,bougie anti connard,8,0,2,final
2026-01-18,bathroomgraffiti,all,bougie anti connard,12,0,1,final
2026-01-20,bathroomgraffiti,all,bougie anti connard,13,0,1,final
2026-01-21,bathroomgraffiti,all,bougie anti connard,7.5,0,2,final
2026-01-22,bathroomgraffiti,all,bougie anti connard,8,1,4,final
2026-01-23,bathroomgraffiti,all,bougie anti connard,2.5,0,2,final
2026-01-24,bathroomgraffiti,all,bougie anti connard,5.5,1,2,final
2026-01-25,bathroomgraffiti,all,bougie anti connard,4.5,0,2,final
2026-01-26,bathroomgraffiti,all,bougie anti connard,5,0,3,final
2026-01-27,bathroomgraffiti,all,bougie anti connard,4.2,0,4,final
2026-01-28,bathroomgraffiti,all,bougie anti connard,3.6,0,5,final
2026-01-29,bathroomgraffiti,all,bougie anti connard,5.5,0,2,final
2026-01-30,bathroomgraffiti,all,bougie anti connard,4.3,1,3,final
2026-01-31,bathroomgraffiti,all,bougie anti connard,5.8,0,4,final
2026-02-01,bathroomgraffiti,all,bougie anti connard,5.2,0,4,final
2026-02-02,bathroomgraffiti,all,bougie anti connard,5,0,3,final
2026-02-03,bathroomgraffiti,all,bougie anti connard,4.7,0,3,final
2026-02-04,bathroomgraffiti,all,bougie anti connard,9.2,0,6,final
2026-02-05,bathroomgraffiti,all,bougie anti connard,11,0,2,final
2026-02-06,bathroomgraffiti,all,bougie anti connard,10,0,2,final
2026-02-07,bathroomgraffiti,all,bougie anti connard,10.7,0,3,final
2026-02-09,bathroomgraffiti,all,bougie anti connard,13,0,1,final
2026-02-11,bathroomgraffiti,all,bougie anti connard,14,0,1,final
2026-02-12,bathroomgraffiti,all,bougie anti connard,9,0,1,final
2026-02-13,bathroomgraffiti,all,bougie anti connard,15,0,1,final
2026-02-14,bathroomgraffiti,all,bougie anti connard,14,0,1,final
2026-02-15,bathroomgraffiti,all,bougie anti connard,15,0,1,final
2026-02-17,bathroomgraffiti,all,bougie anti connard,17,0,1,final
2026-02-19,bathroomgraffiti,all,bougie anti connard,14,0,2,final
2026-02-20,bathroomgraffiti,all,bougie anti connard,8,0,1,final
2026-02-21,bathroomgraffiti,all,bougie anti connard,13,0,1,final
2026-02-23,bathroomgraffiti,all,bougie anti connard,14,0,2,final
2026-02-25,bathroomgraffiti,all,bougie anti connard,12,0,1,final
2026-02-27,bathroomgraffiti,all,bougie anti connard,11,0,2,final
2026-02-28,bathroomgraffiti,all,bougie anti connard,16,0,1,final
2026-03-01,bathroomgraffiti,all,bougie anti connard,13,0,1,final
2026-03-03,bathroomgraffiti,all,bougie anti connard,14,0,1,final
2026-03-04,bathroomgraffiti,all,bougie anti connard,8,0,1,final
2026-03-05,bathroomgraffiti,all,bougie anti connard,14,0,1,final
2026-03-07,bathroomgraffiti,all,bougie anti connard,14,0,1,final
2026-03-08,bathroomgraffiti,all,bougie anti connard,6,0,1,final
2026-03-09,bathroomgraffiti,all,bougie anti connard,12,0,1,final
2026-03-11,bathroomgraffiti,all,bougie anti connard,8.5,0,2,final
2026-03-13,bathroomgraffiti,all,bougie anti connard,15,0,1,final
2026-03-14,bathroomgraffiti,all,bougie anti connard,15,0,1,final
2026-03-15,bathroomgraffiti,all,bougie anti connard,11,0,2,final
2026-03-17,bathroomgraffiti,all,bougie anti connard,11,0,1,final
2026-03-19,bathroomgraffiti,all,bougie anti connard,12,0,1,final
2026-03-20,bathroomgraffiti,all,bougie anti connard,5,0,2,final
2026-03-21,bathroomgraffiti,all,bougie anti connard,7,0,1,final
2026-03-22,bathroomgraffiti,all,bougie anti connard,7,0,1,final
2026-03-23,bathroomgraffiti,all,bougie anti connard,7,0,2,final
2026-03-24,bathroomgraffiti,all,bougie anti connard,8,0,2,final
2026-03-27,bathroomgraffiti,all,bougie anti connard,7,0,1,final
2026-03-28,bathroomgraffiti,all,bougie anti connard,2,0,2,final
2026-03-29,bathroomgraffiti,all,bougie anti connard,2.6,3,5,final
2026-03-30,bathroomgraffiti,all,bougie anti connard,1.5,0,2,final
2026-03-31,bathroomgraffiti,all,bougie anti connard,2,0,1,final
2026-04-01,bathroomgraffiti,all,bougie anti connard,3,0,2,final
2026-04-02,bathroomgraffiti,all,bougie anti connard,6,0,1,final
2026-04-03,bathroomgraffiti,all,bougie anti connard,3,0,2,final
2026-04-04,bathroomgraffiti,all,bougie anti connard,3,0,2,final
2026-04-05,bathroomgraffiti,all,bougie anti connard,3,0,4,final
2026-04-06,bathroomgraffiti,all,bougie anti connard,3,0,1,final
2026-04-07,bathroomgraffiti,all,bougie anti connard,3,0,2,final
2026-04-08,bathroomgraffiti,all,bougie anti connard,3,0,2,final
2026-04-09,bathroomgraffiti,all,bougie anti connard,4,0,1,final
2026-04-10,bathroomgraffiti,all,bougie anti connard,3,0,1,final
2026-04-11,bathroomgraffiti,all,bougie anti connard,3,0,3,final
2026-04-12,bathroomgraffiti,all,bougie anti connard,3.2,0,8,final
2026-04-13,bathroomgraffiti,all,bougie anti connard,2,0,3,final
2026-04-14,bathroomgraffiti,all,bougie anti connard,2,0,2,final
2026-04-15,bathroomgraffiti,all,bougie anti connard,2,0,1,final
2026-04-16,bathroomgraffiti,all,bougie anti connard,2,0,2,final
2026-04-17,bathroomgraffiti,all,bougie anti connard,2,0,1,final
2026-04-18,bathroomgraffiti,all,bougie anti connard,2,0,1,final
2026-04-19,bathroomgraffiti,all,bougie anti connard,1.8,1,4,final
2026-04-20,bathroomgraffiti,all,bougie anti connard,2,0,3,final
2026-04-21,bathroomgraffiti,all,bougie anti connard,2,0,1,final
2026-04-22,bathroomgraffiti,all,bougie anti connard,2.3,0,3,final
2026-04-23,bathroomgraffiti,all,bougie anti connard,1,1,1,final
2026-04-24,bathroomgraffiti,all,bougie anti connard,2.2,0,4,final
2026-04-25,bathroomgraffiti,all,bougie anti connard,2,0,3,final
2026-04-26,bathroomgraffiti,all,bougie anti connard,2,0,3,final
2026-04-27,bathroomgraffiti,all,bougie anti connard,2,0,1,final
2026-04-28,bathroomgraffiti,all,bougie anti connard,1.5,1,2,final
2026-04-29,bathroomgraffiti,all,bougie anti connard,2,1,2,final
2026-04-30,bathroomgraffiti,all,bougie anti connard,2,0,2,final
2026-05-01,bathroomgraffiti,all,bougie anti connard,2,1,4,final
2026-05-02,bathroomgraffiti,all,bougie anti connard,2,0,2,final
2026-05-03,bathroomgraffiti,all,bougie anti connard,2,0,2,final
2026-05-04,bathroomgraffiti,all,bougie anti connard,2,0,1,final
2026-05-05,bathroomgraffiti,all,bougie anti connard,2,0,1,final
2026-05-06,bathroomgraffiti,all,bougie anti connard,2,0,3,final
2026-05-07,bathroomgraffiti,all,bougie anti connard,2,0,1,final
2026-05-08,bathroomgraffiti,all,bougie anti connard,1.8,1,4,final
2026-05-09,bathroomgraffiti,all,bougie anti connard,2,0,2,final
2026-05-10,bathroomgraffiti,all,bougie anti connard,2,0,1,final
2026-05-11,bathroomgraffiti,all,bougie anti connard,2,1,2,final
2026-05-12,bathroomgraffiti,all,bougie anti connard,2,0,2,final
2026-05-13,bathroomgraffiti,all,bougie anti connard,2,1,1,final
2026-05-14,bathroomgraffiti,all,bougie anti connard,1.5,0,2,final
2026-05-15,bathroomgraffiti,all,bougie anti connard,2,1,1,final
2026-05-16,bathroomgraffiti,all,bougie anti connard,2.2,0,4,final
2026-05-17,bathroomgraffiti,all,bougie anti connard,2,0,1,final
2026-05-19,bathroomgraffiti,all,bougie anti connard,3,0,2,final
2026-05-20,bathroomgraffiti,all,bougie anti connard,2,0,3,final
2026-05-21,bathroomgraffiti,all,bougie anti connard,3.3,0,3,final
2026-05-22,bathroomgraffiti,all,bougie anti connard,2,0,1,final
2026-05-23,bathroomgraffiti,all,bougie anti connard,2,0,2,final
2026-05-24,bathroomgraffiti,all,bougie anti connard,2,0,1,final
2026-05-26,bathroomgraffiti,all,bougie anti connard,1.5,1,4,final
2026-05-27,bathroomgraffiti,all,bougie anti connard,8,0,1,final
2026-05-28,bathroomgraffiti,all,bougie anti connard,6.7,0,3,final
2026-05-29,bathroomgraffiti,all,bougie anti connard,9,0,1,final
2026-05-30,bathroomgraffiti,all,bougie anti connard,5,0,2,final
2026-05-31,bathroomgraffiti,all,bougie anti connard,8,0,1,final
2026-06-01,bathroomgraffiti,all,bougie anti connard,7,0,2,final
2026-06-03,bathroomgraffiti,all,bougie anti connard,2,0,2,final
2026-06-05,bathroomgraffiti,all,bougie anti connard,2,1,4,final
2026-06-06,bathroomgraffiti,all,bougie anti connard,2,1,3,final
2026-06-07,bathroomgraffiti,all,bougie anti connard,1.5,0,2,final
2026-06-08,bathroomgraffiti,all,bougie anti connard,2,0,3,final
2026-06-09,bathroomgraffiti,all,bougie anti connard,2,0,2,final
2026-06-11,bathroomgraffiti,all,bougie anti connard,2,0,1,final
2026-06-12,bathroomgraffiti,all,bougie anti connard,2,0,1,final
2026-06-13,bathroomgraffiti,all,bougie anti connard,2,0,2,final
2026-06-14,bathroomgraffiti,all,bougie anti connard,2,0,1,final
2026-06-15,bathroomgraffiti,all,bougie anti connard,1.5,0,2,final
2026-06-16,bathroomgraffiti,all,bougie anti connard,2,0,1,final
2026-06-17,bathroomgraffiti,all,bougie anti connard,1.7,0,3,final
2026-06-18,bathroomgraffiti,all,bougie anti connard,2,0,2,final
2026-06-19,bathroomgraffiti,all,bougie anti connard,2,0,2,final
2026-06-20,bathroomgraffiti,all,bougie anti connard,2,0,1,final
2026-06-21,bathroomgraffiti,all,bougie anti connard,2.5,0,2,final
2026-06-23,bathroomgraffiti,all,bougie anti connard,1.8,1,4,final
2026-06-25,bathroomgraffiti,all,bougie anti connard,1.5,1,2,final
2026-06-26,bathroomgraffiti,all,bougie anti connard,2,0,1,final
2026-06-27,bathroomgraffiti,all,bougie anti connard,1,0,1,final
2026-06-29,bathroomgraffiti,all,bougie anti connard,2,0,3,final
2026-06-30,bathroomgraffiti,all,bougie anti connard,2,0,1,final
2026-07-01,bathroomgraffiti,all,bougie anti connard,2,0,2,final
2026-07-03,bathroomgraffiti,all,bougie anti connard,2,0,1,final
2026-07-04,bathroomgraffiti,all,bougie anti connard,2,0,2,final
2026-07-05,bathroomgraffiti,all,bougie anti connard,2,0,2,final
2026-07-06,bathroomgraffiti,all,bougie anti connard,2,0,1,final
2026-07-07,bathroomgraffiti,all,bougie anti connard,2,1,2,final
2026-07-08,bathroomgraffiti,all,bougie anti connard,2,0,2,final
2026-07-09,bathroomgraffiti,all,bougie anti connard,2,1,3,final
2026-07-11,bathroomgraffiti,all,bougie anti connard,2,0,1,final
2026-07-12,bathroomgraffiti,all,bougie anti connard,2,1,1,final
2026-07-13,bathroomgraffiti,all,bougie anti connard,2,0,1,final
2026-07-15,bathroomgraffiti,all,bougie anti connard,2,0,1,final
2026-07-16,bathroomgraffiti,all,bougie anti connard,2,0,1,final
2026-07-17,bathroomgraffiti,all,bougie anti connard,2,0,2,final
2026-07-18,bathroomgraffiti,all,bougie anti connard,2,0,5,final
2026-07-19,bathroomgraffiti,all,bougie anti connard,2,0,1,final
2026-07-22,bathroomgraffiti,all,bougie anti connard,3.5,0,4,final
2026-07-23,bathroomgraffiti,all,bougie anti connard,2,0,1,final
2026-07-24,bathroomgraffiti,all,bougie anti connard,2,0,4,final
2026-07-25,bathroomgraffiti,all,bougie anti connard,2,0,1,final
2026-07-27,bathroomgraffiti,all,bougie anti connard,2,0,3,final
2026-07-29,bathroomgraffiti,all,bougie anti connard,2,0,3,final
2026-07-30,bathroomgraffiti,all,bougie anti connard,2.8,1,4,final
2026-07-31,bathroomgraffiti,all,bougie anti connard,2.8,0,4,final
2026-08-01,bathroomgraffiti,all,bougie anti connard,2,1,2,final
2026-08-02,bathroomgraffiti,all,bougie anti connard,3,0,2,final
2026-08-03,bathroomgraffiti,all,bougie anti connard,2,0,3,final
2026-08-04,bathroomgraffiti,all,bougie anti connard,2,1,1,final
2026-08-05,bathroomgraffiti,all,bougie anti connard,2,0,1,final
2026-08-06,bathroomgraffiti,all,bougie anti connard,2,1,3,final
2026-08-08,bathroomgraffiti,all,bougie anti connard,2,0,3,final
2026-08-09,bathroomgraffiti,all,bougie anti connard,2.2,0,5,final
2026-08-10,bathroomgraffiti,all,bougie anti connard,2,1,3,final
2026-08-11,bathroomgraffiti,all,bougie anti connard,2,0,1,final
2026-08-12,bathroomgraffiti,all,bougie anti connard,2.5,0,2,final
2026-08-14,bathroomgraffiti,all,bougie anti connard,2,0,4,final
2026-08-15,bathroomgraffiti,all,bougie anti connard,2,0,1,final
2026-08-16,bathroomgraffiti,all,bougie anti connard,2,0,1,final
2026-08-17,bathroomgraffiti,all,bougie anti connard,3,0,1,final
2026-08-18,bathroomgraffiti,all,bougie anti connard,2,1,4,final
2026-08-19,bathroomgraffiti,all,bougie anti connard,2,0,2,final
2026-08-20,bathroomgraffiti,all,bougie anti connard,2,1,5,final
2026-08-21,bathroomgraffiti,all,bougie anti connard,2,0,1,final
2026-08-22,bathroomgraffiti,all,bougie anti connard,1,0,2,final
2026-08-24,bathroomgraffiti,all,bougie anti connard,1.5,1,2,final
2026-08-26,bathroomgraffiti,all,bougie anti connard,1.5,1,2,final
2026-08-27,bathroomgraffiti,all,bougie anti connard,2,0,2,final
2026-08-28,bathroomgraffiti,all,bougie anti connard,1.3,0,3,final
2026-08-29,bathroomgraffiti,all,bougie anti connard,1.8,1,4,final
2026-08-30,bathroomgraffiti,all,bougie anti connard,1.5,0,2,final
2026-09-01,bathroomgraffiti,all,bougie anti connard,1,0,3,final
2026-09-03,bathroomgraffiti,all,bougie anti connard,1,0,2,final
2026-09-04,bathroomgraffiti,all,bougie anti connard,1,0,4,final
2026-09-05,bathroomgraffiti,all,bougie anti connard,1.7,0,3,final
2026-09-06,bathroomgraffiti,all,bougie anti connard,2,1,3,final
2026-09-07,bathroomgraffiti,all,bougie anti connard,1.5,0,2,final
2026-09-08,bathroomgraffiti,all,bougie anti connard,2,0,2,final
2026-09-09,bathroomgraffiti,all,bougie anti connard,2,0,5,final
2026-09-10,bathroomgraffiti,all,bougie anti connard,2,0,2,final
2026-09-11,bathroomgraffiti,all,bougie anti connard,2,0,1,final
2026-09-12,bathroomgraffiti,all,bougie anti connard,1.8,1,4,final
2026-09-13,bathroomgraffiti,all,bougie anti connard,2,0,1,final
2026-09-14,bathroomgraffiti,all,bougie anti connard,2,0,1,final
2026-09-15,bathroomgraffiti,all,bougie anti connard,1.8,2,5,final
2026-09-17,bathroomgraffiti,all,bougie anti connard,2,2,11,final
2026-09-19,bathroomgraffiti,all,bougie anti connard,2,0,4,final
2026-09-21,bathroomgraffiti,all,bougie anti connard,2,0,3,final
2026-09-22,bathroomgraffiti,all,bougie anti connard,2,0,2,final
2026-09-23,bathroomgraffiti,all,bougie anti connard,2.1,0,7,final
2026-09-25,bathroomgraffiti,all,bougie anti connard,2,0,2,final
2026-09-26,bathroomgraffiti,all,bougie anti connard,2.2,0,6,final
2026-09-27,bathroomgraffiti,all,bougie anti connard,2.1,0,8,final
2026-09-28,bathroomgraffiti,all,bougie anti connard,2.2,0,4,final
2026-09-29,bathroomgraffiti,all,bougie anti connard,2.7,0,3,final
2026-09-30,bathroomgraffiti,all,bougie anti connard,4,0,2,final
2026-10-01,bathroomgraffiti,all,bougie anti connard,3.7,0,3,final
2026-10-03,bathroomgraffiti,all,bougie anti connard,3.5,0,4,final
2026-10-04,bathroomgraffiti,all,bougie anti connard,3.3,0,3,fresh
2026-10-05,bathroomgraffiti,all,bougie anti connard,3.2,0,4,fresh
2025-06-13,bathroomgraffiti,all,graffiti bathroom,1,0,1,final
2025-06-16,bathroomgraffiti,all,graffiti bathroom,1,1,1,final
2025-06-17,bathroomgraffiti,all,graffiti bathroom,9,0,1,final
2025-06-18,bathroomgraffiti,all,graffiti bathroom,4,1,2,final
2025-06-19,bathroomgraffiti,all,graffiti bathroom,1,2,3,final
2025-06-20,bathroomgraffiti,all,graffiti bathroom,1,3,3,final
2025-06-21,bathroomgraffiti,all,graffiti bathroom,6,2,3,final
2025-06-22,bathroomgraffiti,all,graffiti bathroom,19,0,4,final
2025-06-23,bathroomgraffiti,all,graffiti bathroom,1,2,2,final
2025-06-24,bathroomgraffiti,all,graffiti bathroom,6.8,1,4,final
2025-06-25,bathroomgraffiti,all,graffiti bathroom,7.5,1,4,final
2025-06-26,bathroomgraffiti,all,graffiti bathroom,9.8,0,4,final
2025-06-27,bathroomgraffiti,all,graffiti bathroom,4.5,1,2,final
2025-06-28,bathroomgraffiti,all,graffiti bathroom,7.8,2,4,final
2025-06-29,bathroomgraffiti,all,graffiti bathroom,10,0,2,final
2025-06-30,bathroomgraffiti,all,graffiti bathroom,1,1,3,final
2025-07-01,bathroomgraffiti,all,graffiti bathroom,6.2,3,5,final
2025-07-02,bathroomgraffiti,all,graffiti bathroom,1,1,2,final
2025-07-03,bathroomgraffiti,all,graffiti bathroom,2,1,3,final
2025-07-04,bathroomgraffiti,all,graffiti bathroom,8.5,0,2,final
2025-07-05,bathroomgraffiti,all,graffiti bathroom,1,2,3,final
2025-07-06,bathroomgraffiti,all,graffiti bathroom,1,1,1,final
2025-07-07,bathroomgraffiti,all,graffiti bathroom,7.6,3,7,final
2025-07-08,bathroomgraffiti,all,graffiti bathroom,1,0,1,final
2025-07-09,bathroomgraffiti,all,graffiti bathroom,1,0,1,final
2025-07-10,bathroomgraffiti,all,graffiti bathroom,1,3,6,final
2025-07-11,bathroomgraffiti,all,graffiti bathroom,2.5,1,2,final
2025-07-12,bathroomgraffiti,all,graffiti bathroom,15,0,1,final
2025-07-13,bathroomgraffiti,all,graffiti bathroom,20.5,1,2,final
2025-07-14,bathroomgraffiti,all,graffiti bathroom,2.7,0,3,final
2025-07-15,bathroomgraffiti,all,graffiti bathroom,8.5,0,2,final
2025-07-16,bathroomgraffiti,all,graffiti bathroom,1,2,2,final
2025-07-17,bathroomgraffiti,all,graffiti bathroom,15,0,1,final
2025-07-18,bathroomgraffiti,all,graffiti bathroom,1,0,2,final
2025-07-19,bathroomgraffiti,all,graffiti bathroom,15,0,1,final
2025-07-20,bathroomgraffiti,all,graffiti bathroom,1,2,3,final
2025-07-21,bathroomgraffiti,all,graffiti bathroom,1,1,2,final
2025-07-22,bathroomgraffiti,all,graffiti bathroom,10.5,0,2,final
2025-07-23,bathroomgraffiti,all,graffiti bathroom,6,1,2,final
2025-07-24,bathroomgraffiti,all,graffiti bathroom,1,0,3,final
2025-07-26,bathroomgraffiti,all,graffiti bathroom,1,0,1,final
2025-07-27,bathroomgraffiti,all,graffiti bathroom,8.2,1,4,final
2025-07-28,bathroomgraffiti,all,graffiti bathroom,1,2,2,final
2025-07-29,bathroomgraffiti,all,graffiti bathroom,17,0,1,final
2025-07-30,bathroomgraffiti,all,graffiti bathroom,4,1,3,final
2025-07-31,bathroomgraffiti,all,graffiti bathroom,1,2,2,final
2025-08-01,bathroomgraffiti,all,graffiti bathroom,1,0,1,final
2025-08-02,bathroomgraffiti,all,graffiti bathroom,18,0,1,final
2025-08-04,bathroomgraffiti,all,graffiti bathroom,8.2,0,5,final
2025-08-05,bathroomgraffiti,all,graffiti bathroom,1,1,1,final
2025-08-06,bathroomgraffiti,all,graffiti bathroom,1,1,1,final
2025-08-07,bathroomgraffiti,all,graffiti bathroom,11,0,1,final
2025-08-08,bathroomgraffiti,all,graffiti bathroom,20,0,1,final
2025-08-09,bathroomgraffiti,all,graffiti bathroom,9,0,3,final
2025-08-10,bathroomgraffiti,all,graffiti bathroom,1,1,2,final
2025-08-11,bathroomgraffiti,all,graffiti bathroom,1,0,1,final
2025-08-13,bathroomgraffiti,all,graffiti bathroom,14,0,1,final
2025-08-14,bathroomgraffiti,all,graffiti bathroom,1,0,1,final
2025-08-15,bathroomgraffiti,all,graffiti bathroom,1,1,1,final
2025-08-19,bathroomgraffiti,all,graffiti bathroom,2,1,2,final
2025-08-20,bathroomgraffiti,all,graffiti bathroom,1,1,2,final
2025-08-21,bathroomgraffiti,all,graffiti bathroom,6.7,1,3,final
2025-08-22,bathroomgraffiti,all,graffiti bathroom,15,1,2,final
2025-08-23,bathroomgraffiti,all,graffiti bathroom,9.5,0,2,final
2025-08-24,bathroomgraffiti,all,graffiti bathroom,1,0,1,final
2025-08-27,bathroomgraffiti,all,graffiti bathroom,1,2,3,final
2025-08-28,bathroomgraffiti,all,graffiti bathroom,1,0,1,final
2025-08-31,bathroomgraffiti,all,graffiti bathroom,14,0,2,final
2025-09-01,bathroomgraffiti,all,graffiti bathroom,20,0,1,final
2025-09-02,bathroomgraffiti,all,graffiti bathroom,11,0,2,final
2025-09-03,bathroomgraffiti,all,graffiti bathroom,1,1,2,final
2025-09-04,bathroomgraffiti,all,graffiti bathroom,1.5,1,2,final
2025-09-05,bathroomgraffiti,all,graffiti bathroom,10,1,3,final
2025-09-07,bathroomgraffiti,all,graffiti bathroom,1,1,2,final
2025-09-09,bathroomgraffiti,all,graffiti bathroom,1,1,1,final
2025-09-10,bathroomgraffiti,all,graffiti bathroom,17,0,1,final
2025-09-11,bathroomgraffiti,all,graffiti bathroom,1,2,3,final
2025-09-12,bathroomgraffiti,all,graffiti bathroom,1,1,2,final
2025-09-13,bathroomgraffiti,all,graffiti bathroom,1,2,4,final
2025-09-14,bathroomgraffiti,all,graffiti bathroom,1,1,1,final
2025-09-15,bathroomgraffiti,all,graffiti bathroom,1,0,2,final
2025-09-16,bathroomgraffiti,all,graffiti bathroom,6,1,2,final
2025-09-18,bathroomgraffiti,all,graffiti bathroom,1,1,1,final
2025-09-20,bathroomgraffiti,all,graffiti bathroom,1,1,1,final
2025-09-21,bathroomgraffiti,all,graffiti bathroom,7,1,1,final
2025-09-22,bathroomgraffiti,all,graffiti bathroom,2,1,1,final
2025-09-25,bathroomgraffiti,all,graffiti bathroom,1,0,1,final
2025-09-26,bathroomgraffiti,all,graffiti bathroom,1,1,1,final
2025-09-27,bathroomgraffiti,all,graffiti bathroom,1,2,2,final
2025-09-28,bathroomgraffiti,all,graffiti bathroom,2.5,2,4,final
2025-09-30,bathroomgraffiti,all,graffiti bathroom,1,2,2,final
2025-10-01,bathroomgraffiti,all,graffiti bathroom,6.3,2,3,final
2025-10-02,bathroomgraffiti,all,graffiti bathroom,1,0,1,final
2025-10-03,bathroomgraffiti,all,graffiti bathroom,1,1,2,final
2025-10-04,bathroomgraffiti,all,graffiti bathroom,4,0,3,final
2025-10-05,bathroomgraffiti,all,graffiti bathroom,6,0,1,final
2025-10-07,bathroomgraffiti,all,graffiti bathroom,1,1,1,final
2025-10-08,bathroomgraffiti,all,graffiti bathroom,1,2,3,final
2025-10-10,bathroomgraffiti,all,graffiti bathroom,1,1,1,final
2025-10-12,bathroomgraffiti,all,graffiti bathroom,1,1,2,final
2025-10-13,bathroomgraffiti,all,graffiti bathroom,1,1,1,final
2025-10-14,bathroomgraffiti,all,graffiti bathroom,1,0,2,final
2025-10-16,bathroomgraffiti,all,graffiti bathroom,1,1,1,final
2025-10-17,bathroomgraffiti,all,graffiti bathroom,1,0,1,final
2025-10-18,bathroomgraffiti,all,graffiti bathroom,1,0,1,final
2025-10-19,bathroomgraffiti,all,graffiti bathroom,13,0,2,final
2025-10-21,bathroomgraffiti,all,graffiti bathroom,1,0,1,final
2025-10-22,bathroomgraffiti,all,graffiti bathroom,12.8,0,4,final
2025-10-23,bathroomgraffiti,all,graffiti bathroom,1,1,2,final
2025-10-24,bathroomgraffiti,all,graffiti bathroom,3,0,2,final
2025-10-25,bathroomgraffiti,all,graffiti bathroom,1,0,1,final
2025-10-26,bathroomgraffiti,all,graffiti bathroom,1,1,1,final
2025-10-27,bathroomgraffiti,all,graffiti bathroom,1,3,3,final
2025-10-28,bathroomgraffiti,all,graffiti bathroom,17,0,1,final
2025-10-29,bathroomgraffiti,all,graffiti bathroom,1,1,1,final
2025-10-30,bathroomgraffiti,all,graffiti bathroom,1,1,1,final
2025-10-31,bathroomgraffiti,all,graffiti bathroom,25,0,1,final
2025-11-02,bathroomgraffiti,all,graffiti bathroom,1,0,1,final
2025-11-03,bathroomgraffiti,all,graffiti bathroom,1,1,2,final
2025-11-04,bathroomgraffiti,all,graffiti bathroom,1,0,1,final
2025-11-05,bathroomgraffiti,all,graffiti bathroom,3.3,2,3,final
2025-11-06,bathroomgraffiti,all,graffiti bathroom,5,0,3,final
2025-11-07,bathroomgraffiti,all,graffiti bathroom,5,1,2,final
2025-11-09,bathroomgraffiti,all,graffiti bathroom,1,1,1,final
2025-11-10,bathroomgraffiti,all,graffiti bathroom,1,1,2,final
2025-11-11,bathroomgraffiti,all,graffiti bathroom,1,1,1,final
2025-11-13,bathroomgraffiti,all,graffiti bathroom,11.4,0,5,final
2025-11-14,bathroomgraffiti,all,graffiti bathroom,5.3,1,3,final
2025-11-15,bathroomgraffiti,all,graffiti bathroom,2.6,2,5,final
2025-11-17,bathroomgraffiti,all,graffiti bathroom,9.7,1,3,final
2025-11-19,bathroomgraffiti,all,graffiti bathroom,1,3,3,final
2025-11-20,bathroomgraffiti,all,graffiti bathroom,1,1,1,final
2025-11-21,bathroomgraffiti,all,graffiti bathroom,1,1,1,final
2025-11-22,bathroomgraffiti,all,graffiti bathroom,1.5,0,2,final
2025-11-23,bathroomgraffiti,all,graffiti bathroom,1,1,1,final
2025-11-24,bathroomgraffiti,all,graffiti bathroom,3,0,1,final
2025-11-25,bathroomgraffiti,all,graffiti bathroom,5,1,3,final
2025-11-27,bathroomgraffiti,all,graffiti bathroom,1,1,2,final
2025-11-28,bathroomgraffiti,all,graffiti bathroom,18,2,7,final
2025-12-01,bathroomgraffiti,all,graffiti bathroom,1,2,2,final
2025-12-02,bathroomgraffiti,all,graffiti bathroom,11,1,2,final
2025-12-04,bathroomgraffiti,all,graffiti bathroom,1,1,1,final
2025-12-05,bathroomgraffiti,all,graffiti bathroom,1,5,6,final
2025-12-06,bathroomgraffiti,all,graffiti bathroom,1,1,2,final
2025-12-08,bathroomgraffiti,all,graffiti bathroom,1,3,3,final
2025-12-09,bathroomgraffiti,all,graffiti bathroom,1,2,2,final
2025-12-10,bathroomgraffiti,all,graffiti bathroom,1,0,1,final
2025-12-11,bathroomgraffiti,all,graffiti bathroom,1,4,4,final
2025-12-13,bathroomgraffiti,all,graffiti bathroom,3.5,1,4,final
2025-12-14,bathroomgraffiti,all,graffiti bathroom,1,0,5,final
2025-12-15,bathroomgraffiti,all,graffiti bathroom,1,1,2,final
2025-12-16,bathroomgraffiti,all,graffiti bathroom,1,2,4,final
2025-12-17,bathroomgraffiti,all,graffiti bathroom,5.3,1,3,final
2025-12-18,bathroomgraffiti,all,graffiti bathroom,1,0,2,final
2025-12-19,bathroomgraffiti,all,graffiti bathroom,1,1,4,final
2025-12-20,bathroomgraffiti,all,graffiti bathroom,5.4,2,5,final
2025-12-21,bathroomgraffiti,all,graffiti bathroom,1,2,3,final
2025-12-22,bathroomgraffiti,all,graffiti bathroom,4.4,4,5,final
2025-12-23,bathroomgraffiti,all,graffiti bathroom,1,2,4,final
2025-12-24,bathroomgraffiti,all,graffiti bathroom,7.5,1,2,final
2025-12-26,bathroomgraffiti,all,graffiti bathroom,11.5,0,4,final
2025-12-27,bathroomgraffiti,all,graffiti bathroom,20,0,1,final
2025-12-28,bathroomgraffiti,all,graffiti bathroom,1.5,1,2,final
2025-12-31,bathroomgraffiti,all,graffiti bathroom,18,0,1,final
2026-01-02,bathroomgraffiti,all,graffiti bathroom,1,1,1,final
2026-01-03,bathroomgraffiti,all,graffiti bathroom,1,1,2,final
2026-01-04,bathroomgraffiti,all,graffiti bathroom,1,1,1,final
2026-01-06,bathroomgraffiti,all,graffiti bathroom,1,1,1,final
2026-01-09,bathroomgraffiti,all,graffiti bathroom,1,1,1,final
2026-01-10,bathroomgraffiti,all,graffiti bathroom,3,0,2,final
2026-01-11,bathroomgraffiti,all,graffiti bathroom,1,0,2,final
2026-01-12,bathroomgraffiti,all,graffiti bathroom,1,1,1,final
2026-01-13,bathroomgraffiti,all,graffiti bathroom,1,1,2,final
2026-01-14,bathroomgraffiti,all,graffiti bathroom,11,0,2,final
2026-01-15,bathroomgraffiti,all,graffiti bathroom,4.3,1,3,final
2026-01-16,bathroomgraffiti,all,graffiti bathroom,3.7,2,3,final
2026-01-17,bathroomgraffiti,all,graffiti bathroom,1.7,3,6,final
2026-01-18,bathroomgraffiti,all,graffiti bathroom,16.5,0,4,final
2026-01-19,bathroomgraffiti,all,graffiti bathroom,10.5,1,2,final
2026-01-20,bathroomgraffiti,all,graffiti bathroom,1,1,1,final
2026-01-21,bathroomgraffiti,all,graffiti bathroom,1,0,2,final
2026-01-22,bathroomgraffiti,all,graffiti bathroom,17,0,1,final
2026-01-25,bathroomgraffiti,all,graffiti bathroom,14,0,3,final
2026-01-26,bathroomgraffiti,all,graffiti bathroom,1,1,3,final
2026-01-27,bathroomgraffiti,all,graffiti bathroom,1,0,1,final
2026-01-28,bathroomgraffiti,all,graffiti bathroom,5,0,1,final
2026-01-29,bathroomgraffiti,all,graffiti bathroom,1,0,2,final
2026-01-30,bathroomgraffiti,all,graffiti bathroom,1,1,3,final
2026-01-31,bathroomgraffiti,all,graffiti bathroom,1,0,2,final
2026-02-01,bathroomgraffiti,all,graffiti bathroom,1,0,1,final
2026-02-06,bathroomgraffiti,all,graffiti bathroom,1,1,2,final
2026-02-08,bathroomgraffiti,all,graffiti bathroom,1,0,3,final
2026-02-09,bathroomgraffiti,all,graffiti bathroom,1,1,2,final
2026-02-10,bathroomgraffiti,all,graffiti bathroom,1,1,3,final
2026-02-13,bathroomgraffiti,all,graffiti bathroom,1,0,3,final
2026-02-14,bathroomgraffiti,all,graffiti bathroom,8.5,0,2,final
2026-02-15,bathroomgraffiti,all,graffiti bathroom,1,0,1,final
2026-02-17,bathroomgraffiti,all,graffiti bathroom,1,1,2,final
2026-02-19,bathroomgraffiti,all,graffiti bathroom,1.5,0,2,final
2026-02-21,bathroomgraffiti,all,graffiti bathroom,1,0,2,final
2026-02-22,bathroomgraffiti,all,graffiti bathroom,24,0,1,final
2026-02-24,bathroomgraffiti,all,graffiti bathroom,1,0,4,final
2026-02-25,bathroomgraffiti,all,graffiti bathroom,1,0,1,final
2026-02-26,bathroomgraffiti,all,graffiti bathroom,1,1,2,final
2026-02-27,bathroomgraffiti,all,graffiti bathroom,1,0,1,final
2026-03-01,bathroomgraffiti,all,graffiti bathroom,1,0,1,final
2026-03-02,bathroomgraffiti,all,graffiti bathroom,1,1,2,final
2026-03-03,bathroomgraffiti,all,graffiti bathroom,1,0,1,final
2026-03-04,bathroomgraffiti,all,graffiti bathroom,1,0,2,final
2026-03-07,bathroomgraffiti,all,graffiti bathroom,1,0,1,final
2026-03-11,bathroomgraffiti,all,graffiti bathroom,1,1,1,final
2026-03-12,bathroomgraffiti,all,graffiti bathroom,1,1,1,final
2026-03-13,bathroomgraffiti,all,graffiti bathroom,1,0,1,final
2026-03-19,bathroomgraffiti,all,graffiti bathroom,1,0,1,final
2026-03-20,bathroomgraffiti,all,graffiti bathroom,24,0,1,final
2026-03-21,bathroomgraffiti,all,graffiti bathroom,1,0,3,final
2026-03-22,bathroomgraffiti,all,graffiti bathroom,1,1,3,final
2026-03-23,bathroomgraffiti,all,graffiti bathroom,1,0,1,final
2026-03-25,bathroomgraffiti,all,graffiti bathroom,1.5,0,2,final
2026-04-02,bathroomgraffiti,all,graffiti bathroom,6,0,2,final
2026-04-04,bathroomgraffiti,all,graffiti bathroom,1,0,2,final
2026-04-05,bathroomgraffiti,all,graffiti bathroom,1,1,1,final
2026-04-06,bathroomgraffiti,all,graffiti bathroom,18.5,0,2,final
2026-04-09,bathroomgraffiti,all,graffiti bathroom,1,1,1,final
2026-04-10,bathroomgraffiti,all,graffiti bathroom,19,0,1,final
2026-04-11,bathroomgraffiti,all,graffiti bathroom,1,0,2,final
2026-04-12,bathroomgraffiti,all,graffiti bathroom,1,0,2,final
2026-04-13,bathroomgraffiti,all,graffiti bathroom,1,0,1,final
2026-04-14,bathroomgraffiti,all,graffiti bathroom,1,0,2,final
2026-04-17,bathroomgraffiti,all,graffiti bathroom,10,1,2,final
2026-04-18,bathroomgraffiti,all,graffiti bathroom,1,0,3,final
2026-04-21,bathroomgraffiti,all,graffiti bathroom,4,0,1,final
2026-04-23,bathroomgraffiti,all,graffiti bathroom,1,0,2,final
2026-04-24,bathroomgraffiti,all,graffiti bathroom,1,0,2,final
2026-04-25,bathroomgraffiti,all,graffiti bathroom,9.3,0,3,final
2026-04-26,bathroomgraffiti,all,graffiti bathroom,9,0,5,final
2026-04-30,bathroomgraffiti,all,graffiti bathroom,1,0,1,final
2026-05-03,bathroomgraffiti,all,graffiti bathroom,4.5,1,2,final
2026-05-05,bathroomgraffiti,all,graffiti bathroom,1,0,1,final
2026-05-06,bathroomgraffiti,all,graffiti bathroom,4.6,0,8,final
2026-05-07,bathroomgraffiti,all,graffiti bathroom,1,0,3,final
2026-05-09,bathroomgraffiti,all,graffiti bathroom,1,0,1,final
2026-05-10,bathroomgraffiti,all,graffiti bathroom,2.3,1,3,final
2026-05-13,bathroomgraffiti,all,graffiti bathroom,1,0,1,final
2026-05-14,bathroomgraffiti,all,graffiti bathroom,1,0,1,final
2026-05-15,bathroomgraffiti,all,graffiti bathroom,1,0,1,final
2026-05-16,bathroomgraffiti,all,graffiti bathroom,2,0,1,final
2026-05-17,bathroomgraffiti,all,graffiti bathroom,2,1,1,final
2026-05-19,bathroomgraffiti,all,graffiti bathroom,6,0,2,final
2026-05-21,bathroomgraffiti,all,graffiti bathroom,1,0,1,final
2026-05-24,bathroomgraffiti,all,graffiti bathroom,2,1,2,final
2026-05-25,bathroomgraffiti,all,graffiti bathroom,1,0,1,final
2026-05-26,bathroomgraffiti,all,graffiti bathroom,1,2,2,final
2026-05-27,bathroomgraffiti,all,graffiti bathroom,1,1,2,final
2026-05-28,bathroomgraffiti,all,graffiti bathroom,1,0,3,final
2026-05-29,bathroomgraffiti,all,graffiti bathroom,1,1,1,final
2026-05-30,bathroomgraffiti,all,graffiti bathroom,5,0,2,final
2026-05-31,bathroomgraffiti,all,graffiti bathroom,1,1,1,final
2026-06-03,bathroomgraffiti,all,graffiti bathroom,1,0,2,final
2026-06-04,bathroomgraffiti,all,graffiti bathroom,1,0,1,final
2026-06-05,bathroomgraffiti,all,graffiti bathroom,1,0,1,final
2026-06-06,bathroomgraffiti,all,graffiti bathroom,1,0,1,final
2026-06-07,bathroomgraffiti,all,graffiti bathroom,1,0,1,final
2026-06-08,bathroomgraffiti,all,graffiti bathroom,1,0,1,final
2026-06-09,bathroomgraffiti,all,graffiti bathroom,1,0,3,final
2026-06-11,bathroomgraffiti,all,graffiti bathroom,1,0,1,final
2026-06-12,bathroomgraffiti,all,graffiti bathroom,1,2,2,final
2026-06-13,bathroomgraffiti,all,graffiti bathroom,1.3,0,3,final
2026-06-14,bathroomgraffiti,all,graffiti bathroom,1,0,2,final
2026-06-16,bathroomgraffiti,all,graffiti bathroom,1,0,2,final
2026-06-17,bathroomgraffiti,all,graffiti bathroom,1,0,2,final
2026-06-18,bathroomgraffiti,all,graffiti bathroom,1,0,2,final
2026-06-21,bathroomgraffiti,all,graffiti bathroom,1,0,2,final
2026-06-22,bathroomgraffiti,all,graffiti bathroom,1,1,1,final
2026-06-24,bathroomgraffiti,all,graffiti bathroom,1,0,1,final
2026-06-25,bathroomgraffiti,all,graffiti bathroom,1,0,2,final
2026-06-27,bathroomgraffiti,all,graffiti bathroom,1,1,1,final
2026-06-28,bathroomgraffiti,all,graffiti bathroom,1,0,3,final
2026-07-01,bathroomgraffiti,all,graffiti bathroom,1,1,1,final
2026-07-02,bathroomgraffiti,all,graffiti bathroom,1,1,1,final
2026-07-03,bathroomgraffiti,all,graffiti bathroom,1,1,1,final
2026-07-06,bathroomgraffiti,all,graffiti bathroom,1,2,5,final
2026-07-08,bathroomgraffiti,all,graffiti bathroom,1,2,3,final
2026-07-09,bathroomgraffiti,all,graffiti bathroom,1,1,2,final
2026-07-10,bathroomgraffiti,all,graffiti bathroom,1,3,3,final
2026-07-11,bathroomgraffiti,all,graffiti bathroom,1,1,1,final
2026-07-15,bathroomgraffiti,all,graffiti bathroom,1,1,1,final
2026-07-16,bathroomgraffiti,all,graffiti bathroom,1,1,1,final
2026-07-17,bathroomgraffiti,all,graffiti bathroom,1.5,1,2,final
2026-07-19,bathroomgraffiti,all,graffiti bathroom,1.2,1,4,final
2026-07-20,bathroomgraffiti,all,graffiti bathroom,1,1,1,final
2026-07-24,bathroomgraffiti,all,graffiti bathroom,1,1,1,final
2026-07-25,bathroomgraffiti,all,graffiti bathroom,1,0,1,final
2026-07-26,bathroomgraffiti,all,graffiti bathroom,1,2,2,final
2026-07-27,bathroomgraffiti,all,graffiti bathroom,1,1,1,final
2026-07-29,bathroomgraffiti,all,graffiti bathroom,1,1,2,final
2026-07-30,bathroomgraffiti,all,graffiti bathroom,1,1,1,final
2026-08-01,bathroomgraffiti,all,graffiti bathroom,1,0,1,final
2026-08-02,bathroomgraffiti,all,graffiti bathroom,1,2,2,final
2026-08-05,bathroomgraffiti,all,graffiti bathroom,1,1,2,final
2026-08-07,bathroomgraffiti,all,graffiti bathroom,1,1,1,final
2026-08-08,bathroomgraffiti,all,graffiti bathroom,1,1,1,final
2026-08-10,bathroomgraffiti,all,graffiti bathroom,1,1,1,final
2026-08-11,bathroomgraffiti,all,graffiti bathroom,1,0,1,final
2026-08-12,bathroomgraffiti,all,graffiti bathroom,1,0,1,final
2026-08-13,bathroomgraffiti,all,graffiti bathroom,1,1,1,final
2026-08-14,bathroomgraffiti,all,graffiti bathroom,1,0,2,final
2026-08-19,bathroomgraffiti,all,graffiti bathroom,7,0,2,final
2026-08-21,bathroomgraffiti,all,graffiti bathroom,1,1,3,final
2026-08-23,bathroomgraffiti,all,graffiti bathroom,1,0,1,final
2026-08-26,bathroomgraffiti,all,graffiti bathroom,1,0,1,final
2026-08-27,bathroomgraffiti,all,graffiti bathroom,1,0,1,final
2026-08-28,bathroomgraffiti,all,graffiti bathroom,1,2,3,final
2026-08-30,bathroomgraffiti,all,graffiti bathroom,1,1,1,final
2026-09-01,bathroomgraffiti,all,graffiti bathroom,1,2,2,final
2026-09-02,bathroomgraffiti,all,graffiti bathroom,1,1,1,final
2026-09-04,bathroomgraffiti,all,graffiti bathroom,1,1,1,final
2026-09-06,bathroomgraffiti,all,graffiti bathroom,1,0,1,final
2026-09-07,bathroomgraffiti,all,graffiti bathroom,1,2,2,final
2026-09-08,bathroomgraffiti,all,graffiti bathroom,1,1,1,final
2026-09-09,bathroomgraffiti,all,graffiti bathroom,1,1,1,final
2026-09-10,bathroomgraffiti,all,graffiti bathroom,1,0,1,final
2026-09-11,bathroomgraffiti,all,graffiti bathroom,1,1,1,final
2026-09-12,bathroomgraffiti,all,graffiti bathroom,1,1,2,final
2026-09-13,bathroomgraffiti,all,graffiti bathroom,1,1,1,final
2026-09-16,bathroomgraffiti,all,graffiti bathroom,1,0,1,final
2026-09-18,bathroomgraffiti,all,graffiti bathroom,1,0,2,final
2026-09-19,bathroomgraffiti,all,graffiti bathroom,1,1,1,final
2026-09-22,bathroomgraffiti,all,graffiti bathroom,3,0,1,final
2026-09-23,bathroomgraffiti,all,graffiti bathroom,1,0,1,final
2026-09-24,bathroomgraffiti,all,graffiti bathroom,24.3,0,3,final
2026-09-25,bathroomgraffiti,all,graffiti bathroom,1,1,2,final
2026-09-28,bathroomgraffiti,all,graffiti bathroom,2,0,1,final
2026-09-29,bathroomgraffiti,all,graffiti bathroom,1,0,1,final
2026-09-30,bathroomgraffiti,all,graffiti bathroom,1,2,2,final
2026-10-02,bathroomgraffiti,all,graffiti bathroom,1,2,3,final
2026-10-03,bathroomgraffiti,all,graffiti bathroom,1,2,2,final
2026-10-04,bathroomgraffiti,all,graffiti bathroom,1,0,1,fresh
2026-10-05,bathroomgraffiti,all,graffiti bathroom,1,1,1,fresh
2025-06-12,bathroomgraffiti,all,ichendorf milano,9.8,0,37,final
2025-06-13,bathroomgraffiti,all,ichendorf milano,13.1,0,20,final
2025-06-14,bathroomgraffiti,all,ichendorf milano,10.6,0,24,final
2025-06-15,bathroomgraffiti,all,ichendorf milano,9.3,0,33,final
2025-06-16,bathroomgraffiti,all,ichendorf milano,14.3,0,23,final
2025-06-17,bathroomgraffiti,all,ichendorf milano,12.5,0,35,final
2025-06-18,bathroomgraffiti,all,ichendorf milano,14,0,18,final
2025-06-19,bathroomgraffiti,all,ichendorf milano,10.1,0,29,final
2025-06-20,bathroomgraffiti,all,ichendorf milano,8,1,21,final
2025-06-21,bathroomgraffiti,all,ichendorf milano,7.9,0,39,final
2025-06-22,bathroomgraffiti,all,ichendorf milano,9.6,1,28,final
2025-06-23,bathroomgraffiti,all,ichendorf milano,13.2,0,38,final
2025-06-24,bathroomgraffiti,all,ichendorf milano,11.6,1,24,final
2025-06-25,bathroomgraffiti,all,ichendorf milano,8.7,1,32,final
2025-06-26,bathroomgraffiti,all,ichendorf milano,10.7,1,27,final
2025-06-27,bathroomgraffiti,all,ichendorf milano,6.4,0,22,final
2025-06-28,bathroomgraffiti,all,ichendorf milano,6.9,0,35,final
2025-06-29,bathroomgraffiti,all,ichendorf milano,7.7,1,20,final
2025-06-30,bathroomgraffiti,all,ichendorf milano,4.8,2,25,final
2025-07-01,bathroomgraffiti,all,ichendorf milano,6.1,0,26,final
2025-07-02,bathroomgraffiti,all,ichendorf milano,5,0,21,final
2025-07-03,bathroomgraffiti,all,ichendorf milano,5.5,0,17,final
2025-07-04,bathroomgraffiti,all,ichendorf milano,7.5,0,23,final
2025-07-05,bathroomgraffiti,all,ichendorf milano,9.1,0,30,final
2025-07-06,bathroomgraffiti,all,ichendorf milano,7.5,0,39,final
2025-07-07,bathroomgraffiti,all,ichendorf milano,9.2,0,21,final
2025-07-08,bathroomgraffiti,all,ichendorf milano,8.2,0,26,final
2025-07-09,bathroomgraffiti,all,ichendorf milano,9.6,1,19,final
2025-07-10,bathroomgraffiti,all,ichendorf milano,9.3,0,27,final
2025-07-11,bathroomgraffiti,all,ichendorf milano,5.6,0,30,final
2025-07-12,bathroomgraffiti,all,ichendorf milano,5.8,2,34,final
2025-07-13,bathroomgraffiti,all,ichendorf milano,6.8,1,35,final
2025-07-14,bathroomgraffiti,all,ichendorf milano,6.7,1,29,final
2025-07-15,bathroomgraffiti,all,ichendorf milano,5.7,0,28,final
2025-07-16,bathroomgraffiti,all,ichendorf milano,9.1,0,18,final
2025-07-17,bathroomgraffiti,all,ichendorf milano,9.8,0,13,final
2025-07-18,bathroomgraffiti,all,ichendorf milano,8.9,1,24,final
2025-07-19,bathroomgraffiti,all,ichendorf milano,6.3,0,27,final
2025-07-20,bathroomgraffiti,all,ichendorf milano,8.5,0,26,final
2025-07-21,bathroomgraffiti,all,ichendorf milano,6.9,1,22,final
2025-07-22,bathroomgraffiti,all,ichendorf milano,9.4,0,24,final
2025-07-23,bathroomgraffiti,all,ichendorf milano,6.4,0,28,final
2025-07-24,bathroomgraffiti,all,ichendorf milano,11.2,0,24,final
2025-07-25,bathroomgraffiti,all,ichendorf milano,6.5,0,25,final
2025-07-26,bathroomgraffiti,all,ichendorf milano,9.6,1,32,final
2025-07-27,bathroomgraffiti,all,ichendorf milano,16.1,0,20,final
2025-07-28,bathroomgraffiti,all,ichendorf milano,7.6,0,23,final
2025-07-29,bathroomgraffiti,all,ichendorf milano,10.8,1,19,final
2025-07-30,bathroomgraffiti,all,ichendorf milano,17.3,0,22,final
2025-07-31,bathroomgraffiti,all,ichendorf milano,7.3,1,29,final
2025-08-01,bathroomgraffiti,all,ichendorf milano,9.5,0,20,final
2025-08-02,bathroomgraffiti,all,ichendorf milano,12.2,0,27,final
2025-08-03,bathroomgraffiti,all,ichendorf milano,7.3,0,23,final
2025-08-04,bathroomgraffiti,all,ichendorf milano,18.2,0,32,final
2025-08-05,bathroomgraffiti,all,ichendorf milano,10.2,0,31,final
2025-08-06,bathroomgraffiti,all,ichendorf milano,18.7,0,29,final
2025-08-07,bathroomgraffiti,all,ichendorf milano,14.7,0,30,final
2025-08-08,bathroomgraffiti,all,ichendorf milano,10.8,0,42,final
2025-08-09,bathroomgraffiti,all,ichendorf milano,8.8,0,28,final
2025-08-10,bathroomgraffiti,all,ichendorf milano,10.4,1,32,final
2025-08-11,bathroomgraffiti,all,ichendorf milano,11.1,0,18,final
2025-08-12,bathroomgraffiti,all,ichendorf milano,11.6,2,35,final
2025-08-13,bathroomgraffiti,all,ichendorf milano,13.7,1,21,final
2025-08-14,bathroomgraffiti,all,ichendorf milano,12.8,0,22,final
2025-08-15,bathroomgraffiti,all,ichendorf milano,8.7,0,18,final
2025-08-16,bathroomgraffiti,all,ichendorf milano,11.5,1,25,final
2025-08-17,bathroomgraffiti,all,ichendorf milano,13,0,28,final
2025-08-18,bathroomgraffiti,all,ichendorf milano,13.8,0,23,final
2025-08-19,bathroomgraffiti,all,ichendorf milano,7.9,0,16,final
2025-08-20,bathroomgraffiti,all,ichendorf milano,11.6,1,32,final
2025-08-21,bathroomgraffiti,all,ichendorf milano,9,0,21,final
2025-08-22,bathroomgraffiti,all,ichendorf milano,10.2,2,39,final
2025-08-23,bathroomgraffiti,all,ichendorf milano,8.0,0,34,final
2025-08-24,bathroomgraffiti,all,ichendorf milano,10.8,1,29,final
2025-08-25,bathroomgraffiti,all,ichendorf milano,8.5,1,27,final
2025-08-26,bathroomgraffiti,all,ichendorf milano,7.7,0,18,final
2025-08-27,bathroomgraffiti,all,ichendorf milano,6.2,1,25,final
2025-08-28,bathroomgraffiti,all,ichendorf milano,10.6,1,33,final
2025-08-29,bathroomgraffiti,all,ichendorf milano,8.8,1,29,final
2025-08-30,bathroomgraffiti,all,ichendorf milano,10.8,0,37,final
2025-08-31,bathroomgraffiti,all,ichendorf milano,7.2,0,31,final
2025-09-01,bathroomgraffiti,all,ichendorf milano,7.6,0,21,final
2025-09-02,bathroomgraffiti,all,ichendorf milano,7.8,0,31,final
2025-09-03,bathroomgraffiti,all,ichendorf milano,8.7,1,31,final
2025-09-04,bathroomgraffiti,all,ichendorf milano,8.8,0,33,final
2025-09-05,bathroomgraffiti,all,ichendorf milano,9.1,0,27,final
2025-09-06,bathroomgraffiti,all,ichendorf milano,10.1,0,33,final
2025-09-07,bathroomgraffiti,all,ichendorf milano,9.1,1,35,final
2025-09-08,bathroomgraffiti,all,ichendorf milano,7.6,0,29,final
2025-09-09,bathroomgraffiti,all,ichendorf milano,10.5,0,24,final
2025-09-10,bathroomgraffiti,all,ichendorf milano,7.0,0,30,final
2025-09-11,bathroomgraffiti,all,ichendorf milano,7.3,0,26,final
2025-09-12,bathroomgraffiti,all,ichendorf milano,4.6,0,19,final
2025-09-13,bathroomgraffiti,all,ichendorf milano,4.7,0,26,final
2025-09-14,bathroomgraffiti,all,ichendorf milano,5.4,0,30,final
2025-09-15,bathroomgraffiti,all,ichendorf milano,8.9,0,21,final
2025-09-16,bathroomgraffiti,all,ichendorf milano,7.0,0,25,final
2025-09-17,bathroomgraffiti,all,ichendorf milano,4.4,0,23,final
2025-09-18,bathroomgraffiti,all,ichendorf milano,3.9,0,18,final
2025-09-19,bathroomgraffiti,all,ichendorf milano,5.6,2,26,final
2025-09-20,bathroomgraffiti,all,ichendorf milano,6.7,0,25,final
2025-09-21,bathroomgraffiti,all,ichendorf milano,6.5,0,20,final
2025-09-22,bathroomgraffiti,all,ichendorf milano,5.7,1,26,final
2025-09-23,bathroomgraffiti,all,ichendorf milano,7,0,18,final
2025-09-24,bathroomgraffiti,all,ichendorf milano,7.2,1,24,final
2025-09-25,bathroomgraffiti,all,ichendorf milano,6.6,0,21,final
2025-09-26,bathroomgraffiti,all,ichendorf milano,4.9,0,21,final
2025-09-27,bathroomgraffiti,all,ichendorf milano,4.9,0,28,final
2025-09-28,bathroomgraffiti,all,ichendorf milano,7.3,0,21,final
2025-09-29,bathroomgraffiti,all,ichendorf milano,10.1,0,19,final
2025-09-30,bathroomgraffiti,all,ichendorf milano,7.3,0,13,final
2025-10-01,bathroomgraffiti,all,ichendorf milano,4,0,13,final
2025-10-02,bathroomgraffiti,all,ichendorf milano,4.5,0,18,final
2025-10-03,bathroomgraffiti,all,ichendorf milano,6.0,1,29,final
2025-10-04,bathroomgraffiti,all,ichendorf milano,4.3,0,23,final
2025-10-05,bathroomgraffiti,all,ichendorf milano,4.3,0,10,final
2025-10-06,bathroomgraffiti,all,ichendorf milano,8.3,0,23,final
2025-10-07,bathroomgraffiti,all,ichendorf milano,13.1,0,26,final
2025-10-08,bathroomgraffiti,all,ichendorf milano,4.2,0,14,final
2025-10-09,bathroomgraffiti,all,ichendorf milano,5.2,0,13,final
2025-10-10,bathroomgraffiti,all,ichendorf milano,4.8,0,16,final
2025-10-11,bathroomgraffiti,all,ichendorf milano,4.1,0,24,final
2025-10-12,bathroomgraffiti,all,ichendorf milano,5.0,1,23,final
2025-10-13,bathroomgraffiti,all,ichendorf milano,6.7,0,18,final
2025-10-14,bathroomgraffiti,all,ichendorf milano,5.4,0,18,final
2025-10-15,bathroomgraffiti,all,ichendorf milano,4.8,3,18,final
2025-10-16,bathroomgraffiti,all,ichendorf milano,7.5,0,19,final
2025-10-17,bathroomgraffiti,all,ichendorf milano,8.2,0,26,final
2025-10-18,bathroomgraffiti,all,ichendorf milano,16.6,0,24,final
2025-10-19,bathroomgraffiti,all,ichendorf milano,8.1,0,28,final
2025-10-20,bathroomgraffiti,all,ichendorf milano,11.3,0,14,final
2025-10-21,bathroomgraffiti,all,ichendorf milano,11.7,0,25,final
2025-10-22,bathroomgraffiti,all,ichendorf milano,10,0,16,final
2025-10-23,bathroomgraffiti,all,ichendorf milano,10.1,0,20,final
2025-10-24,bathroomgraffiti,all,ichendorf milano,9.9,0,16,final
2025-10-25,bathroomgraffiti,all,ichendorf milano,11.2,1,25,final
2025-10-26,bathroomgraffiti,all,ichendorf milano,12.7,0,22,final
2025-10-27,bathroomgraffiti,all,ichendorf milano,13.2,0,25,final
2025-10-28,bathroomgraffiti,all,ichendorf milano,7,1,32,final
2025-10-29,bathroomgraffiti,all,ichendorf milano,6.7,0,21,final
2025-10-30,bathroomgraffiti,all,ichendorf milano,10.9,0,30,final
2025-10-31,bathroomgraffiti,all,ichendorf milano,8.8,1,28,final
2025-11-01,bathroomgraffiti,all,ichendorf milano,10.5,0,27,final
2025-11-02,bathroomgraffiti,all,ichendorf milano,9.7,0,40,final
2025-11-03,bathroomgraffiti,all,ichendorf milano,9.4,0,25,final
2025-11-04,bathroomgraffiti,all,ichendorf milano,8,0,25,final
2025-11-05,bathroomgraffiti,all,ichendorf milano,8.2,0,18,final
2025-11-06,bathroomgraffiti,all,ichendorf milano,8.0,0,22,final
2025-11-07,bathroomgraffiti,all,ichendorf milano,7.6,0,25,final
2025-11-08,bathroomgraffiti,all,ichendorf milano,8.5,0,50,final
2025-11-09,bathroomgraffiti,all,ichendorf milano,7.4,1,41,final
2025-11-10,bathroomgraffiti,all,ichendorf milano,7.7,0,33,final
2025-11-11,bathroomgraffiti,all,ichendorf milano,5.3,2,44,final
2025-11-12,bathroomgraffiti,all,ichendorf milano,7.6,1,15,final
2025-11-13,bathroomgraffiti,all,ichendorf milano,5.0,0,20,final
2025-11-14,bathroomgraffiti,all,ichendorf milano,5.8,1,37,final
2025-11-15,bathroomgraffiti,all,ichendorf milano,6.4,2,34,final
2025-11-16,bathroomgraffiti,all,ichendorf milano,7.4,1,46,final
2025-11-17,bathroomgraffiti,all,ichendorf milano,6.6,1,37,final
2025-11-18,bathroomgraffiti,all,ichendorf milano,4.5,1,35,final
2025-11-19,bathroomgraffiti,all,ichendorf milano,6.1,1,36,final
2025-11-20,bathroomgraffiti,all,ichendorf milano,6.4,0,28,final
2025-11-21,bathroomgraffiti,all,ichendorf milano,8.2,1,32,final
2025-11-22,bathroomgraffiti,all,ichendorf milano,5.8,2,43,final
2025-11-23,bathroomgraffiti,all,ichendorf milano,6.8,0,38,final
2025-11-24,bathroomgraffiti,all,ichendorf milano,5.8,3,46,final
2025-11-25,bathroomgraffiti,all,ichendorf milano,4.5,0,31,final
2025-11-26,bathroomgraffiti,all,ichendorf milano,4.8,2,47,final
2025-11-27,bathroomgraffiti,all,ichendorf milano,5.3,1,40,final
2025-11-28,bathroomgraffiti,all,ichendorf milano,4.8,1,45,final
2025-11-29,bathroomgraffiti,all,ichendorf milano,4.9,2,62,final
2025-11-30,bathroomgraffiti,all,ichendorf milano,6.0,2,70,final
2025-12-01,bathroomgraffiti,all,ichendorf milano,5.6,2,42,final
2025-12-02,bathroomgraffiti,all,ichendorf milano,5.6,1,49,final
2025-12-03,bathroomgraffiti,all,ichendorf milano,7.1,1,51,final
2025-12-04,bathroomgraffiti,all,ichendorf milano,5.6,1,56,final
2025-12-05,bathroomgraffiti,all,ichendorf milano,6.0,1,41,final
2025-12-06,bathroomgraffiti,all,ichendorf milano,5.1,3,86,final
2025-12-07,bathroomgraffiti,all,ichendorf milano,5.1,0,84,final
2025-12-08,bathroomgraffiti,all,ichendorf milano,5.9,1,63,final
2025-12-09,bathroomgraffiti,all,ichendorf milano,6.0,5,50,final
2025-12-10,bathroomgraffiti,all,ichendorf milano,4.7,2,29,final
2025-12-11,bathroomgraffiti,all,ichendorf milano,3.9,3,49,final
2025-12-12,bathroomgraffiti,all,ichendorf milano,5.4,2,50,final
2025-12-13,bathroomgraffiti,all,ichendorf milano,6.9,1,65,final
2025-12-14,bathroomgraffiti,all,ichendorf milano,6.8,1,73,final
2025-12-15,bathroomgraffiti,all,ichendorf milano,5.6,3,49,final
2025-12-16,bathroomgraffiti,all,ichendorf milano,4.9,0,58,final
2025-12-17,bathroomgraffiti,all,ichendorf milano,4.6,0,60,final
2025-12-18,bathroomgraffiti,all,ichendorf milano,5.8,0,31,final
2025-12-19,bathroomgraffiti,all,ichendorf milano,8.2,0,46,final
2025-12-20,bathroomgraffiti,all,ichendorf milano,8.3,1,62,final
2025-12-21,bathroomgraffiti,all,ichendorf milano,7.1,1,60,final
2025-12-22,bathroomgraffiti,all,ichendorf milano,8.7,1,43,final
2025-12-23,bathroomgraffiti,all,ichendorf milano,7.8,0,34,final
2025-12-24,bathroomgraffiti,all,ichendorf milano,8.0,1,60,final
2025-12-25,bathroomgraffiti,all,ichendorf milano,4.9,3,123,final
2025-12-26,bathroomgraffiti,all,ichendorf milano,6.3,0,102,final
2025-12-27,bathroomgraffiti,all,ichendorf milano,5.9,3,65,final
2025-12-28,bathroomgraffiti,all,ichendorf milano,7.2,2,60,final
2025-12-29,bathroomgraffiti,all,ichendorf milano,9.7,1,43,final
2025-12-30,bathroomgraffiti,all,ichendorf milano,7.6,2,28,final
2025-12-31,bathroomgraffiti,all,ichendorf milano,8.1,1,27,final
2026-01-01,bathroomgraffiti,all,ichendorf milano,5.8,0,30,final
2026-01-02,bathroomgraffiti,all,ichendorf milano,5.9,3,40,final
2026-01-03,bathroomgraffiti,all,ichendorf milano,7.1,0,18,final
2026-01-04,bathroomgraffiti,all,ichendorf milano,6.5,0,38,final
2026-01-05,bathroomgraffiti,all,ichendorf milano,7.3,0,27,final
2026-01-06,bathroomgraffiti,all,ichendorf milano,6.7,1,29,final
2026-01-07,bathroomgraffiti,all,ichendorf milano,6.8,0,22,final
2026-01-08,bathroomgraffiti,all,ichendorf milano,6.2,0,25,final
2026-01-09,bathroomgraffiti,all,ichendorf milano,9.7,0,17,final
2026-01-10,bathroomgraffiti,all,ichendorf milano,7.4,0,28,final
2026-01-11,bathroomgraffiti,all,ichendorf milano,9.1,0,33,final
2026-01-12,bathroomgraffiti,all,ichendorf milano,10.1,0,16,final
2026-01-13,bathroomgraffiti,all,ichendorf milano,8.7,0,24,final
2026-01-14,bathroomgraffiti,all,ichendorf milano,9.6,0,21,final
2026-01-15,bathroomgraffiti,all,ichendorf milano,6.2,0,28,final
2026-01-16,bathroomgraffiti,all,ichendorf milano,6.3,0,27,final
2026-01-17,bathroomgraffiti,all,ichendorf milano,6.6,0,38,final
2026-01-18,bathroomgraffiti,all,ichendorf milano,6.8,1,30,final
2026-01-19,bathroomgraffiti,all,ichendorf milano,9.4,1,31,final
2026-01-20,bathroomgraffiti,all,ichendorf milano,9.8,1,26,final
2026-01-21,bathroomgraffiti,all,ichendorf milano,6.3,0,22,final
2026-01-22,bathroomgraffiti,all,ichendorf milano,11.2,0,14,final
2026-01-23,bathroomgraffiti,all,ichendorf milano,14.3,0,22,final
2026-01-24,bathroomgraffiti,all,ichendorf milano,8.7,0,27,final
2026-01-25,bathroomgraffiti,all,ichendorf milano,8.0,0,29,final
2026-01-26,bathroomgraffiti,all,ichendorf milano,14.8,1,16,final
2026-01-27,bathroomgraffiti,all,ichendorf milano,13.4,0,20,final
2026-01-28,bathroomgraffiti,all,ichendorf milano,8.5,0,15,final
2026-01-29,bathroomgraffiti,all,ichendorf milano,7.9,0,16,final
2026-01-30,bathroomgraffiti,all,ichendorf milano,11.1,0,14,final
2026-01-31,bathroomgraffiti,all,ichendorf milano,8.4,0,29,final
2026-02-01,bathroomgraffiti,all,ichendorf milano,10.4,0,17,final
2026-02-02,bathroomgraffiti,all,ichendorf milano,9.7,0,25,final
2026-02-03,bathroomgraffiti,all,ichendorf milano,6.7,0,25,final
2026-02-04,bathroomgraffiti,all,ichendorf milano,7.0,1,27,final
2026-02-05,bathroomgraffiti,all,ichendorf milano,9.2,1,14,final
2026-02-06,bathroomgraffiti,all,ichendorf milano,10.2,0,23,final
2026-02-07,bathroomgraffiti,all,ichendorf milano,7.8,0,33,final
2026-02-08,bathroomgraffiti,all,ichendorf milano,9.3,1,28,final
2026-02-09,bathroomgraffiti,all,ichendorf milano,9.2,0,23,final
2026-02-10,bathroomgraffiti,all,ichendorf milano,7,0,14,final
2026-02-11,bathroomgraffiti,all,ichendorf milano,12.3,0,20,final
2026-02-12,bathroomgraffiti,all,ichendorf milano,16.4,1,18,final
2026-02-13,bathroomgraffiti,all,ichendorf milano,9.6,0,22,final
2026-02-14,bathroomgraffiti,all,ichendorf milano,10.3,2,27,final
2026-02-15,bathroomgraffiti,all,ichendorf milano,12.9,1,11,final
2026-02-16,bathroomgraffiti,all,ichendorf milano,9.8,0,13,final
2026-02-17,bathroomgraffiti,all,ichendorf milano,5.5,0,17,final
2026-02-18,bathroomgraffiti,all,ichendorf milano,3.5,0,12,final
2026-02-19,bathroomgraffiti,all,ichendorf milano,5.1,0,18,final
2026-02-20,bathroomgraffiti,all,ichendorf milano,4.9,0,21,final
2026-02-21,bathroomgraffiti,all,ichendorf milano,10.7,0,31,final
2026-02-22,bathroomgraffiti,all,ichendorf milano,10.5,0,31,final
2026-02-23,bathroomgraffiti,all,ichendorf milano,15.8,0,17,final
2026-02-24,bathroomgraffiti,all,ichendorf milano,11.2,0,17,final
2026-02-25,bathroomgraffiti,all,ichendorf milano,10.7,1,24,final
2026-02-26,bathroomgraffiti,all,ichendorf milano,16.7,0,24,final
2026-02-27,bathroomgraffiti,all,ichendorf milano,15.7,0,23,final
2026-02-28,bathroomgraffiti,all,ichendorf milano,7.3,1,24,final
2026-03-01,bathroomgraffiti,all,ichendorf milano,10.8,0,33,final
2026-03-02,bathroomgraffiti,all,ichendorf milano,8.4,0,23,final
2026-03-03,bathroomgraffiti,all,ichendorf milano,11.5,0,20,final
2026-03-04,bathroomgraffiti,all,ichendorf milano,18.1,0,20,final
2026-03-05,bathroomgraffiti,all,ichendorf milano,3.6,0,31,final
2026-03-06,bathroomgraffiti,all,ichendorf milano,6.8,0,27,final
2026-03-07,bathroomgraffiti,all,ichendorf milano,4.2,0,38,final
2026-03-08,bathroomgraffiti,all,ichendorf milano,5.6,0,33,final
2026-03-09,bathroomgraffiti,all,ichendorf milano,4.1,2,16,final
2026-03-10,bathroomgraffiti,all,ichendorf milano,8.4,0,11,final
2026-03-11,bathroomgraffiti,all,ichendorf milano,5.9,0,23,final
2026-03-12,bathroomgraffiti,all,ichendorf milano,6.5,1,19,final
2026-03-13,bathroomgraffiti,all,ichendorf milano,8.4,1,30,final
2026-03-14,bathroomgraffiti,all,ichendorf milano,7.7,0,28,final
2026-03-15,bathroomgraffiti,all,ichendorf milano,11.5,0,21,final
2026-03-16,bathroomgraffiti,all,ichendorf milano,7.7,1,23,final
2026-03-17,bathroomgraffiti,all,ichendorf milano,8.2,0,23,final
2026-03-18,bathroomgraffiti,all,ichendorf milano,11.3,0,14,final
2026-03-19,bathroomgraffiti,all,ichendorf milano,7.7,1,20,final
2026-03-20,bathroomgraffiti,all,ichendorf milano,9.1,0,23,final
2026-03-21,bathroomgraffiti,all,ichendorf milano,8.4,0,27,final
2026-03-22,bathroomgraffiti,all,ichendorf milano,8.4,0,18,final
2026-03-23,bathroomgraffiti,all,ichendorf milano,8.3,0,28,final
2026-03-24,bathroomgraffiti,all,ichendorf milano,5.3,0,21,final
2026-03-25,bathroomgraffiti,all,ichendorf milano,5.1,1,16,final
2026-03-26,bathroomgraffiti,all,ichendorf milano,7.4,0,25,final
2026-03-27,bathroomgraffiti,all,ichendorf milano,6.1,0,11,final
2026-03-28,bathroomgraffiti,all,ichendorf milano,5.4,0,17,final
2026-03-29,bathroomgraffiti,all,ichendorf milano,6.7,0,25,final
2026-03-30,bathroomgraffiti,all,ichendorf milano,7.5,0,25,final
2026-03-31,bathroomgraffiti,all,ichendorf milano,5.8,0,18,final
2026-04-01,bathroomgraffiti,all,ichendorf milano,7.4,0,14,final
2026-04-02,bathroomgraffiti,all,ichendorf milano,4.9,0,15,final
2026-04-03,bathroomgraffiti,all,ichendorf milano,5.5,0,23,final
2026-04-04,bathroomgraffiti,all,ichendorf milano,5.3,0,15,final
2026-04-05,bathroomgraffiti,all,ichendorf milano,6.5,0,30,final
2026-04-06,bathroomgraffiti,all,ichendorf milano,6.7,0,18,final
2026-04-07,bathroomgraffiti,all,ichendorf milano,8.2,0,11,final
2026-04-08,bathroomgraffiti,all,ichendorf milano,4.3,0,18,final
2026-04-09,bathroomgraffiti,all,ichendorf milano,5.3,0,22,final
2026-04-10,bathroomgraffiti,all,ichendorf milano,9.9,1,18,final
2026-04-11,bathroomgraffiti,all,ichendorf milano,6.0,1,37,final
2026-04-12,bathroomgraffiti,all,ichendorf milano,9.3,1,35,final
2026-04-13,bathroomgraffiti,all,ichendorf milano,7.0,0,22,final
2026-04-14,bathroomgraffiti,all,ichendorf milano,7.9,0,28,final
2026-04-15,bathroomgraffiti,all,ichendorf milano,6.8,1,21,final
2026-04-16,bathroomgraffiti,all,ichendorf milano,8.6,0,11,final
2026-04-17,bathroomgraffiti,all,ichendorf milano,6.0,2,30,final
2026-04-18,bathroomgraffiti,all,ichendorf milano,13.9,0,27,final
2026-04-19,bathroomgraffiti,all,ichendorf milano,6.3,1,28,final
2026-04-20,bathroomgraffiti,all,ichendorf milano,8.3,0,27,final
2026-04-21,bathroomgraffiti,all,ichendorf milano,9.4,2,24,final
2026-04-22,bathroomgraffiti,all,ichendorf milano,13.5,0,33,final
2026-04-23,bathroomgraffiti,all,ichendorf milano,9.6,0,19,final
2026-04-24,bathroomgraffiti,all,ichendorf milano,12.6,0,15,final
2026-04-25,bathroomgraffiti,all,ichendorf milano,14.7,0,15,final
2026-04-26,bathroomgraffiti,all,ichendorf milano,10.4,0,26,final
2026-04-27,bathroomgraffiti,all,ichendorf milano,9.2,0,24,final
2026-04-28,bathroomgraffiti,all,ichendorf milano,5.6,0,16,final
2026-04-29,bathroomgraffiti,all,ichendorf milano,11.7,0,19,final
2026-04-30,bathroomgraffiti,all,ichendorf milano,9.9,0,21,final
2026-05-01,bathroomgraffiti,all,ichendorf milano,9.6,0,24,final
2026-05-02,bathroomgraffiti,all,ichendorf milano,4.5,0,20,final
2026-05-03,bathroomgraffiti,all,ichendorf milano,6.8,1,35,final
2026-05-04,bathroomgraffiti,all,ichendorf milano,8.4,0,17,final
2026-05-05,bathroomgraffiti,all,ichendorf milano,9.5,0,22,final
2026-05-06,bathroomgraffiti,all,ichendorf milano,13.7,0,18,final
2026-05-07,bathroomgraffiti,all,ichendorf milano,6.2,0,25,final
2026-05-08,bathroomgraffiti,all,ichendorf milano,9.8,0,21,final
2026-05-09,bathroomgraffiti,all,ichendorf milano,7.5,0,28,final
2026-05-10,bathroomgraffiti,all,ichendorf milano,9.2,2,30,final
2026-05-11,bathroomgraffiti,all,ichendorf milano,14.2,0,17,final
2026-05-12,bathroomgraffiti,all,ichendorf milano,7.5,1,18,final
2026-05-13,bathroomgraffiti,all,ichendorf milano,9.5,1,28,final
2026-05-14,bathroomgraffiti,all,ichendorf milano,6.4,0,22,final
2026-05-15,bathroomgraffiti,all,ichendorf milano,8.5,0,21,final
2026-05-16,bathroomgraffiti,all,ichendorf milano,7.7,0,26,final
2026-05-17,bathroomgraffiti,all,ichendorf milano,10.8,0,26,final
2026-05-18,bathroomgraffiti,all,ichendorf milano,10.3,0,26,final
2026-05-19,bathroomgraffiti,all,ichendorf milano,8.5,1,16,final
2026-05-20,bathroomgraffiti,all,ichendorf milano,9.5,0,24,final
2026-05-21,bathroomgraffiti,all,ichendorf milano,11.2,0,20,final
2026-05-22,bathroomgraffiti,all,ichendorf milano,11.1,0,19,final
2026-05-23,bathroomgraffiti,all,ichendorf milano,11.4,0,21,final
2026-05-24,bathroomgraffiti,all,ichendorf milano,9.2,0,17,final
2026-05-25,bathroomgraffiti,all,ichendorf milano,9.5,0,31,final
2026-05-26,bathroomgraffiti,all,ichendorf milano,10.7,0,21,final
2026-05-27,bathroomgraffiti,all,ichendorf milano,8.9,0,24,final
2026-05-28,bathroomgraffiti,all,ichendorf milano,11.9,1,16,final
2026-05-29,bathroomgraffiti,all,ichendorf milano,8.3,0,19,final
2026-05-30,bathroomgraffiti,all,ichendorf milano,7.8,0,20,final
2026-05-31,bathroomgraffiti,all,ichendorf milano,7.8,0,32,final
2026-06-01,bathroomgraffiti,all,ichendorf milano,8.8,0,32,final
2026-06-02,bathroomgraffiti,all,ichendorf milano,10.2,0,21,final
2026-06-03,bathroomgraffiti,all,ichendorf milano,12.3,0,17,final
2026-06-04,bathroomgraffiti,all,ichendorf milano,11,0,11,final
2026-06-05,bathroomgraffiti,all,ichendorf milano,12,0,20,final
2026-06-06,bathroomgraffiti,all,ichendorf milano,9.4,0,24,final
2026-06-07,bathroomgraffiti,all,ichendorf milano,7.4,0,32,final
2026-06-08,bathroomgraffiti,all,ichendorf milano,7.2,1,20,final
2026-06-09,bathroomgraffiti,all,ichendorf milano,9.7,0,20,final
2026-06-10,bathroomgraffiti,all,ichendorf milano,5.7,1,22,final
2026-06-11,bathroomgraffiti,all,ichendorf milano,9.1,0,23,final
2026-06-12,bathroomgraffiti,all,ichendorf milano,8.1,0,21,final
2026-06-13,bathroomgraffiti,all,ichendorf milano,6.8,0,21,final
2026-06-14,bathroomgraffiti,all,ichendorf milano,7.7,1,26,final
2026-06-15,bathroomgraffiti,all,ichendorf milano,11.5,0,18,final
2026-06-16,bathroomgraffiti,all,ichendorf milano,7,0,30,final
2026-06-17,bathroomgraffiti,all,ichendorf milano,11.7,0,10,final
2026-06-18,bathroomgraffiti,all,ichendorf milano,9.3,0,15,final
2026-06-19,bathroomgraffiti,all,ichendorf milano,5.2,0,19,final
2026-06-20,bathroomgraffiti,all,ichendorf milano,3.3,0,14,final
2026-06-21,bathroomgraffiti,all,ichendorf milano,5.9,0,27,final
2026-06-22,bathroomgraffiti,all,ichendorf milano,12,0,21,final
2026-06-23,bathroomgraffiti,all,ichendorf milano,9.4,1,25,final
2026-06-24,bathroomgraffiti,all,ichendorf milano,7.7,0,18,final
2026-06-25,bathroomgraffiti,all,ichendorf milano,7.7,0,22,final
2026-06-26,bathroomgraffiti,all,ichendorf milano,10.5,0,21,final
2026-06-27,bathroomgraffiti,all,ichendorf milano,8.1,0,19,final
2026-06-28,bathroomgraffiti,all,ichendorf milano,7.3,0,20,final
2026-06-29,bathroomgraffiti,all,ichendorf milano,6.9,0,21,final
2026-06-30,bathroomgraffiti,all,ichendorf milano,8.4,0,28,final
2026-07-01,bathroomgraffiti,all,ichendorf milano,5.7,0,36,final
2026-07-02,bathroomgraffiti,all,ichendorf milano,9.3,0,20,final
2026-07-03,bathroomgraffiti,all,ichendorf milano,10.4,0,25,final
2026-07-04,bathroomgraffiti,all,ichendorf milano,7.7,0,18,final
2026-07-05,bathroomgraffiti,all,ichendorf milano,6,0,18,final
2026-07-06,bathroomgraffiti,all,ichendorf milano,7.4,0,20,final
2026-07-07,bathroomgraffiti,all,ichendorf milano,8.5,0,13,final
2026-07-08,bathroomgraffiti,all,ichendorf milano,10.8,0,17,final
2026-07-09,bathroomgraffiti,all,ichendorf milano,11.1,0,20,final
2026-07-10,bathroomgraffiti,all,ichendorf milano,6.1,1,26,final
2026-07-11,bathroomgraffiti,all,ichendorf milano,5.2,0,36,final
2026-07-12,bathroomgraffiti,all,ichendorf milano,6.5,0,13,final
2026-07-13,bathroomgraffiti,all,ichendorf milano,5.7,0,24,final
2026-07-14,bathroomgraffiti,all,ichendorf milano,8.5,0,13,final
2026-07-15,bathroomgraffiti,all,ichendorf milano,8.1,0,19,final
2026-07-16,bathroomgraffiti,all,ichendorf milano,7.1,1,15,final
2026-07-17,bathroomgraffiti,all,ichendorf milano,6.9,0,18,final
2026-07-18,bathroomgraffiti,all,ichendorf milano,5.8,0,21,final
2026-07-19,bathroomgraffiti,all,ichendorf milano,6.0,0,21,final
2026-07-20,bathroomgraffiti,all,ichendorf milano,9.4,0,18,final
2026-07-21,bathroomgraffiti,all,ichendorf milano,8,0,14,final
2026-07-22,bathroomgraffiti,all,ichendorf milano,6,0,27,final
2026-07-23,bathroomgraffiti,all,ichendorf milano,5.8,0,24,final
2026-07-24,bathroomgraffiti,all,ichendorf milano,5.1,0,28,final
2026-07-25,bathroomgraffiti,all,ichendorf milano,8.4,0,17,final
2026-07-26,bathroomgraffiti,all,ichendorf milano,5.1,0,32,final
2026-07-27,bathroomgraffiti,all,ichendorf milano,4.4,0,24,final
2026-07-28,bathroomgraffiti,all,ichendorf milano,5.2,0,25,final
2026-07-29,bathroomgraffiti,all,ichendorf milano,6.7,1,23,final
2026-07-30,bathroomgraffiti,all,ichendorf milano,5.7,0,20,final
2026-07-31,bathroomgraffiti,all,ichendorf milano,4.3,1,18,final
2026-08-01,bathroomgraffiti,all,ichendorf milano,2.9,2,27,final
2026-08-02,bathroomgraffiti,all,ichendorf milano,6.6,0,21,final
2026-08-03,bathroomgraffiti,all,ichendorf milano,9.0,0,30,final
2026-08-04,bathroomgraffiti,all,ichendorf milano,6.4,0,25,final
2026-08-05,bathroomgraffiti,all,ichendorf milano,5.9,2,18,final
2026-08-06,bathroomgraffiti,all,ichendorf milano,6,0,30,final
2026-08-07,bathroomgraffiti,all,ichendorf milano,6.5,0,23,final
2026-08-08,bathroomgraffiti,all,ichendorf milano,4.7,0,29,final
2026-08-09,bathroomgraffiti,all,ichendorf milano,5,2,35,final
2026-08-10,bathroomgraffiti,all,ichendorf milano,5.6,1,22,final
2026-08-11,bathroomgraffiti,all,ichendorf milano,4.2,1,31,final
2026-08-12,bathroomgraffiti,all,ichendorf milano,5.4,1,27,final
2026-08-13,bathroomgraffiti,all,ichendorf milano,5.1,0,23,final
2026-08-14,bathroomgraffiti,all,ichendorf milano,5.5,0,20,final
2026-08-15,bathroomgraffiti,all,ichendorf milano,5.9,0,21,final
2026-08-16,bathroomgraffiti,all,ichendorf milano,4.8,0,20,final
2026-08-17,bathroomgraffiti,all,ichendorf milano,5.6,0,23,final
2026-08-18,bathroomgraffiti,all,ichendorf milano,5.2,0,28,final
2026-08-19,bathroomgraffiti,all,ichendorf milano,4.3,0,16,final
2026-08-20,bathroomgraffiti,all,ichendorf milano,5.3,1,29,final
2026-08-21,bathroomgraffiti,all,ichendorf milano,6.9,0,15,final
2026-08-22,bathroomgraffiti,all,ichendorf milano,7.0,0,24,final
2026-08-23,bathroomgraffiti,all,ichendorf milano,5.5,1,20,final
2026-08-24,bathroomgraffiti,all,ichendorf milano,5.6,0,18,final
2026-08-25,bathroomgraffiti,all,ichendorf milano,5.6,1,17,final
2026-08-26,bathroomgraffiti,all,ichendorf milano,5,2,19,final
2026-08-27,bathroomgraffiti,all,ichendorf milano,5.9,0,16,final
2026-08-28,bathroomgraffiti,all,ichendorf milano,6.1,0,18,final
2026-08-29,bathroomgraffiti,all,ichendorf milano,6.2,0,24,final
2026-08-30,bathroomgraffiti,all,ichendorf milano,6.8,2,22,final
2026-08-31,bathroomgraffiti,all,ichendorf milano,6.8,0,18,final
2026-09-01,bathroomgraffiti,all,ichendorf milano,7.2,0,18,final
2026-09-02,bathroomgraffiti,all,ichendorf milano,6.5,0,20,final
2026-09-03,bathroomgraffiti,all,ichendorf milano,5.9,0,24,final
2026-09-04,bathroomgraffiti,all,ichendorf milano,5.7,0,25,final
2026-09-05,bathroomgraffiti,all,ichendorf milano,6.8,0,25,final
2026-09-06,bathroomgraffiti,all,ichendorf milano,6.4,0,27,final
2026-09-07,bathroomgraffiti,all,ichendorf milano,6.4,0,21,final
2026-09-08,bathroomgraffiti,all,ichendorf milano,5.7,1,30,final
2026-09-09,bathroomgraffiti,all,ichendorf milano,7.6,1,19,final
2026-09-10,bathroomgraffiti,all,ichendorf milano,6.3,0,20,final
2026-09-11,bathroomgraffiti,all,ichendorf milano,5.3,0,36,final
2026-09-12,bathroomgraffiti,all,ichendorf milano,5.4,0,27,final
2026-09-13,bathroomgraffiti,all,ichendorf milano,5.1,1,48,final
2026-09-14,bathroomgraffiti,all,ichendorf milano,7.8,0,24,final
2026-09-15,bathroomgraffiti,all,ichendorf milano,7.7,0,13,final
2026-09-16,bathroomgraffiti,all,ichendorf milano,6.3,0,28,final
2026-09-17,bathroomgraffiti,all,ichendorf milano,4.7,0,19,final
2026-09-18,bathroomgraffiti,all,ichendorf milano,10.1,0,17,final
2026-09-19,bathroomgraffiti,all,ichendorf milano,7.1,1,21,final
2026-09-20,bathroomgraffiti,all,ichendorf milano,4.8,0,27,final
2026-09-21,bathroomgraffiti,all,ichendorf milano,4.9,0,25,final
2026-09-22,bathroomgraffiti,all,ichendorf milano,6.5,0,21,final
2026-09-23,bathroomgraffiti,all,ichendorf milano,4.5,0,17,final
2026-09-24,bathroomgraffiti,all,ichendorf milano,5.1,0,21,final
2026-09-25,bathroomgraffiti,all,ichendorf milano,5.7,0,18,final
2026-09-26,bathroomgraffiti,all,ichendorf milano,5.8,0,19,final
2026-09-27,bathroomgraffiti,all,ichendorf milano,8.2,0,16,final
2026-09-28,bathroomgraffiti,all,ichendorf milano,5.2,0,25,final
2026-09-29,bathroomgraffiti,all,ichendorf milano,4,1,11,final
2026-09-30,bathroomgraffiti,all,ichendorf milano,4.5,0,20,final
2026-10-01,bathroomgraffiti,all,ichendorf milano,5,1,25,final
2026-10-02,bathroomgraffiti,all,ichendorf milano,6.7,0,22,final
2026-10-03,bathroomgraffiti,all,ichendorf milano,4.3,0,21,final
2026-10-04,bathroomgraffiti,all,ichendorf milano,5.1,0,24,fresh
2026-10-05,bathroomgraffiti,all,ichendorf milano,7.4,0,13,fresh
2025-06-12,bathroomgraffiti,all,livre deco,4.1,0,10,final
2025-06-13,bathroomgraffiti,all,livre deco,4.4,0,13,final
2025-06-14,bathroomgraffiti,all,livre deco,3.2,1,20,final
2025-06-15,bathroomgraffiti,all,livre deco,4.0,1,21,final
2025-06-16,bathroomgraffiti,all,livre deco,4.6,0,21,final
2025-06-17,bathroomgraffiti,all,livre deco,5.2,0,24,final
2025-06-18,bathroomgraffiti,all,livre deco,6.6,1,14,final
2025-06-19,bathroomgraffiti,all,livre deco,3.6,0,25,final
2025-06-20,bathroomgraffiti,all,livre deco,7.2,1,17,final
2025-06-21,bathroomgraffiti,all,livre deco,7.8,0,15,final
2025-06-22,bathroomgraffiti,all,livre deco,7.8,0,16,final
2025-06-23,bathroomgraffiti,all,livre deco,7,0,11,final
2025-06-24,bathroomgraffiti,all,livre deco,5.8,1,14,final
2025-06-25,bathroomgraffiti,all,livre deco,9.2,0,21,final
2025-06-26,bathroomgraffiti,all,livre deco,8,0,21,final
2025-06-27,bathroomgraffiti,all,livre deco,7.5,0,24,final
2025-06-28,bathroomgraffiti,all,livre deco,7.4,0,19,final
2025-06-29,bathroomgraffiti,all,livre deco,4.9,0,23,final
2025-06-30,bathroomgraffiti,all,livre deco,4.1,0,21,final
2025-07-01,bathroomgraffiti,all,livre deco,2.8,0,12,final
2025-07-02,bathroomgraffiti,all,livre deco,2.1,1,17,final
2025-07-03,bathroomgraffiti,all,livre deco,4.2,0,15,final
2025-07-04,bathroomgraffiti,all,livre deco,5.1,0,19,final
2025-07-05,bathroomgraffiti,all,livre deco,3.1,1,11,final
2025-07-06,bathroomgraffiti,all,livre deco,3.5,1,35,final
2025-07-07,bathroomgraffiti,all,livre deco,3.1,3,33,final
2025-07-08,bathroomgraffiti,all,livre deco,3.6,1,32,final
2025-07-09,bathroomgraffiti,all,livre deco,4.5,0,25,final
2025-07-10,bathroomgraffiti,all,livre deco,2.4,0,21,final
2025-07-11,bathroomgraffiti,all,livre deco,3.3,0,29,final
2025-07-12,bathroomgraffiti,all,livre deco,4.7,1,16,final
2025-07-13,bathroomgraffiti,all,livre deco,2.4,0,26,final
2025-07-14,bathroomgraffiti,all,livre deco,4.9,0,17,final
2025-07-15,bathroomgraffiti,all,livre deco,3.5,0,22,final
2025-07-16,bathroomgraffiti,all,livre deco,5.2,0,24,final
2025-07-17,bathroomgraffiti,all,livre deco,4.4,0,29,final
2025-07-18,bathroomgraffiti,all,livre deco,4.2,0,15,final
2025-07-19,bathroomgraffiti,all,livre deco,3.0,0,27,final
2025-07-20,bathroomgraffiti,all,livre deco,3.5,0,32,final
2025-07-21,bathroomgraffiti,all,livre deco,3.4,0,33,final
2025-07-22,bathroomgraffiti,all,livre deco,3.9,0,32,final
2025-07-23,bathroomgraffiti,all,livre deco,3.9,0,34,final
2025-07-24,bathroomgraffiti,all,livre deco,3.3,0,30,final
2025-07-25,bathroomgraffiti,all,livre deco,4.1,0,18,final
2025-07-26,bathroomgraffiti,all,livre deco,3.2,1,27,final
2025-07-27,bathroomgraffiti,all,livre deco,3.8,2,33,final
2025-07-28,bathroomgraffiti,all,livre deco,3.9,1,35,final
2025-07-29,bathroomgraffiti,all,livre deco,5.4,0,35,final
2025-07-30,bathroomgraffiti,all,livre deco,3.8,0,35,final
2025-07-31,bathroomgraffiti,all,livre deco,4.1,0,28,final
2025-08-01,bathroomgraffiti,all,livre deco,5.8,0,18,final
2025-08-02,bathroomgraffiti,all,livre deco,5.8,0,18,final
2025-08-03,bathroomgraffiti,all,livre deco,4.6,1,24,final
2025-08-04,bathroomgraffiti,all,livre deco,4.7,1,30,final
2025-08-05,bathroomgraffiti,all,livre deco,4,1,35,final
2025-08-06,bathroomgraffiti,all,livre deco,4.2,0,17,final
2025-08-07,bathroomgraffiti,all,livre deco,3.8,0,24,final
2025-08-08,bathroomgraffiti,all,livre deco,4.3,0,18,final
2025-08-09,bathroomgraffiti,all,livre deco,4.1,0,28,final
2025-08-10,bathroomgraffiti,all,livre deco,3.1,0,20,final
2025-08-11,bathroomgraffiti,all,livre deco,3.9,0,31,final
2025-08-12,bathroomgraffiti,all,livre deco,4.7,0,16,final
2025-08-13,bathroomgraffiti,all,livre deco,5.8,1,31,final
2025-08-14,bathroomgraffiti,all,livre deco,6.4,0,27,final
2025-08-15,bathroomgraffiti,all,livre deco,6.6,1,22,final
2025-08-16,bathroomgraffiti,all,livre deco,6.2,0,25,final
2025-08-17,bathroomgraffiti,all,livre deco,4.7,0,42,final
2025-08-18,bathroomgraffiti,all,livre deco,6,0,31,final
2025-08-19,bathroomgraffiti,all,livre deco,5.9,0,16,final
2025-08-20,bathroomgraffiti,all,livre deco,5.4,1,25,final
2025-08-21,bathroomgraffiti,all,livre deco,6.2,0,30,final
2025-08-22,bathroomgraffiti,all,livre deco,6.3,0,18,final
2025-08-23,bathroomgraffiti,all,livre deco,5.4,0,43,final
2025-08-24,bathroomgraffiti,all,livre deco,6.4,0,35,final
2025-08-25,bathroomgraffiti,all,livre deco,5.9,2,35,final
2025-08-26,bathroomgraffiti,all,livre deco,7.0,0,38,final
2025-08-27,bathroomgraffiti,all,livre deco,7.3,0,21,final
2025-08-28,bathroomgraffiti,all,livre deco,6.6,0,35,final
2025-08-29,bathroomgraffiti,all,livre deco,4.3,1,32,final
2025-08-30,bathroomgraffiti,all,livre deco,4.7,0,47,final
2025-08-31,bathroomgraffiti,all,livre deco,5.7,1,29,final
2025-09-01,bathroomgraffiti,all,livre deco,5.4,1,32,final
2025-09-02,bathroomgraffiti,all,livre deco,5.2,0,20,final
2025-09-03,bathroomgraffiti,all,livre deco,6.2,1,28,final
2025-09-04,bathroomgraffiti,all,livre deco,5,2,23,final
2025-09-05,bathroomgraffiti,all,livre deco,4.4,1,20,final
2025-09-06,bathroomgraffiti,all,livre deco,5.6,1,24,final
2025-09-07,bathroomgraffiti,all,livre deco,4.7,0,36,final
2025-09-08,bathroomgraffiti,all,livre deco,3.9,1,30,final
2025-09-09,bathroomgraffiti,all,livre deco,2.9,0,36,final
2025-09-10,bathroomgraffiti,all,livre deco,3.6,0,31,final
2025-09-11,bathroomgraffiti,all,livre deco,3.5,1,33,final
2025-09-12,bathroomgraffiti,all,livre deco,5.8,0,39,final
2025-09-13,bathroomgraffiti,all,livre deco,7.8,1,34,final
2025-09-14,bathroomgraffiti,all,livre deco,7.7,1,35,final
2025-09-15,bathroomgraffiti,all,livre deco,6.4,1,25,final
2025-09-16,bathroomgraffiti,all,livre deco,6.8,0,19,final
2025-09-17,bathroomgraffiti,all,livre deco,3.8,0,17,final
2025-09-18,bathroomgraffiti,all,livre deco,3.2,0,23,final
2025-09-19,bathroomgraffiti,all,livre deco,3,0,23,final
2025-09-20,bathroomgraffiti,all,livre deco,3.2,0,43,final
2025-09-21,bathroomgraffiti,all,livre deco,3.6,0,35,final
2025-09-22,bathroomgraffiti,all,livre deco,2.4,0,38,final
2025-09-23,bathroomgraffiti,all,livre deco,3,0,23,final
2025-09-24,bathroomgraffiti,all,livre deco,3.8,1,33,final
2025-09-25,bathroomgraffiti,all,livre deco,3.8,1,20,final
2025-09-26,bathroomgraffiti,all,livre deco,3,0,30,final
2025-09-27,bathroomgraffiti,all,livre deco,3.2,0,21,final
2025-09-28,bathroomgraffiti,all,livre deco,4.2,0,41,final
2025-09-29,bathroomgraffiti,all,livre deco,4.4,1,36,final
2025-09-30,bathroomgraffiti,all,livre deco,7.4,0,24,final
2025-10-01,bathroomgraffiti,all,livre deco,5.9,0,20,final
2025-10-02,bathroomgraffiti,all,livre deco,5.3,0,38,final
2025-10-03,bathroomgraffiti,all,livre deco,5.1,0,32,final
2025-10-04,bathroomgraffiti,all,livre deco,3.3,1,36,final
2025-10-05,bathroomgraffiti,all,livre deco,4.1,2,37,final
2025-10-06,bathroomgraffiti,all,livre deco,3.2,3,51,final
2025-10-07,bathroomgraffiti,all,livre deco,3.2,2,32,final
2025-10-08,bathroomgraffiti,all,livre deco,4.1,0,25,final
2025-10-09,bathroomgraffiti,all,livre deco,4.8,0,31,final
2025-10-10,bathroomgraffiti,all,livre deco,4.3,0,35,final
2025-10-11,bathroomgraffiti,all,livre deco,4.5,1,45,final
2025-10-12,bathroomgraffiti,all,livre deco,3.9,1,53,final
2025-10-13,bathroomgraffiti,all,livre deco,4.0,0,24,final
2025-10-14,bathroomgraffiti,all,livre deco,4.5,0,31,final
2025-10-15,bathroomgraffiti,all,livre deco,3.3,0,35,final
2025-10-16,bathroomgraffiti,all,livre deco,3.3,0,31,final
2025-10-17,bathroomgraffiti,all,livre deco,2.5,1,38,final
2025-10-18,bathroomgraffiti,all,livre deco,3.2,1,31,final
2025-10-19,bathroomgraffiti,all,livre deco,2.7,0,47,final
2025-10-20,bathroomgraffiti,all,livre deco,2.9,1,41,final
2025-10-21,bathroomgraffiti,all,livre deco,3.2,0,30,final
2025-10-22,bathroomgraffiti,all,livre deco,3.2,0,39,final
2025-10-23,bathroomgraffiti,all,livre deco,2.6,1,38,final
2025-10-24,bathroomgraffiti,all,livre deco,2.8,0,32,final
2025-10-25,bathroomgraffiti,all,livre deco,2.8,0,45,final
2025-10-26,bathroomgraffiti,all,livre deco,3.5,2,32,final
2025-10-27,bathroomgraffiti,all,livre deco,2.5,0,37,final
2025-10-28,bathroomgraffiti,all,livre deco,3.9,0,29,final
2025-10-29,bathroomgraffiti,all,livre deco,3.2,0,47,final
2025-10-30,bathroomgraffiti,all,livre deco,3.4,2,37,final
2025-10-31,bathroomgraffiti,all,livre deco,2.8,1,28,final
2025-11-01,bathroomgraffiti,all,livre deco,3.4,1,40,final
2025-11-02,bathroomgraffiti,all,livre deco,2.9,2,63,final
2025-11-03,bathroomgraffiti,all,livre deco,3.0,0,37,final
2025-11-04,bathroomgraffiti,all,livre deco,3.2,1,46,final
2025-11-05,bathroomgraffiti,all,livre deco,2.9,1,48,final
2025-11-06,bathroomgraffiti,all,livre deco,6.3,1,35,final
2025-11-07,bathroomgraffiti,all,livre deco,5.4,2,38,final
2025-11-08,bathroomgraffiti,all,livre deco,5.8,0,36,final
2025-11-09,bathroomgraffiti,all,livre deco,7.2,0,47,final
2025-11-10,bathroomgraffiti,all,livre deco,4.8,0,46,final
2025-11-11,bathroomgraffiti,all,livre deco,5.5,0,59,final
2025-11-12,bathroomgraffiti,all,livre deco,6.7,0,43,final
2025-11-13,bathroomgraffiti,all,livre deco,7.0,0,38,final
2025-11-14,bathroomgraffiti,all,livre deco,5.9,0,39,final
2025-11-15,bathroomgraffiti,all,livre deco,6.2,0,44,final
2025-11-16,bathroomgraffiti,all,livre deco,5.2,0,80,final
2025-11-17,bathroomgraffiti,all,livre deco,4.6,3,50,final
2025-11-18,bathroomgraffiti,all,livre deco,4.6,0,37,final
2025-11-19,bathroomgraffiti,all,livre deco,4.7,1,44,final
2025-11-20,bathroomgraffiti,all,livre deco,4.9,0,35,final
2025-11-21,bathroomgraffiti,all,livre deco,4.9,0,63,final
2025-11-22,bathroomgraffiti,all,livre deco,4.7,0,51,final
2025-11-23,bathroomgraffiti,all,livre deco,4.8,1,58,final
2025-11-24,bathroomgraffiti,all,livre deco,4.4,0,51,final
2025-11-25,bathroomgraffiti,all,livre deco,4.2,0,48,final
2025-11-26,bathroomgraffiti,all,livre deco,5.1,1,51,final
2025-11-27,bathroomgraffiti,all,livre deco,4.5,2,52,final
2025-11-28,bathroomgraffiti,all,livre deco,6.1,0,50,final
2025-11-29,bathroomgraffiti,all,livre deco,5.9,1,44,final
2025-11-30,bathroomgraffiti,all,livre deco,6.1,0,73,final
2025-12-01,bathroomgraffiti,all,livre deco,6.1,0,42,final
2025-12-02,bathroomgraffiti,all,livre deco,5.7,0,55,final
2025-12-03,bathroomgraffiti,all,livre deco,4.5,1,61,final
2025-12-04,bathroomgraffiti,all,livre deco,5.1,0,73,final
2025-12-05,bathroomgraffiti,all,livre deco,2.6,4,70,final
2025-12-06,bathroomgraffiti,all,livre deco,3.1,0,76,final
2025-12-07,bathroomgraffiti,all,livre deco,2.5,4,89,final
2025-12-08,bathroomgraffiti,all,livre deco,3.0,3,50,final
2025-12-09,bathroomgraffiti,all,livre deco,2.6,2,58,final
2025-12-10,bathroomgraffiti,all,livre deco,2.9,1,56,final
2025-12-11,bathroomgraffiti,all,livre deco,2.8,1,51,final
2025-12-12,bathroomgraffiti,all,livre deco,2.2,0,59,final
2025-12-13,bathroomgraffiti,all,livre deco,3.0,2,59,final
2025-12-14,bathroomgraffiti,all,livre deco,3.1,0,57,final
2025-12-15,bathroomgraffiti,all,livre deco,3.8,0,38,final
2025-12-16,bathroomgraffiti,all,livre deco,4.3,0,29,final
2025-12-17,bathroomgraffiti,all,livre deco,3.8,0,33,final
2025-12-18,bathroomgraffiti,all,livre deco,5.5,0,12,final
2025-12-19,bathroomgraffiti,all,livre deco,4.7,1,16,final
2025-12-20,bathroomgraffiti,all,livre deco,6.2,0,17,final
2025-12-21,bathroomgraffiti,all,livre deco,5.2,0,23,final
2025-12-22,bathroomgraffiti,all,livre deco,5.8,0,23,final
2025-12-23,bathroomgraffiti,all,livre deco,5.8,0,16,final
2025-12-24,bathroomgraffiti,all,livre deco,5.7,0,12,final
2025-12-25,bathroomgraffiti,all,livre deco,8.9,0,19,final
2025-12-26,bathroomgraffiti,all,livre deco,8.2,1,36,final
2025-12-27,bathroomgraffiti,all,livre deco,5.1,0,28,final
2025-12-28,bathroomgraffiti,all,livre deco,5.6,0,18,final
2025-12-29,bathroomgraffiti,all,livre deco,4.3,0,32,final
2025-12-30,bathroomgraffiti,all,livre deco,4.1,0,21,final
2025-12-31,bathroomgraffiti,all,livre deco,3.8,0,9,final
2026-01-01,bathroomgraffiti,all,livre deco,5.5,0,19,final
2026-01-02,bathroomgraffiti,all,livre deco,5.8,0,15,final
2026-01-03,bathroomgraffiti,all,livre deco,5.1,1,28,final
2026-01-04,bathroomgraffiti,all,livre deco,3.6,0,15,final
2026-01-05,bathroomgraffiti,all,livre deco,3.8,2,21,final
2026-01-06,bathroomgraffiti,all,livre deco,5.7,0,19,final
2026-01-07,bathroomgraffiti,all,livre deco,4.4,3,17,final
2026-01-08,bathroomgraffiti,all,livre deco,3.8,0,16,final
2026-01-09,bathroomgraffiti,all,livre deco,4.9,0,16,final
2026-01-10,bathroomgraffiti,all,livre deco,5.2,0,18,final
2026-01-11,bathroomgraffiti,all,livre deco,6.5,1,34,final
2026-01-12,bathroomgraffiti,all,livre deco,4.4,0,17,final
2026-01-13,bathroomgraffiti,all,livre deco,5.1,1,20,final
2026-01-14,bathroomgraffiti,all,livre deco,4.8,1,46,final
2026-01-15,bathroomgraffiti,all,livre deco,7.1,0,24,final
2026-01-16,bathroomgraffiti,all,livre deco,4.6,0,23,final
2026-01-17,bathroomgraffiti,all,livre deco,5.5,1,22,final
2026-01-18,bathroomgraffiti,all,livre deco,4.8,0,24,final
2026-01-19,bathroomgraffiti,all,livre deco,3.3,0,24,final
2026-01-20,bathroomgraffiti,all,livre deco,7.6,0,15,final
2026-01-21,bathroomgraffiti,all,livre deco,5.2,0,13,final
2026-01-22,bathroomgraffiti,all,livre deco,3.3,0,17,final
2026-01-23,bathroomgraffiti,all,livre deco,4.9,1,36,final
2026-01-24,bathroomgraffiti,all,livre deco,3.9,2,40,final
2026-01-25,bathroomgraffiti,all,livre deco,2.9,1,63,final
2026-01-26,bathroomgraffiti,all,livre deco,4.0,0,50,final
2026-01-27,bathroomgraffiti,all,livre deco,3.2,0,37,final
2026-01-28,bathroomgraffiti,all,livre deco,4.0,0,44,final
2026-01-29,bathroomgraffiti,all,livre deco,4.3,0,36,final
2026-01-30,bathroomgraffiti,all,livre deco,5.3,0,50,final
2026-01-31,bathroomgraffiti,all,livre deco,5.5,0,48,final
2026-02-01,bathroomgraffiti,all,livre deco,5.0,0,59,final
2026-02-02,bathroomgraffiti,all,livre deco,4.4,1,35,final
2026-02-03,bathroomgraffiti,all,livre deco,4.5,2,37,final
2026-02-04,bathroomgraffiti,all,livre deco,5.8,0,41,final
2026-02-05,bathroomgraffiti,all,livre deco,5.6,1,39,final
2026-02-06,bathroomgraffiti,all,livre deco,9.6,0,28,final
2026-02-07,bathroomgraffiti,all,livre deco,4.3,2,44,final
2026-02-08,bathroomgraffiti,all,livre deco,4.3,0,48,final
2026-02-09,bathroomgraffiti,all,livre deco,4.8,1,36,final
2026-02-10,bathroomgraffiti,all,livre deco,4.0,0,36,final
2026-02-11,bathroomgraffiti,all,livre deco,2.9,0,37,final
2026-02-12,bathroomgraffiti,all,livre deco,4.0,2,28,final
2026-02-13,bathroomgraffiti,all,livre deco,5.0,0,29,final
2026-02-14,bathroomgraffiti,all,livre deco,8.5,0,27,final
2026-02-15,bathroomgraffiti,all,livre deco,7.7,1,43,final
2026-02-16,bathroomgraffiti,all,livre deco,7.7,1,53,final
2026-02-17,bathroomgraffiti,all,livre deco,7,0,27,final
2026-02-18,bathroomgraffiti,all,livre deco,9.3,0,37,final
2026-02-19,bathroomgraffiti,all,livre deco,9.5,0,23,final
2026-02-20,bathroomgraffiti,all,livre deco,3.5,0,44,final
2026-02-21,bathroomgraffiti,all,livre deco,4.3,0,39,final
2026-02-22,bathroomgraffiti,all,livre deco,4.3,0,42,final
2026-02-23,bathroomgraffiti,all,livre deco,4.4,0,31,final
2026-02-24,bathroomgraffiti,all,livre deco,6.0,0,30,final
2026-02-25,bathroomgraffiti,all,livre deco,5.2,0,37,final
2026-02-26,bathroomgraffiti,all,livre deco,5.2,0,42,final
2026-02-27,bathroomgraffiti,all,livre deco,6.3,1,28,final
2026-02-28,bathroomgraffiti,all,livre deco,5.8,0,42,final
2026-03-01,bathroomgraffiti,all,livre deco,3.7,1,42,final
2026-03-02,bathroomgraffiti,all,livre deco,5.1,1,38,final
2026-03-03,bathroomgraffiti,all,livre deco,3.7,0,39,final
2026-03-04,bathroomgraffiti,all,livre deco,3.7,1,25,final
2026-03-05,bathroomgraffiti,all,livre deco,4.3,1,33,final
2026-03-06,bathroomgraffiti,all,livre deco,3.8,0,42,final
2026-03-07,bathroomgraffiti,all,livre deco,4.2,1,45,final
2026-03-08,bathroomgraffiti,all,livre deco,3.8,1,43,final
2026-03-09,bathroomgraffiti,all,livre deco,3.4,0,36,final
2026-03-10,bathroomgraffiti,all,livre deco,4.3,1,38,final
2026-03-11,bathroomgraffiti,all,livre deco,4.1,1,25,final
2026-03-12,bathroomgraffiti,all,livre deco,2.7,0,31,final
2026-03-13,bathroomgraffiti,all,livre deco,4.0,1,40,final
2026-03-14,bathroomgraffiti,all,livre deco,2.8,0,58,final
2026-03-15,bathroomgraffiti,all,livre deco,4.0,0,51,final
2026-03-16,bathroomgraffiti,all,livre deco,4.9,0,29,final
2026-03-17,bathroomgraffiti,all,livre deco,4.2,0,25,final
2026-03-18,bathroomgraffiti,all,livre deco,5.6,0,23,final
2026-03-19,bathroomgraffiti,all,livre deco,2.6,1,22,final
2026-03-20,bathroomgraffiti,all,livre deco,3.4,0,28,final
2026-03-21,bathroomgraffiti,all,livre deco,3,0,36,final
2026-03-22,bathroomgraffiti,all,livre deco,3.4,1,38,final
2026-03-23,bathroomgraffiti,all,livre deco,3.1,1,27,final
2026-03-24,bathroomgraffiti,all,livre deco,3.6,0,27,final
2026-03-25,bathroomgraffiti,all,livre deco,3.9,0,30,final
2026-03-26,bathroomgraffiti,all,livre deco,5.5,0,30,final
2026-03-27,bathroomgraffiti,all,livre deco,3.2,0,25,final
2026-03-28,bathroomgraffiti,all,livre deco,4.9,0,36,final
2026-03-29,bathroomgraffiti,all,livre deco,4.7,0,49,final
2026-03-30,bathroomgraffiti,all,livre deco,3.7,1,29,final
2026-03-31,bathroomgraffiti,all,livre deco,5.0,0,20,final
2026-04-01,bathroomgraffiti,all,livre deco,7.0,0,27,final
2026-04-02,bathroomgraffiti,all,livre deco,8.3,0,13,final
2026-04-03,bathroomgraffiti,all,livre deco,7.2,0,17,final
2026-04-04,bathroomgraffiti,all,livre deco,6.0,0,23,final
2026-04-05,bathroomgraffiti,all,livre deco,6.5,0,31,final
2026-04-06,bathroomgraffiti,all,livre deco,5.1,0,25,final
2026-04-07,bathroomgraffiti,all,livre deco,3.8,0,20,final
2026-04-08,bathroomgraffiti,all,livre deco,5.1,0,16,final
2026-04-09,bathroomgraffiti,all,livre deco,4.9,0,16,final
2026-04-10,bathroomgraffiti,all,livre deco,5.3,2,23,final
2026-04-11,bathroomgraffiti,all,livre deco,4.5,0,15,final
2026-04-12,bathroomgraffiti,all,livre deco,3.8,1,39,final
2026-04-13,bathroomgraffiti,all,livre deco,4.1,0,27,final
2026-04-14,bathroomgraffiti,all,livre deco,4.4,0,31,final
2026-04-15,bathroomgraffiti,all,livre deco,3.9,0,39,final
2026-04-16,bathroomgraffiti,all,livre deco,5.2,0,21,final
2026-04-17,bathroomgraffiti,all,livre deco,5.3,1,21,final
2026-04-18,bathroomgraffiti,all,livre deco,5.0,0,32,final
2026-04-19,bathroomgraffiti,all,livre deco,3.5,0,20,final
2026-04-20,bathroomgraffiti,all,livre deco,5.1,0,26,final
2026-04-21,bathroomgraffiti,all,livre deco,4.2,0,13,final
2026-04-22,bathroomgraffiti,all,livre deco,4.8,0,24,final
2026-04-23,bathroomgraffiti,all,livre deco,4.8,0,20,final
2026-04-24,bathroomgraffiti,all,livre deco,6.8,0,17,final
2026-04-25,bathroomgraffiti,all,livre deco,3.0,0,23,final
2026-04-26,bathroomgraffiti,all,livre deco,4.3,0,33,final
2026-04-27,bathroomgraffiti,all,livre deco,5.7,0,26,final
2026-04-28,bathroomgraffiti,all,livre deco,6.5,0,17,final
2026-04-29,bathroomgraffiti,all,livre deco,4.5,0,24,final
2026-04-30,bathroomgraffiti,all,livre deco,4.3,2,31,final
2026-05-01,bathroomgraffiti,all,livre deco,3.5,0,12,final
2026-05-02,bathroomgraffiti,all,livre deco,3.6,2,23,final
2026-05-03,bathroomgraffiti,all,livre deco,4.0,1,25,final
2026-05-04,bathroomgraffiti,all,livre deco,3.7,0,26,final
2026-05-05,bathroomgraffiti,all,livre deco,4.0,0,27,final
2026-05-06,bathroomgraffiti,all,livre deco,3.5,1,23,final
2026-05-07,bathroomgraffiti,all,livre deco,3.1,0,28,final
2026-05-08,bathroomgraffiti,all,livre deco,4.2,1,24,final
2026-05-09,bathroomgraffiti,all,livre deco,3.8,0,27,final
2026-05-10,bathroomgraffiti,all,livre deco,5.1,2,39,final
2026-05-11,bathroomgraffiti,all,livre deco,3.5,0,16,final
2026-05-12,bathroomgraffiti,all,livre deco,4.0,0,26,final
2026-05-13,bathroomgraffiti,all,livre deco,6.8,0,26,final
2026-05-14,bathroomgraffiti,all,livre deco,5.2,1,33,final
2026-05-15,bathroomgraffiti,all,livre deco,6.1,0,26,final
2026-05-16,bathroomgraffiti,all,livre deco,5.7,0,20,final
2026-05-17,bathroomgraffiti,all,livre deco,5.2,0,21,final
2026-05-18,bathroomgraffiti,all,livre deco,6.3,0,6,final
2026-05-19,bathroomgraffiti,all,livre deco,8.9,0,15,final
2026-05-20,bathroomgraffiti,all,livre deco,7.4,0,13,final
2026-05-21,bathroomgraffiti,all,livre deco,6.9,2,13,final
2026-05-22,bathroomgraffiti,all,livre deco,4,0,4,final
2026-05-23,bathroomgraffiti,all,livre deco,5.6,0,14,final
2026-05-24,bathroomgraffiti,all,livre deco,6.9,0,17,final
2026-05-25,bathroomgraffiti,all,livre deco,6.2,0,22,final
2026-05-26,bathroomgraffiti,all,livre deco,3.3,0,11,final
2026-05-27,bathroomgraffiti,all,livre deco,3.6,1,12,final
2026-05-28,bathroomgraffiti,all,livre deco,3,1,17,final
2026-05-29,bathroomgraffiti,all,livre deco,3.1,1,16,final
2026-05-30,bathroomgraffiti,all,livre deco,4.5,1,22,final
2026-05-31,bathroomgraffiti,all,livre deco,4.5,0,15,final
2026-06-01,bathroomgraffiti,all,livre deco,2.5,1,22,final
2026-06-02,bathroomgraffiti,all,livre deco,4.2,1,19,final
2026-06-03,bathroomgraffiti,all,livre deco,5,0,21,final
2026-06-04,bathroomgraffiti,all,livre deco,5.9,0,13,final
2026-06-05,bathroomgraffiti,all,livre deco,9,0,16,final
2026-06-06,bathroomgraffiti,all,livre deco,5.7,0,12,final
2026-06-07,bathroomgraffiti,all,livre deco,6.6,1,14,final
2026-06-08,bathroomgraffiti,all,livre deco,5.6,0,18,final
2026-06-09,bathroomgraffiti,all,livre deco,7.9,0,10,final
2026-06-10,bathroomgraffiti,all,livre deco,10.3,0,10,final
2026-06-11,bathroomgraffiti,all,livre deco,7.9,0,14,final
2026-06-12,bathroomgraffiti,all,livre deco,9.4,0,15,final
2026-06-13,bathroomgraffiti,all,livre deco,7.4,0,17,final
2026-06-14,bathroomgraffiti,all,livre deco,9.4,0,18,final
2026-06-15,bathroomgraffiti,all,livre deco,10.3,0,9,final
2026-06-16,bathroomgraffiti,all,livre deco,5.5,0,13,final
2026-06-17,bathroomgraffiti,all,livre deco,11.9,0,7,final
2026-06-18,bathroomgraffiti,all,livre deco,7.1,0,12,final
2026-06-19,bathroomgraffiti,all,livre deco,2.1,0,10,final
2026-06-20,bathroomgraffiti,all,livre deco,10.2,0,13,final
2026-06-21,bathroomgraffiti,all,livre deco,6.2,0,13,final
2026-06-22,bathroomgraffiti,all,livre deco,7.5,0,17,final
2026-06-23,bathroomgraffiti,all,livre deco,5.5,0,8,final
2026-06-24,bathroomgraffiti,all,livre deco,4.6,0,11,final
2026-06-25,bathroomgraffiti,all,livre deco,4.7,0,9,final
2026-06-26,bathroomgraffiti,all,livre deco,6.2,0,5,final
2026-06-27,bathroomgraffiti,all,livre deco,6.8,0,12,final
2026-06-28,bathroomgraffiti,all,livre deco,6.9,0,16,final
2026-06-29,bathroomgraffiti,all,livre deco,7.7,1,29,final
2026-06-30,bathroomgraffiti,all,livre deco,8.1,1,19,final
2026-07-01,bathroomgraffiti,all,livre deco,9.8,0,15,final
2026-07-02,bathroomgraffiti,all,livre deco,9.5,0,15,final
2026-07-03,bathroomgraffiti,all,livre deco,10.5,0,11,final
2026-07-04,bathroomgraffiti,all,livre deco,9.0,0,28,final
2026-07-05,bathroomgraffiti,all,livre deco,7.2,0,19,final
2026-07-06,bathroomgraffiti,all,livre deco,6,0,8,final
2026-07-07,bathroomgraffiti,all,livre deco,5.3,0,3,final
2026-07-08,bathroomgraffiti,all,livre deco,6,0,10,final
2026-07-09,bathroomgraffiti,all,livre deco,8,0,1,final
2026-07-10,bathroomgraffiti,all,livre deco,4.8,0,10,final
2026-07-11,bathroomgraffiti,all,livre deco,8,0,5,final
2026-07-12,bathroomgraffiti,all,livre deco,9.7,0,11,final
2026-07-13,bathroomgraffiti,all,livre deco,4.3,0,9,final
2026-07-14,bathroomgraffiti,all,livre deco,6,1,4,final
2026-07-15,bathroomgraffiti,all,livre deco,6.8,0,5,final
2026-07-16,bathroomgraffiti,all,livre deco,9.3,0,15,final
2026-07-17,bathroomgraffiti,all,livre deco,2.8,0,5,final
2026-07-18,bathroomgraffiti,all,livre deco,5.9,0,13,final
2026-07-19,bathroomgraffiti,all,livre deco,6.3,0,19,final
2026-07-20,bathroomgraffiti,all,livre deco,4.8,0,23,final
2026-07-21,bathroomgraffiti,all,livre deco,5.8,0,17,final
2026-07-22,bathroomgraffiti,all,livre deco,8.1,0,15,final
2026-07-23,bathroomgraffiti,all,livre deco,5.1,0,8,final
2026-07-24,bathroomgraffiti,all,livre deco,10.8,0,8,final
2026-07-25,bathroomgraffiti,all,livre deco,7.8,0,14,final
2026-07-26,bathroomgraffiti,all,livre deco,7.9,0,18,final
2026-07-27,bathroomgraffiti,all,livre deco,10.3,0,18,final
2026-07-28,bathroomgraffiti,all,livre deco,8.9,0,15,final
2026-07-29,bathroomgraffiti,all,livre deco,9,0,13,final
2026-07-30,bathroomgraffiti,all,livre deco,8.2,0,15,final
2026-07-31,bathroomgraffiti,all,livre deco,9.7,0,9,final
2026-08-01,bathroomgraffiti,all,livre deco,3.1,0,16,final
2026-08-02,bathroomgraffiti,all,livre deco,5.8,0,18,final
2026-08-03,bathroomgraffiti,all,livre deco,4.2,0,25,final
2026-08-04,bathroomgraffiti,all,livre deco,6.7,0,25,final
2026-08-05,bathroomgraffiti,all,livre deco,4.9,0,26,final
2026-08-06,bathroomgraffiti,all,livre deco,5.3,2,39,final
2026-08-07,bathroomgraffiti,all,livre deco,4.8,0,23,final
2026-08-08,bathroomgraffiti,all,livre deco,5.2,0,28,final
2026-08-09,bathroomgraffiti,all,livre deco,6,0,21,final
2026-08-10,bathroomgraffiti,all,livre deco,6.6,0,27,final
2026-08-11,bathroomgraffiti,all,livre deco,7.3,0,22,final
2026-08-12,bathroomgraffiti,all,livre deco,8.4,0,25,final
2026-08-13,bathroomgraffiti,all,livre deco,6.8,2,19,final
2026-08-14,bathroomgraffiti,all,livre deco,4.2,0,28,final
2026-08-15,bathroomgraffiti,all,livre deco,3.5,1,28,final
2026-08-16,bathroomgraffiti,all,livre deco,3.7,1,18,final
2026-08-17,bathroomgraffiti,all,livre deco,2.7,1,27,final
2026-08-18,bathroomgraffiti,all,livre deco,5.6,1,29,final
2026-08-19,bathroomgraffiti,all,livre deco,4.5,0,40,final
2026-08-20,bathroomgraffiti,all,livre deco,2.8,0,23,final
2026-08-21,bathroomgraffiti,all,livre deco,2.7,1,42,final
2026-08-22,bathroomgraffiti,all,livre deco,3.1,0,22,final
2026-08-23,bathroomgraffiti,all,livre deco,3.4,1,36,final
2026-08-24,bathroomgraffiti,all,livre deco,2.9,1,29,final
2026-08-25,bathroomgraffiti,all,livre deco,2.2,1,34,final
2026-08-26,bathroomgraffiti,all,livre deco,2.8,0,40,final
2026-08-27,bathroomgraffiti,all,livre deco,2.6,1,34,final
2026-08-28,bathroomgraffiti,all,livre deco,2.4,1,34,final
2026-08-29,bathroomgraffiti,all,livre deco,2.4,0,70,final
2026-08-30,bathroomgraffiti,all,livre deco,4.2,2,34,final
2026-08-31,bathroomgraffiti,all,livre deco,6.3,2,15,final
2026-09-01,bathroomgraffiti,all,livre deco,2.2,0,31,final
2026-09-02,bathroomgraffiti,all,livre deco,2.8,0,25,final
2026-09-03,bathroomgraffiti,all,livre deco,4.3,0,25,final
2026-09-04,bathroomgraffiti,all,livre deco,3.6,0,26,final
2026-09-05,bathroomgraffiti,all,livre deco,3.3,0,32,final
2026-09-06,bathroomgraffiti,all,livre deco,3.4,0,30,final
2026-09-07,bathroomgraffiti,all,livre deco,3.5,1,32,final
2026-09-08,bathroomgraffiti,all,livre deco,4.3,1,19,final
2026-09-09,bathroomgraffiti,all,livre deco,3.4,0,29,final
2026-09-10,bathroomgraffiti,all,livre deco,2.6,0,28,final
2026-09-11,bathroomgraffiti,all,livre deco,2.5,1,36,final
2026-09-12,bathroomgraffiti,all,livre deco,2.3,1,30,final
2026-09-13,bathroomgraffiti,all,livre deco,4.3,0,18,final
2026-09-14,bathroomgraffiti,all,livre deco,3.8,0,13,final
2026-09-15,bathroomgraffiti,all,livre deco,4,0,21,final
2026-09-16,bathroomgraffiti,all,livre deco,3.2,0,13,final
2026-09-17,bathroomgraffiti,all,livre deco,3,1,14,final
2026-09-18,bathroomgraffiti,all,livre deco,2.4,0,26,final
2026-09-19,bathroomgraffiti,all,livre deco,3.4,0,25,final
2026-09-20,bathroomgraffiti,all,livre deco,3.8,0,19,final
2026-09-21,bathroomgraffiti,all,livre deco,2.7,1,21,final
2026-09-22,bathroomgraffiti,all,livre deco,3.1,0,20,final
2026-09-23,bathroomgraffiti,all,livre deco,2.5,0,27,final
2026-09-24,bathroomgraffiti,all,livre deco,2.4,1,24,final
2026-09-25,bathroomgraffiti,all,livre deco,3.3,2,41,final
2026-09-26,bathroomgraffiti,all,livre deco,2.7,0,22,final
2026-09-27,bathroomgraffiti,all,livre deco,4.1,1,27,final
2026-09-28,bathroomgraffiti,all,livre deco,4.4,0,11,final
2026-09-29,bathroomgraffiti,all,livre deco,4.1,1,16,final
2026-09-30,bathroomgraffiti,all,livre deco,3.3,0,18,final
2026-10-01,bathroomgraffiti,all,livre deco,2.7,0,11,final
2026-10-02,bathroomgraffiti,all,livre deco,3.5,0,24,final
2026-10-03,bathroomgraffiti,all,livre deco,4.2,0,28,final
2026-10-04,bathroomgraffiti,all,livre deco,4.6,0,18,fresh
2026-10-05,bathroomgraffiti,all,livre deco,6.8,1,12,fresh
2025-06-12,bathroomgraffiti,all,livre decoration,6.2,1,20,final
2025-06-13,bathroomgraffiti,all,livre decoration,5.4,0,31,final
2025-06-14,bathroomgraffiti,all,livre decoration,6.9,0,32,final
2025-06-15,bathroomgraffiti,all,livre decoration,5.8,2,33,final
2025-06-16,bathroomgraffiti,all,livre decoration,5.2,0,18,final
2025-06-17,bathroomgraffiti,all,livre decoration,5.6,0,27,final
2025-06-18,bathroomgraffiti,all,livre decoration,5.6,1,27,final
2025-06-19,bathroomgraffiti,all,livre decoration,5.1,1,20,final
2025-06-20,bathroomgraffiti,all,livre decoration,4.2,0,32,final
2025-06-21,bathroomgraffiti,all,livre decoration,4.5,1,27,final
2025-06-22,bathroomgraffiti,all,livre decoration,2.9,3,30,final
2025-06-23,bathroomgraffiti,all,livre decoration,4.8,2,42,final
2025-06-24,bathroomgraffiti,all,livre decoration,3.7,0,31,final
2025-06-25,bathroomgraffiti,all,livre decoration,5.7,1,43,final
2025-06-26,bathroomgraffiti,all,livre decoration,5,1,30,final
2025-06-27,bathroomgraffiti,all,livre decoration,6.4,0,31,final
2025-06-28,bathroomgraffiti,all,livre decoration,7.8,0,37,final
2025-06-29,bathroomgraffiti,all,livre decoration,4.7,0,32,final
2025-06-30,bathroomgraffiti,all,livre decoration,3.3,1,34,final
2025-07-01,bathroomgraffiti,all,livre decoration,3.3,2,33,final
2025-07-02,bathroomgraffiti,all,livre decoration,4.0,1,37,final
2025-07-03,bathroomgraffiti,all,livre decoration,3.0,1,34,final
2025-07-04,bathroomgraffiti,all,livre decoration,3.7,0,31,final
2025-07-05,bathroomgraffiti,all,livre decoration,3.4,1,35,final
2025-07-06,bathroomgraffiti,all,livre decoration,4.5,0,46,final
2025-07-07,bathroomgraffiti,all,livre decoration,3.6,0,47,final
2025-07-08,bathroomgraffiti,all,livre decoration,3.7,0,46,final
2025-07-09,bathroomgraffiti,all,livre decoration,3.6,0,32,final
2025-07-10,bathroomgraffiti,all,livre decoration,3.0,0,33,final
2025-07-11,bathroomgraffiti,all,livre decoration,5.1,1,39,final
2025-07-12,bathroomgraffiti,all,livre decoration,3.8,1,28,final
2025-07-13,bathroomgraffiti,all,livre decoration,4.4,1,38,final
2025-07-14,bathroomgraffiti,all,livre decoration,3.1,0,37,final
2025-07-15,bathroomgraffiti,all,livre decoration,3.2,0,37,final
2025-07-16,bathroomgraffiti,all,livre decoration,3.6,1,49,final
2025-07-17,bathroomgraffiti,all,livre decoration,4.6,0,30,final
2025-07-18,bathroomgraffiti,all,livre decoration,3.2,0,34,final
2025-07-19,bathroomgraffiti,all,livre decoration,3.5,0,31,final
2025-07-20,bathroomgraffiti,all,livre decoration,3.3,1,36,final
2025-07-21,bathroomgraffiti,all,livre decoration,4.5,0,43,final
2025-07-22,bathroomgraffiti,all,livre decoration,3.8,0,44,final
2025-07-23,bathroomgraffiti,all,livre decoration,4.2,0,48,final
2025-07-24,bathroomgraffiti,all,livre decoration,4.8,0,38,final
2025-07-25,bathroomgraffiti,all,livre decoration,4.1,1,33,final
2025-07-26,bathroomgraffiti,all,livre decoration,3.9,0,44,final
2025-07-27,bathroomgraffiti,all,livre decoration,4.8,2,58,final
2025-07-28,bathroomgraffiti,all,livre decoration,4.9,2,51,final
2025-07-29,bathroomgraffiti,all,livre decoration,3.8,2,47,final
2025-07-30,bathroomgraffiti,all,livre decoration,3.8,0,52,final
2025-07-31,bathroomgraffiti,all,livre decoration,4.5,0,45,final
2025-08-01,bathroomgraffiti,all,livre decoration,4.9,1,31,final
2025-08-02,bathroomgraffiti,all,livre decoration,4.8,1,42,final
2025-08-03,bathroomgraffiti,all,livre decoration,4.1,0,52,final
2025-08-04,bathroomgraffiti,all,livre decoration,3.7,0,47,final
2025-08-05,bathroomgraffiti,all,livre decoration,4.4,0,47,final
2025-08-06,bathroomgraffiti,all,livre decoration,4.8,1,47,final
2025-08-07,bathroomgraffiti,all,livre decoration,4.8,0,43,final
2025-08-08,bathroomgraffiti,all,livre decoration,4.0,1,57,final
2025-08-09,bathroomgraffiti,all,livre decoration,3.8,0,40,final
2025-08-10,bathroomgraffiti,all,livre decoration,3.6,1,63,final
2025-08-11,bathroomgraffiti,all,livre decoration,3.7,2,47,final
2025-08-12,bathroomgraffiti,all,livre decoration,4.3,0,41,final
2025-08-13,bathroomgraffiti,all,livre decoration,4.8,0,46,final
2025-08-14,bathroomgraffiti,all,livre decoration,5.7,0,38,final
2025-08-15,bathroomgraffiti,all,livre decoration,5.5,0,41,final
2025-08-16,bathroomgraffiti,all,livre decoration,5.2,0,54,final
2025-08-17,bathroomgraffiti,all,livre decoration,5.8,1,52,final
2025-08-18,bathroomgraffiti,all,livre decoration,6.3,0,43,final
2025-08-19,bathroomgraffiti,all,livre decoration,6.7,0,60,final
2025-08-20,bathroomgraffiti,all,livre decoration,5.6,0,52,final
2025-08-21,bathroomgraffiti,all,livre decoration,4.4,1,58,final
2025-08-22,bathroomgraffiti,all,livre decoration,4.9,1,54,final
2025-08-23,bathroomgraffiti,all,livre decoration,5.6,1,33,final
2025-08-24,bathroomgraffiti,all,livre decoration,7.0,0,60,final
2025-08-25,bathroomgraffiti,all,livre decoration,6.0,0,44,final
2025-08-26,bathroomgraffiti,all,livre decoration,4.7,2,49,final
2025-08-27,bathroomgraffiti,all,livre decoration,8,1,42,final
2025-08-28,bathroomgraffiti,all,livre decoration,7.4,0,29,final
2025-08-29,bathroomgraffiti,all,livre decoration,5.8,1,40,final
2025-08-30,bathroomgraffiti,all,livre decoration,4.5,2,50,final
2025-08-31,bathroomgraffiti,all,livre decoration,4.9,2,58,final
2025-09-01,bathroomgraffiti,all,livre decoration,7.7,0,62,final
2025-09-02,bathroomgraffiti,all,livre decoration,6.7,0,37,final
2025-09-03,bathroomgraffiti,all,livre decoration,7.0,0,25,final
2025-09-04,bathroomgraffiti,all,livre decoration,3.8,0,38,final
2025-09-05,bathroomgraffiti,all,livre decoration,4.3,2,56,final
2025-09-06,bathroomgraffiti,all,livre decoration,6.3,0,38,final
2025-09-07,bathroomgraffiti,all,livre decoration,5.5,0,39,final
2025-09-08,bathroomgraffiti,all,livre decoration,4.0,1,34,final
2025-09-09,bathroomgraffiti,all,livre decoration,3.7,1,53,final
2025-09-10,bathroomgraffiti,all,livre decoration,3.2,1,42,final
2025-09-11,bathroomgraffiti,all,livre decoration,3.7,1,51,final
2025-09-12,bathroomgraffiti,all,livre decoration,5.6,0,47,final
2025-09-13,bathroomgraffiti,all,livre decoration,6.8,1,40,final
2025-09-14,bathroomgraffiti,all,livre decoration,6.6,0,80,final
2025-09-15,bathroomgraffiti,all,livre decoration,6.6,0,47,final
2025-09-16,bathroomgraffiti,all,livre decoration,6,0,42,final
2025-09-17,bathroomgraffiti,all,livre decoration,3.7,1,44,final
2025-09-18,bathroomgraffiti,all,livre decoration,3.0,0,36,final
2025-09-19,bathroomgraffiti,all,livre decoration,3.4,0,36,final
2025-09-20,bathroomgraffiti,all,livre decoration,3.2,1,43,final
2025-09-21,bathroomgraffiti,all,livre decoration,3.5,2,70,final
2025-09-22,bathroomgraffiti,all,livre decoration,2.9,1,50,final
2025-09-23,bathroomgraffiti,all,livre decoration,3.8,1,39,final
2025-09-24,bathroomgraffiti,all,livre decoration,3.6,2,44,final
2025-09-25,bathroomgraffiti,all,livre decoration,3.7,2,39,final
2025-09-26,bathroomgraffiti,all,livre decoration,3.1,0,39,final
2025-09-27,bathroomgraffiti,all,livre decoration,3.5,1,49,final
2025-09-28,bathroomgraffiti,all,livre decoration,3.6,1,57,final
2025-09-29,bathroomgraffiti,all,livre decoration,3.6,0,46,final
2025-09-30,bathroomgraffiti,all,livre decoration,3.9,2,41,final
2025-10-01,bathroomgraffiti,all,livre decoration,3.6,0,46,final
2025-10-02,bathroomgraffiti,all,livre decoration,4.0,0,36,final
2025-10-03,bathroomgraffiti,all,livre decoration,3.8,0,42,final
2025-10-04,bathroomgraffiti,all,livre decoration,2.6,2,59,final
2025-10-05,bathroomgraffiti,all,livre decoration,2.5,3,71,final
2025-10-06,bathroomgraffiti,all,livre decoration,2.8,1,49,final
2025-10-07,bathroomgraffiti,all,livre decoration,2.5,0,46,final
2025-10-08,bathroomgraffiti,all,livre decoration,3.4,1,50,final
2025-10-09,bathroomgraffiti,all,livre decoration,2.9,0,51,final
2025-10-10,bathroomgraffiti,all,livre decoration,2.8,1,48,final
2025-10-11,bathroomgraffiti,all,livre decoration,2.8,2,64,final
2025-10-12,bathroomgraffiti,all,livre decoration,3.2,0,64,final
2025-10-13,bathroomgraffiti,all,livre decoration,3.1,0,52,final
2025-10-14,bathroomgraffiti,all,livre decoration,3.4,0,44,final
2025-10-15,bathroomgraffiti,all,livre decoration,2.5,0,40,final
2025-10-16,bathroomgraffiti,all,livre decoration,3.1,1,48,final
2025-10-17,bathroomgraffiti,all,livre decoration,2.4,0,52,final
2025-10-18,bathroomgraffiti,all,livre decoration,2.7,0,70,final
2025-10-19,bathroomgraffiti,all,livre decoration,2.9,0,69,final
2025-10-20,bathroomgraffiti,all,livre decoration,2.7,1,50,final
2025-10-21,bathroomgraffiti,all,livre decoration,2.6,1,43,final
2025-10-22,bathroomgraffiti,all,livre decoration,3.1,1,66,final
2025-10-23,bathroomgraffiti,all,livre decoration,2.8,1,54,final
2025-10-24,bathroomgraffiti,all,livre decoration,3.6,0,41,final
2025-10-25,bathroomgraffiti,all,livre decoration,3.2,1,53,final
2025-10-26,bathroomgraffiti,all,livre decoration,3.3,1,86,final
2025-10-27,bathroomgraffiti,all,livre decoration,2.7,0,52,final
2025-10-28,bathroomgraffiti,all,livre decoration,3.2,1,45,final
2025-10-29,bathroomgraffiti,all,livre decoration,3.5,0,56,final
2025-10-30,bathroomgraffiti,all,livre decoration,2.7,1,56,final
2025-10-31,bathroomgraffiti,all,livre decoration,3.4,2,54,final
2025-11-01,bathroomgraffiti,all,livre decoration,2.9,0,59,final
2025-11-02,bathroomgraffiti,all,livre decoration,2.7,5,90,final
2025-11-03,bathroomgraffiti,all,livre decoration,3.0,1,68,final
2025-11-04,bathroomgraffiti,all,livre decoration,2.8,1,63,final
2025-11-05,bathroomgraffiti,all,livre decoration,3.0,0,62,final
2025-11-06,bathroomgraffiti,all,livre decoration,7.1,1,42,final
2025-11-07,bathroomgraffiti,all,livre decoration,5.6,0,48,final
2025-11-08,bathroomgraffiti,all,livre decoration,6.2,1,75,final
2025-11-09,bathroomgraffiti,all,livre decoration,5.0,2,63,final
2025-11-10,bathroomgraffiti,all,livre decoration,6.4,2,77,final
2025-11-11,bathroomgraffiti,all,livre decoration,6.3,1,74,final
2025-11-12,bathroomgraffiti,all,livre decoration,6.5,0,68,final
2025-11-13,bathroomgraffiti,all,livre decoration,6.1,0,67,final
2025-11-14,bathroomgraffiti,all,livre decoration,6.7,0,61,final
2025-11-15,bathroomgraffiti,all,livre decoration,6.2,0,66,final
2025-11-16,bathroomgraffiti,all,livre decoration,5.9,2,131,final
2025-11-17,bathroomgraffiti,all,livre decoration,5.1,0,74,final
2025-11-18,bathroomgraffiti,all,livre decoration,5.1,0,48,final
2025-11-19,bathroomgraffiti,all,livre decoration,5.9,0,48,final
2025-11-20,bathroomgraffiti,all,livre decoration,8.7,0,48,final
2025-11-21,bathroomgraffiti,all,livre decoration,9.3,1,52,final
2025-11-22,bathroomgraffiti,all,livre decoration,8.1,0,78,final
2025-11-23,bathroomgraffiti,all,livre decoration,6.5,1,78,final
2025-11-24,bathroomgraffiti,all,livre decoration,8.0,0,68,final
2025-11-25,bathroomgraffiti,all,livre decoration,7.2,0,72,final
2025-11-26,bathroomgraffiti,all,livre decoration,6.8,1,73,final
2025-11-27,bathroomgraffiti,all,livre decoration,4.2,0,63,final
2025-11-28,bathroomgraffiti,all,livre decoration,4.6,0,64,final
2025-11-29,bathroomgraffiti,all,livre decoration,4.1,1,93,final
2025-11-30,bathroomgraffiti,all,livre decoration,3.6,1,111,final
2025-12-01,bathroomgraffiti,all,livre decoration,4.2,2,77,final
2025-12-02,bathroomgraffiti,all,livre decoration,4,2,88,final
2025-12-03,bathroomgraffiti,all,livre decoration,3.5,1,83,final
2025-12-04,bathroomgraffiti,all,livre decoration,3.4,1,66,final
2025-12-05,bathroomgraffiti,all,livre decoration,3.1,2,81,final
2025-12-06,bathroomgraffiti,all,livre decoration,3.0,1,97,final
2025-12-07,bathroomgraffiti,all,livre decoration,2.7,2,145,final
2025-12-08,bathroomgraffiti,all,livre decoration,3.6,3,97,final
2025-12-09,bathroomgraffiti,all,livre decoration,3.2,0,96,final
2025-12-10,bathroomgraffiti,all,livre decoration,3.0,3,80,final
2025-12-11,bathroomgraffiti,all,livre decoration,3.9,1,63,final
2025-12-12,bathroomgraffiti,all,livre decoration,4.1,3,61,final
2025-12-13,bathroomgraffiti,all,livre decoration,4.5,3,83,final
2025-12-14,bathroomgraffiti,all,livre decoration,3.7,3,123,final
2025-12-15,bathroomgraffiti,all,livre decoration,4.1,0,52,final
2025-12-16,bathroomgraffiti,all,livre decoration,5.1,1,39,final
2025-12-17,bathroomgraffiti,all,livre decoration,4.6,0,35,final
2025-12-18,bathroomgraffiti,all,livre decoration,5.2,0,22,final
2025-12-19,bathroomgraffiti,all,livre decoration,6.2,1,36,final
2025-12-20,bathroomgraffiti,all,livre decoration,5.7,3,42,final
2025-12-21,bathroomgraffiti,all,livre decoration,6.2,1,39,final
2025-12-22,bathroomgraffiti,all,livre decoration,4.4,0,27,final
2025-12-23,bathroomgraffiti,all,livre decoration,5.8,0,30,final
2025-12-24,bathroomgraffiti,all,livre decoration,7.5,0,15,final
2025-12-25,bathroomgraffiti,all,livre decoration,6.8,0,24,final
2025-12-26,bathroomgraffiti,all,livre decoration,6.0,0,43,final
2025-12-27,bathroomgraffiti,all,livre decoration,6.0,1,47,final
2025-12-28,bathroomgraffiti,all,livre decoration,6.9,1,44,final
2025-12-29,bathroomgraffiti,all,livre decoration,4.5,0,34,final
2025-12-30,bathroomgraffiti,all,livre decoration,5.4,0,25,final
2025-12-31,bathroomgraffiti,all,livre decoration,3.9,0,17,final
2026-01-01,bathroomgraffiti,all,livre decoration,5.2,0,26,final
2026-01-02,bathroomgraffiti,all,livre decoration,5.3,0,34,final
2026-01-03,bathroomgraffiti,all,livre decoration,5.4,0,49,final
2026-01-04,bathroomgraffiti,all,livre decoration,5,0,58,final
2026-01-05,bathroomgraffiti,all,livre decoration,5.8,0,28,final
2026-01-06,bathroomgraffiti,all,livre decoration,5.8,0,36,final
2026-01-07,bathroomgraffiti,all,livre decoration,8.8,0,60,final
2026-01-08,bathroomgraffiti,all,livre decoration,8.4,1,58,final
2026-01-09,bathroomgraffiti,all,livre decoration,8.6,1,64,final
2026-01-10,bathroomgraffiti,all,livre decoration,7.3,0,55,final
2026-01-11,bathroomgraffiti,all,livre decoration,8.2,0,94,final
2026-01-12,bathroomgraffiti,all,livre decoration,7.8,1,51,final
2026-01-13,bathroomgraffiti,all,livre decoration,7.6,0,61,final
2026-01-14,bathroomgraffiti,all,livre decoration,6.7,1,57,final
2026-01-15,bathroomgraffiti,all,livre decoration,5.5,0,66,final
2026-01-16,bathroomgraffiti,all,livre decoration,6.5,0,51,final
2026-01-17,bathroomgraffiti,all,livre decoration,8.0,0,85,final
2026-01-18,bathroomgraffiti,all,livre decoration,8.3,0,74,final
2026-01-19,bathroomgraffiti,all,livre decoration,7.7,2,53,final
2026-01-20,bathroomgraffiti,all,livre decoration,8.3,0,50,final
2026-01-21,bathroomgraffiti,all,livre decoration,6.7,0,28,final
2026-01-22,bathroomgraffiti,all,livre decoration,6.3,1,30,final
2026-01-23,bathroomgraffiti,all,livre decoration,7.0,1,69,final
2026-01-24,bathroomgraffiti,all,livre decoration,4.8,0,89,final
2026-01-25,bathroomgraffiti,all,livre decoration,3.9,0,106,final
2026-01-26,bathroomgraffiti,all,livre decoration,4.5,0,63,final
2026-01-27,bathroomgraffiti,all,livre decoration,4.6,0,61,final
2026-01-28,bathroomgraffiti,all,livre decoration,4.8,1,58,final
2026-01-29,bathroomgraffiti,all,livre decoration,4.2,2,58,final
2026-01-30,bathroomgraffiti,all,livre decoration,5.1,0,51,final
2026-01-31,bathroomgraffiti,all,livre decoration,5.0,0,76,final
2026-02-01,bathroomgraffiti,all,livre decoration,5.2,2,102,final
2026-02-02,bathroomgraffiti,all,livre decoration,4.6,0,60,final
2026-02-03,bathroomgraffiti,all,livre decoration,5.2,1,58,final
2026-02-04,bathroomgraffiti,all,livre decoration,4.8,2,48,final
2026-02-05,bathroomgraffiti,all,livre decoration,6.0,0,35,final
2026-02-06,bathroomgraffiti,all,livre decoration,6.2,0,32,final
2026-02-07,bathroomgraffiti,all,livre decoration,4.8,2,71,final
2026-02-08,bathroomgraffiti,all,livre decoration,5.0,0,79,final
2026-02-09,bathroomgraffiti,all,livre decoration,4.6,1,78,final
2026-02-10,bathroomgraffiti,all,livre decoration,4.7,1,74,final
2026-02-11,bathroomgraffiti,all,livre decoration,4.7,0,65,final
2026-02-12,bathroomgraffiti,all,livre decoration,5.6,1,67,final
2026-02-13,bathroomgraffiti,all,livre decoration,4.9,0,51,final
2026-02-14,bathroomgraffiti,all,livre decoration,4.1,1,75,final
2026-02-15,bathroomgraffiti,all,livre decoration,4.4,3,95,final
2026-02-16,bathroomgraffiti,all,livre decoration,4.1,1,75,final
2026-02-17,bathroomgraffiti,all,livre decoration,4.3,1,52,final
2026-02-18,bathroomgraffiti,all,livre decoration,6.0,0,46,final
2026-02-19,bathroomgraffiti,all,livre decoration,8.0,0,52,final
2026-02-20,bathroomgraffiti,all,livre decoration,4.1,2,56,final
2026-02-21,bathroomgraffiti,all,livre decoration,4.2,0,66,final
2026-02-22,bathroomgraffiti,all,livre decoration,4.2,1,83,final
2026-02-23,bathroomgraffiti,all,livre decoration,3.4,0,62,final
2026-02-24,bathroomgraffiti,all,livre decoration,5.5,0,46,final
2026-02-25,bathroomgraffiti,all,livre decoration,5.6,0,64,final
2026-02-26,bathroomgraffiti,all,livre decoration,5.9,0,56,final
2026-02-27,bathroomgraffiti,all,livre decoration,6.3,0,55,final
2026-02-28,bathroomgraffiti,all,livre decoration,6.3,0,74,final
2026-03-01,bathroomgraffiti,all,livre decoration,4.3,1,72,final
2026-03-02,bathroomgraffiti,all,livre decoration,3.9,3,72,final
2026-03-03,bathroomgraffiti,all,livre decoration,3.9,0,47,final
2026-03-04,bathroomgraffiti,all,livre decoration,3.2,1,43,final
2026-03-05,bathroomgraffiti,all,livre decoration,3.9,2,63,final
2026-03-06,bathroomgraffiti,all,livre decoration,4.2,0,56,final
2026-03-07,bathroomgraffiti,all,livre decoration,3.9,3,48,final
2026-03-08,bathroomgraffiti,all,livre decoration,4.2,0,77,final
2026-03-09,bathroomgraffiti,all,livre decoration,4.3,1,65,final
2026-03-10,bathroomgraffiti,all,livre decoration,3.9,4,48,final
2026-03-11,bathroomgraffiti,all,livre decoration,3.9,1,54,final
2026-03-12,bathroomgraffiti,all,livre decoration,3.5,1,57,final
2026-03-13,bathroomgraffiti,all,livre decoration,2.6,0,51,final
2026-03-14,bathroomgraffiti,all,livre decoration,3.3,1,73,final
2026-03-15,bathroomgraffiti,all,livre decoration,5.5,1,72,final
2026-03-16,bathroomgraffiti,all,livre decoration,5.3,1,64,final
2026-03-17,bathroomgraffiti,all,livre decoration,4.5,0,35,final
2026-03-18,bathroomgraffiti,all,livre decoration,4.3,0,53,final
2026-03-19,bathroomgraffiti,all,livre decoration,4.0,0,27,final
2026-03-20,bathroomgraffiti,all,livre decoration,4.5,1,60,final
2026-03-21,bathroomgraffiti,all,livre decoration,4.0,4,50,final
2026-03-22,bathroomgraffiti,all,livre decoration,3.3,1,65,final
2026-03-23,bathroomgraffiti,all,livre decoration,4.2,0,46,final
2026-03-24,bathroomgraffiti,all,livre decoration,4.7,4,47,final
2026-03-25,bathroomgraffiti,all,livre decoration,5.4,2,41,final
2026-03-26,bathroomgraffiti,all,livre decoration,5.8,0,29,final
2026-03-27,bathroomgraffiti,all,livre decoration,5.5,0,34,final
2026-03-28,bathroomgraffiti,all,livre decoration,5.5,1,57,final
2026-03-29,bathroomgraffiti,all,livre decoration,5.8,1,67,final
2026-03-30,bathroomgraffiti,all,livre decoration,5.5,0,50,final
2026-03-31,bathroomgraffiti,all,livre decoration,6.2,0,32,final
2026-04-01,bathroomgraffiti,all,livre decoration,3.4,1,33,final
2026-04-02,bathroomgraffiti,all,livre decoration,7.1,0,28,final
2026-04-03,bathroomgraffiti,all,livre decoration,4.5,0,31,final
2026-04-04,bathroomgraffiti,all,livre decoration,5,0,34,final
2026-04-05,bathroomgraffiti,all,livre decoration,5.2,0,71,final
2026-04-06,bathroomgraffiti,all,livre decoration,4.3,0,47,final
2026-04-07,bathroomgraffiti,all,livre decoration,4.7,1,40,final
2026-04-08,bathroomgraffiti,all,livre decoration,4.8,1,45,final
2026-04-09,bathroomgraffiti,all,livre decoration,5.8,2,36,final
2026-04-10,bathroomgraffiti,all,livre decoration,6.7,0,32,final
2026-04-11,bathroomgraffiti,all,livre decoration,6.1,2,46,final
2026-04-12,bathroomgraffiti,all,livre decoration,4.9,1,55,final
2026-04-13,bathroomgraffiti,all,livre decoration,5.8,0,42,final
2026-04-14,bathroomgraffiti,all,livre decoration,5.6,0,30,final
2026-04-15,bathroomgraffiti,all,livre decoration,5.4,0,28,final
2026-04-16,bathroomgraffiti,all,livre decoration,5.4,0,39,final
2026-04-17,bathroomgraffiti,all,livre decoration,5.4,0,33,final
2026-04-18,bathroomgraffiti,all,livre decoration,5.1,2,44,final
2026-04-19,bathroomgraffiti,all,livre decoration,4.8,0,52,final
2026-04-20,bathroomgraffiti,all,livre decoration,3.5,1,28,final
2026-04-21,bathroomgraffiti,all,livre decoration,5.1,0,38,final
2026-04-22,bathroomgraffiti,all,livre decoration,5.4,1,29,final
2026-04-23,bathroomgraffiti,all,livre decoration,9.0,1,24,final
2026-04-24,bathroomgraffiti,all,livre decoration,10.7,0,9,final
2026-04-25,bathroomgraffiti,all,livre decoration,10.3,1,22,final
2026-04-26,bathroomgraffiti,all,livre decoration,11.0,0,36,final
2026-04-27,bathroomgraffiti,all,livre decoration,8.3,0,35,final
2026-04-28,bathroomgraffiti,all,livre decoration,8.6,0,38,final
2026-04-29,bathroomgraffiti,all,livre decoration,5.8,2,32,final
2026-04-30,bathroomgraffiti,all,livre decoration,5.6,0,29,final
2026-05-01,bathroomgraffiti,all,livre decoration,5.2,1,24,final
2026-05-02,bathroomgraffiti,all,livre decoration,6.6,0,16,final
2026-05-03,bathroomgraffiti,all,livre decoration,4.3,0,29,final
2026-05-04,bathroomgraffiti,all,livre decoration,5.2,0,27,final
2026-05-05,bathroomgraffiti,all,livre decoration,3.7,3,38,final
2026-05-06,bathroomgraffiti,all,livre decoration,5.1,0,31,final
2026-05-07,bathroomgraffiti,all,livre decoration,4.7,0,36,final
2026-05-08,bathroomgraffiti,all,livre decoration,4.3,0,32,final
2026-05-09,bathroomgraffiti,all,livre decoration,5.2,1,39,final
2026-05-10,bathroomgraffiti,all,livre decoration,4.8,3,58,final
2026-05-11,bathroomgraffiti,all,livre decoration,4.2,0,27,final
2026-05-12,bathroomgraffiti,all,livre decoration,4.8,2,39,final
2026-05-13,bathroomgraffiti,all,livre decoration,4.0,0,53,final
2026-05-14,bathroomgraffiti,all,livre decoration,5.1,0,46,final
2026-05-15,bathroomgraffiti,all,livre decoration,5.8,0,45,final
2026-05-16,bathroomgraffiti,all,livre decoration,5.8,0,58,final
2026-05-17,bathroomgraffiti,all,livre decoration,4.1,0,45,final
2026-05-18,bathroomgraffiti,all,livre decoration,7.8,1,31,final
2026-05-19,bathroomgraffiti,all,livre decoration,10.7,1,34,final
2026-05-20,bathroomgraffiti,all,livre decoration,11.6,1,31,final
2026-05-21,bathroomgraffiti,all,livre decoration,9.7,0,16,final
2026-05-22,bathroomgraffiti,all,livre decoration,9.6,0,24,final
2026-05-23,bathroomgraffiti,all,livre decoration,6.2,0,9,final
2026-05-24,bathroomgraffiti,all,livre decoration,8.4,1,10,final
2026-05-25,bathroomgraffiti,all,livre decoration,7.6,0,16,final
2026-05-26,bathroomgraffiti,all,livre decoration,4.6,1,14,final
2026-05-27,bathroomgraffiti,all,livre decoration,4.8,2,21,final
2026-05-28,bathroomgraffiti,all,livre decoration,3.4,0,23,final
2026-05-29,bathroomgraffiti,all,livre decoration,5.5,0,28,final
2026-05-30,bathroomgraffiti,all,livre decoration,5.8,2,40,final
2026-05-31,bathroomgraffiti,all,livre decoration,5.7,0,28,final
2026-06-01,bathroomgraffiti,all,livre decoration,6.2,0,22,final
2026-06-02,bathroomgraffiti,all,livre decoration,4.2,0,35,final
2026-06-03,bathroomgraffiti,all,livre decoration,10.5,1,20,final
2026-06-04,bathroomgraffiti,all,livre decoration,7.5,0,22,final
2026-06-05,bathroomgraffiti,all,livre decoration,8.2,0,40,final
2026-06-06,bathroomgraffiti,all,livre decoration,8.3,0,31,final
2026-06-07,bathroomgraffiti,all,livre decoration,9.0,0,40,final
2026-06-08,bathroomgraffiti,all,livre decoration,8.6,0,28,final
2026-06-09,bathroomgraffiti,all,livre decoration,8.6,0,34,final
2026-06-10,bathroomgraffiti,all,livre decoration,9.3,0,19,final
2026-06-11,bathroomgraffiti,all,livre decoration,7.4,0,15,final
2026-06-12,bathroomgraffiti,all,livre decoration,7.3,0,28,final
2026-06-13,bathroomgraffiti,all,livre decoration,9.3,0,23,final
2026-06-14,bathroomgraffiti,all,livre decoration,10.9,0,19,final
2026-06-15,bathroomgraffiti,all,livre decoration,2.6,0,10,final
2026-06-16,bathroomgraffiti,all,livre decoration,7.4,0,13,final
2026-06-17,bathroomgraffiti,all,livre decoration,8.7,0,9,final
2026-06-18,bathroomgraffiti,all,livre decoration,6.2,0,13,final
2026-06-19,bathroomgraffiti,all,livre decoration,6.9,0,8,final
2026-06-20,bathroomgraffiti,all,livre decoration,4.1,0,15,final
2026-06-21,bathroomgraffiti,all,livre decoration,5.6,0,18,final
2026-06-22,bathroomgraffiti,all,livre decoration,4.6,1,7,final
2026-06-23,bathroomgraffiti,all,livre decoration,7.4,0,12,final
2026-06-24,bathroomgraffiti,all,livre decoration,3.4,1,9,final
2026-06-25,bathroomgraffiti,all,livre decoration,2.7,0,11,final
2026-06-26,bathroomgraffiti,all,livre decoration,6.0,1,24,final
2026-06-27,bathroomgraffiti,all,livre decoration,7.2,0,13,final
2026-06-28,bathroomgraffiti,all,livre decoration,6.5,0,24,final
2026-06-29,bathroomgraffiti,all,livre decoration,6.1,0,35,final
2026-06-30,bathroomgraffiti,all,livre decoration,6.6,0,31,final
2026-07-01,bathroomgraffiti,all,livre decoration,8.2,0,37,final
2026-07-02,bathroomgraffiti,all,livre decoration,10.6,0,30,final
2026-07-03,bathroomgraffiti,all,livre decoration,9.3,1,26,final
2026-07-04,bathroomgraffiti,all,livre decoration,7.7,1,23,final
2026-07-05,bathroomgraffiti,all,livre decoration,7.9,0,34,final
2026-07-06,bathroomgraffiti,all,livre decoration,10,0,18,final
2026-07-07,bathroomgraffiti,all,livre decoration,9.0,0,23,final
2026-07-08,bathroomgraffiti,all,livre decoration,9.0,0,22,final
2026-07-09,bathroomgraffiti,all,livre decoration,8.4,0,9,final
2026-07-10,bathroomgraffiti,all,livre decoration,7.9,1,8,final
2026-07-11,bathroomgraffiti,all,livre decoration,5.4,0,13,final
2026-07-12,bathroomgraffiti,all,livre decoration,8.8,0,20,final
2026-07-13,bathroomgraffiti,all,livre decoration,9.1,0,14,final
2026-07-14,bathroomgraffiti,all,livre decoration,10.3,1,15,final
2026-07-15,bathroomgraffiti,all,livre decoration,6.4,0,9,final
2026-07-16,bathroomgraffiti,all,livre decoration,5.1,1,20,final
2026-07-17,bathroomgraffiti,all,livre decoration,4.5,0,14,final
2026-07-18,bathroomgraffiti,all,livre decoration,5.8,3,21,final
2026-07-19,bathroomgraffiti,all,livre decoration,9.4,1,29,final
2026-07-20,bathroomgraffiti,all,livre decoration,7,0,29,final
2026-07-21,bathroomgraffiti,all,livre decoration,6.9,0,21,final
2026-07-22,bathroomgraffiti,all,livre decoration,7.1,0,13,final
2026-07-23,bathroomgraffiti,all,livre decoration,6.7,0,22,final
2026-07-24,bathroomgraffiti,all,livre decoration,9.1,0,15,final
2026-07-25,bathroomgraffiti,all,livre decoration,7.6,1,14,final
2026-07-26,bathroomgraffiti,all,livre decoration,5.8,1,20,final
2026-07-27,bathroomgraffiti,all,livre decoration,8.3,0,16,final
2026-07-28,bathroomgraffiti,all,livre decoration,8.1,0,10,final
2026-07-29,bathroomgraffiti,all,livre decoration,3.8,2,13,final
2026-07-30,bathroomgraffiti,all,livre decoration,5.4,1,7,final
2026-07-31,bathroomgraffiti,all,livre decoration,6.5,0,8,final
2026-08-01,bathroomgraffiti,all,livre decoration,3.4,0,34,final
2026-08-02,bathroomgraffiti,all,livre decoration,3.7,3,33,final
2026-08-03,bathroomgraffiti,all,livre decoration,4.1,1,28,final
2026-08-04,bathroomgraffiti,all,livre decoration,6,0,37,final
2026-08-05,bathroomgraffiti,all,livre decoration,7.2,0,20,final
2026-08-06,bathroomgraffiti,all,livre decoration,4.3,0,18,final
2026-08-07,bathroomgraffiti,all,livre decoration,6.9,0,15,final
2026-08-08,bathroomgraffiti,all,livre decoration,11.1,0,14,final
2026-08-09,bathroomgraffiti,all,livre decoration,4.3,1,10,final
2026-08-10,bathroomgraffiti,all,livre decoration,9.8,0,17,final
2026-08-11,bathroomgraffiti,all,livre decoration,6.9,1,12,final
2026-08-12,bathroomgraffiti,all,livre decoration,9.1,0,18,final
2026-08-13,bathroomgraffiti,all,livre decoration,10.3,0,22,final
2026-08-14,bathroomgraffiti,all,livre decoration,5.9,0,17,final
2026-08-15,bathroomgraffiti,all,livre decoration,8.9,0,14,final
2026-08-16,bathroomgraffiti,all,livre decoration,7.4,0,12,final
2026-08-17,bathroomgraffiti,all,livre decoration,4.6,0,11,final
2026-08-18,bathroomgraffiti,all,livre decoration,3.9,0,32,final
2026-08-19,bathroomgraffiti,all,livre decoration,4.2,0,52,final
2026-08-20,bathroomgraffiti,all,livre decoration,2.9,0,51,final
2026-08-21,bathroomgraffiti,all,livre decoration,2.8,1,57,final
2026-08-22,bathroomgraffiti,all,livre decoration,3.2,0,48,final
2026-08-23,bathroomgraffiti,all,livre decoration,3.1,1,63,final
2026-08-24,bathroomgraffiti,all,livre decoration,3.1,2,59,final
2026-08-25,bathroomgraffiti,all,livre decoration,3.3,1,61,final
2026-08-26,bathroomgraffiti,all,livre decoration,3.0,0,55,final
2026-08-27,bathroomgraffiti,all,livre decoration,3.5,1,49,final
2026-08-28,bathroomgraffiti,all,livre decoration,3.5,3,49,final
2026-08-29,bathroomgraffiti,all,livre decoration,3.9,1,66,final
2026-08-30,bathroomgraffiti,all,livre decoration,3.5,2,62,final
2026-08-31,bathroomgraffiti,all,livre decoration,4.8,3,50,final
2026-09-01,bathroomgraffiti,all,livre decoration,3.5,1,39,final
2026-09-02,bathroomgraffiti,all,livre decoration,3,2,45,final
2026-09-03,bathroomgraffiti,all,livre decoration,4.7,0,40,final
2026-09-04,bathroomgraffiti,all,livre decoration,3.6,0,50,final
2026-09-05,bathroomgraffiti,all,livre decoration,4.6,0,52,final
2026-09-06,bathroomgraffiti,all,livre decoration,3.8,0,72,final
2026-09-07,bathroomgraffiti,all,livre decoration,4.9,1,47,final
2026-09-08,bathroomgraffiti,all,livre decoration,3.8,0,47,final
2026-09-09,bathroomgraffiti,all,livre decoration,4.1,1,45,final
2026-09-10,bathroomgraffiti,all,livre decoration,3.0,0,34,final
2026-09-11,bathroomgraffiti,all,livre decoration,2.9,0,50,final
2026-09-12,bathroomgraffiti,all,livre decoration,3.9,1,45,final
2026-09-13,bathroomgraffiti,all,livre decoration,3.0,0,47,final
2026-09-14,bathroomgraffiti,all,livre decoration,3.5,0,39,final
2026-09-15,bathroomgraffiti,all,livre decoration,3.2,0,17,final
2026-09-16,bathroomgraffiti,all,livre decoration,5.6,0,18,final
2026-09-17,bathroomgraffiti,all,livre decoration,2.6,0,24,final
2026-09-18,bathroomgraffiti,all,livre decoration,3.7,1,26,final
2026-09-19,bathroomgraffiti,all,livre decoration,5.5,0,31,final
2026-09-20,bathroomgraffiti,all,livre decoration,3.8,0,34,final
2026-09-21,bathroomgraffiti,all,livre decoration,3.7,0,29,final
2026-09-22,bathroomgraffiti,all,livre decoration,4.9,0,34,final
2026-09-23,bathroomgraffiti,all,livre decoration,2.8,0,44,final
2026-09-24,bathroomgraffiti,all,livre decoration,2.8,1,38,final
2026-09-25,bathroomgraffiti,all,livre decoration,3.2,4,35,final
2026-09-26,bathroomgraffiti,all,livre decoration,2.2,1,32,final
2026-09-27,bathroomgraffiti,all,livre decoration,3.0,1,31,final
2026-09-28,bathroomgraffiti,all,livre decoration,4.0,0,23,final
2026-09-29,bathroomgraffiti,all,livre decoration,2.9,1,22,final
2026-09-30,bathroomgraffiti,all,livre decoration,2.6,2,25,final
2026-10-01,bathroomgraffiti,all,livre decoration,3.3,0,23,final
2026-10-02,bathroomgraffiti,all,livre decoration,2.4,0,21,final
2026-10-03,bathroomgraffiti,all,livre decoration,3.1,0,43,final
2026-10-04,bathroomgraffiti,all,livre decoration,2.4,2,50,fresh
2026-10-05,bathroomgraffiti,all,livre decoration,4.2,0,15,fresh
2025-06-12,bathroomgraffiti,all,peluche sonny angel,2.4,0,5,final
2025-06-13,bathroomgraffiti,all,peluche sonny angel,2,0,3,final
2025-06-14,bathroomgraffiti,all,peluche sonny angel,2.2,0,4,final
2025-06-15,bathroomgraffiti,all,peluche sonny angel,2,0,5,final
2025-06-16,bathroomgraffiti,all,peluche sonny angel,2.8,0,4,final
2025-06-17,bathroomgraffiti,all,peluche sonny angel,2.2,0,4,final
2025-06-18,bathroomgraffiti,all,peluche sonny angel,2,0,4,final
2025-06-19,bathroomgraffiti,all,peluche sonny angel,2.2,0,5,final
2025-06-20,bathroomgraffiti,all,peluche sonny angel,2.2,0,5,final
2025-06-21,bathroomgraffiti,all,peluche sonny angel,2.4,0,5,final
2025-06-22,bathroomgraffiti,all,peluche sonny angel,2.5,0,2,final
2025-06-23,bathroomgraffiti,all,peluche sonny angel,2.3,0,3,final
2025-06-24,bathroomgraffiti,all,peluche sonny angel,2.5,0,4,final
2025-06-25,bathroomgraffiti,all,peluche sonny angel,2.3,0,3,final
2025-06-26,bathroomgraffiti,all,peluche sonny angel,3,0,1,final
2025-06-27,bathroomgraffiti,all,peluche sonny angel,2.2,1,5,final
2025-06-28,bathroomgraffiti,all,peluche sonny angel,2,0,6,final
2025-06-29,bathroomgraffiti,all,peluche sonny angel,2,0,2,final
2025-06-30,bathroomgraffiti,all,peluche sonny angel,2.2,0,4,final
2025-07-01,bathroomgraffiti,all,peluche sonny angel,3,0,1,final
2025-07-02,bathroomgraffiti,all,peluche sonny angel,3.1,0,7,final
2025-07-03,bathroomgraffiti,all,peluche sonny angel,5.8,0,4,final
2025-07-04,bathroomgraffiti,all,peluche sonny angel,4,0,7,final
2025-07-05,bathroomgraffiti,all,peluche sonny angel,2,0,2,final
2025-07-06,bathroomgraffiti,all,peluche sonny angel,5,0,7,final
2025-07-07,bathroomgraffiti,all,peluche sonny angel,3.2,0,13,final
2025-07-08,bathroomgraffiti,all,peluche sonny angel,2.5,0,4,final
2025-07-09,bathroomgraffiti,all,peluche sonny angel,2,0,3,final
2025-07-10,bathroomgraffiti,all,peluche sonny angel,2.6,0,5,final
2025-07-11,bathroomgraffiti,all,peluche sonny angel,4.8,0,5,final
2025-07-17,bathroomgraffiti,all,peluche sonny angel,16.5,0,2,final
2025-07-19,bathroomgraffiti,all,peluche sonny angel,2.5,0,4,final
2025-07-21,bathroomgraffiti,all,peluche sonny angel,2,0,5,final
2025-07-22,bathroomgraffiti,all,peluche sonny angel,2.5,0,2,final
2025-07-23,bathroomgraffiti,all,peluche sonny angel,1,0,1,final
2025-07-24,bathroomgraffiti,all,peluche sonny angel,8,0,2,final
2025-07-26,bathroomgraffiti,all,peluche sonny angel,1,0,1,final
2025-07-27,bathroomgraffiti,all,peluche sonny angel,3,0,1,final
2025-07-29,bathroomgraffiti,all,peluche sonny angel,4,0,1,final
2025-07-30,bathroomgraffiti,all,peluche sonny angel,4.5,0,2,final
2025-07-31,bathroomgraffiti,all,peluche sonny angel,3,0,1,final
2025-08-02,bathroomgraffiti,all,peluche sonny angel,10.5,0,2,final
2025-08-04,bathroomgraffiti,all,peluche sonny angel,6.5,0,6,final
2025-08-05,bathroomgraffiti,all,peluche sonny angel,7.3,0,3,final
2025-08-06,bathroomgraffiti,all,peluche sonny angel,8.3,0,3,final
2025-08-07,bathroomgraffiti,all,peluche sonny angel,7.3,1,3,final
2025-08-10,bathroomgraffiti,all,peluche sonny angel,5.7,0,3,final
2025-08-11,bathroomgraffiti,all,peluche sonny angel,3,0,2,final
2025-08-12,bathroomgraffiti,all,peluche sonny angel,6,0,1,final
2025-08-13,bathroomgraffiti,all,peluche sonny angel,3.5,0,2,final
2025-08-14,bathroomgraffiti,all,peluche sonny angel,2,0,3,final
2025-08-15,bathroomgraffiti,all,peluche sonny angel,2,0,3,final
2025-08-16,bathroomgraffiti,all,peluche sonny angel,7,0,1,final
2025-08-17,bathroomgraffiti,all,peluche sonny angel,5,1,1,final
2025-08-18,bathroomgraffiti,all,peluche sonny angel,3.5,0,4,final
2025-08-19,bathroomgraffiti,all,peluche sonny angel,2,0,1,final
2025-08-21,bathroomgraffiti,all,peluche sonny angel,2,0,1,final
2025-08-22,bathroomgraffiti,all,peluche sonny angel,4,0,5,final
2025-08-23,bathroomgraffiti,all,peluche sonny angel,3,0,1,final
2025-08-24,bathroomgraffiti,all,peluche sonny angel,3,0,1,final
2025-08-25,bathroomgraffiti,all,peluche sonny angel,2,0,1,final
2025-08-27,bathroomgraffiti,all,peluche sonny angel,3,0,4,final
2025-08-28,bathroomgraffiti,all,peluche sonny angel,2.8,0,6,final
2025-08-29,bathroomgraffiti,all,peluche sonny angel,8.3,0,3,final
2025-08-30,bathroomgraffiti,all,peluche sonny angel,3.8,0,4,final
2025-08-31,bathroomgraffiti,all,peluche sonny angel,5,0,2,final
2025-09-01,bathroomgraffiti,all,peluche sonny angel,2,0,1,final
2025-09-02,bathroomgraffiti,all,peluche sonny angel,8,0,2,final
2025-09-05,bathroomgraffiti,all,peluche sonny angel,3,0,2,final
2025-09-06,bathroomgraffiti,all,peluche sonny angel,3,0,1,final
2025-09-07,bathroomgraffiti,all,peluche sonny angel,3,0,1,final
2025-09-10,bathroomgraffiti,all,peluche sonny angel,4,0,2,final
2025-09-11,bathroomgraffiti,all,peluche sonny angel,5.3,0,3,final
2025-09-12,bathroomgraffiti,all,peluche sonny angel,3.3,0,3,final
2025-09-13,bathroomgraffiti,all,peluche sonny angel,3.8,0,6,final
2025-09-14,bathroomgraffiti,all,peluche sonny angel,10.2,0,4,final
2025-09-15,bathroomgraffiti,all,peluche sonny angel,4,0,1,final
2025-09-16,bathroomgraffiti,all,peluche sonny angel,3,0,1,final
2025-09-17,bathroomgraffiti,all,peluche sonny angel,9,0,3,final
2025-09-18,bathroomgraffiti,all,peluche sonny angel,7.5,0,2,final
2025-09-19,bathroomgraffiti,all,peluche sonny angel,3,0,1,final
2025-09-20,bathroomgraffiti,all,peluche sonny angel,2.7,1,7,final
2025-09-21,bathroomgraffiti,all,peluche sonny angel,3.8,0,9,final
2025-09-22,bathroomgraffiti,all,peluche sonny angel,2.2,0,5,final
2025-09-23,bathroomgraffiti,all,peluche sonny angel,3,0,5,final
2025-09-24,bathroomgraffiti,all,peluche sonny angel,2.7,0,3,final
2025-09-25,bathroomgraffiti,all,peluche sonny angel,2,1,2,final
2025-09-26,bathroomgraffiti,all,peluche sonny angel,3,0,2,final
2025-09-27,bathroomgraffiti,all,peluche sonny angel,2.3,0,6,final
2025-09-28,bathroomgraffiti,all,peluche sonny angel,2.2,0,5,final
2025-09-29,bathroomgraffiti,all,peluche sonny angel,2.6,0,5,final
2025-09-30,bathroomgraffiti,all,peluche sonny angel,2.6,0,5,final
2025-10-02,bathroomgraffiti,all,peluche sonny angel,2.5,0,28,final
2025-10-03,bathroomgraffiti,all,peluche sonny angel,2.5,0,8,final
2025-10-04,bathroomgraffiti,all,peluche sonny angel,2.5,1,15,final
2025-10-05,bathroomgraffiti,all,peluche sonny angel,2.4,0,13,final
2025-10-06,bathroomgraffiti,all,peluche sonny angel,2.5,0,2,final
2025-10-07,bathroomgraffiti,all,peluche sonny angel,3,0,2,final
2025-10-08,bathroomgraffiti,all,peluche sonny angel,3,0,4,final
2025-10-09,bathroomgraffiti,all,peluche sonny angel,3.3,0,3,final
2025-10-10,bathroomgraffiti,all,peluche sonny angel,5,0,1,final
2025-10-11,bathroomgraffiti,all,peluche sonny angel,1,0,1,final
2025-10-13,bathroomgraffiti,all,peluche sonny angel,4,0,1,final
2025-10-14,bathroomgraffiti,all,peluche sonny angel,5,0,1,final
2025-10-15,bathroomgraffiti,all,peluche sonny angel,15,0,1,final
2025-10-16,bathroomgraffiti,all,peluche sonny angel,1,0,1,final
2025-10-17,bathroomgraffiti,all,peluche sonny angel,15,1,1,final
2025-10-18,bathroomgraffiti,all,peluche sonny angel,15,0,1,final
2025-10-20,bathroomgraffiti,all,peluche sonny angel,7,0,1,final
2025-10-21,bathroomgraffiti,all,peluche sonny angel,3,0,1,final
2025-10-22,bathroomgraffiti,all,peluche sonny angel,3,0,3,final
2025-10-23,bathroomgraffiti,all,peluche sonny angel,11,0,1,final
2025-10-27,bathroomgraffiti,all,peluche sonny angel,2.8,0,4,final
2025-10-28,bathroomgraffiti,all,peluche sonny angel,2,0,3,final
2025-10-29,bathroomgraffiti,all,peluche sonny angel,2.6,1,10,final
2025-10-30,bathroomgraffiti,all,peluche sonny angel,2.3,0,10,final
2025-10-31,bathroomgraffiti,all,peluche sonny angel,2,0,1,final
2025-11-01,bathroomgraffiti,all,peluche sonny angel,2.2,0,5,final
2025-11-02,bathroomgraffiti,all,peluche sonny angel,2.6,0,8,final
2025-11-03,bathroomgraffiti,all,peluche sonny angel,2,0,1,final
2025-11-04,bathroomgraffiti,all,peluche sonny angel,2.3,0,3,final
2025-11-05,bathroomgraffiti,all,peluche sonny angel,2.5,0,2,final
2025-11-06,bathroomgraffiti,all,peluche sonny angel,3,0,2,final
2025-11-07,bathroomgraffiti,all,peluche sonny angel,2.3,0,3,final
2025-11-08,bathroomgraffiti,all,peluche sonny angel,2,0,2,final
2025-11-09,bathroomgraffiti,all,peluche sonny angel,2.2,0,9,final
2025-11-10,bathroomgraffiti,all,peluche sonny angel,2.8,0,8,final
2025-11-11,bathroomgraffiti,all,peluche sonny angel,2.2,1,20,final
2025-11-12,bathroomgraffiti,all,peluche sonny angel,2.3,0,9,final
2025-11-13,bathroomgraffiti,all,peluche sonny angel,2.2,0,12,final
2025-11-14,bathroomgraffiti,all,peluche sonny angel,2.2,0,6,final
2025-11-15,bathroomgraffiti,all,peluche sonny angel,2.3,0,19,final
2025-11-16,bathroomgraffiti,all,peluche sonny angel,2.2,1,14,final
2025-11-17,bathroomgraffiti,all,peluche sonny angel,2.5,0,2,final
2025-11-18,bathroomgraffiti,all,peluche sonny angel,2.3,0,3,final
2025-11-19,bathroomgraffiti,all,peluche sonny angel,2.5,0,6,final
2025-11-20,bathroomgraffiti,all,peluche sonny angel,2.6,0,7,final
2025-11-21,bathroomgraffiti,all,peluche sonny angel,2,0,6,final
2025-11-22,bathroomgraffiti,all,peluche sonny angel,2,0,3,final
2025-11-23,bathroomgraffiti,all,peluche sonny angel,2.2,0,8,final
2025-11-24,bathroomgraffiti,all,peluche sonny angel,2,0,3,final
2025-11-25,bathroomgraffiti,all,peluche sonny angel,2,0,3,final
2025-11-26,bathroomgraffiti,all,peluche sonny angel,3,0,2,final
2025-11-27,bathroomgraffiti,all,peluche sonny angel,2.2,0,5,final
2025-11-29,bathroomgraffiti,all,peluche sonny angel,2,1,4,final
2025-11-30,bathroomgraffiti,all,peluche sonny angel,2.1,0,10,final
2025-12-01,bathroomgraffiti,all,peluche sonny angel,2.1,1,7,final
2025-12-02,bathroomgraffiti,all,peluche sonny angel,2.1,0,7,final
2025-12-03,bathroomgraffiti,all,peluche sonny angel,2.1,1,9,final
2025-12-04,bathroomgraffiti,all,peluche sonny angel,2.0,2,25,final
2025-12-05,bathroomgraffiti,all,peluche sonny angel,2.2,0,5,final
2025-12-06,bathroomgraffiti,all,peluche sonny angel,2.2,0,6,final
2025-12-07,bathroomgraffiti,all,peluche sonny angel,2,0,4,final
2025-12-08,bathroomgraffiti,all,peluche sonny angel,2.6,0,5,final
2025-12-09,bathroomgraffiti,all,peluche sonny angel,2.5,1,6,final
2025-12-10,bathroomgraffiti,all,peluche sonny angel,2.8,0,6,final
2025-12-11,bathroomgraffiti,all,peluche sonny angel,2.2,0,9,final
2025-12-12,bathroomgraffiti,all,peluche sonny angel,2.7,0,3,final
2025-12-13,bathroomgraffiti,all,peluche sonny angel,3,1,2,final
2025-12-14,bathroomgraffiti,all,peluche sonny angel,2,0,6,final
2025-12-15,bathroomgraffiti,all,peluche sonny angel,2.2,0,4,final
2025-12-16,bathroomgraffiti,all,peluche sonny angel,2.3,0,3,final
2025-12-17,bathroomgraffiti,all,peluche sonny angel,2.6,0,9,final
2025-12-18,bathroomgraffiti,all,peluche sonny angel,3,0,2,final
2025-12-19,bathroomgraffiti,all,peluche sonny angel,2.7,0,11,final
2025-12-20,bathroomgraffiti,all,peluche sonny angel,2.6,1,13,final
2025-12-21,bathroomgraffiti,all,peluche sonny angel,2.1,0,8,final
2025-12-22,bathroomgraffiti,all,peluche sonny angel,2.2,0,6,final
2025-12-23,bathroomgraffiti,all,peluche sonny angel,2.6,0,5,final
2025-12-24,bathroomgraffiti,all,peluche sonny angel,2,0,6,final
2025-12-25,bathroomgraffiti,all,peluche sonny angel,2,0,6,final
2025-12-26,bathroomgraffiti,all,peluche sonny angel,2,0,4,final
2025-12-27,bathroomgraffiti,all,peluche sonny angel,2.4,0,5,final
2025-12-28,bathroomgraffiti,all,peluche sonny angel,2,0,8,final
2025-12-29,bathroomgraffiti,all,peluche sonny angel,2.1,1,9,final
2025-12-30,bathroomgraffiti,all,peluche sonny angel,2,0,4,final
2025-12-31,bathroomgraffiti,all,peluche sonny angel,2,0,3,final
2026-01-01,bathroomgraffiti,all,peluche sonny angel,2,0,2,final
2026-01-02,bathroomgraffiti,all,peluche sonny angel,3,0,1,final
2026-01-03,bathroomgraffiti,all,peluche sonny angel,2,0,3,final
2026-01-05,bathroomgraffiti,all,peluche sonny angel,2,0,1,final
2026-01-06,bathroomgraffiti,all,peluche sonny angel,2,0,4,final
2026-01-07,bathroomgraffiti,all,peluche sonny angel,2.3,0,3,final
2026-01-08,bathroomgraffiti,all,peluche sonny angel,1.5,1,4,final
2026-01-09,bathroomgraffiti,all,peluche sonny angel,2,0,4,final
2026-01-10,bathroomgraffiti,all,peluche sonny angel,2,0,8,final
2026-01-12,bathroomgraffiti,all,peluche sonny angel,1.8,0,4,final
2026-01-14,bathroomgraffiti,all,peluche sonny angel,2,0,3,final
2026-01-15,bathroomgraffiti,all,peluche sonny angel,2,0,3,final
2026-01-16,bathroomgraffiti,all,peluche sonny angel,2,0,4,final
2026-01-17,bathroomgraffiti,all,peluche sonny angel,2,0,4,final
2026-01-18,bathroomgraffiti,all,peluche sonny angel,2,0,4,final
2026-01-19,bathroomgraffiti,all,peluche sonny angel,4,0,1,final
2026-01-21,bathroomgraffiti,all,peluche sonny angel,2,0,4,final
2026-01-22,bathroomgraffiti,all,peluche sonny angel,2,0,2,final
2026-01-23,bathroomgraffiti,all,peluche sonny angel,2.2,0,5,final
2026-01-24,bathroomgraffiti,all,peluche sonny angel,1.5,0,2,final
2026-01-25,bathroomgraffiti,all,peluche sonny angel,2,0,10,final
2026-01-26,bathroomgraffiti,all,peluche sonny angel,2,0,5,final
2026-01-27,bathroomgraffiti,all,peluche sonny angel,9.2,1,5,final
2026-01-28,bathroomgraffiti,all,peluche sonny angel,2,0,2,final
2026-01-29,bathroomgraffiti,all,peluche sonny angel,2,1,3,final
2026-01-30,bathroomgraffiti,all,peluche sonny angel,1.7,0,7,final
2026-01-31,bathroomgraffiti,all,peluche sonny angel,1.8,1,6,final
2026-02-01,bathroomgraffiti,all,peluche sonny angel,2,0,1,final
2026-02-03,bathroomgraffiti,all,peluche sonny angel,2,0,2,final
2026-02-04,bathroomgraffiti,all,peluche sonny angel,1.7,0,3,final
2026-02-05,bathroomgraffiti,all,peluche sonny angel,1.8,1,5,final
2026-02-06,bathroomgraffiti,all,peluche sonny angel,1.8,1,5,final
2026-02-07,bathroomgraffiti,all,peluche sonny angel,1.9,1,8,final
2026-02-08,bathroomgraffiti,all,peluche sonny angel,2,0,3,final
2026-02-09,bathroomgraffiti,all,peluche sonny angel,2,0,2,final
2026-02-10,bathroomgraffiti,all,peluche sonny angel,2,0,1,final
2026-02-11,bathroomgraffiti,all,peluche sonny angel,1.8,0,4,final
2026-02-12,bathroomgraffiti,all,peluche sonny angel,2,1,8,final
2026-02-13,bathroomgraffiti,all,peluche sonny angel,2,1,6,final
2026-02-14,bathroomgraffiti,all,peluche sonny angel,1.7,0,3,final
2026-02-15,bathroomgraffiti,all,peluche sonny angel,2,1,6,final
2026-02-16,bathroomgraffiti,all,peluche sonny angel,1.7,0,6,final
2026-02-17,bathroomgraffiti,all,peluche sonny angel,1.3,0,3,final
2026-02-18,bathroomgraffiti,all,peluche sonny angel,2.3,0,7,final
2026-02-19,bathroomgraffiti,all,peluche sonny angel,2,0,2,final
2026-02-20,bathroomgraffiti,all,peluche sonny angel,2,0,4,final
2026-02-21,bathroomgraffiti,all,peluche sonny angel,1.8,0,4,final
2026-02-22,bathroomgraffiti,all,peluche sonny angel,2,1,3,final
2026-02-23,bathroomgraffiti,all,peluche sonny angel,3.5,1,6,final
2026-02-24,bathroomgraffiti,all,peluche sonny angel,1,0,1,final
2026-02-25,bathroomgraffiti,all,peluche sonny angel,2,0,3,final
2026-02-26,bathroomgraffiti,all,peluche sonny angel,2.5,0,4,final
2026-02-28,bathroomgraffiti,all,peluche sonny angel,2,0,1,final
2026-03-01,bathroomgraffiti,all,peluche sonny angel,2,0,5,final
2026-03-03,bathroomgraffiti,all,peluche sonny angel,2,0,1,final
2026-03-04,bathroomgraffiti,all,peluche sonny angel,2,0,2,final
2026-03-05,bathroomgraffiti,all,peluche sonny angel,2,0,2,final
2026-03-07,bathroomgraffiti,all,peluche sonny angel,7,0,2,final
2026-03-09,bathroomgraffiti,all,peluche sonny angel,2,0,1,final
2026-03-10,bathroomgraffiti,all,peluche sonny angel,2,0,2,final
2026-03-11,bathroomgraffiti,all,peluche sonny angel,1.8,1,6,final
2026-03-12,bathroomgraffiti,all,peluche sonny angel,2,0,4,final
2026-03-13,bathroomgraffiti,all,peluche sonny angel,2,1,1,final
2026-03-14,bathroomgraffiti,all,peluche sonny angel,2,1,3,final
2026-03-15,bathroomgraffiti,all,peluche sonny angel,2,0,1,final
2026-03-16,bathroomgraffiti,all,peluche sonny angel,2,0,1,final
2026-03-17,bathroomgraffiti,all,peluche sonny angel,1,0,1,final
2026-03-21,bathroomgraffiti,all,peluche sonny angel,1.7,0,3,final
2026-03-22,bathroomgraffiti,all,peluche sonny angel,2,1,4,final
2026-03-25,bathroomgraffiti,all,peluche sonny angel,2,1,3,final
2026-03-26,bathroomgraffiti,all,peluche sonny angel,2,1,4,final
2026-03-27,bathroomgraffiti,all,peluche sonny angel,2,0,1,final
2026-03-28,bathroomgraffiti,all,peluche sonny angel,2,1,1,final
2026-03-29,bathroomgraffiti,all,peluche sonny angel,1,0,1,final
2026-03-30,bathroomgraffiti,all,peluche sonny angel,2,0,1,final
2026-04-02,bathroomgraffiti,all,peluche sonny angel,2,0,2,final
2026-04-04,bathroomgraffiti,all,peluche sonny angel,2,0,1,final
2026-04-05,bathroomgraffiti,all,peluche sonny angel,1.8,0,4,final
2026-04-06,bathroomgraffiti,all,peluche sonny angel,2,0,1,final
2026-04-07,bathroomgraffiti,all,peluche sonny angel,2,0,1,final
2026-04-08,bathroomgraffiti,all,peluche sonny angel,2,0,1,final
2026-04-10,bathroomgraffiti,all,peluche sonny angel,2,0,2,final
2026-04-11,bathroomgraffiti,all,peluche sonny angel,2.7,0,3,final
2026-04-12,bathroomgraffiti,all,peluche sonny angel,2,0,5,final
2026-04-13,bathroomgraffiti,all,peluche sonny angel,2,0,1,final
2026-04-15,bathroomgraffiti,all,peluche sonny angel,2,0,1,final
2026-04-17,bathroomgraffiti,all,peluche sonny angel,2,0,1,final
2026-04-18,bathroomgraffiti,all,peluche sonny angel,3.8,0,5,final
2026-04-21,bathroomgraffiti,all,peluche sonny angel,2,0,1,final
2026-04-22,bathroomgraffiti,all,peluche sonny angel,2.7,0,3,final
2026-04-23,bathroomgraffiti,all,peluche sonny angel,2,0,1,final
2026-04-24,bathroomgraffiti,all,peluche sonny angel,2,1,3,final
2026-04-25,bathroomgraffiti,all,peluche sonny angel,2,0,1,final
2026-04-26,bathroomgraffiti,all,peluche sonny angel,2,0,5,final
2026-04-27,bathroomgraffiti,all,peluche sonny angel,2,0,2,final
2026-04-28,bathroomgraffiti,all,peluche sonny angel,2,0,4,final
2026-04-29,bathroomgraffiti,all,peluche sonny angel,2,0,2,final
2026-04-30,bathroomgraffiti,all,peluche sonny angel,2.5,1,10,final
2026-05-01,bathroomgraffiti,all,peluche sonny angel,1.8,1,4,final
2026-05-02,bathroomgraffiti,all,peluche sonny angel,2,0,3,final
2026-05-04,bathroomgraffiti,all,peluche sonny angel,2,0,2,final
2026-05-05,bathroomgraffiti,all,peluche sonny angel,2,0,1,final
2026-05-06,bathroomgraffiti,all,peluche sonny angel,2,0,1,final
2026-05-07,bathroomgraffiti,all,peluche sonny angel,2,0,6,final
2026-05-09,bathroomgraffiti,all,peluche sonny angel,2,0,1,final
2026-05-11,bathroomgraffiti,all,peluche sonny angel,2,0,3,final
2026-05-13,bathroomgraffiti,all,peluche sonny angel,2,0,3,final
2026-05-14,bathroomgraffiti,all,peluche sonny angel,2,0,1,final
2026-05-15,bathroomgraffiti,all,peluche sonny angel,2,0,18,final
2026-05-16,bathroomgraffiti,all,peluche sonny angel,2.1,0,7,final
2026-05-17,bathroomgraffiti,all,peluche sonny angel,2,0,4,final
2026-05-18,bathroomgraffiti,all,peluche sonny angel,2,0,2,final
2026-05-19,bathroomgraffiti,all,peluche sonny angel,2,0,1,final
2026-05-20,bathroomgraffiti,all,peluche sonny angel,2,0,3,final
2026-05-21,bathroomgraffiti,all,peluche sonny angel,2,0,1,final
2026-05-22,bathroomgraffiti,all,peluche sonny angel,2,0,1,final
2026-05-23,bathroomgraffiti,all,peluche sonny angel,2,0,2,final
2026-05-24,bathroomgraffiti,all,peluche sonny angel,2,0,3,final
2026-05-25,bathroomgraffiti,all,peluche sonny angel,2,0,1,final
2026-05-26,bathroomgraffiti,all,peluche sonny angel,2,0,2,final
2026-05-27,bathroomgraffiti,all,peluche sonny angel,2,0,7,final
2026-05-28,bathroomgraffiti,all,peluche sonny angel,2,0,1,final
2026-05-30,bathroomgraffiti,all,peluche sonny angel,2,0,3,final
2026-05-31,bathroomgraffiti,all,peluche sonny angel,2,0,1,final
2026-06-01,bathroomgraffiti,all,peluche sonny angel,1.2,0,4,final
2026-06-02,bathroomgraffiti,all,peluche sonny angel,1.8,0,5,final
2026-06-03,bathroomgraffiti,all,peluche sonny angel,2,0,1,final
2026-06-04,bathroomgraffiti,all,peluche sonny angel,2,0,3,final
2026-06-05,bathroomgraffiti,all,peluche sonny angel,2,0,5,final
2026-06-06,bathroomgraffiti,all,peluche sonny angel,2,0,3,final
2026-06-07,bathroomgraffiti,all,peluche sonny angel,2,0,2,final
2026-06-08,bathroomgraffiti,all,peluche sonny angel,2,0,3,final
2026-06-09,bathroomgraffiti,all,peluche sonny angel,1,0,1,final
2026-06-11,bathroomgraffiti,all,peluche sonny angel,2,0,3,final
2026-06-12,bathroomgraffiti,all,peluche sonny angel,2,0,1,final
2026-06-13,bathroomgraffiti,all,peluche sonny angel,5.8,0,4,final
2026-06-14,bathroomgraffiti,all,peluche sonny angel,2,0,2,final
2026-06-15,bathroomgraffiti,all,peluche sonny angel,2,0,2,final
2026-06-16,bathroomgraffiti,all,peluche sonny angel,2,0,1,final
2026-06-17,bathroomgraffiti,all,peluche sonny angel,2,0,3,final
2026-06-18,bathroomgraffiti,all,peluche sonny angel,2,0,1,final
2026-06-19,bathroomgraffiti,all,peluche sonny angel,2,0,1,final
2026-06-20,bathroomgraffiti,all,peluche sonny angel,2,0,4,final
2026-06-21,bathroomgraffiti,all,peluche sonny angel,1,0,1,final
2026-06-22,bathroomgraffiti,all,peluche sonny angel,1.7,0,3,final
2026-06-24,bathroomgraffiti,all,peluche sonny angel,2,1,1,final
2026-06-25,bathroomgraffiti,all,peluche sonny angel,1.5,0,2,final
2026-06-26,bathroomgraffiti,all,peluche sonny angel,2.5,0,2,final
2026-06-27,bathroomgraffiti,all,peluche sonny angel,2,0,5,final
2026-06-28,bathroomgraffiti,all,peluche sonny angel,2,0,4,final
2026-06-29,bathroomgraffiti,all,peluche sonny angel,2,1,2,final
2026-06-30,bathroomgraffiti,all,peluche sonny angel,2,1,2,final
2026-07-01,bathroomgraffiti,all,peluche sonny angel,2,0,5,final
2026-07-02,bathroomgraffiti,all,peluche sonny angel,2,0,6,final
2026-07-04,bathroomgraffiti,all,peluche sonny angel,2,0,1,final
2026-07-05,bathroomgraffiti,all,peluche sonny angel,1,0,1,final
2026-07-06,bathroomgraffiti,all,peluche sonny angel,1.5,0,2,final
2026-07-08,bathroomgraffiti,all,peluche sonny angel,2,0,3,final
2026-07-09,bathroomgraffiti,all,peluche sonny angel,2,0,5,final
2026-07-10,bathroomgraffiti,all,peluche sonny angel,2.2,2,13,final
2026-07-11,bathroomgraffiti,all,peluche sonny angel,2,0,7,final
2026-07-12,bathroomgraffiti,all,peluche sonny angel,2,0,7,final
2026-07-13,bathroomgraffiti,all,peluche sonny angel,2,1,8,final
2026-07-14,bathroomgraffiti,all,peluche sonny angel,2,0,1,final
2026-07-15,bathroomgraffiti,all,peluche sonny angel,2,0,14,final
2026-07-16,bathroomgraffiti,all,peluche sonny angel,2,1,10,final
2026-07-17,bathroomgraffiti,all,peluche sonny angel,2,0,4,final
2026-07-18,bathroomgraffiti,all,peluche sonny angel,2,0,4,final
2026-07-19,bathroomgraffiti,all,peluche sonny angel,2.2,0,5,final
2026-07-20,bathroomgraffiti,all,peluche sonny angel,2.3,0,3,final
2026-07-21,bathroomgraffiti,all,peluche sonny angel,2,0,3,final
2026-07-22,bathroomgraffiti,all,peluche sonny angel,2.7,0,3,final
2026-07-23,bathroomgraffiti,all,peluche sonny angel,2.1,0,10,final
2026-07-24,bathroomgraffiti,all,peluche sonny angel,2.2,0,4,final
2026-07-25,bathroomgraffiti,all,peluche sonny angel,2,0,1,final
2026-07-26,bathroomgraffiti,all,peluche sonny angel,2.4,0,8,final
2026-07-27,bathroomgraffiti,all,peluche sonny angel,2,0,1,final
2026-07-28,bathroomgraffiti,all,peluche sonny angel,2,1,2,final
2026-07-29,bathroomgraffiti,all,peluche sonny angel,2.4,0,9,final
2026-07-30,bathroomgraffiti,all,peluche sonny angel,2,0,5,final
2026-07-31,bathroomgraffiti,all,peluche sonny angel,2,0,2,final
2026-08-01,bathroomgraffiti,all,peluche sonny angel,1.7,0,3,final
2026-08-02,bathroomgraffiti,all,peluche sonny angel,2,0,2,final
2026-08-03,bathroomgraffiti,all,peluche sonny angel,2.2,0,6,final
2026-08-04,bathroomgraffiti,all,peluche sonny angel,2,0,3,final
2026-08-05,bathroomgraffiti,all,peluche sonny angel,2,0,1,final
2026-08-06,bathroomgraffiti,all,peluche sonny angel,2.2,0,6,final
2026-08-07,bathroomgraffiti,all,peluche sonny angel,2,0,1,final
2026-08-08,bathroomgraffiti,all,peluche sonny angel,2,0,1,final
2026-08-09,bathroomgraffiti,all,peluche sonny angel,2,0,2,final
2026-08-10,bathroomgraffiti,all,peluche sonny angel,3,0,8,final
2026-08-11,bathroomgraffiti,all,peluche sonny angel,2.1,1,17,final
2026-08-12,bathroomgraffiti,all,peluche sonny angel,2.3,0,3,final
2026-08-13,bathroomgraffiti,all,peluche sonny angel,2.5,0,4,final
2026-08-14,bathroomgraffiti,all,peluche sonny angel,2,0,2,final
2026-08-15,bathroomgraffiti,all,peluche sonny angel,2.5,0,2,final
2026-08-16,bathroomgraffiti,all,peluche sonny angel,2,0,2,final
2026-08-18,bathroomgraffiti,all,peluche sonny angel,1.8,0,5,final
2026-08-19,bathroomgraffiti,all,peluche sonny angel,2,0,2,final
2026-08-20,bathroomgraffiti,all,peluche sonny angel,3,0,2,final
2026-08-21,bathroomgraffiti,all,peluche sonny angel,2.4,1,5,final
2026-08-22,bathroomgraffiti,all,peluche sonny angel,2.8,0,4,final
2026-08-23,bathroomgraffiti,all,peluche sonny angel,2.4,0,5,final
2026-08-24,bathroomgraffiti,all,peluche sonny angel,2,0,2,final
2026-08-27,bathroomgraffiti,all,peluche sonny angel,4,0,1,final
2026-09-02,bathroomgraffiti,all,peluche sonny angel,2,0,3,final
2026-09-07,bathroomgraffiti,all,peluche sonny angel,2,0,1,final
2026-09-08,bathroomgraffiti,all,peluche sonny angel,1.5,0,2,final
2026-09-10,bathroomgraffiti,all,peluche sonny angel,2,0,5,final
2026-09-12,bathroomgraffiti,all,peluche sonny angel,2,0,2,final
2026-09-13,bathroomgraffiti,all,peluche sonny angel,2.5,2,4,final
2026-09-14,bathroomgraffiti,all,peluche sonny angel,2,0,3,final
2026-09-15,bathroomgraffiti,all,peluche sonny angel,1.5,0,2,final
2026-09-16,bathroomgraffiti,all,peluche sonny angel,2,0,1,final
2026-09-17,bathroomgraffiti,all,peluche sonny angel,2,0,1,final
2026-09-18,bathroomgraffiti,all,peluche sonny angel,2,0,2,final
2026-09-20,bathroomgraffiti,all,peluche sonny angel,2,0,1,final
2026-09-21,bathroomgraffiti,all,peluche sonny angel,2,0,1,final
2026-09-22,bathroomgraffiti,all,peluche sonny angel,2,0,1,final
2026-09-23,bathroomgraffiti,all,peluche sonny angel,3,0,1,final
2026-09-24,bathroomgraffiti,all,peluche sonny angel,2,0,4,final
2026-09-25,bathroomgraffiti,all,peluche sonny angel,2,0,4,final
2026-09-26,bathroomgraffiti,all,peluche sonny angel,1.8,1,4,final
2026-09-27,bathroomgraffiti,all,peluche sonny angel,4,0,1,final
2026-09-29,bathroomgraffiti,all,peluche sonny angel,2,0,3,final
2026-09-30,bathroomgraffiti,all,peluche sonny angel,2,0,2,final
2026-10-02,bathroomgraffiti,all,peluche sonny angel,2,2,5,final
2026-10-04,bathroomgraffiti,all,peluche sonny angel,2,0,3,fresh
2025-06-12,bathroomgraffiti,all,plateau bazar de luxe,2.8,0,4,final
2025-06-13,bathroomgraffiti,all,plateau bazar de luxe,2,0,1,final
2025-06-14,bathroomgraffiti,all,plateau bazar de luxe,3,1,5,final
2025-06-15,bathroomgraffiti,all,plateau bazar de luxe,2,0,2,final
2025-06-16,bathroomgraffiti,all,plateau bazar de luxe,3,0,3,final
2025-06-17,bathroomgraffiti,all,plateau bazar de luxe,2.5,0,2,final
2025-06-18,bathroomgraffiti,all,plateau bazar de luxe,3.8,0,5,final
2025-06-19,bathroomgraffiti,all,plateau bazar de luxe,2.5,0,2,final
2025-06-20,bathroomgraffiti,all,plateau bazar de luxe,3,0,3,final
2025-06-21,bathroomgraffiti,all,plateau bazar de luxe,2,0,2,final
2025-06-22,bathroomgraffiti,all,plateau bazar de luxe,3,0,5,final
2025-06-23,bathroomgraffiti,all,plateau bazar de luxe,3,1,3,final
2025-06-24,bathroomgraffiti,all,plateau bazar de luxe,3,1,1,final
2025-06-25,bathroomgraffiti,all,plateau bazar de luxe,2.3,0,3,final
2025-06-26,bathroomgraffiti,all,plateau bazar de luxe,2,0,2,final
2025-06-27,bathroomgraffiti,all,plateau bazar de luxe,3,0,5,final
2025-06-28,bathroomgraffiti,all,plateau bazar de luxe,2.5,2,8,final
2025-06-29,bathroomgraffiti,all,plateau bazar de luxe,3,0,2,final
2025-06-30,bathroomgraffiti,all,plateau bazar de luxe,2.7,0,3,final
2025-07-01,bathroomgraffiti,all,plateau bazar de luxe,2.5,0,2,final
2025-07-02,bathroomgraffiti,all,plateau bazar de luxe,3,1,4,final
2025-07-03,bathroomgraffiti,all,plateau bazar de luxe,2.8,0,6,final
2025-07-04,bathroomgraffiti,all,plateau bazar de luxe,2.9,0,8,final
2025-07-05,bathroomgraffiti,all,plateau bazar de luxe,2.7,2,7,final
2025-07-06,bathroomgraffiti,all,plateau bazar de luxe,2.7,0,6,final
2025-07-07,bathroomgraffiti,all,plateau bazar de luxe,6,0,2,final
2025-07-08,bathroomgraffiti,all,plateau bazar de luxe,2.8,0,4,final
2025-07-09,bathroomgraffiti,all,plateau bazar de luxe,3.8,0,4,final
2025-07-11,bathroomgraffiti,all,plateau bazar de luxe,3.3,0,3,final
2025-07-12,bathroomgraffiti,all,plateau bazar de luxe,4.3,0,6,final
2025-07-13,bathroomgraffiti,all,plateau bazar de luxe,4.6,1,5,final
2025-07-14,bathroomgraffiti,all,plateau bazar de luxe,4,0,1,final
2025-07-15,bathroomgraffiti,all,plateau bazar de luxe,4.8,0,4,final
2025-07-16,bathroomgraffiti,all,plateau bazar de luxe,5.4,1,9,final
2025-07-17,bathroomgraffiti,all,plateau bazar de luxe,4,0,2,final
2025-07-18,bathroomgraffiti,all,plateau bazar de luxe,3,0,1,final
2025-07-19,bathroomgraffiti,all,plateau bazar de luxe,4.6,0,5,final
2025-07-20,bathroomgraffiti,all,plateau bazar de luxe,5.2,0,5,final
2025-07-21,bathroomgraffiti,all,plateau bazar de luxe,4.6,0,10,final
2025-07-22,bathroomgraffiti,all,plateau bazar de luxe,4.8,0,6,final
2025-07-23,bathroomgraffiti,all,plateau bazar de luxe,5,0,4,final
2025-07-24,bathroomgraffiti,all,plateau bazar de luxe,4.2,0,4,final
2025-07-25,bathroomgraffiti,all,plateau bazar de luxe,4,0,5,final
2025-07-26,bathroomgraffiti,all,plateau bazar de luxe,3.9,0,9,final
2025-07-27,bathroomgraffiti,all,plateau bazar de luxe,4.6,0,7,final
2025-07-28,bathroomgraffiti,all,plateau bazar de luxe,4.5,0,2,final
2025-07-29,bathroomgraffiti,all,plateau bazar de luxe,6.4,0,5,final
2025-07-30,bathroomgraffiti,all,plateau bazar de luxe,4,0,7,final
2025-07-31,bathroomgraffiti,all,plateau bazar de luxe,4.8,1,4,final
2025-08-01,bathroomgraffiti,all,plateau bazar de luxe,3.7,0,3,final
2025-08-02,bathroomgraffiti,all,plateau bazar de luxe,4.8,0,13,final
2025-08-03,bathroomgraffiti,all,plateau bazar de luxe,3.8,0,5,final
2025-08-04,bathroomgraffiti,all,plateau bazar de luxe,4.2,1,4,final
2025-08-05,bathroomgraffiti,all,plateau bazar de luxe,5.5,0,2,final
2025-08-06,bathroomgraffiti,all,plateau bazar de luxe,5.5,0,6,final
2025-08-07,bathroomgraffiti,all,plateau bazar de luxe,4.2,0,4,final
2025-08-08,bathroomgraffiti,all,plateau bazar de luxe,4.3,0,3,final
2025-08-09,bathroomgraffiti,all,plateau bazar de luxe,4.5,0,4,final
2025-08-10,bathroomgraffiti,all,plateau bazar de luxe,3.8,0,4,final
2025-08-11,bathroomgraffiti,all,plateau bazar de luxe,3.9,2,11,final
2025-08-12,bathroomgraffiti,all,plateau bazar de luxe,4.8,0,9,final
2025-08-13,bathroomgraffiti,all,plateau bazar de luxe,4,0,2,final
2025-08-14,bathroomgraffiti,all,plateau bazar de luxe,4.2,1,6,final
2025-08-15,bathroomgraffiti,all,plateau bazar de luxe,5,0,4,final
2025-08-16,bathroomgraffiti,all,plateau bazar de luxe,5.6,1,7,final
2025-08-17,bathroomgraffiti,all,plateau bazar de luxe,4.2,2,10,final
2025-08-18,bathroomgraffiti,all,plateau bazar de luxe,4.9,2,9,final
2025-08-19,bathroomgraffiti,all,plateau bazar de luxe,4.9,0,7,final
2025-08-20,bathroomgraffiti,all,plateau bazar de luxe,4.6,0,5,final
2025-08-21,bathroomgraffiti,all,plateau bazar de luxe,4.1,3,8,final
2025-08-22,bathroomgraffiti,all,plateau bazar de luxe,3,0,5,final
2025-08-23,bathroomgraffiti,all,plateau bazar de luxe,3.7,1,3,final
2025-08-24,bathroomgraffiti,all,plateau bazar de luxe,4,0,4,final
2025-08-25,bathroomgraffiti,all,plateau bazar de luxe,3.7,0,7,final
2025-08-26,bathroomgraffiti,all,plateau bazar de luxe,4,0,3,final
2025-08-27,bathroomgraffiti,all,plateau bazar de luxe,4.5,0,2,final
2025-08-28,bathroomgraffiti,all,plateau bazar de luxe,3.3,0,3,final
2025-08-29,bathroomgraffiti,all,plateau bazar de luxe,4.8,0,8,final
2025-08-30,bathroomgraffiti,all,plateau bazar de luxe,4.8,0,9,final
2025-08-31,bathroomgraffiti,all,plateau bazar de luxe,3.8,0,5,final
2025-09-01,bathroomgraffiti,all,plateau bazar de luxe,4,0,1,final
2025-09-02,bathroomgraffiti,all,plateau bazar de luxe,5,0,2,final
2025-09-03,bathroomgraffiti,all,plateau bazar de luxe,4,1,2,final
2025-09-04,bathroomgraffiti,all,plateau bazar de luxe,4,1,4,final
2025-09-05,bathroomgraffiti,all,plateau bazar de luxe,4,0,2,final
2025-09-06,bathroomgraffiti,all,plateau bazar de luxe,2,1,2,final
2025-09-07,bathroomgraffiti,all,plateau bazar de luxe,3,0,2,final
2025-09-08,bathroomgraffiti,all,plateau bazar de luxe,3.5,0,4,final
2025-09-09,bathroomgraffiti,all,plateau bazar de luxe,3.3,0,3,final
2025-09-10,bathroomgraffiti,all,plateau bazar de luxe,3.3,1,3,final
2025-09-11,bathroomgraffiti,all,plateau bazar de luxe,5.3,0,3,final
2025-09-12,bathroomgraffiti,all,plateau bazar de luxe,3.5,0,2,final
2025-09-13,bathroomgraffiti,all,plateau bazar de luxe,4.3,0,3,final
2025-09-14,bathroomgraffiti,all,plateau bazar de luxe,1,0,1,final
2025-09-15,bathroomgraffiti,all,plateau bazar de luxe,3,0,2,final
2025-09-16,bathroomgraffiti,all,plateau bazar de luxe,4,0,4,final
2025-09-17,bathroomgraffiti,all,plateau bazar de luxe,2,0,3,final
2025-09-19,bathroomgraffiti,all,plateau bazar de luxe,2,0,1,final
2025-09-20,bathroomgraffiti,all,plateau bazar de luxe,4.8,1,4,final
2025-09-21,bathroomgraffiti,all,plateau bazar de luxe,2.8,1,6,final
2025-09-23,bathroomgraffiti,all,plateau bazar de luxe,3.7,1,7,final
2025-09-24,bathroomgraffiti,all,plateau bazar de luxe,2.2,0,4,final
2025-09-25,bathroomgraffiti,all,plateau bazar de luxe,2.7,0,3,final
2025-09-26,bathroomgraffiti,all,plateau bazar de luxe,2.8,0,5,final
2025-09-27,bathroomgraffiti,all,plateau bazar de luxe,2.6,1,10,final
2025-09-28,bathroomgraffiti,all,plateau bazar de luxe,5,0,1,final
2025-09-29,bathroomgraffiti,all,plateau bazar de luxe,2.5,0,2,final
2025-10-01,bathroomgraffiti,all,plateau bazar de luxe,8,0,2,final
2025-10-02,bathroomgraffiti,all,plateau bazar de luxe,4,0,1,final
2025-10-03,bathroomgraffiti,all,plateau bazar de luxe,6,1,1,final
2025-10-04,bathroomgraffiti,all,plateau bazar de luxe,3.8,0,5,final
2025-10-05,bathroomgraffiti,all,plateau bazar de luxe,2,0,3,final
2025-10-07,bathroomgraffiti,all,plateau bazar de luxe,2.3,0,3,final
2025-10-08,bathroomgraffiti,all,plateau bazar de luxe,2,0,1,final
2025-10-10,bathroomgraffiti,all,plateau bazar de luxe,2.7,0,6,final
2025-10-11,bathroomgraffiti,all,plateau bazar de luxe,3,0,3,final
2025-10-12,bathroomgraffiti,all,plateau bazar de luxe,1.5,1,2,final
2025-10-14,bathroomgraffiti,all,plateau bazar de luxe,3.4,0,5,final
2025-10-15,bathroomgraffiti,all,plateau bazar de luxe,2.5,1,6,final
2025-10-16,bathroomgraffiti,all,plateau bazar de luxe,2.7,0,3,final
2025-10-18,bathroomgraffiti,all,plateau bazar de luxe,3,1,4,final
2025-10-19,bathroomgraffiti,all,plateau bazar de luxe,2,0,2,final
2025-10-20,bathroomgraffiti,all,plateau bazar de luxe,2.5,0,2,final
2025-10-21,bathroomgraffiti,all,plateau bazar de luxe,4.7,0,3,final
2025-10-22,bathroomgraffiti,all,plateau bazar de luxe,4.5,0,2,final
2025-10-23,bathroomgraffiti,all,plateau bazar de luxe,4,1,3,final
2025-10-24,bathroomgraffiti,all,plateau bazar de luxe,9,0,1,final
2025-10-25,bathroomgraffiti,all,plateau bazar de luxe,3.2,0,6,final
2025-10-26,bathroomgraffiti,all,plateau bazar de luxe,3.5,0,10,final
2025-10-27,bathroomgraffiti,all,plateau bazar de luxe,3,0,2,final
2025-10-28,bathroomgraffiti,all,plateau bazar de luxe,3,0,4,final
2025-10-29,bathroomgraffiti,all,plateau bazar de luxe,2.8,0,4,final
2025-10-30,bathroomgraffiti,all,plateau bazar de luxe,2.7,0,3,final
2025-10-31,bathroomgraffiti,all,plateau bazar de luxe,2.5,0,2,final
2025-11-01,bathroomgraffiti,all,plateau bazar de luxe,3.6,1,13,final
2025-11-02,bathroomgraffiti,all,plateau bazar de luxe,4,0,4,final
2025-11-03,bathroomgraffiti,all,plateau bazar de luxe,6.5,1,4,final
2025-11-04,bathroomgraffiti,all,plateau bazar de luxe,3,0,1,final
2025-11-05,bathroomgraffiti,all,plateau bazar de luxe,3,0,3,final
2025-11-06,bathroomgraffiti,all,plateau bazar de luxe,3.8,0,5,final
2025-11-07,bathroomgraffiti,all,plateau bazar de luxe,3.3,0,3,final
2025-11-08,bathroomgraffiti,all,plateau bazar de luxe,3,0,7,final
2025-11-09,bathroomgraffiti,all,plateau bazar de luxe,3.8,0,6,final
2025-11-10,bathroomgraffiti,all,plateau bazar de luxe,3,0,3,final
2025-11-11,bathroomgraffiti,all,plateau bazar de luxe,4.5,1,6,final
2025-11-12,bathroomgraffiti,all,plateau bazar de luxe,3.7,0,3,final
2025-11-13,bathroomgraffiti,all,plateau bazar de luxe,3.5,0,2,final
2025-11-14,bathroomgraffiti,all,plateau bazar de luxe,3,0,2,final
2025-11-15,bathroomgraffiti,all,plateau bazar de luxe,3.7,1,7,final
2025-11-16,bathroomgraffiti,all,plateau bazar de luxe,4.6,1,7,final
2025-11-17,bathroomgraffiti,all,plateau bazar de luxe,3.8,0,5,final
2025-11-18,bathroomgraffiti,all,plateau bazar de luxe,3,0,5,final
2025-11-19,bathroomgraffiti,all,plateau bazar de luxe,3.6,0,7,final
2025-11-20,bathroomgraffiti,all,plateau bazar de luxe,2.2,1,5,final
2025-11-21,bathroomgraffiti,all,plateau bazar de luxe,3,0,1,final
2025-11-22,bathroomgraffiti,all,plateau bazar de luxe,3,2,8,final
2025-11-23,bathroomgraffiti,all,plateau bazar de luxe,3.4,2,7,final
2025-11-24,bathroomgraffiti,all,plateau bazar de luxe,3,0,1,final
2025-11-25,bathroomgraffiti,all,plateau bazar de luxe,10,0,1,final
2025-11-26,bathroomgraffiti,all,plateau bazar de luxe,4,1,3,final
2025-11-27,bathroomgraffiti,all,plateau bazar de luxe,3.4,1,5,final
2025-11-28,bathroomgraffiti,all,plateau bazar de luxe,5.5,1,14,final
2025-11-29,bathroomgraffiti,all,plateau bazar de luxe,4.8,0,15,final
2025-11-30,bathroomgraffiti,all,plateau bazar de luxe,3.8,1,15,final
2025-12-01,bathroomgraffiti,all,plateau bazar de luxe,6,0,8,final
2025-12-02,bathroomgraffiti,all,plateau bazar de luxe,3.4,0,5,final
2025-12-03,bathroomgraffiti,all,plateau bazar de luxe,3.2,1,5,final
2025-12-04,bathroomgraffiti,all,plateau bazar de luxe,3.9,0,8,final
2025-12-05,bathroomgraffiti,all,plateau bazar de luxe,4,1,4,final
2025-12-06,bathroomgraffiti,all,plateau bazar de luxe,4.9,0,8,final
2025-12-07,bathroomgraffiti,all,plateau bazar de luxe,5.4,2,14,final
2025-12-08,bathroomgraffiti,all,plateau bazar de luxe,4.3,0,7,final
2025-12-09,bathroomgraffiti,all,plateau bazar de luxe,4.7,0,9,final
2025-12-10,bathroomgraffiti,all,plateau bazar de luxe,5.6,0,8,final
2025-12-11,bathroomgraffiti,all,plateau bazar de luxe,4.4,0,5,final
2025-12-12,bathroomgraffiti,all,plateau bazar de luxe,4.6,1,11,final
2025-12-13,bathroomgraffiti,all,plateau bazar de luxe,5.3,0,9,final
2025-12-14,bathroomgraffiti,all,plateau bazar de luxe,5.4,1,9,final
2025-12-15,bathroomgraffiti,all,plateau bazar de luxe,3.6,0,5,final
2025-12-16,bathroomgraffiti,all,plateau bazar de luxe,3.3,1,9,final
2025-12-17,bathroomgraffiti,all,plateau bazar de luxe,3.2,1,6,final
2025-12-18,bathroomgraffiti,all,plateau bazar de luxe,3.6,1,5,final
2025-12-19,bathroomgraffiti,all,plateau bazar de luxe,5.5,0,2,final
2025-12-20,bathroomgraffiti,all,plateau bazar de luxe,3.3,0,3,final
2025-12-21,bathroomgraffiti,all,plateau bazar de luxe,3,0,5,final
2025-12-22,bathroomgraffiti,all,plateau bazar de luxe,4.2,0,6,final
2025-12-23,bathroomgraffiti,all,plateau bazar de luxe,3.5,2,6,final
2025-12-24,bathroomgraffiti,all,plateau bazar de luxe,4.2,0,4,final
2025-12-25,bathroomgraffiti,all,plateau bazar de luxe,2.8,0,4,final
2025-12-26,bathroomgraffiti,all,plateau bazar de luxe,5,0,5,final
2025-12-27,bathroomgraffiti,all,plateau bazar de luxe,4.3,0,13,final
2025-12-28,bathroomgraffiti,all,plateau bazar de luxe,4.5,0,2,final
2025-12-29,bathroomgraffiti,all,plateau bazar de luxe,3,0,4,final
2025-12-30,bathroomgraffiti,all,plateau bazar de luxe,3.7,0,9,final
2025-12-31,bathroomgraffiti,all,plateau bazar de luxe,3.5,0,4,final
2026-01-01,bathroomgraffiti,all,plateau bazar de luxe,4.5,1,6,final
2026-01-02,bathroomgraffiti,all,plateau bazar de luxe,4.2,0,8,final
2026-01-03,bathroomgraffiti,all,plateau bazar de luxe,5,0,5,final
2026-01-04,bathroomgraffiti,all,plateau bazar de luxe,4,0,2,final
2026-01-05,bathroomgraffiti,all,plateau bazar de luxe,3,0,3,final
2026-01-06,bathroomgraffiti,all,plateau bazar de luxe,3.8,0,4,final
2026-01-07,bathroomgraffiti,all,plateau bazar de luxe,2.8,0,4,final
2026-01-08,bathroomgraffiti,all,plateau bazar de luxe,2.8,1,5,final
2026-01-09,bathroomgraffiti,all,plateau bazar de luxe,3.3,0,3,final
2026-01-10,bathroomgraffiti,all,plateau bazar de luxe,3.3,1,3,final
2026-01-11,bathroomgraffiti,all,plateau bazar de luxe,3,0,6,final
2026-01-12,bathroomgraffiti,all,plateau bazar de luxe,3,0,2,final
2026-01-13,bathroomgraffiti,all,plateau bazar de luxe,3,0,5,final
2026-01-14,bathroomgraffiti,all,plateau bazar de luxe,3,0,5,final
2026-01-15,bathroomgraffiti,all,plateau bazar de luxe,3,0,5,final
2026-01-16,bathroomgraffiti,all,plateau bazar de luxe,2.5,1,4,final
2026-01-17,bathroomgraffiti,all,plateau bazar de luxe,2.4,0,5,final
2026-01-18,bathroomgraffiti,all,plateau bazar de luxe,5.6,0,7,final
2026-01-19,bathroomgraffiti,all,plateau bazar de luxe,4.2,1,8,final
2026-01-20,bathroomgraffiti,all,plateau bazar de luxe,4.8,0,4,final
2026-01-21,bathroomgraffiti,all,plateau bazar de luxe,5.3,0,3,final
2026-01-22,bathroomgraffiti,all,plateau bazar de luxe,4,0,2,final
2026-01-23,bathroomgraffiti,all,plateau bazar de luxe,3,0,1,final
2026-01-24,bathroomgraffiti,all,plateau bazar de luxe,2.9,1,8,final
2026-01-25,bathroomgraffiti,all,plateau bazar de luxe,3.5,1,2,final
2026-01-27,bathroomgraffiti,all,plateau bazar de luxe,3.7,0,3,final
2026-01-28,bathroomgraffiti,all,plateau bazar de luxe,5,0,1,final
2026-01-29,bathroomgraffiti,all,plateau bazar de luxe,5,0,2,final
2026-01-30,bathroomgraffiti,all,plateau bazar de luxe,4.3,0,3,final
2026-01-31,bathroomgraffiti,all,plateau bazar de luxe,5.8,0,4,final
2026-02-01,bathroomgraffiti,all,plateau bazar de luxe,5.3,0,3,final
2026-02-03,bathroomgraffiti,all,plateau bazar de luxe,2.2,0,4,final
2026-02-04,bathroomgraffiti,all,plateau bazar de luxe,4.6,0,5,final
2026-02-05,bathroomgraffiti,all,plateau bazar de luxe,2.8,0,4,final
2026-02-06,bathroomgraffiti,all,plateau bazar de luxe,2,0,2,final
2026-02-07,bathroomgraffiti,all,plateau bazar de luxe,4.1,0,8,final
2026-02-08,bathroomgraffiti,all,plateau bazar de luxe,3.8,1,4,final
2026-02-10,bathroomgraffiti,all,plateau bazar de luxe,8.8,0,4,final
2026-02-11,bathroomgraffiti,all,plateau bazar de luxe,3,0,2,final
2026-02-13,bathroomgraffiti,all,plateau bazar de luxe,6,0,1,final
2026-02-14,bathroomgraffiti,all,plateau bazar de luxe,3.3,0,7,final
2026-02-15,bathroomgraffiti,all,plateau bazar de luxe,8,0,1,final
2026-02-16,bathroomgraffiti,all,plateau bazar de luxe,8,0,3,final
2026-02-17,bathroomgraffiti,all,plateau bazar de luxe,3.5,2,8,final
2026-02-18,bathroomgraffiti,all,plateau bazar de luxe,3,1,1,final
2026-02-19,bathroomgraffiti,all,plateau bazar de luxe,3.2,0,5,final
2026-02-20,bathroomgraffiti,all,plateau bazar de luxe,2,0,2,final
2026-02-21,bathroomgraffiti,all,plateau bazar de luxe,3,0,1,final
2026-02-22,bathroomgraffiti,all,plateau bazar de luxe,3.8,0,4,final
2026-02-23,bathroomgraffiti,all,plateau bazar de luxe,3,0,2,final
2026-02-24,bathroomgraffiti,all,plateau bazar de luxe,2.5,0,2,final
2026-02-25,bathroomgraffiti,all,plateau bazar de luxe,6.3,0,3,final
2026-02-26,bathroomgraffiti,all,plateau bazar de luxe,3.5,0,4,final
2026-02-27,bathroomgraffiti,all,plateau bazar de luxe,4,0,1,final
2026-02-28,bathroomgraffiti,all,plateau bazar de luxe,3.3,1,9,final
2026-03-01,bathroomgraffiti,all,plateau bazar de luxe,5,0,3,final
2026-03-02,bathroomgraffiti,all,plateau bazar de luxe,2.5,0,2,final
2026-03-03,bathroomgraffiti,all,plateau bazar de luxe,3.5,0,4,final
2026-03-04,bathroomgraffiti,all,plateau bazar de luxe,3.8,1,5,final
2026-03-05,bathroomgraffiti,all,plateau bazar de luxe,4.5,0,2,final
2026-03-06,bathroomgraffiti,all,plateau bazar de luxe,3,0,3,final
2026-03-07,bathroomgraffiti,all,plateau bazar de luxe,4.7,0,7,final
2026-03-08,bathroomgraffiti,all,plateau bazar de luxe,7.1,0,7,final
2026-03-10,bathroomgraffiti,all,plateau bazar de luxe,5,0,2,final
2026-03-11,bathroomgraffiti,all,plateau bazar de luxe,4,0,3,final
2026-03-12,bathroomgraffiti,all,plateau bazar de luxe,3,0,1,final
2026-03-16,bathroomgraffiti,all,plateau bazar de luxe,6.5,0,2,final
2026-03-17,bathroomgraffiti,all,plateau bazar de luxe,4,0,2,final
2026-03-18,bathroomgraffiti,all,plateau bazar de luxe,3,0,6,final
2026-03-19,bathroomgraffiti,all,plateau bazar de luxe,2.5,0,2,final
2026-03-20,bathroomgraffiti,all,plateau bazar de luxe,1.7,1,3,final
2026-03-21,bathroomgraffiti,all,plateau bazar de luxe,5,0,5,final
2026-03-22,bathroomgraffiti,all,plateau bazar de luxe,2.8,1,5,final
2026-03-23,bathroomgraffiti,all,plateau bazar de luxe,4.3,1,3,final
2026-03-24,bathroomgraffiti,all,plateau bazar de luxe,4,0,1,final
2026-03-25,bathroomgraffiti,all,plateau bazar de luxe,3.7,0,3,final
2026-03-26,bathroomgraffiti,all,plateau bazar de luxe,4,0,1,final
2026-03-27,bathroomgraffiti,all,plateau bazar de luxe,6,0,2,final
2026-03-28,bathroomgraffiti,all,plateau bazar de luxe,3.7,0,7,final
2026-03-29,bathroomgraffiti,all,plateau bazar de luxe,3,0,2,final
2026-03-30,bathroomgraffiti,all,plateau bazar de luxe,3,0,1,final
2026-03-31,bathroomgraffiti,all,plateau bazar de luxe,3.8,0,4,final
2026-04-01,bathroomgraffiti,all,plateau bazar de luxe,2.8,1,4,final
2026-04-03,bathroomgraffiti,all,plateau bazar de luxe,7.2,2,5,final
2026-04-04,bathroomgraffiti,all,plateau bazar de luxe,4.3,0,6,final
2026-04-05,bathroomgraffiti,all,plateau bazar de luxe,7.5,0,4,final
2026-04-06,bathroomgraffiti,all,plateau bazar de luxe,3,0,1,final
2026-04-07,bathroomgraffiti,all,plateau bazar de luxe,5,0,2,final
2026-04-08,bathroomgraffiti,all,plateau bazar de luxe,4,0,1,final
2026-04-09,bathroomgraffiti,all,plateau bazar de luxe,6.3,0,3,final
2026-04-10,bathroomgraffiti,all,plateau bazar de luxe,7.8,0,4,final
2026-04-11,bathroomgraffiti,all,plateau bazar de luxe,6.8,1,5,final
2026-04-12,bathroomgraffiti,all,plateau bazar de luxe,4.3,2,6,final
2026-04-13,bathroomgraffiti,all,plateau bazar de luxe,3.5,0,2,final
2026-04-14,bathroomgraffiti,all,plateau bazar de luxe,3,0,7,final
2026-04-15,bathroomgraffiti,all,plateau bazar de luxe,4.8,0,5,final
2026-04-16,bathroomgraffiti,all,plateau bazar de luxe,2.6,1,5,final
2026-04-17,bathroomgraffiti,all,plateau bazar de luxe,2.7,0,3,final
2026-04-18,bathroomgraffiti,all,plateau bazar de luxe,2.2,1,4,final
2026-04-19,bathroomgraffiti,all,plateau bazar de luxe,2.5,1,4,final
2026-04-20,bathroomgraffiti,all,plateau bazar de luxe,4,0,1,final
2026-04-21,bathroomgraffiti,all,plateau bazar de luxe,2.8,0,4,final
2026-04-22,bathroomgraffiti,all,plateau bazar de luxe,2.3,0,3,final
2026-04-23,bathroomgraffiti,all,plateau bazar de luxe,2.7,1,3,final
2026-04-24,bathroomgraffiti,all,plateau bazar de luxe,3,1,6,final
2026-04-25,bathroomgraffiti,all,plateau bazar de luxe,4.7,0,6,final
2026-04-26,bathroomgraffiti,all,plateau bazar de luxe,7.5,0,2,final
2026-04-27,bathroomgraffiti,all,plateau bazar de luxe,3,0,3,final
2026-04-28,bathroomgraffiti,all,plateau bazar de luxe,4.7,0,7,final
2026-04-29,bathroomgraffiti,all,plateau bazar de luxe,6.7,0,3,final
2026-04-30,bathroomgraffiti,all,plateau bazar de luxe,2.5,0,2,final
2026-05-01,bathroomgraffiti,all,plateau bazar de luxe,2.4,1,5,final
2026-05-02,bathroomgraffiti,all,plateau bazar de luxe,2.9,1,10,final
2026-05-03,bathroomgraffiti,all,plateau bazar de luxe,5,0,3,final
2026-05-04,bathroomgraffiti,all,plateau bazar de luxe,6,0,3,final
2026-05-05,bathroomgraffiti,all,plateau bazar de luxe,3,0,6,final
2026-05-06,bathroomgraffiti,all,plateau bazar de luxe,2.8,1,8,final
2026-05-07,bathroomgraffiti,all,plateau bazar de luxe,6.4,0,5,final
2026-05-08,bathroomgraffiti,all,plateau bazar de luxe,5.7,0,3,final
2026-05-09,bathroomgraffiti,all,plateau bazar de luxe,4.2,1,9,final
2026-05-10,bathroomgraffiti,all,plateau bazar de luxe,3.7,1,7,final
2026-05-11,bathroomgraffiti,all,plateau bazar de luxe,6.3,1,3,final
2026-05-12,bathroomgraffiti,all,plateau bazar de luxe,1.3,0,3,final
2026-05-13,bathroomgraffiti,all,plateau bazar de luxe,6,0,5,final
2026-05-14,bathroomgraffiti,all,plateau bazar de luxe,3.6,0,5,final
2026-05-15,bathroomgraffiti,all,plateau bazar de luxe,2.5,2,4,final
2026-05-16,bathroomgraffiti,all,plateau bazar de luxe,2.4,2,8,final
2026-05-17,bathroomgraffiti,all,plateau bazar de luxe,3.5,1,6,final
2026-05-18,bathroomgraffiti,all,plateau bazar de luxe,2.8,0,4,final
2026-05-19,bathroomgraffiti,all,plateau bazar de luxe,2.9,1,7,final
2026-05-20,bathroomgraffiti,all,plateau bazar de luxe,2,0,1,final
2026-05-21,bathroomgraffiti,all,plateau bazar de luxe,2.7,1,6,final
2026-05-22,bathroomgraffiti,all,plateau bazar de luxe,2.5,0,2,final
2026-05-23,bathroomgraffiti,all,plateau bazar de luxe,2.6,1,5,final
2026-05-24,bathroomgraffiti,all,plateau bazar de luxe,3.9,0,7,final
2026-05-25,bathroomgraffiti,all,plateau bazar de luxe,2.5,1,4,final
2026-05-26,bathroomgraffiti,all,plateau bazar de luxe,3,0,2,final
2026-05-27,bathroomgraffiti,all,plateau bazar de luxe,2,0,2,final
2026-05-28,bathroomgraffiti,all,plateau bazar de luxe,2.6,0,5,final
2026-05-29,bathroomgraffiti,all,plateau bazar de luxe,3,0,2,final
2026-05-30,bathroomgraffiti,all,plateau bazar de luxe,4.7,0,3,final
2026-05-31,bathroomgraffiti,all,plateau bazar de luxe,2.5,1,4,final
2026-06-01,bathroomgraffiti,all,plateau bazar de luxe,2.7,0,3,final
2026-06-02,bathroomgraffiti,all,plateau bazar de luxe,2.7,0,3,final
2026-06-03,bathroomgraffiti,all,plateau bazar de luxe,2,0,2,final
2026-06-04,bathroomgraffiti,all,plateau bazar de luxe,5,0,1,final
2026-06-05,bathroomgraffiti,all,plateau bazar de luxe,6,0,3,final
2026-06-06,bathroomgraffiti,all,plateau bazar de luxe,3.5,0,11,final
2026-06-07,bathroomgraffiti,all,plateau bazar de luxe,2.8,0,6,final
2026-06-08,bathroomgraffiti,all,plateau bazar de luxe,1.5,0,2,final
2026-06-09,bathroomgraffiti,all,plateau bazar de luxe,7.5,0,2,final
2026-06-10,bathroomgraffiti,all,plateau bazar de luxe,2,2,3,final
2026-06-11,bathroomgraffiti,all,plateau bazar de luxe,8,1,3,final
2026-06-12,bathroomgraffiti,all,plateau bazar de luxe,2.2,1,4,final
2026-06-13,bathroomgraffiti,all,plateau bazar de luxe,4,0,1,final
2026-06-14,bathroomgraffiti,all,plateau bazar de luxe,3,0,2,final
2026-06-15,bathroomgraffiti,all,plateau bazar de luxe,3.9,0,9,final
2026-06-16,bathroomgraffiti,all,plateau bazar de luxe,3.3,0,3,final
2026-06-17,bathroomgraffiti,all,plateau bazar de luxe,2,1,4,final
2026-06-18,bathroomgraffiti,all,plateau bazar de luxe,3,0,3,final
2026-06-19,bathroomgraffiti,all,plateau bazar de luxe,2,1,10,final
2026-06-20,bathroomgraffiti,all,plateau bazar de luxe,2.6,0,5,final
2026-06-21,bathroomgraffiti,all,plateau bazar de luxe,2.7,0,3,final
2026-06-23,bathroomgraffiti,all,plateau bazar de luxe,2,0,2,final
2026-06-24,bathroomgraffiti,all,plateau bazar de luxe,3,1,7,final
2026-06-25,bathroomgraffiti,all,plateau bazar de luxe,5,0,2,final
2026-06-26,bathroomgraffiti,all,plateau bazar de luxe,3,0,2,final
2026-06-27,bathroomgraffiti,all,plateau bazar de luxe,2.1,1,7,final
2026-06-28,bathroomgraffiti,all,plateau bazar de luxe,2,0,2,final
2026-06-29,bathroomgraffiti,all,plateau bazar de luxe,4.4,0,10,final
2026-06-30,bathroomgraffiti,all,plateau bazar de luxe,3,1,5,final
2026-07-01,bathroomgraffiti,all,plateau bazar de luxe,2,1,2,final
2026-07-02,bathroomgraffiti,all,plateau bazar de luxe,3.2,0,5,final
2026-07-03,bathroomgraffiti,all,plateau bazar de luxe,7,0,4,final
2026-07-04,bathroomgraffiti,all,plateau bazar de luxe,2.5,0,4,final
2026-07-05,bathroomgraffiti,all,plateau bazar de luxe,2.5,0,2,final
2026-07-06,bathroomgraffiti,all,plateau bazar de luxe,2,0,3,final
2026-07-07,bathroomgraffiti,all,plateau bazar de luxe,2.8,0,5,final
2026-07-08,bathroomgraffiti,all,plateau bazar de luxe,2.2,0,5,final
2026-07-09,bathroomgraffiti,all,plateau bazar de luxe,2.2,0,5,final
2026-07-10,bathroomgraffiti,all,plateau bazar de luxe,3,0,3,final
2026-07-11,bathroomgraffiti,all,plateau bazar de luxe,2.2,0,6,final
2026-07-12,bathroomgraffiti,all,plateau bazar de luxe,2.5,0,11,final
2026-07-13,bathroomgraffiti,all,plateau bazar de luxe,1.7,1,3,final
2026-07-14,bathroomgraffiti,all,plateau bazar de luxe,2.5,1,6,final
2026-07-15,bathroomgraffiti,all,plateau bazar de luxe,2.4,0,9,final
2026-07-16,bathroomgraffiti,all,plateau bazar de luxe,5.5,0,4,final
2026-07-17,bathroomgraffiti,all,plateau bazar de luxe,3.5,1,4,final
2026-07-18,bathroomgraffiti,all,plateau bazar de luxe,2.6,0,5,final
2026-07-19,bathroomgraffiti,all,plateau bazar de luxe,3,0,2,final
2026-07-20,bathroomgraffiti,all,plateau bazar de luxe,2,0,1,final
2026-07-21,bathroomgraffiti,all,plateau bazar de luxe,3.5,0,4,final
2026-07-22,bathroomgraffiti,all,plateau bazar de luxe,2.5,0,4,final
2026-07-23,bathroomgraffiti,all,plateau bazar de luxe,4.5,0,4,final
2026-07-24,bathroomgraffiti,all,plateau bazar de luxe,8,1,6,final
2026-07-25,bathroomgraffiti,all,plateau bazar de luxe,3.2,0,12,final
2026-07-26,bathroomgraffiti,all,plateau bazar de luxe,2,0,3,final
2026-07-27,bathroomgraffiti,all,plateau bazar de luxe,2.3,0,6,final
2026-07-28,bathroomgraffiti,all,plateau bazar de luxe,2.5,0,2,final
2026-07-29,bathroomgraffiti,all,plateau bazar de luxe,2.2,2,5,final
2026-07-30,bathroomgraffiti,all,plateau bazar de luxe,2.5,0,4,final
2026-07-31,bathroomgraffiti,all,plateau bazar de luxe,4,0,5,final
2026-08-01,bathroomgraffiti,all,plateau bazar de luxe,4,0,3,final
2026-08-02,bathroomgraffiti,all,plateau bazar de luxe,6.3,0,3,final
2026-08-03,bathroomgraffiti,all,plateau bazar de luxe,3,0,5,final
2026-08-04,bathroomgraffiti,all,plateau bazar de luxe,5,0,4,final
2026-08-05,bathroomgraffiti,all,plateau bazar de luxe,3.8,1,9,final
2026-08-06,bathroomgraffiti,all,plateau bazar de luxe,2.1,1,8,final
2026-08-07,bathroomgraffiti,all,plateau bazar de luxe,2.8,0,5,final
2026-08-08,bathroomgraffiti,all,plateau bazar de luxe,2.8,1,11,final
2026-08-09,bathroomgraffiti,all,plateau bazar de luxe,3.2,2,5,final
2026-08-10,bathroomgraffiti,all,plateau bazar de luxe,2,0,4,final
2026-08-11,bathroomgraffiti,all,plateau bazar de luxe,2.4,1,7,final
2026-08-12,bathroomgraffiti,all,plateau bazar de luxe,3.9,0,8,final
2026-08-13,bathroomgraffiti,all,plateau bazar de luxe,3.9,2,7,final
2026-08-14,bathroomgraffiti,all,plateau bazar de luxe,4,0,4,final
2026-08-15,bathroomgraffiti,all,plateau bazar de luxe,2,1,3,final
2026-08-16,bathroomgraffiti,all,plateau bazar de luxe,3.6,2,12,final
2026-08-17,bathroomgraffiti,all,plateau bazar de luxe,6.4,1,5,final
2026-08-18,bathroomgraffiti,all,plateau bazar de luxe,6.2,0,6,final
2026-08-19,bathroomgraffiti,all,plateau bazar de luxe,4.9,0,7,final
2026-08-20,bathroomgraffiti,all,plateau bazar de luxe,4,0,3,final
2026-08-21,bathroomgraffiti,all,plateau bazar de luxe,6,0,2,final
2026-08-22,bathroomgraffiti,all,plateau bazar de luxe,3,0,7,final
2026-08-23,bathroomgraffiti,all,plateau bazar de luxe,3.9,1,7,final
2026-08-24,bathroomgraffiti,all,plateau bazar de luxe,4,0,1,final
2026-08-25,bathroomgraffiti,all,plateau bazar de luxe,2,1,1,final
2026-08-26,bathroomgraffiti,all,plateau bazar de luxe,5,0,1,final
2026-08-27,bathroomgraffiti,all,plateau bazar de luxe,2,0,1,final
2026-08-28,bathroomgraffiti,all,plateau bazar de luxe,6.4,0,8,final
2026-08-29,bathroomgraffiti,all,plateau bazar de luxe,2.5,0,4,final
2026-08-30,bathroomgraffiti,all,plateau bazar de luxe,4.2,0,4,final
2026-08-31,bathroomgraffiti,all,plateau bazar de luxe,4.5,0,2,final
2026-09-01,bathroomgraffiti,all,plateau bazar de luxe,2,0,1,final
2026-09-02,bathroomgraffiti,all,plateau bazar de luxe,5.3,0,6,final
2026-09-03,bathroomgraffiti,all,plateau bazar de luxe,2,0,1,final
2026-09-04,bathroomgraffiti,all,plateau bazar de luxe,5.8,0,4,final
2026-09-05,bathroomgraffiti,all,plateau bazar de luxe,2,0,2,final
2026-09-06,bathroomgraffiti,all,plateau bazar de luxe,12,0,1,final
2026-09-07,bathroomgraffiti,all,plateau bazar de luxe,2.4,0,5,final
2026-09-08,bathroomgraffiti,all,plateau bazar de luxe,2.6,2,5,final
2026-09-09,bathroomgraffiti,all,plateau bazar de luxe,5.6,0,7,final
2026-09-10,bathroomgraffiti,all,plateau bazar de luxe,4,0,4,final
2026-09-11,bathroomgraffiti,all,plateau bazar de luxe,3.5,0,2,final
2026-09-12,bathroomgraffiti,all,plateau bazar de luxe,5.5,0,4,final
2026-09-13,bathroomgraffiti,all,plateau bazar de luxe,4.6,0,8,final
2026-09-15,bathroomgraffiti,all,plateau bazar de luxe,3,0,2,final
2026-09-16,bathroomgraffiti,all,plateau bazar de luxe,2.5,0,2,final
2026-09-17,bathroomgraffiti,all,plateau bazar de luxe,2,2,2,final
2026-09-18,bathroomgraffiti,all,plateau bazar de luxe,2,0,2,final
2026-09-19,bathroomgraffiti,all,plateau bazar de luxe,3,0,2,final
2026-09-20,bathroomgraffiti,all,plateau bazar de luxe,5,0,5,final
2026-09-21,bathroomgraffiti,all,plateau bazar de luxe,2.3,1,7,final
2026-09-22,bathroomgraffiti,all,plateau bazar de luxe,2.3,0,3,final
2026-09-23,bathroomgraffiti,all,plateau bazar de luxe,6,1,4,final
2026-09-25,bathroomgraffiti,all,plateau bazar de luxe,6.3,0,3,final
2026-09-26,bathroomgraffiti,all,plateau bazar de luxe,3.3,1,3,final
2026-09-27,bathroomgraffiti,all,plateau bazar de luxe,3.5,0,4,final
2026-09-28,bathroomgraffiti,all,plateau bazar de luxe,3,0,1,final
2026-09-29,bathroomgraffiti,all,plateau bazar de luxe,3,0,1,final
2026-09-30,bathroomgraffiti,all,plateau bazar de luxe,4,0,1,final
2026-10-01,bathroomgraffiti,all,plateau bazar de luxe,5,0,1,final
2026-10-02,bathroomgraffiti,all,plateau bazar de luxe,6,0,3,final
2026-10-03,bathroomgraffiti,all,plateau bazar de luxe,3.7,0,3,final
2026-10-04,bathroomgraffiti,all,plateau bazar de luxe,3.2,1,5,fresh
2026-10-05,bathroomgraffiti,all,plateau bazar de luxe,3,0,1,fresh
2025-06-12,bathroomgraffiti,all,plateau berbere,4.9,0,11,final
2025-06-13,bathroomgraffiti,all,plateau berbere,4.5,0,14,final
2025-06-14,bathroomgraffiti,all,plateau berbere,4.8,0,9,final
2025-06-15,bathroomgraffiti,all,plateau berbere,5.7,0,9,final
2025-06-16,bathroomgraffiti,all,plateau berbere,5.1,1,9,final
2025-06-17,bathroomgraffiti,all,plateau berbere,5.9,1,13,final
2025-06-18,bathroomgraffiti,all,plateau berbere,4.7,2,14,final
2025-06-19,bathroomgraffiti,all,plateau berbere,3.9,0,14,final
2025-06-20,bathroomgraffiti,all,plateau berbere,4.2,0,9,final
2025-06-21,bathroomgraffiti,all,plateau berbere,5.4,0,7,final
2025-06-22,bathroomgraffiti,all,plateau berbere,4.6,0,13,final
2025-06-23,bathroomgraffiti,all,plateau berbere,5.6,1,18,final
2025-06-24,bathroomgraffiti,all,plateau berbere,5.2,1,17,final
2025-06-25,bathroomgraffiti,all,plateau berbere,5.2,0,13,final
2025-06-26,bathroomgraffiti,all,plateau berbere,4.9,0,14,final
2025-06-27,bathroomgraffiti,all,plateau berbere,5.1,1,14,final
2025-06-28,bathroomgraffiti,all,plateau berbere,5.0,1,22,final
2025-06-29,bathroomgraffiti,all,plateau berbere,4.8,1,11,final
2025-06-30,bathroomgraffiti,all,plateau berbere,5.2,3,19,final
2025-07-01,bathroomgraffiti,all,plateau berbere,5.7,1,15,final
2025-07-02,bathroomgraffiti,all,plateau berbere,5.6,0,14,final
2025-07-03,bathroomgraffiti,all,plateau berbere,7.1,1,14,final
2025-07-04,bathroomgraffiti,all,plateau berbere,5.4,1,9,final
2025-07-05,bathroomgraffiti,all,plateau berbere,4.9,1,14,final
2025-07-06,bathroomgraffiti,all,plateau berbere,5.7,0,18,final
2025-07-07,bathroomgraffiti,all,plateau berbere,6.1,2,16,final
2025-07-08,bathroomgraffiti,all,plateau berbere,6,1,9,final
2025-07-09,bathroomgraffiti,all,plateau berbere,5.2,0,13,final
2025-07-10,bathroomgraffiti,all,plateau berbere,6.4,1,11,final
2025-07-11,bathroomgraffiti,all,plateau berbere,5.3,2,9,final
2025-07-12,bathroomgraffiti,all,plateau berbere,5.3,1,13,final
2025-07-13,bathroomgraffiti,all,plateau berbere,5.9,1,16,final
2025-07-14,bathroomgraffiti,all,plateau berbere,5.7,4,23,final
2025-07-15,bathroomgraffiti,all,plateau berbere,5.8,0,16,final
2025-07-16,bathroomgraffiti,all,plateau berbere,6.5,2,17,final
2025-07-17,bathroomgraffiti,all,plateau berbere,7.2,0,8,final
2025-07-18,bathroomgraffiti,all,plateau berbere,7.1,0,7,final
2025-07-19,bathroomgraffiti,all,plateau berbere,8.3,0,18,final
2025-07-20,bathroomgraffiti,all,plateau berbere,6.7,0,18,final
2025-07-21,bathroomgraffiti,all,plateau berbere,7.6,0,11,final
2025-07-22,bathroomgraffiti,all,plateau berbere,7,0,19,final
2025-07-23,bathroomgraffiti,all,plateau berbere,7.7,0,7,final
2025-07-24,bathroomgraffiti,all,plateau berbere,6.7,0,14,final
2025-07-25,bathroomgraffiti,all,plateau berbere,8.6,0,9,final
2025-07-26,bathroomgraffiti,all,plateau berbere,9.9,0,12,final
2025-07-27,bathroomgraffiti,all,plateau berbere,8.7,0,20,final
2025-07-28,bathroomgraffiti,all,plateau berbere,10.6,0,7,final
2025-07-29,bathroomgraffiti,all,plateau berbere,10,1,13,final
2025-07-30,bathroomgraffiti,all,plateau berbere,11.4,0,9,final
2025-07-31,bathroomgraffiti,all,plateau berbere,7.6,2,9,final
2025-08-01,bathroomgraffiti,all,plateau berbere,11.3,0,16,final
2025-08-02,bathroomgraffiti,all,plateau berbere,10.8,1,12,final
2025-08-03,bathroomgraffiti,all,plateau berbere,9.5,0,17,final
2025-08-04,bathroomgraffiti,all,plateau berbere,10.4,0,5,final
2025-08-05,bathroomgraffiti,all,plateau berbere,8.3,0,11,final
2025-08-06,bathroomgraffiti,all,plateau berbere,8,1,9,final
2025-08-07,bathroomgraffiti,all,plateau berbere,8.2,0,10,final
2025-08-08,bathroomgraffiti,all,plateau berbere,9.1,0,10,final
2025-08-09,bathroomgraffiti,all,plateau berbere,9.4,1,8,final
2025-08-10,bathroomgraffiti,all,plateau berbere,8.9,0,8,final
2025-08-11,bathroomgraffiti,all,plateau berbere,10.2,1,8,final
2025-08-12,bathroomgraffiti,all,plateau berbere,8.3,0,13,final
2025-08-13,bathroomgraffiti,all,plateau berbere,9.1,0,14,final
2025-08-14,bathroomgraffiti,all,plateau berbere,7.8,0,12,final
2025-08-15,bathroomgraffiti,all,plateau berbere,7.4,0,12,final
2025-08-16,bathroomgraffiti,all,plateau berbere,8.9,0,16,final
2025-08-17,bathroomgraffiti,all,plateau berbere,8.2,0,12,final
2025-08-18,bathroomgraffiti,all,plateau berbere,8,0,3,final
2025-08-19,bathroomgraffiti,all,plateau berbere,7.6,0,10,final
2025-08-20,bathroomgraffiti,all,plateau berbere,8.4,0,16,final
2025-08-21,bathroomgraffiti,all,plateau berbere,7,1,10,final
2025-08-22,bathroomgraffiti,all,plateau berbere,8.9,0,9,final
2025-08-23,bathroomgraffiti,all,plateau berbere,10,0,2,final
2025-08-24,bathroomgraffiti,all,plateau berbere,9.5,0,12,final
2025-08-25,bathroomgraffiti,all,plateau berbere,12.4,1,7,final
2025-08-26,bathroomgraffiti,all,plateau berbere,7.8,0,6,final
2025-08-27,bathroomgraffiti,all,plateau berbere,6,0,8,final
2025-08-28,bathroomgraffiti,all,plateau berbere,8.7,0,9,final
2025-08-29,bathroomgraffiti,all,plateau berbere,8.2,0,6,final
2025-08-30,bathroomgraffiti,all,plateau berbere,6.9,1,14,final
2025-08-31,bathroomgraffiti,all,plateau berbere,7.9,0,10,final
2025-09-01,bathroomgraffiti,all,plateau berbere,6.6,0,5,final
2025-09-02,bathroomgraffiti,all,plateau berbere,6.7,0,6,final
2025-09-03,bathroomgraffiti,all,plateau berbere,6.2,0,8,final
2025-09-04,bathroomgraffiti,all,plateau berbere,6,0,1,final
2025-09-05,bathroomgraffiti,all,plateau berbere,5.5,1,2,final
2025-09-06,bathroomgraffiti,all,plateau berbere,6,0,8,final
2025-09-07,bathroomgraffiti,all,plateau berbere,7.1,1,13,final
2025-09-08,bathroomgraffiti,all,plateau berbere,6.2,0,4,final
2025-09-09,bathroomgraffiti,all,plateau berbere,4.8,0,4,final
2025-09-10,bathroomgraffiti,all,plateau berbere,3.3,0,7,final
2025-09-11,bathroomgraffiti,all,plateau berbere,5.6,0,7,final
2025-09-12,bathroomgraffiti,all,plateau berbere,5.9,0,7,final
2025-09-13,bathroomgraffiti,all,plateau berbere,5.8,1,12,final
2025-09-14,bathroomgraffiti,all,plateau berbere,4.7,1,6,final
2025-09-15,bathroomgraffiti,all,plateau berbere,7.3,0,6,final
2025-09-16,bathroomgraffiti,all,plateau berbere,4.5,1,4,final
2025-09-17,bathroomgraffiti,all,plateau berbere,5,0,4,final
2025-09-18,bathroomgraffiti,all,plateau berbere,8.3,0,12,final
2025-09-19,bathroomgraffiti,all,plateau berbere,9.5,0,2,final
2025-09-20,bathroomgraffiti,all,plateau berbere,8.5,0,12,final
2025-09-21,bathroomgraffiti,all,plateau berbere,6.5,0,11,final
2025-09-22,bathroomgraffiti,all,plateau berbere,6.2,1,9,final
2025-09-23,bathroomgraffiti,all,plateau berbere,5,0,10,final
2025-09-24,bathroomgraffiti,all,plateau berbere,5.5,0,6,final
2025-09-25,bathroomgraffiti,all,plateau berbere,6.1,0,15,final
2025-09-26,bathroomgraffiti,all,plateau berbere,7.3,0,3,final
2025-09-27,bathroomgraffiti,all,plateau berbere,8,0,1,final
2025-09-28,bathroomgraffiti,all,plateau berbere,9,0,3,final
2025-09-29,bathroomgraffiti,all,plateau berbere,6,0,6,final
2025-09-30,bathroomgraffiti,all,plateau berbere,3.8,1,5,final
2025-10-01,bathroomgraffiti,all,plateau berbere,9.3,0,3,final
2025-10-02,bathroomgraffiti,all,plateau berbere,15,0,6,final
2025-10-03,bathroomgraffiti,all,plateau berbere,7.5,0,8,final
2025-10-04,bathroomgraffiti,all,plateau berbere,4.5,1,4,final
2025-10-05,bathroomgraffiti,all,plateau berbere,4.7,0,7,final
2025-10-06,bathroomgraffiti,all,plateau berbere,5.9,0,8,final
2025-10-07,bathroomgraffiti,all,plateau berbere,4.7,0,12,final
2025-10-08,bathroomgraffiti,all,plateau berbere,5.5,0,6,final
2025-10-09,bathroomgraffiti,all,plateau berbere,5.5,1,11,final
2025-10-10,bathroomgraffiti,all,plateau berbere,5.2,1,13,final
2025-10-11,bathroomgraffiti,all,plateau berbere,5,0,10,final
2025-10-12,bathroomgraffiti,all,plateau berbere,4.4,0,8,final
2025-10-13,bathroomgraffiti,all,plateau berbere,4.8,1,6,final
2025-10-14,bathroomgraffiti,all,plateau berbere,5.4,0,9,final
2025-10-15,bathroomgraffiti,all,plateau berbere,5,0,8,final
2025-10-16,bathroomgraffiti,all,plateau berbere,5.3,1,7,final
2025-10-17,bathroomgraffiti,all,plateau berbere,5.4,0,8,final
2025-10-18,bathroomgraffiti,all,plateau berbere,5.1,0,8,final
2025-10-19,bathroomgraffiti,all,plateau berbere,4.3,1,3,final
2025-10-20,bathroomgraffiti,all,plateau berbere,5.3,0,3,final
2025-10-21,bathroomgraffiti,all,plateau berbere,3.9,1,16,final
2025-10-22,bathroomgraffiti,all,plateau berbere,5,0,10,final
2025-10-23,bathroomgraffiti,all,plateau berbere,4.8,0,5,final
2025-10-24,bathroomgraffiti,all,plateau berbere,4.5,0,14,final
2025-10-25,bathroomgraffiti,all,plateau berbere,4.8,0,6,final
2025-10-26,bathroomgraffiti,all,plateau berbere,4,0,5,final
2025-10-27,bathroomgraffiti,all,plateau berbere,4.3,0,3,final
2025-10-28,bathroomgraffiti,all,plateau berbere,5,0,6,final
2025-10-29,bathroomgraffiti,all,plateau berbere,5.2,0,9,final
2025-10-30,bathroomgraffiti,all,plateau berbere,5.6,0,8,final
2025-10-31,bathroomgraffiti,all,plateau berbere,7.1,0,7,final
2025-11-01,bathroomgraffiti,all,plateau berbere,6.8,0,13,final
2025-11-02,bathroomgraffiti,all,plateau berbere,5.5,0,10,final
2025-11-03,bathroomgraffiti,all,plateau berbere,5.7,0,7,final
2025-11-04,bathroomgraffiti,all,plateau berbere,6.4,1,5,final
2025-11-05,bathroomgraffiti,all,plateau berbere,5,0,14,final
2025-11-06,bathroomgraffiti,all,plateau berbere,7.8,2,8,final
2025-11-07,bathroomgraffiti,all,plateau berbere,4.5,0,10,final
2025-11-08,bathroomgraffiti,all,plateau berbere,5.5,2,15,final
2025-11-09,bathroomgraffiti,all,plateau berbere,4.5,0,14,final
2025-11-10,bathroomgraffiti,all,plateau berbere,5,0,2,final
2025-11-11,bathroomgraffiti,all,plateau berbere,4.8,1,12,final
2025-11-12,bathroomgraffiti,all,plateau berbere,4.7,3,11,final
2025-11-13,bathroomgraffiti,all,plateau berbere,4.2,1,6,final
2025-11-14,bathroomgraffiti,all,plateau berbere,5.8,3,12,final
2025-11-15,bathroomgraffiti,all,plateau berbere,5.6,1,7,final
2025-11-16,bathroomgraffiti,all,plateau berbere,4.3,1,21,final
2025-11-17,bathroomgraffiti,all,plateau berbere,5.4,1,9,final
2025-11-18,bathroomgraffiti,all,plateau berbere,5.3,0,9,final
2025-11-19,bathroomgraffiti,all,plateau berbere,4.8,2,15,final
2025-11-20,bathroomgraffiti,all,plateau berbere,5,0,17,final
2025-11-21,bathroomgraffiti,all,plateau berbere,4.8,0,12,final
2025-11-22,bathroomgraffiti,all,plateau berbere,4.1,0,13,final
2025-11-23,bathroomgraffiti,all,plateau berbere,4.1,2,27,final
2025-11-24,bathroomgraffiti,all,plateau berbere,2.6,1,14,final
2025-11-25,bathroomgraffiti,all,plateau berbere,3.9,0,23,final
2025-11-26,bathroomgraffiti,all,plateau berbere,4.6,1,8,final
2025-11-27,bathroomgraffiti,all,plateau berbere,4.6,1,22,final
2025-11-28,bathroomgraffiti,all,plateau berbere,4.8,1,16,final
2025-11-29,bathroomgraffiti,all,plateau berbere,4.4,1,23,final
2025-11-30,bathroomgraffiti,all,plateau berbere,4.7,0,29,final
2025-12-01,bathroomgraffiti,all,plateau berbere,5.5,1,21,final
2025-12-02,bathroomgraffiti,all,plateau berbere,5.4,2,16,final
2025-12-03,bathroomgraffiti,all,plateau berbere,4.4,2,31,final
2025-12-04,bathroomgraffiti,all,plateau berbere,5.5,1,13,final
2025-12-05,bathroomgraffiti,all,plateau berbere,4.9,1,16,final
2025-12-06,bathroomgraffiti,all,plateau berbere,5.6,1,27,final
2025-12-07,bathroomgraffiti,all,plateau berbere,5.8,0,31,final
2025-12-08,bathroomgraffiti,all,plateau berbere,4.5,1,23,final
2025-12-09,bathroomgraffiti,all,plateau berbere,4.4,2,30,final
2025-12-10,bathroomgraffiti,all,plateau berbere,4.8,2,24,final
2025-12-11,bathroomgraffiti,all,plateau berbere,5.1,0,12,final
2025-12-12,bathroomgraffiti,all,plateau berbere,3.8,4,22,final
2025-12-13,bathroomgraffiti,all,plateau berbere,4.4,2,32,final
2025-12-14,bathroomgraffiti,all,plateau berbere,4.4,2,38,final
2025-12-15,bathroomgraffiti,all,plateau berbere,8.0,1,26,final
2025-12-16,bathroomgraffiti,all,plateau berbere,8.5,0,24,final
2025-12-17,bathroomgraffiti,all,plateau berbere,17,1,24,final
2025-12-18,bathroomgraffiti,all,plateau berbere,4.5,0,11,final
2025-12-19,bathroomgraffiti,all,plateau berbere,4.4,0,19,final
2025-12-20,bathroomgraffiti,all,plateau berbere,5,0,15,final
2025-12-21,bathroomgraffiti,all,plateau berbere,4.4,1,19,final
2025-12-22,bathroomgraffiti,all,plateau berbere,4.6,0,14,final
2025-12-23,bathroomgraffiti,all,plateau berbere,4.9,1,16,final
2025-12-24,bathroomgraffiti,all,plateau berbere,5,0,8,final
2025-12-25,bathroomgraffiti,all,plateau berbere,4.7,0,19,final
2025-12-26,bathroomgraffiti,all,plateau berbere,5.3,0,18,final
2025-12-27,bathroomgraffiti,all,plateau berbere,3.6,1,5,final
2025-12-28,bathroomgraffiti,all,plateau berbere,4.7,1,12,final
2025-12-29,bathroomgraffiti,all,plateau berbere,20.8,0,12,final
2025-12-30,bathroomgraffiti,all,plateau berbere,4.1,0,14,final
2025-12-31,bathroomgraffiti,all,plateau berbere,4.7,0,9,final
2026-01-01,bathroomgraffiti,all,plateau berbere,5.4,1,11,final
2026-01-02,bathroomgraffiti,all,plateau berbere,4.6,0,5,final
2026-01-03,bathroomgraffiti,all,plateau berbere,4.7,0,21,final
2026-01-04,bathroomgraffiti,all,plateau berbere,4.6,1,29,final
2026-01-05,bathroomgraffiti,all,plateau berbere,5.5,0,65,final
2026-01-06,bathroomgraffiti,all,plateau berbere,5.3,0,26,final
2026-01-07,bathroomgraffiti,all,plateau berbere,4.3,1,9,final
2026-01-08,bathroomgraffiti,all,plateau berbere,4.1,0,8,final
2026-01-09,bathroomgraffiti,all,plateau berbere,5.6,0,13,final
2026-01-10,bathroomgraffiti,all,plateau berbere,4.2,2,12,final
2026-01-11,bathroomgraffiti,all,plateau berbere,4.3,0,14,final
2026-01-12,bathroomgraffiti,all,plateau berbere,4,0,1,final
2026-01-13,bathroomgraffiti,all,plateau berbere,4.5,0,10,final
2026-01-14,bathroomgraffiti,all,plateau berbere,5,0,5,final
2026-01-15,bathroomgraffiti,all,plateau berbere,3.9,0,8,final
2026-01-16,bathroomgraffiti,all,plateau berbere,4.3,0,7,final
2026-01-17,bathroomgraffiti,all,plateau berbere,4.4,0,8,final
2026-01-18,bathroomgraffiti,all,plateau berbere,5.2,0,12,final
2026-01-19,bathroomgraffiti,all,plateau berbere,4.8,0,5,final
2026-01-20,bathroomgraffiti,all,plateau berbere,4.8,0,5,final
2026-01-21,bathroomgraffiti,all,plateau berbere,4.6,0,8,final
2026-01-22,bathroomgraffiti,all,plateau berbere,4.8,0,12,final
2026-01-23,bathroomgraffiti,all,plateau berbere,3.8,0,11,final
2026-01-24,bathroomgraffiti,all,plateau berbere,5.2,1,10,final
2026-01-25,bathroomgraffiti,all,plateau berbere,4.9,1,8,final
2026-01-26,bathroomgraffiti,all,plateau berbere,5.7,1,10,final
2026-01-27,bathroomgraffiti,all,plateau berbere,6.5,0,11,final
2026-01-28,bathroomgraffiti,all,plateau berbere,4.6,0,5,final
2026-01-29,bathroomgraffiti,all,plateau berbere,4.1,1,7,final
2026-01-30,bathroomgraffiti,all,plateau berbere,6.2,0,9,final
2026-01-31,bathroomgraffiti,all,plateau berbere,4.8,0,5,final
2026-02-01,bathroomgraffiti,all,plateau berbere,4.6,0,10,final
2026-02-02,bathroomgraffiti,all,plateau berbere,4.6,1,10,final
2026-02-03,bathroomgraffiti,all,plateau berbere,5,0,2,final
2026-02-04,bathroomgraffiti,all,plateau berbere,4.1,1,7,final
2026-02-05,bathroomgraffiti,all,plateau berbere,4.3,0,3,final
2026-02-06,bathroomgraffiti,all,plateau berbere,4.3,0,6,final
2026-02-07,bathroomgraffiti,all,plateau berbere,4.8,1,16,final
2026-02-08,bathroomgraffiti,all,plateau berbere,4.2,1,8,final
2026-02-09,bathroomgraffiti,all,plateau berbere,4,0,3,final
2026-02-10,bathroomgraffiti,all,plateau berbere,3.4,0,7,final
2026-02-11,bathroomgraffiti,all,plateau berbere,3.5,0,4,final
2026-02-12,bathroomgraffiti,all,plateau berbere,4.2,0,10,final
2026-02-13,bathroomgraffiti,all,plateau berbere,4.6,0,7,final
2026-02-14,bathroomgraffiti,all,plateau berbere,4.1,0,12,final
2026-02-15,bathroomgraffiti,all,plateau berbere,4.3,0,12,final
2026-02-16,bathroomgraffiti,all,plateau berbere,3.4,0,5,final
2026-02-17,bathroomgraffiti,all,plateau berbere,4.9,0,19,final
2026-02-18,bathroomgraffiti,all,plateau berbere,4,1,8,final
2026-02-19,bathroomgraffiti,all,plateau berbere,4.1,0,9,final
2026-02-20,bathroomgraffiti,all,plateau berbere,3.3,0,6,final
2026-02-21,bathroomgraffiti,all,plateau berbere,5.8,0,5,final
2026-02-22,bathroomgraffiti,all,plateau berbere,4.8,0,5,final
2026-02-23,bathroomgraffiti,all,plateau berbere,4.6,0,10,final
2026-02-24,bathroomgraffiti,all,plateau berbere,4.6,0,7,final
2026-02-25,bathroomgraffiti,all,plateau berbere,3.7,0,3,final
2026-02-26,bathroomgraffiti,all,plateau berbere,3.3,0,13,final
2026-02-27,bathroomgraffiti,all,plateau berbere,3,0,5,final
2026-02-28,bathroomgraffiti,all,plateau berbere,4.2,0,10,final
2026-03-01,bathroomgraffiti,all,plateau berbere,3.9,0,9,final
2026-03-02,bathroomgraffiti,all,plateau berbere,4,1,11,final
2026-03-03,bathroomgraffiti,all,plateau berbere,4.1,0,7,final
2026-03-04,bathroomgraffiti,all,plateau berbere,4,1,7,final
2026-03-05,bathroomgraffiti,all,plateau berbere,5.7,0,12,final
2026-03-06,bathroomgraffiti,all,plateau berbere,5.2,0,5,final
2026-03-07,bathroomgraffiti,all,plateau berbere,4.6,1,7,final
2026-03-08,bathroomgraffiti,all,plateau berbere,11,0,6,final
2026-03-09,bathroomgraffiti,all,plateau berbere,7,0,2,final
2026-03-10,bathroomgraffiti,all,plateau berbere,6,0,4,final
2026-03-11,bathroomgraffiti,all,plateau berbere,5.1,0,8,final
2026-03-12,bathroomgraffiti,all,plateau berbere,5,0,3,final
2026-03-14,bathroomgraffiti,all,plateau berbere,15.4,0,5,final
2026-03-15,bathroomgraffiti,all,plateau berbere,1,0,1,final
2026-03-16,bathroomgraffiti,all,plateau berbere,7,0,2,final
2026-03-17,bathroomgraffiti,all,plateau berbere,5.4,0,7,final
2026-03-18,bathroomgraffiti,all,plateau berbere,2,1,10,final
2026-03-19,bathroomgraffiti,all,plateau berbere,4.1,0,8,final
2026-03-20,bathroomgraffiti,all,plateau berbere,4.2,0,4,final
2026-03-21,bathroomgraffiti,all,plateau berbere,26.4,1,18,final
2026-03-22,bathroomgraffiti,all,plateau berbere,3.6,1,8,final
2026-03-23,bathroomgraffiti,all,plateau berbere,5.9,1,8,final
2026-03-24,bathroomgraffiti,all,plateau berbere,3.8,0,10,final
2026-03-25,bathroomgraffiti,all,plateau berbere,4.8,1,9,final
2026-03-26,bathroomgraffiti,all,plateau berbere,3.6,1,7,final
2026-03-27,bathroomgraffiti,all,plateau berbere,3.9,0,8,final
2026-03-28,bathroomgraffiti,all,plateau berbere,4.5,0,14,final
2026-03-29,bathroomgraffiti,all,plateau berbere,5.3,1,14,final
2026-03-30,bathroomgraffiti,all,plateau berbere,4.2,1,13,final
2026-03-31,bathroomgraffiti,all,plateau berbere,4.5,1,6,final
2026-04-01,bathroomgraffiti,all,plateau berbere,4,0,3,final
2026-04-02,bathroomgraffiti,all,plateau berbere,2.2,1,5,final
2026-04-03,bathroomgraffiti,all,plateau berbere,4.7,0,6,final
2026-04-04,bathroomgraffiti,all,plateau berbere,4.2,0,10,final
2026-04-05,bathroomgraffiti,all,plateau berbere,3.1,0,8,final
2026-04-06,bathroomgraffiti,all,plateau berbere,4.6,0,10,final
2026-04-07,bathroomgraffiti,all,plateau berbere,2.9,2,12,final
2026-04-08,bathroomgraffiti,all,plateau berbere,3.6,1,13,final
2026-04-09,bathroomgraffiti,all,plateau berbere,4.6,0,10,final
2026-04-10,bathroomgraffiti,all,plateau berbere,3.2,0,4,final
2026-04-11,bathroomgraffiti,all,plateau berbere,3.5,1,8,final
2026-04-12,bathroomgraffiti,all,plateau berbere,3,1,11,final
2026-04-13,bathroomgraffiti,all,plateau berbere,2,0,4,final
2026-04-14,bathroomgraffiti,all,plateau berbere,2.8,0,12,final
2026-04-15,bathroomgraffiti,all,plateau berbere,2.8,0,11,final
2026-04-16,bathroomgraffiti,all,plateau berbere,3.4,1,18,final
2026-04-17,bathroomgraffiti,all,plateau berbere,3.4,0,5,final
2026-04-18,bathroomgraffiti,all,plateau berbere,2.9,0,11,final
2026-04-19,bathroomgraffiti,all,plateau berbere,3.3,0,6,final
2026-04-20,bathroomgraffiti,all,plateau berbere,3.5,1,12,final
2026-04-21,bathroomgraffiti,all,plateau berbere,2.4,1,8,final
2026-04-22,bathroomgraffiti,all,plateau berbere,2.2,0,6,final
2026-04-23,bathroomgraffiti,all,plateau berbere,4.1,0,11,final
2026-04-24,bathroomgraffiti,all,plateau berbere,3.4,0,11,final
2026-04-25,bathroomgraffiti,all,plateau berbere,4,1,16,final
2026-04-26,bathroomgraffiti,all,plateau berbere,3.6,0,14,final
2026-04-27,bathroomgraffiti,all,plateau berbere,4,0,2,final
2026-04-28,bathroomgraffiti,all,plateau berbere,4.5,0,6,final
2026-04-29,bathroomgraffiti,all,plateau berbere,7,0,3,final
2026-04-30,bathroomgraffiti,all,plateau berbere,3.7,0,7,final
2026-05-01,bathroomgraffiti,all,plateau berbere,5.2,1,13,final
2026-05-02,bathroomgraffiti,all,plateau berbere,5.4,0,12,final
2026-05-03,bathroomgraffiti,all,plateau berbere,5.3,1,7,final
2026-05-04,bathroomgraffiti,all,plateau berbere,4.5,0,15,final
2026-05-05,bathroomgraffiti,all,plateau berbere,4.4,0,10,final
2026-05-06,bathroomgraffiti,all,plateau berbere,2.8,0,11,final
2026-05-07,bathroomgraffiti,all,plateau berbere,3.5,0,4,final
2026-05-08,bathroomgraffiti,all,plateau berbere,5.2,0,6,final
2026-05-09,bathroomgraffiti,all,plateau berbere,3.7,0,11,final
2026-05-10,bathroomgraffiti,all,plateau berbere,3.5,0,11,final
2026-05-11,bathroomgraffiti,all,plateau berbere,3,0,8,final
2026-05-12,bathroomgraffiti,all,plateau berbere,2.7,0,13,final
2026-05-13,bathroomgraffiti,all,plateau berbere,4.8,0,5,final
2026-05-14,bathroomgraffiti,all,plateau berbere,4.7,1,7,final
2026-05-15,bathroomgraffiti,all,plateau berbere,5.1,0,16,final
2026-05-16,bathroomgraffiti,all,plateau berbere,4.3,2,16,final
2026-05-17,bathroomgraffiti,all,plateau berbere,3.9,1,11,final
2026-05-18,bathroomgraffiti,all,plateau berbere,3.7,1,9,final
2026-05-19,bathroomgraffiti,all,plateau berbere,3.9,0,8,final
2026-05-20,bathroomgraffiti,all,plateau berbere,2.8,0,12,final
2026-05-21,bathroomgraffiti,all,plateau berbere,3.6,0,11,final
2026-05-22,bathroomgraffiti,all,plateau berbere,4.8,0,10,final
2026-05-23,bathroomgraffiti,all,plateau berbere,4.1,2,10,final
2026-05-24,bathroomgraffiti,all,plateau berbere,3.4,1,10,final
2026-05-25,bathroomgraffiti,all,plateau berbere,4.5,1,14,final
2026-05-26,bathroomgraffiti,all,plateau berbere,3.7,1,16,final
2026-05-27,bathroomgraffiti,all,plateau berbere,3.9,0,8,final
2026-05-28,bathroomgraffiti,all,plateau berbere,3.7,2,12,final
2026-05-29,bathroomgraffiti,all,plateau berbere,3.2,2,8,final
2026-05-30,bathroomgraffiti,all,plateau berbere,3.9,0,14,final
2026-05-31,bathroomgraffiti,all,plateau berbere,5.2,0,22,final
2026-06-01,bathroomgraffiti,all,plateau berbere,4.1,0,16,final
2026-06-02,bathroomgraffiti,all,plateau berbere,3.4,0,12,final
2026-06-03,bathroomgraffiti,all,plateau berbere,8.8,0,4,final
2026-06-04,bathroomgraffiti,all,plateau berbere,6.2,0,12,final
2026-06-05,bathroomgraffiti,all,plateau berbere,4.2,1,10,final
2026-06-06,bathroomgraffiti,all,plateau berbere,5.9,1,17,final
2026-06-07,bathroomgraffiti,all,plateau berbere,4.9,0,14,final
2026-06-08,bathroomgraffiti,all,plateau berbere,4.2,2,11,final
2026-06-09,bathroomgraffiti,all,plateau berbere,5.5,1,11,final
2026-06-10,bathroomgraffiti,all,plateau berbere,7.9,0,9,final
2026-06-11,bathroomgraffiti,all,plateau berbere,6.2,0,6,final
2026-06-12,bathroomgraffiti,all,plateau berbere,4.5,0,4,final
2026-06-13,bathroomgraffiti,all,plateau berbere,6.5,0,11,final
2026-06-14,bathroomgraffiti,all,plateau berbere,5.1,0,7,final
2026-06-15,bathroomgraffiti,all,plateau berbere,3.8,0,10,final
2026-06-16,bathroomgraffiti,all,plateau berbere,5.4,1,13,final
2026-06-17,bathroomgraffiti,all,plateau berbere,4.8,1,8,final
2026-06-18,bathroomgraffiti,all,plateau berbere,5.4,1,20,final
2026-06-19,bathroomgraffiti,all,plateau berbere,6.3,0,14,final
2026-06-20,bathroomgraffiti,all,plateau berbere,7.3,0,6,final
2026-06-21,bathroomgraffiti,all,plateau berbere,5,0,14,final
2026-06-22,bathroomgraffiti,all,plateau berbere,5.4,2,23,final
2026-06-23,bathroomgraffiti,all,plateau berbere,8.2,0,17,final
2026-06-24,bathroomgraffiti,all,plateau berbere,4.8,1,19,final
2026-06-25,bathroomgraffiti,all,plateau berbere,5.2,0,8,final
2026-06-26,bathroomgraffiti,all,plateau berbere,4.9,0,11,final
2026-06-27,bathroomgraffiti,all,plateau berbere,6.3,0,18,final
2026-06-28,bathroomgraffiti,all,plateau berbere,4.3,0,13,final
2026-06-29,bathroomgraffiti,all,plateau berbere,4.3,1,15,final
2026-06-30,bathroomgraffiti,all,plateau berbere,4.5,2,15,final
2026-07-01,bathroomgraffiti,all,plateau berbere,4,1,19,final
2026-07-02,bathroomgraffiti,all,plateau berbere,3.6,1,11,final
2026-07-03,bathroomgraffiti,all,plateau berbere,4.1,0,8,final
2026-07-04,bathroomgraffiti,all,plateau berbere,2.9,2,20,final
2026-07-05,bathroomgraffiti,all,plateau berbere,3.7,0,14,final
2026-07-06,bathroomgraffiti,all,plateau berbere,3.8,0,4,final
2026-07-07,bathroomgraffiti,all,plateau berbere,3.8,0,6,final
2026-07-08,bathroomgraffiti,all,plateau berbere,5.3,0,13,final
2026-07-09,bathroomgraffiti,all,plateau berbere,5.1,1,15,final
2026-07-10,bathroomgraffiti,all,plateau berbere,4.9,1,10,final
2026-07-11,bathroomgraffiti,all,plateau berbere,4.9,0,11,final
2026-07-12,bathroomgraffiti,all,plateau berbere,7.5,1,8,final
2026-07-13,bathroomgraffiti,all,plateau berbere,3.7,0,10,final
2026-07-14,bathroomgraffiti,all,plateau berbere,3.9,1,11,final
2026-07-15,bathroomgraffiti,all,plateau berbere,4.2,0,5,final
2026-07-16,bathroomgraffiti,all,plateau berbere,2,0,6,final
2026-07-17,bathroomgraffiti,all,plateau berbere,3.9,1,9,final
2026-07-18,bathroomgraffiti,all,plateau berbere,5.1,1,13,final
2026-07-19,bathroomgraffiti,all,plateau berbere,4.7,1,15,final
2026-07-20,bathroomgraffiti,all,plateau berbere,5.4,0,8,final
2026-07-21,bathroomgraffiti,all,plateau berbere,3.5,0,12,final
2026-07-22,bathroomgraffiti,all,plateau berbere,3.7,1,9,final
2026-07-23,bathroomgraffiti,all,plateau berbere,3,0,6,final
2026-07-24,bathroomgraffiti,all,plateau berbere,2.3,0,10,final
2026-07-25,bathroomgraffiti,all,plateau berbere,2.7,2,15,final
2026-07-26,bathroomgraffiti,all,plateau berbere,3.6,1,8,final
2026-07-27,bathroomgraffiti,all,plateau berbere,4,0,11,final
2026-07-28,bathroomgraffiti,all,plateau berbere,4.4,0,7,final
2026-07-29,bathroomgraffiti,all,plateau berbere,2.7,1,10,final
2026-07-30,bathroomgraffiti,all,plateau berbere,5.9,0,10,final
2026-07-31,bathroomgraffiti,all,plateau berbere,7.8,1,15,final
2026-08-01,bathroomgraffiti,all,plateau berbere,5.8,0,5,final
2026-08-02,bathroomgraffiti,all,plateau berbere,7.8,0,12,final
2026-08-03,bathroomgraffiti,all,plateau berbere,6.2,1,6,final
2026-08-04,bathroomgraffiti,all,plateau berbere,4.4,0,9,final
2026-08-05,bathroomgraffiti,all,plateau berbere,5.2,1,4,final
2026-08-06,bathroomgraffiti,all,plateau berbere,4.2,1,13,final
2026-08-07,bathroomgraffiti,all,plateau berbere,5.5,1,13,final
2026-08-08,bathroomgraffiti,all,plateau berbere,7.7,0,11,final
2026-08-09,bathroomgraffiti,all,plateau berbere,6.8,1,12,final
2026-08-10,bathroomgraffiti,all,plateau berbere,5,0,1,final
2026-08-11,bathroomgraffiti,all,plateau berbere,8.4,1,5,final
2026-08-12,bathroomgraffiti,all,plateau berbere,8.1,0,8,final
2026-08-13,bathroomgraffiti,all,plateau berbere,8,0,9,final
2026-08-14,bathroomgraffiti,all,plateau berbere,6.7,0,7,final
2026-08-15,bathroomgraffiti,all,plateau berbere,6.8,1,9,final
2026-08-16,bathroomgraffiti,all,plateau berbere,8.1,0,10,final
2026-08-17,bathroomgraffiti,all,plateau berbere,8.2,0,6,final
2026-08-18,bathroomgraffiti,all,plateau berbere,6.9,1,16,final
2026-08-19,bathroomgraffiti,all,plateau berbere,5.9,0,17,final
2026-08-20,bathroomgraffiti,all,plateau berbere,5.8,0,10,final
2026-08-21,bathroomgraffiti,all,plateau berbere,5,0,11,final
2026-08-22,bathroomgraffiti,all,plateau berbere,5.6,0,26,final
2026-08-23,bathroomgraffiti,all,plateau berbere,5.3,2,41,final
2026-08-24,bathroomgraffiti,all,plateau berbere,5.0,0,25,final
2026-08-25,bathroomgraffiti,all,plateau berbere,5.8,0,10,final
2026-08-26,bathroomgraffiti,all,plateau berbere,3.7,1,11,final
2026-08-27,bathroomgraffiti,all,plateau berbere,6.3,0,12,final
2026-08-28,bathroomgraffiti,all,plateau berbere,5,0,15,final
2026-08-29,bathroomgraffiti,all,plateau berbere,6,1,17,final
2026-08-30,bathroomgraffiti,all,plateau berbere,6,0,10,final
2026-08-31,bathroomgraffiti,all,plateau berbere,6.3,0,6,final
2026-09-01,bathroomgraffiti,all,plateau berbere,5.3,0,9,final
2026-09-02,bathroomgraffiti,all,plateau berbere,5,0,10,final
2026-09-03,bathroomgraffiti,all,plateau berbere,4.6,0,9,final
2026-09-04,bathroomgraffiti,all,plateau berbere,3.8,0,5,final
2026-09-05,bathroomgraffiti,all,plateau berbere,4.2,3,17,final
2026-09-06,bathroomgraffiti,all,plateau berbere,5.8,0,12,final
2026-09-07,bathroomgraffiti,all,plateau berbere,4.8,0,11,final
2026-09-08,bathroomgraffiti,all,plateau berbere,5.4,0,8,final
2026-09-09,bathroomgraffiti,all,plateau berbere,4,0,6,final
2026-09-10,bathroomgraffiti,all,plateau berbere,3.1,0,8,final
2026-09-11,bathroomgraffiti,all,plateau berbere,2.5,0,6,final
2026-09-12,bathroomgraffiti,all,plateau berbere,5.4,0,5,final
2026-09-13,bathroomgraffiti,all,plateau berbere,3.5,0,4,final
2026-09-14,bathroomgraffiti,all,plateau berbere,4.3,0,7,final
2026-09-15,bathroomgraffiti,all,plateau berbere,2,0,1,final
2026-09-16,bathroomgraffiti,all,plateau berbere,2.4,0,7,final
2026-09-17,bathroomgraffiti,all,plateau berbere,4,0,6,final
2026-09-18,bathroomgraffiti,all,plateau berbere,3,0,2,final
2026-09-19,bathroomgraffiti,all,plateau berbere,4,2,13,final
2026-09-20,bathroomgraffiti,all,plateau berbere,1.7,0,3,final
2026-09-21,bathroomgraffiti,all,plateau berbere,2.8,0,10,final
2026-09-22,bathroomgraffiti,all,plateau berbere,4.5,0,2,final
2026-09-23,bathroomgraffiti,all,plateau berbere,5.6,0,7,final
2026-09-24,bathroomgraffiti,all,plateau berbere,4.6,1,11,final
2026-09-25,bathroomgraffiti,all,plateau berbere,3.5,1,6,final
2026-09-26,bathroomgraffiti,all,plateau berbere,4.2,0,4,final
2026-09-27,bathroomgraffiti,all,plateau berbere,6,0,3,final
2026-09-28,bathroomgraffiti,all,plateau berbere,3.4,0,8,final
2026-09-29,bathroomgraffiti,all,plateau berbere,3.5,0,10,final
2026-09-30,bathroomgraffiti,all,plateau berbere,3.6,0,5,final
2026-10-01,bathroomgraffiti,all,plateau berbere,9.9,0,7,final
2026-10-02,bathroomgraffiti,all,plateau berbere,2.1,0,7,final
2026-10-03,bathroomgraffiti,all,plateau berbere,1.9,1,7,final
2026-10-04,bathroomgraffiti,all,plateau berbere,2.3,0,7,fresh
2026-10-05,bathroomgraffiti,all,plateau berbere,6,0,2,fresh
2025-09-22,bathroomgraffiti,all,reveil design,1,0,1,final
2025-10-06,bathroomgraffiti,all,reveil design,3,0,1,final
2026-01-05,bathroomgraffiti,all,reveil design,19,0,1,final
2026-01-27,bathroomgraffiti,all,reveil design,11,0,1,final
2026-02-03,bathroomgraffiti,all,reveil design,21,0,1,final
2026-02-21,bathroomgraffiti,all,reveil design,6,0,1,final
2026-03-09,bathroomgraffiti,all,reveil design,15,0,1,final
2026-03-10,bathroomgraffiti,all,reveil design,13.5,0,6,final
2026-03-11,bathroomgraffiti,all,reveil design,12.6,0,8,final
2026-03-12,bathroomgraffiti,all,reveil design,14,0,10,final
2026-03-13,bathroomgraffiti,all,reveil design,12.5,0,2,final
2026-04-01,bathroomgraffiti,all,reveil design,6,0,1,final
2026-04-05,bathroomgraffiti,all,reveil design,12,0,1,final
2026-04-06,bathroomgraffiti,all,reveil design,4,0,1,final
2026-05-26,bathroomgraffiti,all,reveil design,3,0,1,final
2026-06-05,bathroomgraffiti,all,reveil design,7.5,0,4,final
2026-06-06,bathroomgraffiti,all,reveil design,4,0,9,final
2026-06-07,bathroomgraffiti,all,reveil design,4.6,0,16,final
2026-06-08,bathroomgraffiti,all,reveil design,4.3,1,24,final
2026-06-09,bathroomgraffiti,all,reveil design,3.9,1,11,final
2026-06-10,bathroomgraffiti,all,reveil design,3.8,0,13,final
2026-06-11,bathroomgraffiti,all,reveil design,5.4,0,10,final
2026-06-12,bathroomgraffiti,all,reveil design,4.8,0,5,final
2026-06-13,bathroomgraffiti,all,reveil design,7.5,0,2,final
2026-06-14,bathroomgraffiti,all,reveil design,7.3,0,7,final
2026-06-15,bathroomgraffiti,all,reveil design,5,0,3,final
2026-06-16,bathroomgraffiti,all,reveil design,5.1,0,18,final
2026-06-17,bathroomgraffiti,all,reveil design,4.2,0,6,final
2026-06-20,bathroomgraffiti,all,reveil design,6,0,1,final
2026-06-24,bathroomgraffiti,all,reveil design,12,0,1,final
2026-06-25,bathroomgraffiti,all,reveil design,3.8,0,10,final
2026-06-26,bathroomgraffiti,all,reveil design,4.3,0,9,final
2026-06-27,bathroomgraffiti,all,reveil design,4.8,0,11,final
2026-06-28,bathroomgraffiti,all,reveil design,4.4,0,15,final
2026-06-29,bathroomgraffiti,all,reveil design,5.2,0,9,final
2026-06-30,bathroomgraffiti,all,reveil design,5.2,0,13,final
2026-07-01,bathroomgraffiti,all,reveil design,4.7,0,16,final
2026-07-02,bathroomgraffiti,all,reveil design,4.9,1,17,final
2026-07-03,bathroomgraffiti,all,reveil design,5.2,0,17,final
2026-07-04,bathroomgraffiti,all,reveil design,4.6,0,33,final
2026-07-05,bathroomgraffiti,all,reveil design,4.8,1,27,final
2026-07-06,bathroomgraffiti,all,reveil design,5,0,16,final
2026-07-07,bathroomgraffiti,all,reveil design,4.6,0,7,final
2026-07-08,bathroomgraffiti,all,reveil design,5.1,0,20,final
2026-07-09,bathroomgraffiti,all,reveil design,5.0,0,23,final
2026-07-10,bathroomgraffiti,all,reveil design,6.3,0,6,final
2026-07-11,bathroomgraffiti,all,reveil design,5.5,0,16,final
2026-07-12,bathroomgraffiti,all,reveil design,6.1,1,15,final
2026-07-13,bathroomgraffiti,all,reveil design,5.3,0,15,final
2026-07-14,bathroomgraffiti,all,reveil design,6.3,0,12,final
2026-07-15,bathroomgraffiti,all,reveil design,9.3,0,14,final
2026-07-16,bathroomgraffiti,all,reveil design,7,0,24,final
2026-07-17,bathroomgraffiti,all,reveil design,5.5,0,16,final
2026-07-18,bathroomgraffiti,all,reveil design,4.9,0,18,final
2026-07-19,bathroomgraffiti,all,reveil design,6,0,15,final
2026-07-20,bathroomgraffiti,all,reveil design,5.7,0,15,final
2026-07-21,bathroomgraffiti,all,reveil design,5.6,0,15,final
2026-07-22,bathroomgraffiti,all,reveil design,5.5,0,21,final
2026-07-23,bathroomgraffiti,all,reveil design,4.9,0,22,final
2026-07-24,bathroomgraffiti,all,reveil design,4.8,1,13,final
2026-07-25,bathroomgraffiti,all,reveil design,5.9,0,14,final
2026-07-26,bathroomgraffiti,all,reveil design,6.0,0,24,final
2026-07-27,bathroomgraffiti,all,reveil design,5.9,0,26,final
2026-07-28,bathroomgraffiti,all,reveil design,6.4,0,33,final
2026-07-29,bathroomgraffiti,all,reveil design,5.1,0,22,final
2026-07-30,bathroomgraffiti,all,reveil design,5.2,0,24,final
2026-07-31,bathroomgraffiti,all,reveil design,5.7,1,27,final
2026-08-01,bathroomgraffiti,all,reveil design,4.6,0,13,final
2026-08-02,bathroomgraffiti,all,reveil design,5.0,1,27,final
2026-08-03,bathroomgraffiti,all,reveil design,5.1,0,20,final
2026-08-04,bathroomgraffiti,all,reveil design,6.0,0,23,final
2026-08-05,bathroomgraffiti,all,reveil design,13.9,0,11,final
2026-08-06,bathroomgraffiti,all,reveil design,12.8,0,13,final
2026-08-07,bathroomgraffiti,all,reveil design,12.7,0,6,final
2026-08-08,bathroomgraffiti,all,reveil design,10.9,0,15,final
2026-08-09,bathroomgraffiti,all,reveil design,5.4,0,25,final
2026-08-10,bathroomgraffiti,all,reveil design,5.5,0,27,final
2026-08-11,bathroomgraffiti,all,reveil design,5.9,0,23,final
2026-08-12,bathroomgraffiti,all,reveil design,9.1,0,22,final
2026-08-13,bathroomgraffiti,all,reveil design,9.7,0,15,final
2026-08-14,bathroomgraffiti,all,reveil design,6.9,0,17,final
2026-08-15,bathroomgraffiti,all,reveil design,8,0,9,final
2026-08-16,bathroomgraffiti,all,reveil design,6.4,0,14,final
2026-08-17,bathroomgraffiti,all,reveil design,9.2,0,27,final
2026-08-18,bathroomgraffiti,all,reveil design,7.0,1,22,final
2026-08-19,bathroomgraffiti,all,reveil design,8.5,0,19,final
2026-08-20,bathroomgraffiti,all,reveil design,7.9,1,30,final
2026-08-21,bathroomgraffiti,all,reveil design,8.3,0,15,final
2026-08-22,bathroomgraffiti,all,reveil design,12.5,1,20,final
2026-08-23,bathroomgraffiti,all,reveil design,12.0,0,21,final
2026-08-24,bathroomgraffiti,all,reveil design,8.4,0,41,final
2026-08-25,bathroomgraffiti,all,reveil design,9.1,0,20,final
2026-08-26,bathroomgraffiti,all,reveil design,10.4,0,22,final
2026-08-27,bathroomgraffiti,all,reveil design,7.8,0,19,final
2026-08-28,bathroomgraffiti,all,reveil design,10.5,0,24,final
2026-08-29,bathroomgraffiti,all,reveil design,9.4,0,27,final
2026-08-30,bathroomgraffiti,all,reveil design,9.7,0,42,final
2026-08-31,bathroomgraffiti,all,reveil design,11.2,0,32,final
2026-09-01,bathroomgraffiti,all,reveil design,12.8,0,27,final
2026-09-02,bathroomgraffiti,all,reveil design,13.7,0,23,final
2026-09-03,bathroomgraffiti,all,reveil design,11.5,0,21,final
2026-09-04,bathroomgraffiti,all,reveil design,11.9,0,20,final
2026-09-05,bathroomgraffiti,all,reveil design,10.8,0,19,final
2026-09-06,bathroomgraffiti,all,reveil design,12.5,0,20,final
2026-09-07,bathroomgraffiti,all,reveil design,12.5,0,24,final
2026-09-08,bathroomgraffiti,all,reveil design,12.8,2,26,final
2026-09-09,bathroomgraffiti,all,reveil design,9.6,0,22,final
2026-09-10,bathroomgraffiti,all,reveil design,7.8,0,24,final
2026-09-11,bathroomgraffiti,all,reveil design,10.3,0,16,final
2026-09-12,bathroomgraffiti,all,reveil design,10.3,0,16,final
2026-09-13,bathroomgraffiti,all,reveil design,9.0,0,29,final
2026-09-14,bathroomgraffiti,all,reveil design,10.5,0,19,final
2026-09-15,bathroomgraffiti,all,reveil design,6.6,1,25,final
2026-09-16,bathroomgraffiti,all,reveil design,8.4,0,23,final
2026-09-17,bathroomgraffiti,all,reveil design,8.5,0,21,final
2026-09-18,bathroomgraffiti,all,reveil design,8.8,0,26,final
2026-09-19,bathroomgraffiti,all,reveil design,7.8,0,28,final
2026-09-20,bathroomgraffiti,all,reveil design,7.8,1,28,final
2026-09-21,bathroomgraffiti,all,reveil design,7.9,0,13,final
2026-09-22,bathroomgraffiti,all,reveil design,8.5,0,23,final
2026-09-23,bathroomgraffiti,all,reveil design,8.1,0,16,final
2026-09-24,bathroomgraffiti,all,reveil design,7.6,0,17,final
2026-09-25,bathroomgraffiti,all,reveil design,7.8,0,17,final
2026-09-26,bathroomgraffiti,all,reveil design,8.2,0,18,final
2026-09-27,bathroomgraffiti,all,reveil design,7.6,1,36,final
2026-09-28,bathroomgraffiti,all,reveil design,9.6,0,16,final
2026-09-29,bathroomgraffiti,all,reveil design,7.4,1,19,final
2026-09-30,bathroomgraffiti,all,reveil design,6.9,0,22,final
2026-10-01,bathroomgraffiti,all,reveil design,7.0,0,20,final
2026-10-02,bathroomgraffiti,all,reveil design,8,0,25,final
2026-10-03,bathroomgraffiti,all,reveil design,9.6,0,8,final
2026-10-04,bathroomgraffiti,all,reveil design,7.6,0,41,fresh
2026-10-05,bathroomgraffiti,all,reveil design,8.1,0,12,fresh
2025-06-12,bathroomgraffiti,all,sonny angel halloween,1.3,0,3,final
2025-06-15,bathroomgraffiti,all,sonny angel halloween,1.3,0,6,final
2025-06-17,bathroomgraffiti,all,sonny angel halloween,1,0,3,final
2025-06-19,bathroomgraffiti,all,sonny angel halloween,1,0,3,final
2025-06-20,bathroomgraffiti,all,sonny angel halloween,2,0,3,final
2025-06-21,bathroomgraffiti,all,sonny angel halloween,1.5,0,2,final
2025-06-22,bathroomgraffiti,all,sonny angel halloween,2,0,1,final
2025-06-23,bathroomgraffiti,all,sonny angel halloween,1,0,2,final
2025-06-24,bathroomgraffiti,all,sonny angel halloween,2,0,1,final
2025-06-25,bathroomgraffiti,all,sonny angel halloween,1.8,0,6,final
2025-06-26,bathroomgraffiti,all,sonny angel halloween,1.3,0,3,final
2025-06-27,bathroomgraffiti,all,sonny angel halloween,36,0,1,final
2025-06-28,bathroomgraffiti,all,sonny angel halloween,10,0,2,final
2025-06-29,bathroomgraffiti,all,sonny angel halloween,1,0,3,final
2025-06-30,bathroomgraffiti,all,sonny angel halloween,1,0,2,final
2025-07-01,bathroomgraffiti,all,sonny angel halloween,1,0,3,final
2025-07-04,bathroomgraffiti,all,sonny angel halloween,2,0,1,final
2025-07-05,bathroomgraffiti,all,sonny angel halloween,3.5,0,2,final
2025-07-07,bathroomgraffiti,all,sonny angel halloween,2.2,0,4,final
2025-07-08,bathroomgraffiti,all,sonny angel halloween,18,0,3,final
2025-07-09,bathroomgraffiti,all,sonny angel halloween,1.3,0,3,final
2025-07-10,bathroomgraffiti,all,sonny angel halloween,2.7,0,3,final
2025-07-11,bathroomgraffiti,all,sonny angel halloween,2,0,2,final
2025-07-12,bathroomgraffiti,all,sonny angel halloween,2,0,1,final
2025-07-13,bathroomgraffiti,all,sonny angel halloween,1,0,2,final
2025-07-14,bathroomgraffiti,all,sonny angel halloween,1,0,1,final
2025-07-15,bathroomgraffiti,all,sonny angel halloween,1,0,1,final
2025-07-19,bathroomgraffiti,all,sonny angel halloween,10,0,1,final
2025-07-22,bathroomgraffiti,all,sonny angel halloween,6.5,0,2,final
2025-07-23,bathroomgraffiti,all,sonny angel halloween,14,0,2,final
2025-07-24,bathroomgraffiti,all,sonny angel halloween,11,0,2,final
2025-07-25,bathroomgraffiti,all,sonny angel halloween,2.8,0,6,final
2025-07-26,bathroomgraffiti,all,sonny angel halloween,3,0,4,final
2025-07-27,bathroomgraffiti,all,sonny angel halloween,5.5,0,2,final
2025-07-28,bathroomgraffiti,all,sonny angel halloween,1,0,2,final
2025-07-30,bathroomgraffiti,all,sonny angel halloween,1,0,2,final
2025-07-31,bathroomgraffiti,all,sonny angel halloween,8.6,0,5,final
2025-08-01,bathroomgraffiti,all,sonny angel halloween,3,0,9,final
2025-08-02,bathroomgraffiti,all,sonny angel halloween,18,0,2,final
2025-08-03,bathroomgraffiti,all,sonny angel halloween,1,0,5,final
2025-08-04,bathroomgraffiti,all,sonny angel halloween,2.8,0,4,final
2025-08-05,bathroomgraffiti,all,sonny angel halloween,1,0,4,final
2025-08-06,bathroomgraffiti,all,sonny angel halloween,11,0,4,final
2025-08-08,bathroomgraffiti,all,sonny angel halloween,4,0,3,final
2025-08-09,bathroomgraffiti,all,sonny angel halloween,3.7,0,3,final
2025-08-10,bathroomgraffiti,all,sonny angel halloween,6,0,6,final
2025-08-11,bathroomgraffiti,all,sonny angel halloween,1,0,3,final
2025-08-12,bathroomgraffiti,all,sonny angel halloween,7.2,0,8,final
2025-08-13,bathroomgraffiti,all,sonny angel halloween,1,0,5,final
2025-08-14,bathroomgraffiti,all,sonny angel halloween,10.3,0,3,final
2025-08-15,bathroomgraffiti,all,sonny angel halloween,9.4,0,5,final
2025-08-16,bathroomgraffiti,all,sonny angel halloween,1,0,2,final
2025-08-17,bathroomgraffiti,all,sonny angel halloween,3.2,0,4,final
2025-08-18,bathroomgraffiti,all,sonny angel halloween,1,0,3,final
2025-08-19,bathroomgraffiti,all,sonny angel halloween,7,0,6,final
2025-08-20,bathroomgraffiti,all,sonny angel halloween,1,0,3,final
2025-08-21,bathroomgraffiti,all,sonny angel halloween,1,0,2,final
2025-08-23,bathroomgraffiti,all,sonny angel halloween,1,0,9,final
2025-08-24,bathroomgraffiti,all,sonny angel halloween,3.5,0,4,final
2025-08-25,bathroomgraffiti,all,sonny angel halloween,1,0,2,final
2025-08-26,bathroomgraffiti,all,sonny angel halloween,6.3,0,7,final
2025-08-27,bathroomgraffiti,all,sonny angel halloween,1,0,6,final
2025-08-28,bathroomgraffiti,all,sonny angel halloween,7.1,0,7,final
2025-08-29,bathroomgraffiti,all,sonny angel halloween,1.1,0,8,final
2025-08-30,bathroomgraffiti,all,sonny angel halloween,3.2,0,13,final
2025-08-31,bathroomgraffiti,all,sonny angel halloween,1,0,7,final
2025-09-01,bathroomgraffiti,all,sonny angel halloween,1.2,0,6,final
2025-09-02,bathroomgraffiti,all,sonny angel halloween,13.3,0,3,final
2025-09-03,bathroomgraffiti,all,sonny angel halloween,1.4,0,15,final
2025-09-04,bathroomgraffiti,all,sonny angel halloween,3.6,0,129,final
2025-09-05,bathroomgraffiti,all,sonny angel halloween,3.1,0,62,final
2025-09-06,bathroomgraffiti,all,sonny angel halloween,4.1,0,61,final
2025-09-07,bathroomgraffiti,all,sonny angel halloween,2.7,0,31,final
2025-09-08,bathroomgraffiti,all,sonny angel halloween,2.9,0,34,final
2025-09-09,bathroomgraffiti,all,sonny angel halloween,3.0,0,32,final
2025-09-10,bathroomgraffiti,all,sonny angel halloween,6.3,0,23,final
2025-09-11,bathroomgraffiti,all,sonny angel halloween,3.4,1,43,final
2025-09-12,bathroomgraffiti,all,sonny angel halloween,3.9,0,46,final
2025-09-13,bathroomgraffiti,all,sonny angel halloween,3.0,0,72,final
2025-09-14,bathroomgraffiti,all,sonny angel halloween,2.5,0,73,final
2025-09-15,bathroomgraffiti,all,sonny angel halloween,1.5,0,40,final
2025-09-16,bathroomgraffiti,all,sonny angel halloween,1.2,0,48,final
2025-09-17,bathroomgraffiti,all,sonny angel halloween,1,1,30,final
2025-09-18,bathroomgraffiti,all,sonny angel halloween,1.9,0,42,final
2025-09-19,bathroomgraffiti,all,sonny angel halloween,3.1,1,47,final
2025-09-20,bathroomgraffiti,all,sonny angel halloween,3.9,0,63,final
2025-09-21,bathroomgraffiti,all,sonny angel halloween,3.4,0,53,final
2025-09-22,bathroomgraffiti,all,sonny angel halloween,3.1,1,38,final
2025-09-23,bathroomgraffiti,all,sonny angel halloween,4.0,1,81,final
2025-09-24,bathroomgraffiti,all,sonny angel halloween,3.8,0,130,final
2025-09-25,bathroomgraffiti,all,sonny angel halloween,3.2,7,290,final
2025-09-26,bathroomgraffiti,all,sonny angel halloween,4.4,0,197,final
2025-09-27,bathroomgraffiti,all,sonny angel halloween,4.1,1,246,final
2025-09-28,bathroomgraffiti,all,sonny angel halloween,3.7,1,243,final
2025-09-29,bathroomgraffiti,all,sonny angel halloween,4.2,1,123,final
2025-09-30,bathroomgraffiti,all,sonny angel halloween,6.1,0,32,final
2025-10-01,bathroomgraffiti,all,sonny angel halloween,8.7,2,31,final
2025-10-02,bathroomgraffiti,all,sonny angel halloween,5.2,0,30,final
2025-10-03,bathroomgraffiti,all,sonny angel halloween,3.7,0,158,final
2025-10-04,bathroomgraffiti,all,sonny angel halloween,4.6,0,271,final
2025-10-05,bathroomgraffiti,all,sonny angel halloween,4.8,1,215,final
2025-10-06,bathroomgraffiti,all,sonny angel halloween,4.4,0,174,final
2025-10-07,bathroomgraffiti,all,sonny angel halloween,4.5,0,126,final
2025-10-08,bathroomgraffiti,all,sonny angel halloween,6.2,1,29,final
2025-10-09,bathroomgraffiti,all,sonny angel halloween,5.0,0,67,final
2025-10-10,bathroomgraffiti,all,sonny angel halloween,5.8,0,40,final
2025-10-11,bathroomgraffiti,all,sonny angel halloween,4.3,3,47,final
2025-10-12,bathroomgraffiti,all,sonny angel halloween,4.6,0,22,final
2025-10-13,bathroomgraffiti,all,sonny angel halloween,5.1,0,29,final
2025-10-14,bathroomgraffiti,all,sonny angel halloween,4.7,0,33,final
2025-10-15,bathroomgraffiti,all,sonny angel halloween,3.2,0,52,final
2025-10-16,bathroomgraffiti,all,sonny angel halloween,3.7,1,41,final
2025-10-17,bathroomgraffiti,all,sonny angel halloween,4.6,0,60,final
2025-10-18,bathroomgraffiti,all,sonny angel halloween,5.0,0,29,final
2025-10-19,bathroomgraffiti,all,sonny angel halloween,4.1,1,85,final
2025-10-20,bathroomgraffiti,all,sonny angel halloween,4.0,0,57,final
2025-10-21,bathroomgraffiti,all,sonny angel halloween,4.7,0,40,final
2025-10-22,bathroomgraffiti,all,sonny angel halloween,3,0,4,final
2025-10-23,bathroomgraffiti,all,sonny angel halloween,3.8,0,16,final
2025-10-24,bathroomgraffiti,all,sonny angel halloween,4.1,0,22,final
2025-10-25,bathroomgraffiti,all,sonny angel halloween,4.8,0,33,final
2025-10-26,bathroomgraffiti,all,sonny angel halloween,4.3,0,15,final
2025-10-27,bathroomgraffiti,all,sonny angel halloween,4.1,0,64,final
2025-10-28,bathroomgraffiti,all,sonny angel halloween,3.9,0,68,final
2025-10-29,bathroomgraffiti,all,sonny angel halloween,4.2,0,60,final
2025-10-30,bathroomgraffiti,all,sonny angel halloween,4.0,1,56,final
2025-10-31,bathroomgraffiti,all,sonny angel halloween,4.5,0,54,final
2025-11-01,bathroomgraffiti,all,sonny angel halloween,5.2,0,53,final
2025-11-02,bathroomgraffiti,all,sonny angel halloween,4.1,0,46,final
2025-11-03,bathroomgraffiti,all,sonny angel halloween,4.5,0,33,final
2025-11-04,bathroomgraffiti,all,sonny angel halloween,4.2,0,35,final
2025-11-05,bathroomgraffiti,all,sonny angel halloween,4.1,0,9,final
2025-11-06,bathroomgraffiti,all,sonny angel halloween,4.2,1,41,final
2025-11-07,bathroomgraffiti,all,sonny angel halloween,3.0,0,21,final
2025-11-08,bathroomgraffiti,all,sonny angel halloween,3.3,0,37,final
2025-11-09,bathroomgraffiti,all,sonny angel halloween,8.3,0,19,final
2025-11-10,bathroomgraffiti,all,sonny angel halloween,3.4,0,20,final
2025-11-11,bathroomgraffiti,all,sonny angel halloween,6.9,0,12,final
2025-11-12,bathroomgraffiti,all,sonny angel halloween,8.3,0,9,final
2025-11-13,bathroomgraffiti,all,sonny angel halloween,6.4,0,5,final
2025-11-15,bathroomgraffiti,all,sonny angel halloween,3.8,0,5,final
2025-11-16,bathroomgraffiti,all,sonny angel halloween,7.3,0,3,final
2025-11-17,bathroomgraffiti,all,sonny angel halloween,6.7,0,3,final
2025-11-19,bathroomgraffiti,all,sonny angel halloween,7,0,1,final
2025-11-27,bathroomgraffiti,all,sonny angel halloween,1,0,1,final
2025-11-28,bathroomgraffiti,all,sonny angel halloween,10.5,0,2,final
2025-11-29,bathroomgraffiti,all,sonny angel halloween,10.4,0,7,final
2025-11-30,bathroomgraffiti,all,sonny angel halloween,2.6,0,5,final
2025-12-02,bathroomgraffiti,all,sonny angel halloween,7,0,3,final
2025-12-03,bathroomgraffiti,all,sonny angel halloween,4.7,0,3,final
2025-12-04,bathroomgraffiti,all,sonny angel halloween,4.4,0,7,final
2025-12-05,bathroomgraffiti,all,sonny angel halloween,4.7,0,3,final
2025-12-06,bathroomgraffiti,all,sonny angel halloween,5,0,3,final
2025-12-07,bathroomgraffiti,all,sonny angel halloween,6,0,2,final
2025-12-08,bathroomgraffiti,all,sonny angel halloween,5.9,0,7,final
2025-12-09,bathroomgraffiti,all,sonny angel halloween,6,0,1,final
2025-12-10,bathroomgraffiti,all,sonny angel halloween,4,0,1,final
2025-12-11,bathroomgraffiti,all,sonny angel halloween,8,0,1,final
2025-12-12,bathroomgraffiti,all,sonny angel halloween,23,0,2,final
2025-12-13,bathroomgraffiti,all,sonny angel halloween,5,0,2,final
2025-12-14,bathroomgraffiti,all,sonny angel halloween,74,0,1,final
2025-12-15,bathroomgraffiti,all,sonny angel halloween,5,0,1,final
2025-12-17,bathroomgraffiti,all,sonny angel halloween,3.5,0,2,final
2025-12-21,bathroomgraffiti,all,sonny angel halloween,7,0,6,final
2025-12-22,bathroomgraffiti,all,sonny angel halloween,4,0,4,final
2025-12-23,bathroomgraffiti,all,sonny angel halloween,19,0,1,final
2025-12-24,bathroomgraffiti,all,sonny angel halloween,4,0,1,final
2025-12-27,bathroomgraffiti,all,sonny angel halloween,2.7,0,7,final
2025-12-28,bathroomgraffiti,all,sonny angel halloween,4.7,0,11,final
2025-12-29,bathroomgraffiti,all,sonny angel halloween,2.4,0,5,final
2025-12-30,bathroomgraffiti,all,sonny angel halloween,2,0,3,final
2025-12-31,bathroomgraffiti,all,sonny angel halloween,2,0,1,final
2026-01-02,bathroomgraffiti,all,sonny angel halloween,3,0,6,final
2026-01-03,bathroomgraffiti,all,sonny angel halloween,5.5,0,2,final
2026-01-04,bathroomgraffiti,all,sonny angel halloween,5.4,0,7,final
2026-01-06,bathroomgraffiti,all,sonny angel halloween,2.7,0,3,final
2026-01-07,bathroomgraffiti,all,sonny angel halloween,3,0,1,final
2026-01-08,bathroomgraffiti,all,sonny angel halloween,2.6,0,5,final
2026-01-09,bathroomgraffiti,all,sonny angel halloween,2,0,4,final
2026-01-10,bathroomgraffiti,all,sonny angel halloween,2.2,0,9,final
2026-01-11,bathroomgraffiti,all,sonny angel halloween,2.5,0,4,final
2026-01-12,bathroomgraffiti,all,sonny angel halloween,2,0,1,final
2026-01-13,bathroomgraffiti,all,sonny angel halloween,2.2,0,4,final
2026-01-14,bathroomgraffiti,all,sonny angel halloween,1.8,0,5,final
2026-01-15,bathroomgraffiti,all,sonny angel halloween,2,0,1,final
2026-01-16,bathroomgraffiti,all,sonny angel halloween,3,0,1,final
2026-01-17,bathroomgraffiti,all,sonny angel halloween,1.9,0,10,final
2026-01-18,bathroomgraffiti,all,sonny angel halloween,5,0,5,final
2026-01-19,bathroomgraffiti,all,sonny angel halloween,7.7,0,3,final
2026-01-20,bathroomgraffiti,all,sonny angel halloween,2,0,1,final
2026-01-21,bathroomgraffiti,all,sonny angel halloween,2,0,3,final
2026-01-22,bathroomgraffiti,all,sonny angel halloween,2.3,0,3,final
2026-01-23,bathroomgraffiti,all,sonny angel halloween,2.2,0,5,final
2026-01-24,bathroomgraffiti,all,sonny angel halloween,1.5,0,6,final
2026-01-25,bathroomgraffiti,all,sonny angel halloween,1.6,0,7,final
2026-01-26,bathroomgraffiti,all,sonny angel halloween,1.5,0,4,final
2026-01-27,bathroomgraffiti,all,sonny angel halloween,1,0,5,final
2026-01-28,bathroomgraffiti,all,sonny angel halloween,1.2,0,8,final
2026-01-29,bathroomgraffiti,all,sonny angel halloween,1.8,0,4,final
2026-01-30,bathroomgraffiti,all,sonny angel halloween,1,0,5,final
2026-01-31,bathroomgraffiti,all,sonny angel halloween,1,0,5,final
2026-02-01,bathroomgraffiti,all,sonny angel halloween,1,0,5,final
2026-02-02,bathroomgraffiti,all,sonny angel halloween,1,0,4,final
2026-02-04,bathroomgraffiti,all,sonny angel halloween,1,0,1,final
2026-02-05,bathroomgraffiti,all,sonny angel halloween,1.7,0,6,final
2026-02-06,bathroomgraffiti,all,sonny angel halloween,16.6,0,5,final
2026-02-07,bathroomgraffiti,all,sonny angel halloween,1,0,8,final
2026-02-08,bathroomgraffiti,all,sonny angel halloween,1,0,6,final
2026-02-09,bathroomgraffiti,all,sonny angel halloween,1,0,1,final
2026-02-10,bathroomgraffiti,all,sonny angel halloween,2.9,0,7,final
2026-02-11,bathroomgraffiti,all,sonny angel halloween,1,0,6,final
2026-02-12,bathroomgraffiti,all,sonny angel halloween,1,0,4,final
2026-02-13,bathroomgraffiti,all,sonny angel halloween,1,0,4,final
2026-02-14,bathroomgraffiti,all,sonny angel halloween,1,0,2,final
2026-02-15,bathroomgraffiti,all,sonny angel halloween,1,0,3,final
2026-02-16,bathroomgraffiti,all,sonny angel halloween,1,0,4,final
2026-02-17,bathroomgraffiti,all,sonny angel halloween,1,0,2,final
2026-02-19,bathroomgraffiti,all,sonny angel halloween,1,0,2,final
2026-02-20,bathroomgraffiti,all,sonny angel halloween,1,1,3,final
2026-02-21,bathroomgraffiti,all,sonny angel halloween,1,0,2,final
2026-02-22,bathroomgraffiti,all,sonny angel halloween,1,0,3,final
2026-02-23,bathroomgraffiti,all,sonny angel halloween,1,0,2,final
2026-02-24,bathroomgraffiti,all,sonny angel halloween,6.3,0,3,final
2026-02-25,bathroomgraffiti,all,sonny angel halloween,1,0,7,final
2026-02-26,bathroomgraffiti,all,sonny angel halloween,1,0,2,final
2026-02-27,bathroomgraffiti,all,sonny angel halloween,1,0,4,final
2026-02-28,bathroomgraffiti,all,sonny angel halloween,1,0,3,final
2026-03-01,bathroomgraffiti,all,sonny angel halloween,1,0,3,final
2026-03-02,bathroomgraffiti,all,sonny angel halloween,1,0,1,final
2026-03-03,bathroomgraffiti,all,sonny angel halloween,1.5,0,2,final
2026-03-05,bathroomgraffiti,all,sonny angel halloween,1,0,3,final
2026-03-06,bathroomgraffiti,all,sonny angel halloween,1,0,1,final
2026-03-07,bathroomgraffiti,all,sonny angel halloween,1,0,7,final
2026-03-08,bathroomgraffiti,all,sonny angel halloween,1,0,2,final
2026-03-09,bathroomgraffiti,all,sonny angel halloween,21,0,2,final
2026-03-11,bathroomgraffiti,all,sonny angel halloween,1.1,0,7,final
2026-03-12,bathroomgraffiti,all,sonny angel halloween,1.3,0,3,final
2026-03-13,bathroomgraffiti,all,sonny angel halloween,1,0,2,final
2026-03-14,bathroomgraffiti,all,sonny angel halloween,3.3,0,6,final
2026-03-15,bathroomgraffiti,all,sonny angel halloween,1,0,3,final
2026-03-16,bathroomgraffiti,all,sonny angel halloween,1,0,2,final
2026-03-17,bathroomgraffiti,all,sonny angel halloween,5.7,0,7,final
2026-03-18,bathroomgraffiti,all,sonny angel halloween,1,0,3,final
2026-03-20,bathroomgraffiti,all,sonny angel halloween,1,0,2,final
2026-03-21,bathroomgraffiti,all,sonny angel halloween,1,0,3,final
2026-03-22,bathroomgraffiti,all,sonny angel halloween,1.5,0,4,final
2026-03-23,bathroomgraffiti,all,sonny angel halloween,1,0,3,final
2026-03-25,bathroomgraffiti,all,sonny angel halloween,1,0,2,final
2026-03-26,bathroomgraffiti,all,sonny angel halloween,1,0,1,final
2026-03-27,bathroomgraffiti,all,sonny angel halloween,1,0,1,final
2026-03-28,bathroomgraffiti,all,sonny angel halloween,1,1,4,final
2026-03-30,bathroomgraffiti,all,sonny angel halloween,1,0,1,final
2026-03-31,bathroomgraffiti,all,sonny angel halloween,1,0,3,final
2026-04-01,bathroomgraffiti,all,sonny angel halloween,1.2,0,9,final
2026-04-02,bathroomgraffiti,all,sonny angel halloween,1,0,1,final
2026-04-05,bathroomgraffiti,all,sonny angel halloween,1,0,1,final
2026-04-06,bathroomgraffiti,all,sonny angel halloween,1,0,1,final
2026-04-08,bathroomgraffiti,all,sonny angel halloween,1,0,1,final
2026-04-11,bathroomgraffiti,all,sonny angel halloween,13,0,1,final
2026-04-12,bathroomgraffiti,all,sonny angel halloween,2,0,2,final
2026-04-13,bathroomgraffiti,all,sonny angel halloween,1,0,2,final
2026-04-14,bathroomgraffiti,all,sonny angel halloween,21,0,1,final
2026-04-15,bathroomgraffiti,all,sonny angel halloween,3,0,1,final
2026-04-16,bathroomgraffiti,all,sonny angel halloween,1,0,1,final
2026-04-17,bathroomgraffiti,all,sonny angel halloween,3,0,1,final
2026-04-18,bathroomgraffiti,all,sonny angel halloween,2,0,2,final
2026-04-20,bathroomgraffiti,all,sonny angel halloween,1,0,1,final
2026-04-21,bathroomgraffiti,all,sonny angel halloween,14,0,1,final
2026-04-25,bathroomgraffiti,all,sonny angel halloween,1.5,0,2,final
2026-04-26,bathroomgraffiti,all,sonny angel halloween,1,0,1,final
2026-04-27,bathroomgraffiti,all,sonny angel halloween,2.5,0,2,final
2026-04-29,bathroomgraffiti,all,sonny angel halloween,1,0,1,final
2026-04-30,bathroomgraffiti,all,sonny angel halloween,1,0,2,final
2026-05-01,bathroomgraffiti,all,sonny angel halloween,12.5,0,4,final
2026-05-04,bathroomgraffiti,all,sonny angel halloween,2,0,2,final
2026-05-08,bathroomgraffiti,all,sonny angel halloween,8.5,0,2,final
2026-05-10,bathroomgraffiti,all,sonny angel halloween,18,0,1,final
2026-05-14,bathroomgraffiti,all,sonny angel halloween,1,0,2,final
2026-05-16,bathroomgraffiti,all,sonny angel halloween,1,0,1,final
2026-05-17,bathroomgraffiti,all,sonny angel halloween,16,0,1,final
2026-05-23,bathroomgraffiti,all,sonny angel halloween,1,0,2,final
2026-05-24,bathroomgraffiti,all,sonny angel halloween,1,1,1,final
2026-05-28,bathroomgraffiti,all,sonny angel halloween,1,0,5,final
2026-06-01,bathroomgraffiti,all,sonny angel halloween,1,0,4,final
2026-06-02,bathroomgraffiti,all,sonny angel halloween,1.5,0,2,final
2026-06-03,bathroomgraffiti,all,sonny angel halloween,2,0,1,final
2026-06-04,bathroomgraffiti,all,sonny angel halloween,35,0,1,final
2026-06-06,bathroomgraffiti,all,sonny angel halloween,13,0,1,final
2026-06-08,bathroomgraffiti,all,sonny angel halloween,1,0,1,final
2026-06-09,bathroomgraffiti,all,sonny angel halloween,40,0,1,final
2026-06-10,bathroomgraffiti,all,sonny angel halloween,1,0,1,final
2026-06-12,bathroomgraffiti,all,sonny angel halloween,1,0,1,final
2026-06-14,bathroomgraffiti,all,sonny angel halloween,1,0,1,final
2026-06-15,bathroomgraffiti,all,sonny angel halloween,8,0,2,final
2026-06-16,bathroomgraffiti,all,sonny angel halloween,3,0,1,final
2026-06-17,bathroomgraffiti,all,sonny angel halloween,4,0,1,final
2026-06-20,bathroomgraffiti,all,sonny angel halloween,1,0,1,final
2026-06-21,bathroomgraffiti,all,sonny angel halloween,1,0,2,final
2026-06-22,bathroomgraffiti,all,sonny angel halloween,1.5,0,4,final
2026-06-23,bathroomgraffiti,all,sonny angel halloween,12,0,1,final
2026-06-25,bathroomgraffiti,all,sonny angel halloween,1,0,1,final
2026-06-26,bathroomgraffiti,all,sonny angel halloween,1,0,1,final
2026-06-27,bathroomgraffiti,all,sonny angel halloween,1,0,2,final
2026-06-28,bathroomgraffiti,all,sonny angel halloween,1,0,1,final
2026-07-01,bathroomgraffiti,all,sonny angel halloween,1,0,1,final
2026-07-02,bathroomgraffiti,all,sonny angel halloween,12,0,1,final
2026-07-03,bathroomgraffiti,all,sonny angel halloween,11,0,1,final
2026-07-04,bathroomgraffiti,all,sonny angel halloween,36,0,1,final
2026-07-10,bathroomgraffiti,all,sonny angel halloween,5,0,3,final
2026-07-11,bathroomgraffiti,all,sonny angel halloween,9.5,0,2,final
2026-07-13,bathroomgraffiti,all,sonny angel halloween,1,0,2,final
2026-07-15,bathroomgraffiti,all,sonny angel halloween,3,0,2,final
2026-07-16,bathroomgraffiti,all,sonny angel halloween,1,0,4,final
2026-07-17,bathroomgraffiti,all,sonny angel halloween,2,0,3,final
2026-07-18,bathroomgraffiti,all,sonny angel halloween,1,0,2,final
2026-07-19,bathroomgraffiti,all,sonny angel halloween,1.5,0,4,final
2026-07-20,bathroomgraffiti,all,sonny angel halloween,1,0,3,final
2026-07-21,bathroomgraffiti,all,sonny angel halloween,1,0,6,final
2026-07-23,bathroomgraffiti,all,sonny angel halloween,1,0,3,final
2026-07-24,bathroomgraffiti,all,sonny angel halloween,1,0,7,final
2026-07-25,bathroomgraffiti,all,sonny angel halloween,3,0,1,final
2026-07-27,bathroomgraffiti,all,sonny angel halloween,1,0,4,final
2026-07-28,bathroomgraffiti,all,sonny angel halloween,4.8,0,5,final
2026-07-29,bathroomgraffiti,all,sonny angel halloween,1,1,5,final
2026-07-30,bathroomgraffiti,all,sonny angel halloween,2,0,2,final
2026-07-31,bathroomgraffiti,all,sonny angel halloween,1,0,1,final
2026-08-01,bathroomgraffiti,all,sonny angel halloween,1,0,4,final
2026-08-02,bathroomgraffiti,all,sonny angel halloween,1,0,2,final
2026-08-03,bathroomgraffiti,all,sonny angel halloween,1,0,1,final
2026-08-04,bathroomgraffiti,all,sonny angel halloween,1.5,0,4,final
2026-08-05,bathroomgraffiti,all,sonny angel halloween,1.5,0,2,final
2026-08-06,bathroomgraffiti,all,sonny angel halloween,1.2,0,10,final
2026-08-07,bathroomgraffiti,all,sonny angel halloween,1.5,0,6,final
2026-08-08,bathroomgraffiti,all,sonny angel halloween,1,0,5,final
2026-08-09,bathroomgraffiti,all,sonny angel halloween,1,0,5,final
2026-08-10,bathroomgraffiti,all,sonny angel halloween,1,1,5,final
2026-08-11,bathroomgraffiti,all,sonny angel halloween,3.5,1,15,final
2026-08-12,bathroomgraffiti,all,sonny angel halloween,1,0,2,final
2026-08-13,bathroomgraffiti,all,sonny angel halloween,1,0,5,final
2026-08-14,bathroomgraffiti,all,sonny angel halloween,1,0,3,final
2026-08-15,bathroomgraffiti,all,sonny angel halloween,1,0,5,final
2026-08-16,bathroomgraffiti,all,sonny angel halloween,15,0,1,final
2026-08-17,bathroomgraffiti,all,sonny angel halloween,1,0,1,final
2026-08-18,bathroomgraffiti,all,sonny angel halloween,1,0,5,final
2026-08-19,bathroomgraffiti,all,sonny angel halloween,1,0,7,final
2026-08-20,bathroomgraffiti,all,sonny angel halloween,1.4,0,8,final
2026-08-21,bathroomgraffiti,all,sonny angel halloween,1.6,0,10,final
2026-08-22,bathroomgraffiti,all,sonny angel halloween,1.1,0,14,final
2026-08-23,bathroomgraffiti,all,sonny angel halloween,1,0,6,final
2026-08-24,bathroomgraffiti,all,sonny angel halloween,1.3,0,3,final
2026-08-25,bathroomgraffiti,all,sonny angel halloween,1.1,0,10,final
2026-08-26,bathroomgraffiti,all,sonny angel halloween,1,0,10,final
2026-08-27,bathroomgraffiti,all,sonny angel halloween,1,0,4,final
2026-08-28,bathroomgraffiti,all,sonny angel halloween,1,1,8,final
2026-08-29,bathroomgraffiti,all,sonny angel halloween,1,0,5,final
2026-08-30,bathroomgraffiti,all,sonny angel halloween,1.1,0,8,final
2026-08-31,bathroomgraffiti,all,sonny angel halloween,1.1,0,9,final
2026-09-01,bathroomgraffiti,all,sonny angel halloween,1.1,0,7,final
2026-09-02,bathroomgraffiti,all,sonny angel halloween,1,0,5,final
2026-09-03,bathroomgraffiti,all,sonny angel halloween,1,0,5,final
2026-09-04,bathroomgraffiti,all,sonny angel halloween,1.4,0,15,final
2026-09-05,bathroomgraffiti,all,sonny angel halloween,1.2,1,4,final
2026-09-06,bathroomgraffiti,all,sonny angel halloween,1.5,0,19,final
2026-09-07,bathroomgraffiti,all,sonny angel halloween,3.9,1,9,final
2026-09-08,bathroomgraffiti,all,sonny angel halloween,3.4,1,16,final
2026-09-09,bathroomgraffiti,all,sonny angel halloween,2.1,0,14,final
2026-09-10,bathroomgraffiti,all,sonny angel halloween,2.2,0,12,final
2026-09-11,bathroomgraffiti,all,sonny angel halloween,1.6,0,11,final
2026-09-12,bathroomgraffiti,all,sonny angel halloween,1.9,0,10,final
2026-09-13,bathroomgraffiti,all,sonny angel halloween,1.6,0,13,final
2026-09-14,bathroomgraffiti,all,sonny angel halloween,1.6,0,11,final
2026-09-15,bathroomgraffiti,all,sonny angel halloween,1.9,0,11,final
2026-09-16,bathroomgraffiti,all,sonny angel halloween,2.1,0,17,final
2026-09-17,bathroomgraffiti,all,sonny angel halloween,1.9,0,15,final
2026-09-18,bathroomgraffiti,all,sonny angel halloween,1.8,1,16,final
2026-09-19,bathroomgraffiti,all,sonny angel halloween,1.6,0,14,final
2026-09-20,bathroomgraffiti,all,sonny angel halloween,2.0,0,22,final
2026-09-21,bathroomgraffiti,all,sonny angel halloween,2.3,0,31,final
2026-09-22,bathroomgraffiti,all,sonny angel halloween,1.8,1,14,final
2026-09-23,bathroomgraffiti,all,sonny angel halloween,1.8,0,12,final
2026-09-24,bathroomgraffiti,all,sonny angel halloween,2,0,9,final
2026-09-25,bathroomgraffiti,all,sonny angel halloween,1.6,1,16,final
2026-09-26,bathroomgraffiti,all,sonny angel halloween,1.4,0,16,final
2026-09-27,bathroomgraffiti,all,sonny angel halloween,1.5,2,40,final
2026-09-28,bathroomgraffiti,all,sonny angel halloween,1.2,0,9,final
2026-09-29,bathroomgraffiti,all,sonny angel halloween,2.1,0,26,final
2026-09-30,bathroomgraffiti,all,sonny angel halloween,1.2,0,18,final
2026-10-01,bathroomgraffiti,all,sonny angel halloween,1.2,0,20,final
2026-10-02,bathroomgraffiti,all,sonny angel halloween,1.1,1,20,final
2026-10-03,bathroomgraffiti,all,sonny angel halloween,1,0,1,final
2026-10-04,bathroomgraffiti,all,sonny angel halloween,1.1,0,33,fresh
2026-10-05,bathroomgraffiti,all,sonny angel halloween,1.1,0,15,fresh
2025-06-12,bathroomgraffiti,all,speks,5,0,1,final
2025-06-13,bathroomgraffiti,all,speks,6,0,1,final
2025-06-14,bathroomgraffiti,all,speks,6.7,0,3,final
2025-06-15,bathroomgraffiti,all,speks,4.7,0,3,final
2025-06-16,bathroomgraffiti,all,speks,5.7,0,3,final
2025-06-17,bathroomgraffiti,all,speks,4.3,0,3,final
2025-06-18,bathroomgraffiti,all,speks,5.7,0,3,final
2025-06-19,bathroomgraffiti,all,speks,6.5,0,2,final
2025-06-20,bathroomgraffiti,all,speks,7.3,0,3,final
2025-06-21,bathroomgraffiti,all,speks,7,0,1,final
2025-06-22,bathroomgraffiti,all,speks,6.8,0,4,final
2025-06-23,bathroomgraffiti,all,speks,7.4,0,5,final
2025-06-24,bathroomgraffiti,all,speks,7.3,0,3,final
2025-06-25,bathroomgraffiti,all,speks,7.3,0,3,final
2025-06-26,bathroomgraffiti,all,speks,6.8,0,4,final
2025-06-27,bathroomgraffiti,all,speks,8.9,0,7,final
2025-06-28,bathroomgraffiti,all,speks,9,0,1,final
2025-06-29,bathroomgraffiti,all,speks,5.7,0,3,final
2025-06-30,bathroomgraffiti,all,speks,9.7,0,3,final
2025-07-01,bathroomgraffiti,all,speks,8.7,0,6,final
2025-07-02,bathroomgraffiti,all,speks,7.5,0,4,final
2025-07-03,bathroomgraffiti,all,speks,7.4,0,5,final
2025-07-04,bathroomgraffiti,all,speks,6,0,1,final
2025-07-05,bathroomgraffiti,all,speks,6.7,0,3,final
2025-07-06,bathroomgraffiti,all,speks,6.4,0,5,final
2025-07-07,bathroomgraffiti,all,speks,7.2,0,5,final
2025-07-08,bathroomgraffiti,all,speks,7.7,0,3,final
2025-07-09,bathroomgraffiti,all,speks,6.7,0,7,final
2025-07-10,bathroomgraffiti,all,speks,7,0,4,final
2025-07-11,bathroomgraffiti,all,speks,6.3,0,7,final
2025-07-12,bathroomgraffiti,all,speks,6.1,0,11,final
2025-07-13,bathroomgraffiti,all,speks,5,0,3,final
2025-07-14,bathroomgraffiti,all,speks,4,0,1,final
2025-07-15,bathroomgraffiti,all,speks,5.3,0,3,final
2025-07-16,bathroomgraffiti,all,speks,5.7,0,6,final
2025-07-17,bathroomgraffiti,all,speks,4.7,0,3,final
2025-07-18,bathroomgraffiti,all,speks,5.2,0,6,final
2025-07-19,bathroomgraffiti,all,speks,8,0,2,final
2025-07-20,bathroomgraffiti,all,speks,7,0,5,final
2025-07-21,bathroomgraffiti,all,speks,8.5,0,2,final
2025-07-22,bathroomgraffiti,all,speks,8.6,0,5,final
2025-07-23,bathroomgraffiti,all,speks,6.6,0,5,final
2025-07-24,bathroomgraffiti,all,speks,6.4,0,11,final
2025-07-25,bathroomgraffiti,all,speks,10.5,0,8,final
2025-07-26,bathroomgraffiti,all,speks,6,0,2,final
2025-07-27,bathroomgraffiti,all,speks,7.2,0,5,final
2025-07-28,bathroomgraffiti,all,speks,6.7,0,3,final
2025-07-29,bathroomgraffiti,all,speks,6.6,0,7,final
2025-07-30,bathroomgraffiti,all,speks,2.8,0,4,final
2025-07-31,bathroomgraffiti,all,speks,14.3,0,3,final
2025-08-01,bathroomgraffiti,all,speks,4,0,2,final
2025-08-02,bathroomgraffiti,all,speks,4.9,0,8,final
2025-08-03,bathroomgraffiti,all,speks,3,0,1,final
2025-08-04,bathroomgraffiti,all,speks,4.5,0,2,final
2025-08-05,bathroomgraffiti,all,speks,4.5,0,14,final
2025-08-06,bathroomgraffiti,all,speks,4,0,3,final
2025-08-07,bathroomgraffiti,all,speks,5,0,7,final
2025-08-08,bathroomgraffiti,all,speks,5.5,0,4,final
2025-08-09,bathroomgraffiti,all,speks,9.7,0,7,final
2025-08-10,bathroomgraffiti,all,speks,5.2,0,4,final
2025-08-11,bathroomgraffiti,all,speks,4.4,0,5,final
2025-08-12,bathroomgraffiti,all,speks,15,0,7,final
2025-08-13,bathroomgraffiti,all,speks,14.5,0,4,final
2025-08-14,bathroomgraffiti,all,speks,4.8,0,6,final
2025-08-15,bathroomgraffiti,all,speks,8.6,0,5,final
2025-08-16,bathroomgraffiti,all,speks,14,0,4,final
2025-08-17,bathroomgraffiti,all,speks,46.1,0,10,final
2025-08-18,bathroomgraffiti,all,speks,4.3,0,3,final
2025-08-19,bathroomgraffiti,all,speks,15.6,0,7,final
2025-08-20,bathroomgraffiti,all,speks,33.2,0,6,final
2025-08-21,bathroomgraffiti,all,speks,10.8,0,4,final
2025-08-22,bathroomgraffiti,all,speks,4.5,0,6,final
2025-08-23,bathroomgraffiti,all,speks,4.7,0,3,final
2025-08-24,bathroomgraffiti,all,speks,4,0,5,final
2025-08-25,bathroomgraffiti,all,speks,4.2,0,6,final
2025-08-26,bathroomgraffiti,all,speks,3,0,1,final
2025-08-27,bathroomgraffiti,all,speks,3.5,0,4,final
2025-08-28,bathroomgraffiti,all,speks,4.8,0,4,final
2025-08-29,bathroomgraffiti,all,speks,6.8,0,9,final
2025-08-30,bathroomgraffiti,all,speks,5.1,0,7,final
2025-08-31,bathroomgraffiti,all,speks,4.8,0,6,final
2025-09-01,bathroomgraffiti,all,speks,13.4,0,7,final
2025-09-02,bathroomgraffiti,all,speks,9.3,0,7,final
2025-09-03,bathroomgraffiti,all,speks,7.6,0,10,final
2025-09-04,bathroomgraffiti,all,speks,4,0,4,final
2025-09-05,bathroomgraffiti,all,speks,9.8,0,9,final
2025-09-06,bathroomgraffiti,all,speks,13.1,0,11,final
2025-09-07,bathroomgraffiti,all,speks,5.4,0,5,final
2025-09-08,bathroomgraffiti,all,speks,11.7,0,3,final
2025-09-09,bathroomgraffiti,all,speks,14,0,7,final
2025-09-10,bathroomgraffiti,all,speks,38,0,3,final
2025-09-11,bathroomgraffiti,all,speks,4.3,0,6,final
2025-09-12,bathroomgraffiti,all,speks,3.9,0,8,final
2025-09-13,bathroomgraffiti,all,speks,4,0,5,final
2025-09-14,bathroomgraffiti,all,speks,4,1,3,final
2025-09-15,bathroomgraffiti,all,speks,3.7,0,3,final
2025-09-16,bathroomgraffiti,all,speks,4.2,0,9,final
2025-09-17,bathroomgraffiti,all,speks,6.3,0,6,final
2025-09-18,bathroomgraffiti,all,speks,5.5,0,10,final
2025-09-19,bathroomgraffiti,all,speks,5.1,0,53,final
2025-09-20,bathroomgraffiti,all,speks,4.7,0,20,final
2025-09-21,bathroomgraffiti,all,speks,4.8,0,12,final
2025-09-22,bathroomgraffiti,all,speks,4,0,3,final
2025-09-23,bathroomgraffiti,all,speks,4.4,0,8,final
2025-09-24,bathroomgraffiti,all,speks,10.2,1,15,final
2025-09-25,bathroomgraffiti,all,speks,4.2,0,40,final
2025-09-26,bathroomgraffiti,all,speks,4.2,0,80,final
2025-09-27,bathroomgraffiti,all,speks,5.6,0,18,final
2025-09-28,bathroomgraffiti,all,speks,4.2,0,4,final
2025-09-29,bathroomgraffiti,all,speks,3.5,0,6,final
2025-09-30,bathroomgraffiti,all,speks,3.4,0,7,final
2025-10-01,bathroomgraffiti,all,speks,5.4,0,7,final
2025-10-02,bathroomgraffiti,all,speks,5.1,0,7,final
2025-10-03,bathroomgraffiti,all,speks,3.8,0,9,final
2025-10-04,bathroomgraffiti,all,speks,4,0,2,final
2025-10-05,bathroomgraffiti,all,speks,4.7,0,7,final
2025-10-06,bathroomgraffiti,all,speks,4.8,0,5,final
2025-10-07,bathroomgraffiti,all,speks,5.5,0,6,final
2025-10-08,bathroomgraffiti,all,speks,6,0,5,final
2025-10-09,bathroomgraffiti,all,speks,6.3,0,11,final
2025-10-10,bathroomgraffiti,all,speks,4.2,0,11,final
2025-10-11,bathroomgraffiti,all,speks,5.9,0,8,final
2025-10-12,bathroomgraffiti,all,speks,4,0,13,final
2025-10-13,bathroomgraffiti,all,speks,4.4,0,9,final
2025-10-14,bathroomgraffiti,all,speks,3.7,1,11,final
2025-10-15,bathroomgraffiti,all,speks,4.1,0,14,final
2025-10-16,bathroomgraffiti,all,speks,6.1,0,17,final
2025-10-17,bathroomgraffiti,all,speks,7.5,0,17,final
2025-10-18,bathroomgraffiti,all,speks,5.6,0,11,final
2025-10-19,bathroomgraffiti,all,speks,5,0,7,final
2025-10-20,bathroomgraffiti,all,speks,4.8,1,9,final
2025-10-21,bathroomgraffiti,all,speks,4.3,0,11,final
2025-10-22,bathroomgraffiti,all,speks,4.5,0,12,final
2025-10-23,bathroomgraffiti,all,speks,3.5,1,10,final
2025-10-24,bathroomgraffiti,all,speks,4.2,2,14,final
2025-10-25,bathroomgraffiti,all,speks,4.4,2,16,final
2025-10-26,bathroomgraffiti,all,speks,4.1,0,12,final
2025-10-27,bathroomgraffiti,all,speks,4.3,0,6,final
2025-10-28,bathroomgraffiti,all,speks,3.8,0,14,final
2025-10-29,bathroomgraffiti,all,speks,3.6,0,14,final
2025-10-30,bathroomgraffiti,all,speks,5.6,0,9,final
2025-10-31,bathroomgraffiti,all,speks,4.8,0,4,final
2025-11-01,bathroomgraffiti,all,speks,3,0,4,final
2025-11-02,bathroomgraffiti,all,speks,6.6,0,14,final
2025-11-03,bathroomgraffiti,all,speks,5,0,6,final
2025-11-04,bathroomgraffiti,all,speks,16.5,0,8,final
2025-11-05,bathroomgraffiti,all,speks,3.4,0,5,final
2025-11-06,bathroomgraffiti,all,speks,5.3,1,11,final
2025-11-07,bathroomgraffiti,all,speks,5.2,0,6,final
2025-11-08,bathroomgraffiti,all,speks,6.5,0,4,final
2025-11-09,bathroomgraffiti,all,speks,4.4,0,7,final
2025-11-10,bathroomgraffiti,all,speks,4.3,1,9,final
2025-11-11,bathroomgraffiti,all,speks,4.0,3,82,final
2025-11-12,bathroomgraffiti,all,speks,6.5,5,57,final
2025-11-13,bathroomgraffiti,all,speks,4,1,38,final
2025-11-14,bathroomgraffiti,all,speks,5.1,1,17,final
2025-11-15,bathroomgraffiti,all,speks,4,1,9,final
2025-11-16,bathroomgraffiti,all,speks,3.3,0,11,final
2025-11-17,bathroomgraffiti,all,speks,4.2,1,18,final
2025-11-18,bathroomgraffiti,all,speks,3.9,0,8,final
2025-11-19,bathroomgraffiti,all,speks,4.2,1,11,final
2025-11-20,bathroomgraffiti,all,speks,3.8,0,12,final
2025-11-21,bathroomgraffiti,all,speks,3.2,0,6,final
2025-11-22,bathroomgraffiti,all,speks,3.8,0,12,final
2025-11-23,bathroomgraffiti,all,speks,3.8,0,9,final
2025-11-24,bathroomgraffiti,all,speks,3.3,0,7,final
2025-11-25,bathroomgraffiti,all,speks,4.3,0,15,final
2025-11-26,bathroomgraffiti,all,speks,8.1,0,14,final
2025-11-27,bathroomgraffiti,all,speks,4.5,0,12,final
2025-11-28,bathroomgraffiti,all,speks,4.2,0,38,final
2025-11-29,bathroomgraffiti,all,speks,4.8,1,42,final
2025-11-30,bathroomgraffiti,all,speks,6.9,0,33,final
2025-12-01,bathroomgraffiti,all,speks,4.4,0,15,final
2025-12-02,bathroomgraffiti,all,speks,5.5,0,8,final
2025-12-03,bathroomgraffiti,all,speks,4.6,0,10,final
2025-12-04,bathroomgraffiti,all,speks,3.7,0,13,final
2025-12-05,bathroomgraffiti,all,speks,7.2,0,13,final
2025-12-06,bathroomgraffiti,all,speks,4.5,0,21,final
2025-12-07,bathroomgraffiti,all,speks,4.6,1,14,final
2025-12-08,bathroomgraffiti,all,speks,5.2,1,9,final
2025-12-09,bathroomgraffiti,all,speks,5.3,0,10,final
2025-12-10,bathroomgraffiti,all,speks,5.5,0,10,final
2025-12-11,bathroomgraffiti,all,speks,4.1,0,7,final
2025-12-12,bathroomgraffiti,all,speks,4.8,0,8,final
2025-12-13,bathroomgraffiti,all,speks,3.6,0,7,final
2025-12-14,bathroomgraffiti,all,speks,5.2,0,9,final
2025-12-15,bathroomgraffiti,all,speks,4.3,1,19,final
2025-12-16,bathroomgraffiti,all,speks,7.2,0,11,final
2025-12-17,bathroomgraffiti,all,speks,4.4,0,8,final
2025-12-18,bathroomgraffiti,all,speks,4.4,0,11,final
2025-12-19,bathroomgraffiti,all,speks,3.8,0,8,final
2025-12-20,bathroomgraffiti,all,speks,7.8,0,15,final
2025-12-21,bathroomgraffiti,all,speks,5.5,0,10,final
2025-12-22,bathroomgraffiti,all,speks,5.2,0,15,final
2025-12-23,bathroomgraffiti,all,speks,5.2,0,9,final
2025-12-24,bathroomgraffiti,all,speks,4.7,0,6,final
2025-12-25,bathroomgraffiti,all,speks,8.4,0,16,final
2025-12-26,bathroomgraffiti,all,speks,4.5,0,6,final
2025-12-27,bathroomgraffiti,all,speks,5.6,1,9,final
2025-12-28,bathroomgraffiti,all,speks,5.1,0,8,final
2025-12-29,bathroomgraffiti,all,speks,5.6,0,5,final
2025-12-30,bathroomgraffiti,all,speks,4.5,0,10,final
2025-12-31,bathroomgraffiti,all,speks,5.4,0,5,final
2026-01-01,bathroomgraffiti,all,speks,5,0,13,final
2026-01-02,bathroomgraffiti,all,speks,4,0,3,final
2026-01-03,bathroomgraffiti,all,speks,5.4,0,7,final
2026-01-04,bathroomgraffiti,all,speks,8,0,5,final
2026-01-05,bathroomgraffiti,all,speks,6,0,5,final
2026-01-06,bathroomgraffiti,all,speks,9.4,0,5,final
2026-01-07,bathroomgraffiti,all,speks,5.5,0,6,final
2026-01-08,bathroomgraffiti,all,speks,6.5,0,6,final
2026-01-09,bathroomgraffiti,all,speks,13.9,0,8,final
2026-01-10,bathroomgraffiti,all,speks,5.5,0,4,final
2026-01-11,bathroomgraffiti,all,speks,5.5,0,11,final
2026-01-12,bathroomgraffiti,all,speks,5.7,0,3,final
2026-01-13,bathroomgraffiti,all,speks,7.8,1,6,final
2026-01-14,bathroomgraffiti,all,speks,6.2,0,11,final
2026-01-15,bathroomgraffiti,all,speks,7.8,0,10,final
2026-01-16,bathroomgraffiti,all,speks,6.4,1,5,final
2026-01-17,bathroomgraffiti,all,speks,8,0,7,final
2026-01-18,bathroomgraffiti,all,speks,4.8,0,5,final
2026-01-19,bathroomgraffiti,all,speks,5.4,0,10,final
2026-01-20,bathroomgraffiti,all,speks,4.8,0,4,final
2026-01-21,bathroomgraffiti,all,speks,5.7,0,7,final
2026-01-22,bathroomgraffiti,all,speks,6,1,4,final
2026-01-23,bathroomgraffiti,all,speks,6.2,0,5,final
2026-01-24,bathroomgraffiti,all,speks,5.5,0,8,final
2026-01-25,bathroomgraffiti,all,speks,6.4,1,9,final
2026-01-26,bathroomgraffiti,all,speks,4.6,0,5,final
2026-01-27,bathroomgraffiti,all,speks,5.4,0,8,final
2026-01-28,bathroomgraffiti,all,speks,4,0,6,final
2026-01-29,bathroomgraffiti,all,speks,3.7,0,6,final
2026-01-30,bathroomgraffiti,all,speks,7.9,1,12,final
2026-01-31,bathroomgraffiti,all,speks,7.2,0,17,final
2026-02-01,bathroomgraffiti,all,speks,3.9,0,7,final
2026-02-02,bathroomgraffiti,all,speks,3.4,0,9,final
2026-02-03,bathroomgraffiti,all,speks,4.7,0,15,final
2026-02-04,bathroomgraffiti,all,speks,3.7,0,3,final
2026-02-05,bathroomgraffiti,all,speks,4.1,0,7,final
2026-02-06,bathroomgraffiti,all,speks,3.4,0,7,final
2026-02-07,bathroomgraffiti,all,speks,3.8,0,6,final
2026-02-08,bathroomgraffiti,all,speks,4.8,0,10,final
2026-02-09,bathroomgraffiti,all,speks,5.1,0,8,final
2026-02-10,bathroomgraffiti,all,speks,8.7,0,3,final
2026-02-11,bathroomgraffiti,all,speks,4,1,5,final
2026-02-12,bathroomgraffiti,all,speks,8,0,3,final
2026-02-13,bathroomgraffiti,all,speks,3,0,5,final
2026-02-14,bathroomgraffiti,all,speks,6.6,0,7,final
2026-02-15,bathroomgraffiti,all,speks,4.4,0,16,final
2026-02-16,bathroomgraffiti,all,speks,5.6,0,8,final
2026-02-17,bathroomgraffiti,all,speks,4,1,4,final
2026-02-18,bathroomgraffiti,all,speks,6.7,0,7,final
2026-02-19,bathroomgraffiti,all,speks,4.1,0,9,final
2026-02-20,bathroomgraffiti,all,speks,5.5,0,8,final
2026-02-21,bathroomgraffiti,all,speks,5,0,6,final
2026-02-22,bathroomgraffiti,all,speks,6.1,0,9,final
2026-02-23,bathroomgraffiti,all,speks,6,0,6,final
2026-02-24,bathroomgraffiti,all,speks,5.9,1,12,final
2026-02-25,bathroomgraffiti,all,speks,4.7,0,20,final
2026-02-26,bathroomgraffiti,all,speks,7.7,1,15,final
2026-02-27,bathroomgraffiti,all,speks,5.5,0,13,final
2026-02-28,bathroomgraffiti,all,speks,7.2,0,10,final
2026-03-01,bathroomgraffiti,all,speks,6.8,0,12,final
2026-03-02,bathroomgraffiti,all,speks,8.1,0,16,final
2026-03-03,bathroomgraffiti,all,speks,8.1,2,39,final
2026-03-04,bathroomgraffiti,all,speks,7.7,1,33,final
2026-03-05,bathroomgraffiti,all,speks,8.0,0,36,final
2026-03-06,bathroomgraffiti,all,speks,8.0,0,39,final
2026-03-07,bathroomgraffiti,all,speks,8.0,2,26,final
2026-03-08,bathroomgraffiti,all,speks,11.7,0,17,final
2026-03-09,bathroomgraffiti,all,speks,7.8,1,12,final
2026-03-10,bathroomgraffiti,all,speks,7.8,0,28,final
2026-03-11,bathroomgraffiti,all,speks,6.9,0,24,final
2026-03-12,bathroomgraffiti,all,speks,7.0,0,22,final
2026-03-13,bathroomgraffiti,all,speks,4.5,1,40,final
2026-03-14,bathroomgraffiti,all,speks,7.2,1,35,final
2026-03-15,bathroomgraffiti,all,speks,4.9,0,25,final
2026-03-16,bathroomgraffiti,all,speks,5.5,0,20,final
2026-03-17,bathroomgraffiti,all,speks,5.4,0,20,final
2026-03-18,bathroomgraffiti,all,speks,4.6,1,32,final
2026-03-19,bathroomgraffiti,all,speks,4.8,1,27,final
2026-03-20,bathroomgraffiti,all,speks,4.9,0,18,final
2026-03-21,bathroomgraffiti,all,speks,5.2,1,40,final
2026-03-22,bathroomgraffiti,all,speks,5.7,1,35,final
2026-03-23,bathroomgraffiti,all,speks,6.3,0,17,final
2026-03-24,bathroomgraffiti,all,speks,5.7,0,44,final
2026-03-25,bathroomgraffiti,all,speks,6.4,0,25,final
2026-03-26,bathroomgraffiti,all,speks,6,0,23,final
2026-03-27,bathroomgraffiti,all,speks,5.7,0,24,final
2026-03-28,bathroomgraffiti,all,speks,6.0,1,23,final
2026-03-29,bathroomgraffiti,all,speks,5.4,0,21,final
2026-03-30,bathroomgraffiti,all,speks,5.9,1,22,final
2026-03-31,bathroomgraffiti,all,speks,6.1,0,22,final
2026-04-01,bathroomgraffiti,all,speks,7.6,0,33,final
2026-04-02,bathroomgraffiti,all,speks,7.5,0,28,final
2026-04-03,bathroomgraffiti,all,speks,6.7,0,23,final
2026-04-04,bathroomgraffiti,all,speks,6.3,0,31,final
2026-04-05,bathroomgraffiti,all,speks,7,0,30,final
2026-04-06,bathroomgraffiti,all,speks,7.1,0,13,final
2026-04-07,bathroomgraffiti,all,speks,6.9,0,17,final
2026-04-08,bathroomgraffiti,all,speks,7.5,0,20,final
2026-04-09,bathroomgraffiti,all,speks,6.9,1,12,final
2026-04-10,bathroomgraffiti,all,speks,6.8,1,18,final
2026-04-11,bathroomgraffiti,all,speks,9.7,0,10,final
2026-04-12,bathroomgraffiti,all,speks,6.5,0,19,final
2026-04-13,bathroomgraffiti,all,speks,7.4,0,27,final
2026-04-14,bathroomgraffiti,all,speks,7.8,1,37,final
2026-04-15,bathroomgraffiti,all,speks,7.2,0,17,final
2026-04-16,bathroomgraffiti,all,speks,6.6,0,46,final
2026-04-17,bathroomgraffiti,all,speks,7.3,1,23,final
2026-04-18,bathroomgraffiti,all,speks,7.0,0,37,final
2026-04-19,bathroomgraffiti,all,speks,7.2,0,33,final
2026-04-20,bathroomgraffiti,all,speks,7.1,1,27,final
2026-04-21,bathroomgraffiti,all,speks,7.1,0,49,final
2026-04-22,bathroomgraffiti,all,speks,7.3,0,23,final
2026-04-23,bathroomgraffiti,all,speks,8.5,1,18,final
2026-04-24,bathroomgraffiti,all,speks,8.5,0,10,final
2026-04-25,bathroomgraffiti,all,speks,9.4,1,10,final
2026-04-26,bathroomgraffiti,all,speks,7.7,0,6,final
2026-04-27,bathroomgraffiti,all,speks,8.2,0,20,final
2026-04-28,bathroomgraffiti,all,speks,9.0,0,22,final
2026-04-29,bathroomgraffiti,all,speks,8.5,1,15,final
2026-04-30,bathroomgraffiti,all,speks,8.4,0,15,final
2026-05-01,bathroomgraffiti,all,speks,8.4,0,8,final
2026-05-02,bathroomgraffiti,all,speks,8.3,0,7,final
2026-05-03,bathroomgraffiti,all,speks,8.4,0,11,final
2026-05-04,bathroomgraffiti,all,speks,9.3,1,7,final
2026-05-05,bathroomgraffiti,all,speks,7.5,0,12,final
2026-05-06,bathroomgraffiti,all,speks,8.4,0,17,final
2026-05-07,bathroomgraffiti,all,speks,13.1,0,9,final
2026-05-08,bathroomgraffiti,all,speks,8.1,0,50,final
2026-05-09,bathroomgraffiti,all,speks,7.7,3,114,final
2026-05-10,bathroomgraffiti,all,speks,7.4,3,83,final
2026-05-11,bathroomgraffiti,all,speks,6.6,0,24,final
2026-05-12,bathroomgraffiti,all,speks,8.3,1,21,final
2026-05-13,bathroomgraffiti,all,speks,5.8,0,26,final
2026-05-14,bathroomgraffiti,all,speks,6.1,0,27,final
2026-05-15,bathroomgraffiti,all,speks,5.5,1,25,final
2026-05-16,bathroomgraffiti,all,speks,7.1,0,34,final
2026-05-17,bathroomgraffiti,all,speks,6.8,0,24,final
2026-05-18,bathroomgraffiti,all,speks,6.2,1,20,final
2026-05-19,bathroomgraffiti,all,speks,6.5,0,14,final
2026-05-20,bathroomgraffiti,all,speks,6.8,0,13,final
2026-05-21,bathroomgraffiti,all,speks,4.4,0,13,final
2026-05-22,bathroomgraffiti,all,speks,3.5,0,16,final
2026-05-23,bathroomgraffiti,all,speks,5.6,1,26,final
2026-05-24,bathroomgraffiti,all,speks,5,0,22,final
2026-05-25,bathroomgraffiti,all,speks,5.1,0,24,final
2026-05-26,bathroomgraffiti,all,speks,4.7,1,28,final
2026-05-27,bathroomgraffiti,all,speks,4.9,0,18,final
2026-05-28,bathroomgraffiti,all,speks,4.9,0,22,final
2026-05-29,bathroomgraffiti,all,speks,5.4,0,11,final
2026-05-30,bathroomgraffiti,all,speks,4.6,0,9,final
2026-05-31,bathroomgraffiti,all,speks,4.6,0,17,final
2026-06-01,bathroomgraffiti,all,speks,4.1,0,17,final
2026-06-02,bathroomgraffiti,all,speks,4.7,0,23,final
2026-06-03,bathroomgraffiti,all,speks,5.7,1,24,final
2026-06-04,bathroomgraffiti,all,speks,7.6,0,18,final
2026-06-05,bathroomgraffiti,all,speks,10.4,0,9,final
2026-06-06,bathroomgraffiti,all,speks,8,1,22,final
2026-06-07,bathroomgraffiti,all,speks,8,0,7,final
2026-06-08,bathroomgraffiti,all,speks,6.4,0,14,final
2026-06-09,bathroomgraffiti,all,speks,5.1,0,19,final
2026-06-10,bathroomgraffiti,all,speks,6.6,3,31,final
2026-06-11,bathroomgraffiti,all,speks,6.4,0,21,final
2026-06-12,bathroomgraffiti,all,speks,6.9,1,23,final
2026-06-13,bathroomgraffiti,all,speks,5.6,0,30,final
2026-06-14,bathroomgraffiti,all,speks,6.2,0,40,final
2026-06-15,bathroomgraffiti,all,speks,6.6,0,26,final
2026-06-16,bathroomgraffiti,all,speks,7,1,23,final
2026-06-17,bathroomgraffiti,all,speks,6.4,0,26,final
2026-06-18,bathroomgraffiti,all,speks,6.4,0,15,final
2026-06-19,bathroomgraffiti,all,speks,6.9,0,16,final
2026-06-20,bathroomgraffiti,all,speks,7.0,1,28,final
2026-06-21,bathroomgraffiti,all,speks,6.4,0,19,final
2026-06-22,bathroomgraffiti,all,speks,6.3,0,14,final
2026-06-23,bathroomgraffiti,all,speks,6.3,0,12,final
2026-06-24,bathroomgraffiti,all,speks,5.9,0,8,final
2026-06-25,bathroomgraffiti,all,speks,6.8,0,10,final
2026-06-26,bathroomgraffiti,all,speks,7.1,0,14,final
2026-06-27,bathroomgraffiti,all,speks,7.6,0,9,final
2026-06-28,bathroomgraffiti,all,speks,9.2,0,15,final
2026-06-29,bathroomgraffiti,all,speks,9.7,0,13,final
2026-06-30,bathroomgraffiti,all,speks,9.4,0,15,final
2026-07-01,bathroomgraffiti,all,speks,7.4,0,16,final
2026-07-02,bathroomgraffiti,all,speks,6.9,0,13,final
2026-07-03,bathroomgraffiti,all,speks,5.3,0,19,final
2026-07-04,bathroomgraffiti,all,speks,5.2,0,27,final
2026-07-05,bathroomgraffiti,all,speks,5.5,0,16,final
2026-07-06,bathroomgraffiti,all,speks,5.7,0,14,final
2026-07-07,bathroomgraffiti,all,speks,5.6,1,9,final
2026-07-08,bathroomgraffiti,all,speks,4.9,1,19,final
2026-07-09,bathroomgraffiti,all,speks,5.4,0,5,final
2026-07-10,bathroomgraffiti,all,speks,7.5,0,8,final
2026-07-11,bathroomgraffiti,all,speks,6.3,0,17,final
2026-07-12,bathroomgraffiti,all,speks,7.5,0,21,final
2026-07-13,bathroomgraffiti,all,speks,6.8,0,26,final
2026-07-14,bathroomgraffiti,all,speks,7.1,0,17,final
2026-07-15,bathroomgraffiti,all,speks,4.6,0,14,final
2026-07-16,bathroomgraffiti,all,speks,4.6,0,20,final
2026-07-17,bathroomgraffiti,all,speks,5.8,0,25,final
2026-07-18,bathroomgraffiti,all,speks,6,1,28,final
2026-07-19,bathroomgraffiti,all,speks,4.9,1,14,final
2026-07-20,bathroomgraffiti,all,speks,4.9,0,16,final
2026-07-21,bathroomgraffiti,all,speks,5.4,0,14,final
2026-07-22,bathroomgraffiti,all,speks,5.0,1,21,final
2026-07-23,bathroomgraffiti,all,speks,5.0,0,21,final
2026-07-24,bathroomgraffiti,all,speks,5.7,0,26,final
2026-07-25,bathroomgraffiti,all,speks,4.9,0,29,final
2026-07-26,bathroomgraffiti,all,speks,5.1,0,33,final
2026-07-27,bathroomgraffiti,all,speks,4.8,2,38,final
2026-07-28,bathroomgraffiti,all,speks,5.5,0,22,final
2026-07-29,bathroomgraffiti,all,speks,5.7,0,27,final
2026-07-30,bathroomgraffiti,all,speks,5.2,0,20,final
2026-07-31,bathroomgraffiti,all,speks,4.7,0,28,final
2026-08-01,bathroomgraffiti,all,speks,4.3,0,27,final
2026-08-02,bathroomgraffiti,all,speks,4.8,0,17,final
2026-08-03,bathroomgraffiti,all,speks,4.7,0,26,final
2026-08-04,bathroomgraffiti,all,speks,5.3,0,27,final
2026-08-05,bathroomgraffiti,all,speks,5.7,1,32,final
2026-08-06,bathroomgraffiti,all,speks,5.3,0,31,final
2026-08-07,bathroomgraffiti,all,speks,4.2,2,20,final
2026-08-08,bathroomgraffiti,all,speks,3.6,0,14,final
2026-08-09,bathroomgraffiti,all,speks,4.5,0,20,final
2026-08-10,bathroomgraffiti,all,speks,4.3,0,22,final
2026-08-11,bathroomgraffiti,all,speks,5.1,0,23,final
2026-08-12,bathroomgraffiti,all,speks,3.6,0,17,final
2026-08-13,bathroomgraffiti,all,speks,3.9,0,16,final
2026-08-14,bathroomgraffiti,all,speks,3.8,0,13,final
2026-08-15,bathroomgraffiti,all,speks,4.3,0,17,final
2026-08-16,bathroomgraffiti,all,speks,4.3,1,23,final
2026-08-17,bathroomgraffiti,all,speks,4.1,2,19,final
2026-08-18,bathroomgraffiti,all,speks,3.8,0,23,final
2026-08-19,bathroomgraffiti,all,speks,4.2,1,26,final
2026-08-20,bathroomgraffiti,all,speks,5.6,0,25,final
2026-08-21,bathroomgraffiti,all,speks,5.5,1,23,final
2026-08-22,bathroomgraffiti,all,speks,5.5,0,26,final
2026-08-23,bathroomgraffiti,all,speks,5.2,0,17,final
2026-08-24,bathroomgraffiti,all,speks,5.7,0,26,final
2026-08-25,bathroomgraffiti,all,speks,7.3,0,18,final
2026-08-26,bathroomgraffiti,all,speks,7.4,2,16,final
2026-08-27,bathroomgraffiti,all,speks,7.0,0,27,final
2026-08-28,bathroomgraffiti,all,speks,4.4,0,24,final
2026-08-29,bathroomgraffiti,all,speks,7.4,0,11,final
2026-08-30,bathroomgraffiti,all,speks,9.4,0,7,final
2026-08-31,bathroomgraffiti,all,speks,6.7,0,6,final
2026-09-01,bathroomgraffiti,all,speks,9,0,2,final
2026-09-02,bathroomgraffiti,all,speks,8.7,1,10,final
2026-09-03,bathroomgraffiti,all,speks,16.7,0,3,final
2026-09-04,bathroomgraffiti,all,speks,9.3,0,3,final
2026-09-05,bathroomgraffiti,all,speks,9,0,2,final
2026-09-06,bathroomgraffiti,all,speks,8.3,0,9,final
2026-09-07,bathroomgraffiti,all,speks,8.3,0,3,final
2026-09-08,bathroomgraffiti,all,speks,8.2,1,14,final
2026-09-09,bathroomgraffiti,all,speks,6.7,3,30,final
2026-09-10,bathroomgraffiti,all,speks,7.5,0,4,final
2026-09-11,bathroomgraffiti,all,speks,7.1,0,16,final
2026-09-12,bathroomgraffiti,all,speks,5.3,0,30,final
2026-09-13,bathroomgraffiti,all,speks,5.3,0,22,final
2026-09-14,bathroomgraffiti,all,speks,7.4,0,29,final
2026-09-15,bathroomgraffiti,all,speks,6.5,0,23,final
2026-09-16,bathroomgraffiti,all,speks,3.7,0,7,final
2026-09-17,bathroomgraffiti,all,speks,5.3,0,7,final
2026-09-18,bathroomgraffiti,all,speks,4.8,0,14,final
2026-09-19,bathroomgraffiti,all,speks,4,0,1,final
2026-09-20,bathroomgraffiti,all,speks,3,0,2,final
2026-09-21,bathroomgraffiti,all,speks,6.8,0,6,final
2026-09-22,bathroomgraffiti,all,speks,8,1,16,final
2026-09-23,bathroomgraffiti,all,speks,5.7,0,3,final
2026-09-24,bathroomgraffiti,all,speks,7,0,8,final
2026-09-25,bathroomgraffiti,all,speks,11.2,0,4,final
2026-09-26,bathroomgraffiti,all,speks,5.5,0,15,final
2026-09-27,bathroomgraffiti,all,speks,5.0,0,42,final
2026-09-28,bathroomgraffiti,all,speks,4.8,0,20,final
2026-09-29,bathroomgraffiti,all,speks,4.5,0,22,final
2026-09-30,bathroomgraffiti,all,speks,4.8,0,24,final
2026-10-01,bathroomgraffiti,all,speks,4.2,1,21,final
2026-10-02,bathroomgraffiti,all,speks,5.6,0,15,final
2026-10-03,bathroomgraffiti,all,speks,5.2,1,33,final
2026-10-04,bathroomgraffiti,all,speks,5.9,1,17,fresh
2026-10-05,bathroomgraffiti,all,speks,5,1,14,fresh
2025-11-18,bathroomgraffiti,all,speks france,6.5,0,2,final
2025-11-24,bathroomgraffiti,all,speks france,7,0,1,final
2025-11-25,bathroomgraffiti,all,speks france,9,0,1,final
2025-11-26,bathroomgraffiti,all,speks france,6,0,1,final
2025-11-27,bathroomgraffiti,all,speks france,8,0,1,final
2025-11-28,bathroomgraffiti,all,speks france,6.5,0,2,final
2025-11-29,bathroomgraffiti,all,speks france,6.7,0,3,final
2025-11-30,bathroomgraffiti,all,speks france,5,0,3,final
2025-12-01,bathroomgraffiti,all,speks france,6,0,1,final
2025-12-02,bathroomgraffiti,all,speks france,5,0,1,final
2025-12-03,bathroomgraffiti,all,speks france,3,0,4,final
2025-12-06,bathroomgraffiti,all,speks france,5,0,1,final
2025-12-08,bathroomgraffiti,all,speks france,3,0,3,final
2025-12-10,bathroomgraffiti,all,speks france,5,0,1,final
2025-12-11,bathroomgraffiti,all,speks france,3,0,1,final
2025-12-14,bathroomgraffiti,all,speks france,3,0,1,final
2025-12-15,bathroomgraffiti,all,speks france,2,0,1,final
2025-12-16,bathroomgraffiti,all,speks france,3,0,2,final
2025-12-18,bathroomgraffiti,all,speks france,4.5,0,2,final
2025-12-19,bathroomgraffiti,all,speks france,3,0,1,final
2025-12-25,bathroomgraffiti,all,speks france,5.5,1,2,final
2025-12-26,bathroomgraffiti,all,speks france,4.7,1,3,final
2025-12-27,bathroomgraffiti,all,speks france,3,0,1,final
2025-12-30,bathroomgraffiti,all,speks france,2,1,1,final
2025-12-31,bathroomgraffiti,all,speks france,8,0,1,final
2026-01-01,bathroomgraffiti,all,speks france,4,0,2,final
2026-01-07,bathroomgraffiti,all,speks france,2,0,1,final
2026-01-08,bathroomgraffiti,all,speks france,2,1,1,final
2026-01-17,bathroomgraffiti,all,speks france,8,1,1,final
2026-01-18,bathroomgraffiti,all,speks france,2,0,1,final
2026-01-19,bathroomgraffiti,all,speks france,12,0,1,final
2026-01-23,bathroomgraffiti,all,speks france,2,0,1,final
2026-01-24,bathroomgraffiti,all,speks france,2,0,1,final
2026-01-25,bathroomgraffiti,all,speks france,2,0,2,final
2026-01-30,bathroomgraffiti,all,speks france,2,0,1,final
2026-01-31,bathroomgraffiti,all,speks france,2,0,1,final
2026-02-01,bathroomgraffiti,all,speks france,2,0,1,final
2026-02-03,bathroomgraffiti,all,speks france,4,0,1,final
2026-02-07,bathroomgraffiti,all,speks france,5,0,1,final
2026-02-08,bathroomgraffiti,all,speks france,2,0,1,final
2026-02-15,bathroomgraffiti,all,speks france,2,1,1,final
2026-02-19,bathroomgraffiti,all,speks france,2,0,1,final
2026-02-21,bathroomgraffiti,all,speks france,2,1,2,final
2026-02-26,bathroomgraffiti,all,speks france,3,0,1,final
2026-03-01,bathroomgraffiti,all,speks france,4.3,0,3,final
2026-03-03,bathroomgraffiti,all,speks france,3.5,0,2,final
2026-03-04,bathroomgraffiti,all,speks france,3.8,0,6,final
2026-03-05,bathroomgraffiti,all,speks france,4,1,4,final
2026-03-06,bathroomgraffiti,all,speks france,3.3,1,3,final
2026-03-07,bathroomgraffiti,all,speks france,3.5,0,2,final
2026-03-08,bathroomgraffiti,all,speks france,3,0,1,final
2026-03-09,bathroomgraffiti,all,speks france,3,0,3,final
2026-03-10,bathroomgraffiti,all,speks france,4.3,0,3,final
2026-03-11,bathroomgraffiti,all,speks france,3,0,5,final
2026-03-13,bathroomgraffiti,all,speks france,3.5,0,4,final
2026-03-14,bathroomgraffiti,all,speks france,3,0,1,final
2026-03-15,bathroomgraffiti,all,speks france,3,0,1,final
2026-03-16,bathroomgraffiti,all,speks france,2,0,1,final
2026-03-17,bathroomgraffiti,all,speks france,2.5,0,2,final
2026-03-21,bathroomgraffiti,all,speks france,4,0,2,final
2026-03-24,bathroomgraffiti,all,speks france,3,0,4,final
2026-03-25,bathroomgraffiti,all,speks france,2.7,0,3,final
2026-03-27,bathroomgraffiti,all,speks france,3,0,1,final
2026-03-28,bathroomgraffiti,all,speks france,3,0,2,final
2026-03-29,bathroomgraffiti,all,speks france,4,0,2,final
2026-03-30,bathroomgraffiti,all,speks france,2.7,0,3,final
2026-03-31,bathroomgraffiti,all,speks france,4.5,0,2,final
2026-04-01,bathroomgraffiti,all,speks france,3.5,1,2,final
2026-04-03,bathroomgraffiti,all,speks france,2.5,0,4,final
2026-04-04,bathroomgraffiti,all,speks france,2.7,0,3,final
2026-04-05,bathroomgraffiti,all,speks france,2.5,0,2,final
2026-04-06,bathroomgraffiti,all,speks france,2.5,0,2,final
2026-04-07,bathroomgraffiti,all,speks france,3.3,0,3,final
2026-04-08,bathroomgraffiti,all,speks france,3.2,1,5,final
2026-04-09,bathroomgraffiti,all,speks france,3.8,0,5,final
2026-04-10,bathroomgraffiti,all,speks france,3.4,0,5,final
2026-04-11,bathroomgraffiti,all,speks france,3.7,0,3,final
2026-04-12,bathroomgraffiti,all,speks france,3.5,1,6,final
2026-04-13,bathroomgraffiti,all,speks france,5.3,1,3,final
2026-04-14,bathroomgraffiti,all,speks france,3,2,7,final
2026-04-15,bathroomgraffiti,all,speks france,2.7,0,10,final
2026-04-16,bathroomgraffiti,all,speks france,3.8,0,6,final
2026-04-17,bathroomgraffiti,all,speks france,2.4,1,5,final
2026-04-18,bathroomgraffiti,all,speks france,2.6,0,5,final
2026-04-19,bathroomgraffiti,all,speks france,4.6,1,8,final
2026-04-20,bathroomgraffiti,all,speks france,6,0,1,final
2026-04-21,bathroomgraffiti,all,speks france,4,0,8,final
2026-04-22,bathroomgraffiti,all,speks france,5,0,2,final
2026-04-23,bathroomgraffiti,all,speks france,4.2,0,4,final
2026-04-25,bathroomgraffiti,all,speks france,4,1,4,final
2026-04-26,bathroomgraffiti,all,speks france,4,0,1,final
2026-04-27,bathroomgraffiti,all,speks france,5,0,2,final
2026-04-28,bathroomgraffiti,all,speks france,2.7,0,3,final
2026-04-29,bathroomgraffiti,all,speks france,3,0,1,final
2026-04-30,bathroomgraffiti,all,speks france,2.8,0,5,final
2026-05-01,bathroomgraffiti,all,speks france,4,2,5,final
2026-05-02,bathroomgraffiti,all,speks france,4.2,1,4,final
2026-05-03,bathroomgraffiti,all,speks france,2,0,3,final
2026-05-04,bathroomgraffiti,all,speks france,8,0,3,final
2026-05-05,bathroomgraffiti,all,speks france,5.5,0,2,final
2026-05-06,bathroomgraffiti,all,speks france,3,0,4,final
2026-05-07,bathroomgraffiti,all,speks france,3,0,1,final
2026-05-08,bathroomgraffiti,all,speks france,2.8,0,5,final
2026-05-09,bathroomgraffiti,all,speks france,3.7,0,11,final
2026-05-10,bathroomgraffiti,all,speks france,7.9,0,18,final
2026-05-11,bathroomgraffiti,all,speks france,8,0,1,final
2026-05-12,bathroomgraffiti,all,speks france,7.6,0,5,final
2026-05-13,bathroomgraffiti,all,speks france,7,1,3,final
2026-05-14,bathroomgraffiti,all,speks france,8,0,1,final
2026-05-15,bathroomgraffiti,all,speks france,9,0,2,final
2026-05-16,bathroomgraffiti,all,speks france,6.5,0,4,final
2026-05-17,bathroomgraffiti,all,speks france,6.5,0,2,final
2026-05-18,bathroomgraffiti,all,speks france,7.2,0,6,final
2026-05-19,bathroomgraffiti,all,speks france,5,0,1,final
2026-05-20,bathroomgraffiti,all,speks france,9,0,2,final
2026-05-22,bathroomgraffiti,all,speks france,6,0,1,final
2026-05-23,bathroomgraffiti,all,speks france,5.5,0,2,final
2026-05-24,bathroomgraffiti,all,speks france,5.5,0,2,final
2026-05-25,bathroomgraffiti,all,speks france,8,0,2,final
2026-05-26,bathroomgraffiti,all,speks france,9,0,1,final
2026-05-27,bathroomgraffiti,all,speks france,5,0,1,final
2026-05-28,bathroomgraffiti,all,speks france,7,0,1,final
2026-05-29,bathroomgraffiti,all,speks france,5,0,1,final
2026-05-30,bathroomgraffiti,all,speks france,6.3,0,3,final
2026-05-31,bathroomgraffiti,all,speks france,7,1,1,final
2026-06-01,bathroomgraffiti,all,speks france,6,0,2,final
2026-06-03,bathroomgraffiti,all,speks france,6.2,0,4,final
2026-06-05,bathroomgraffiti,all,speks france,5.5,1,2,final
2026-06-06,bathroomgraffiti,all,speks france,5.5,0,2,final
2026-06-07,bathroomgraffiti,all,speks france,4,0,1,final
2026-06-08,bathroomgraffiti,all,speks france,5,0,1,final
2026-06-09,bathroomgraffiti,all,speks france,6,0,2,final
2026-06-10,bathroomgraffiti,all,speks france,4,0,1,final
2026-06-11,bathroomgraffiti,all,speks france,3.3,0,3,final
2026-06-12,bathroomgraffiti,all,speks france,7,1,1,final
2026-06-14,bathroomgraffiti,all,speks france,5.5,0,2,final
2026-06-15,bathroomgraffiti,all,speks france,4.3,0,3,final
2026-06-16,bathroomgraffiti,all,speks france,4.7,0,3,final
2026-06-17,bathroomgraffiti,all,speks france,8,0,1,final
2026-06-18,bathroomgraffiti,all,speks france,6,0,5,final
2026-06-19,bathroomgraffiti,all,speks france,7,0,1,final
2026-06-20,bathroomgraffiti,all,speks france,6,0,1,final
2026-06-21,bathroomgraffiti,all,speks france,5.3,1,3,final
2026-06-22,bathroomgraffiti,all,speks france,6.8,0,8,final
2026-06-24,bathroomgraffiti,all,speks france,7,0,1,final
2026-06-25,bathroomgraffiti,all,speks france,5,1,3,final
2026-06-26,bathroomgraffiti,all,speks france,9,0,1,final
2026-06-27,bathroomgraffiti,all,speks france,7.3,1,3,final
2026-06-28,bathroomgraffiti,all,speks france,7.2,0,4,final
2026-06-29,bathroomgraffiti,all,speks france,7,0,2,final
2026-06-30,bathroomgraffiti,all,speks france,5,1,4,final
2026-07-01,bathroomgraffiti,all,speks france,5,0,2,final
2026-07-02,bathroomgraffiti,all,speks france,3,1,4,final
2026-07-03,bathroomgraffiti,all,speks france,4,0,1,final
2026-07-04,bathroomgraffiti,all,speks france,4.3,1,3,final
2026-07-05,bathroomgraffiti,all,speks france,4,0,1,final
2026-07-06,bathroomgraffiti,all,speks france,7,0,1,final
2026-07-09,bathroomgraffiti,all,speks france,4,0,1,final
2026-07-10,bathroomgraffiti,all,speks france,5.5,0,2,final
2026-07-11,bathroomgraffiti,all,speks france,2,0,1,final
2026-07-12,bathroomgraffiti,all,speks france,2.2,1,4,final
2026-07-13,bathroomgraffiti,all,speks france,4,0,1,final
2026-07-14,bathroomgraffiti,all,speks france,5.3,1,3,final
2026-07-15,bathroomgraffiti,all,speks france,2.8,0,4,final
2026-07-16,bathroomgraffiti,all,speks france,3.3,1,6,final
2026-07-17,bathroomgraffiti,all,speks france,4,1,1,final
2026-07-18,bathroomgraffiti,all,speks france,3,0,1,final
2026-07-19,bathroomgraffiti,all,speks france,2,0,1,final
2026-07-22,bathroomgraffiti,all,speks france,2,0,1,final
2026-07-23,bathroomgraffiti,all,speks france,3,1,4,final
2026-07-24,bathroomgraffiti,all,speks france,2,0,1,final
2026-07-25,bathroomgraffiti,all,speks france,2,1,3,final
2026-07-26,bathroomgraffiti,all,speks france,2.6,2,7,final
2026-07-27,bathroomgraffiti,all,speks france,4.2,0,4,final
2026-07-28,bathroomgraffiti,all,speks france,2,0,5,final
2026-07-29,bathroomgraffiti,all,speks france,2.8,0,4,final
2026-07-30,bathroomgraffiti,all,speks france,2,0,2,final
2026-07-31,bathroomgraffiti,all,speks france,2.3,0,3,final
2026-08-01,bathroomgraffiti,all,speks france,1,0,1,final
2026-08-02,bathroomgraffiti,all,speks france,2,0,3,final
2026-08-03,bathroomgraffiti,all,speks france,8.2,0,5,final
2026-08-04,bathroomgraffiti,all,speks france,2.2,2,6,final
2026-08-05,bathroomgraffiti,all,speks france,2,0,1,final
2026-08-06,bathroomgraffiti,all,speks france,2,0,2,final
2026-08-07,bathroomgraffiti,all,speks france,2,1,1,final
2026-08-08,bathroomgraffiti,all,speks france,2.8,0,4,final
2026-08-10,bathroomgraffiti,all,speks france,4,0,1,final
2026-08-11,bathroomgraffiti,all,speks france,4.7,0,3,final
2026-08-12,bathroomgraffiti,all,speks france,2,0,3,final
2026-08-13,bathroomgraffiti,all,speks france,2,0,1,final
2026-08-16,bathroomgraffiti,all,speks france,2.5,0,2,final
2026-08-18,bathroomgraffiti,all,speks france,3,1,2,final
2026-08-20,bathroomgraffiti,all,speks france,2.5,0,2,final
2026-08-21,bathroomgraffiti,all,speks france,2,0,1,final
2026-08-22,bathroomgraffiti,all,speks france,2.7,0,3,final
2026-08-23,bathroomgraffiti,all,speks france,2,0,2,final
2026-08-25,bathroomgraffiti,all,speks france,2.3,0,3,final
2026-08-26,bathroomgraffiti,all,speks france,3,0,2,final
2026-08-27,bathroomgraffiti,all,speks france,2.6,0,5,final
2026-08-28,bathroomgraffiti,all,speks france,2.5,0,2,final
2026-08-29,bathroomgraffiti,all,speks france,3.3,0,3,final
2026-08-30,bathroomgraffiti,all,speks france,3.3,0,3,final
2026-08-31,bathroomgraffiti,all,speks france,3.3,1,3,final
2026-09-01,bathroomgraffiti,all,speks france,2.7,0,3,final
2026-09-02,bathroomgraffiti,all,speks france,2,0,2,final
2026-09-03,bathroomgraffiti,all,speks france,3.3,0,3,final
2026-09-04,bathroomgraffiti,all,speks france,3,0,3,final
2026-09-05,bathroomgraffiti,all,speks france,2.5,0,6,final
2026-09-06,bathroomgraffiti,all,speks france,2,0,1,final
2026-09-07,bathroomgraffiti,all,speks france,4.2,0,4,final
2026-09-08,bathroomgraffiti,all,speks france,6,0,1,final
2026-09-09,bathroomgraffiti,all,speks france,3.2,0,6,final
2026-09-10,bathroomgraffiti,all,speks france,5,0,1,final
2026-09-11,bathroomgraffiti,all,speks france,3,0,3,final
2026-09-12,bathroomgraffiti,all,speks france,4,1,5,final
2026-09-13,bathroomgraffiti,all,speks france,2,0,2,final
2026-09-14,bathroomgraffiti,all,speks france,2,0,2,final
2026-09-15,bathroomgraffiti,all,speks france,4.2,1,4,final
2026-09-16,bathroomgraffiti,all,speks france,6,0,4,final
2026-09-17,bathroomgraffiti,all,speks france,2.7,0,3,final
2026-09-18,bathroomgraffiti,all,speks france,3.7,0,3,final
2026-09-19,bathroomgraffiti,all,speks france,3.5,0,2,final
2026-09-20,bathroomgraffiti,all,speks france,4.9,1,7,final
2026-09-21,bathroomgraffiti,all,speks france,4,0,3,final
2026-09-23,bathroomgraffiti,all,speks france,6.7,0,3,final
2026-09-24,bathroomgraffiti,all,speks france,4,2,2,final
2026-09-25,bathroomgraffiti,all,speks france,5,0,4,final
2026-09-26,bathroomgraffiti,all,speks france,2.8,3,6,final
2026-09-27,bathroomgraffiti,all,speks france,4,0,2,final
2026-09-28,bathroomgraffiti,all,speks france,2,0,1,final
2026-09-29,bathroomgraffiti,all,speks france,3.4,0,7,final
2026-09-30,bathroomgraffiti,all,speks france,3.5,2,2,final
2026-10-01,bathroomgraffiti,all,speks france,3.5,0,2,final
2026-10-02,bathroomgraffiti,all,speks france,3.5,0,2,final
2026-10-03,bathroomgraffiti,all,speks france,3.7,1,3,final
2026-05-23,bathroomgraffiti,all,squishy dumpling,1.5,0,2,final
2026-06-22,bathroomgraffiti,all,squishy dumpling,2,0,1,final
2026-06-24,bathroomgraffiti,all,squishy dumpling,2,0,1,final
2026-07-01,bathroomgraffiti,all,squishy dumpling,2,0,1,final
2026-07-04,bathroomgraffiti,all,squishy dumpling,1,0,3,final
2026-07-05,bathroomgraffiti,all,squishy dumpling,1,0,3,final
2026-07-08,bathroomgraffiti,all,squishy dumpling,1,0,2,final
2026-07-09,bathroomgraffiti,all,squishy dumpling,1.7,0,6,final
2026-07-10,bathroomgraffiti,all,squishy dumpling,1,0,1,final
2026-07-11,bathroomgraffiti,all,squishy dumpling,6,0,2,final
2026-07-13,bathroomgraffiti,all,squishy dumpling,5.5,0,2,final
2026-07-16,bathroomgraffiti,all,squishy dumpling,13,0,1,final
2026-07-24,bathroomgraffiti,all,squishy dumpling,8,0,1,final
2026-07-29,bathroomgraffiti,all,squishy dumpling,2,0,2,final
2026-07-31,bathroomgraffiti,all,squishy dumpling,3.4,4,16,final
2026-08-01,bathroomgraffiti,all,squishy dumpling,3,0,1,final
2026-08-02,bathroomgraffiti,all,squishy dumpling,5,0,6,final
2026-08-03,bathroomgraffiti,all,squishy dumpling,2.7,1,12,final
2026-08-04,bathroomgraffiti,all,squishy dumpling,3,0,7,final
2026-08-05,bathroomgraffiti,all,squishy dumpling,4.1,0,49,final
2026-08-06,bathroomgraffiti,all,squishy dumpling,3.0,0,22,final
2026-08-07,bathroomgraffiti,all,squishy dumpling,3.1,0,9,final
2026-08-08,bathroomgraffiti,all,squishy dumpling,3.4,2,20,final
2026-08-09,bathroomgraffiti,all,squishy dumpling,4.1,3,18,final
2026-08-10,bathroomgraffiti,all,squishy dumpling,2.7,4,18,final
2026-08-11,bathroomgraffiti,all,squishy dumpling,3.1,0,10,final
2026-08-12,bathroomgraffiti,all,squishy dumpling,4.3,1,6,final
2026-08-13,bathroomgraffiti,all,squishy dumpling,3.9,0,7,final
2026-08-14,bathroomgraffiti,all,squishy dumpling,8,2,4,final
2026-08-15,bathroomgraffiti,all,squishy dumpling,2,0,4,final
2026-08-16,bathroomgraffiti,all,squishy dumpling,1.9,1,39,final
2026-08-17,bathroomgraffiti,all,squishy dumpling,2.6,0,22,final
2026-08-18,bathroomgraffiti,all,squishy dumpling,2,3,31,final
2026-08-19,bathroomgraffiti,all,squishy dumpling,2.5,0,20,final
2026-08-20,bathroomgraffiti,all,squishy dumpling,2.2,2,32,final
2026-08-21,bathroomgraffiti,all,squishy dumpling,2.7,2,12,final
2026-08-22,bathroomgraffiti,all,squishy dumpling,2.7,1,9,final
2026-08-23,bathroomgraffiti,all,squishy dumpling,5.2,3,11,final
2026-08-24,bathroomgraffiti,all,squishy dumpling,2.5,1,8,final
2026-08-25,bathroomgraffiti,all,squishy dumpling,3.8,1,10,final
2026-08-26,bathroomgraffiti,all,squishy dumpling,2.8,2,8,final
2026-08-27,bathroomgraffiti,all,squishy dumpling,3.6,1,10,final
2026-08-28,bathroomgraffiti,all,squishy dumpling,4,0,7,final
2026-08-29,bathroomgraffiti,all,squishy dumpling,2.9,1,16,final
2026-08-30,bathroomgraffiti,all,squishy dumpling,2,0,9,final
2026-08-31,bathroomgraffiti,all,squishy dumpling,2.8,2,13,final
2026-09-01,bathroomgraffiti,all,squishy dumpling,3.5,0,6,final
2026-09-02,bathroomgraffiti,all,squishy dumpling,3.7,1,15,final
2026-09-03,bathroomgraffiti,all,squishy dumpling,4,0,11,final
2026-09-04,bathroomgraffiti,all,squishy dumpling,2.6,0,12,final
2026-09-05,bathroomgraffiti,all,squishy dumpling,2.6,1,14,final
2026-09-06,bathroomgraffiti,all,squishy dumpling,3.4,1,16,final
2026-09-07,bathroomgraffiti,all,squishy dumpling,3,0,8,final
2026-09-08,bathroomgraffiti,all,squishy dumpling,3.2,0,9,final
2026-09-09,bathroomgraffiti,all,squishy dumpling,4.2,0,19,final
2026-09-10,bathroomgraffiti,all,squishy dumpling,3.8,0,8,final
2026-09-11,bathroomgraffiti,all,squishy dumpling,2.6,0,11,final
2026-09-12,bathroomgraffiti,all,squishy dumpling,3.2,0,23,final
2026-09-13,bathroomgraffiti,all,squishy dumpling,3.5,0,25,final
2026-09-14,bathroomgraffiti,all,squishy dumpling,4.1,2,21,final
2026-09-15,bathroomgraffiti,all,squishy dumpling,3,0,13,final
2026-09-16,bathroomgraffiti,all,squishy dumpling,3.3,1,16,final
2026-09-17,bathroomgraffiti,all,squishy dumpling,4.5,0,4,final
2026-09-18,bathroomgraffiti,all,squishy dumpling,3.3,1,9,final
2026-09-19,bathroomgraffiti,all,squishy dumpling,4.7,0,6,final
2026-09-20,bathroomgraffiti,all,squishy dumpling,4.7,0,3,final
2026-09-22,bathroomgraffiti,all,squishy dumpling,7,0,1,final
2026-09-24,bathroomgraffiti,all,squishy dumpling,6,1,3,final
2026-09-25,bathroomgraffiti,all,squishy dumpling,5.5,0,2,final
2026-09-26,bathroomgraffiti,all,squishy dumpling,2,0,1,final
2026-09-27,bathroomgraffiti,all,squishy dumpling,3,0,2,final
2026-09-28,bathroomgraffiti,all,squishy dumpling,2,0,1,final
2026-09-30,bathroomgraffiti,all,squishy dumpling,3.7,0,3,final
2026-10-02,bathroomgraffiti,all,squishy dumpling,5.8,0,4,final
2026-10-03,bathroomgraffiti,all,squishy dumpling,2.8,1,4,final
2026-10-04,bathroomgraffiti,all,squishy dumpling,2.3,0,3,fresh
2026-10-05,bathroomgraffiti,all,squishy dumpling,4,0,1,fresh
2025-06-12,bathroomgraffiti,all,vase que rico,10,0,2,final
2025-06-13,bathroomgraffiti,all,vase que rico,10.5,0,4,final
2025-06-14,bathroomgraffiti,all,vase que rico,9.5,0,4,final
2025-06-15,bathroomgraffiti,all,vase que rico,9.5,0,2,final
2025-06-16,bathroomgraffiti,all,vase que rico,11,0,1,final
2025-06-17,bathroomgraffiti,all,vase que rico,10.7,0,3,final
2025-06-18,bathroomgraffiti,all,vase que rico,9,0,1,final
2025-06-19,bathroomgraffiti,all,vase que rico,10,0,1,final
2025-06-20,bathroomgraffiti,all,vase que rico,9,0,2,final
2025-06-21,bathroomgraffiti,all,vase que rico,9.7,0,3,final
2025-06-22,bathroomgraffiti,all,vase que rico,10.3,0,3,final
2025-06-24,bathroomgraffiti,all,vase que rico,8,0,1,final
2025-06-25,bathroomgraffiti,all,vase que rico,11,0,1,final
2025-06-28,bathroomgraffiti,all,vase que rico,10,0,1,final
2025-07-03,bathroomgraffiti,all,vase que rico,7.7,0,3,final
2025-07-04,bathroomgraffiti,all,vase que rico,9,0,2,final
2025-07-05,bathroomgraffiti,all,vase que rico,7,0,2,final
2025-07-06,bathroomgraffiti,all,vase que rico,9.4,1,10,final
2025-07-07,bathroomgraffiti,all,vase que rico,10,0,1,final
2025-07-08,bathroomgraffiti,all,vase que rico,8.6,0,5,final
2025-07-09,bathroomgraffiti,all,vase que rico,7,0,3,final
2025-07-11,bathroomgraffiti,all,vase que rico,8,0,1,final
2025-07-14,bathroomgraffiti,all,vase que rico,6.5,0,2,final
2025-07-15,bathroomgraffiti,all,vase que rico,10,0,1,final
2025-07-16,bathroomgraffiti,all,vase que rico,10,0,1,final
2025-07-24,bathroomgraffiti,all,vase que rico,7.5,0,2,final
2025-07-25,bathroomgraffiti,all,vase que rico,10,0,1,final
2025-07-26,bathroomgraffiti,all,vase que rico,10,0,1,final
2025-07-31,bathroomgraffiti,all,vase que rico,10.5,0,2,final
2025-08-03,bathroomgraffiti,all,vase que rico,12,0,2,final
2025-08-04,bathroomgraffiti,all,vase que rico,8,0,1,final
2025-08-05,bathroomgraffiti,all,vase que rico,19,0,1,final
2025-08-06,bathroomgraffiti,all,vase que rico,8,0,1,final
2025-08-10,bathroomgraffiti,all,vase que rico,7,0,1,final
2025-08-11,bathroomgraffiti,all,vase que rico,7,0,1,final
2025-08-17,bathroomgraffiti,all,vase que rico,6,0,2,final
2025-08-25,bathroomgraffiti,all,vase que rico,7,0,1,final
2025-08-26,bathroomgraffiti,all,vase que rico,8,0,1,final
2025-09-01,bathroomgraffiti,all,vase que rico,9,0,2,final
2025-09-15,bathroomgraffiti,all,vase que rico,14,0,1,final
2025-09-17,bathroomgraffiti,all,vase que rico,12,0,1,final
2025-10-16,bathroomgraffiti,all,vase que rico,13.3,0,3,final
2025-10-28,bathroomgraffiti,all,vase que rico,6,1,1,final
2025-11-10,bathroomgraffiti,all,vase que rico,13,0,1,final
2025-11-11,bathroomgraffiti,all,vase que rico,11,0,1,final
2025-11-12,bathroomgraffiti,all,vase que rico,10,0,1,final
2025-11-13,bathroomgraffiti,all,vase que rico,14,0,1,final
2025-11-14,bathroomgraffiti,all,vase que rico,16,0,1,final
2025-11-25,bathroomgraffiti,all,vase que rico,13,0,1,final
2025-11-30,bathroomgraffiti,all,vase que rico,16,0,1,final
2025-12-01,bathroomgraffiti,all,vase que rico,9.1,0,7,final
2025-12-02,bathroomgraffiti,all,vase que rico,8,0,1,final
2025-12-03,bathroomgraffiti,all,vase que rico,10,0,1,final
2025-12-04,bathroomgraffiti,all,vase que rico,11.5,1,2,final
2025-12-07,bathroomgraffiti,all,vase que rico,6.5,0,2,final
2025-12-10,bathroomgraffiti,all,vase que rico,15,0,1,final
2025-12-11,bathroomgraffiti,all,vase que rico,10,0,2,final
2025-12-12,bathroomgraffiti,all,vase que rico,7,0,1,final
2025-12-13,bathroomgraffiti,all,vase que rico,10,0,4,final
2025-12-14,bathroomgraffiti,all,vase que rico,10.4,0,5,final
2025-12-15,bathroomgraffiti,all,vase que rico,2,0,1,final
2025-12-16,bathroomgraffiti,all,vase que rico,8,0,1,final
2025-12-21,bathroomgraffiti,all,vase que rico,7,0,1,final
2025-12-25,bathroomgraffiti,all,vase que rico,14,0,1,final
2025-12-26,bathroomgraffiti,all,vase que rico,14.5,0,2,final
2025-12-27,bathroomgraffiti,all,vase que rico,6,0,1,final
2025-12-28,bathroomgraffiti,all,vase que rico,13,0,1,final
2025-12-29,bathroomgraffiti,all,vase que rico,9,0,2,final
2025-12-30,bathroomgraffiti,all,vase que rico,4,0,1,final
2025-12-31,bathroomgraffiti,all,vase que rico,10,0,1,final
2026-01-01,bathroomgraffiti,all,vase que rico,9.5,0,4,final
2026-01-02,bathroomgraffiti,all,vase que rico,10,0,1,final
2026-01-04,bathroomgraffiti,all,vase que rico,6.7,0,3,final
2026-01-05,bathroomgraffiti,all,vase que rico,6.3,0,3,final
2026-01-06,bathroomgraffiti,all,vase que rico,6.5,0,4,final
2026-01-07,bathroomgraffiti,all,vase que rico,6,0,2,final
2026-01-09,bathroomgraffiti,all,vase que rico,10,0,1,final
2026-01-10,bathroomgraffiti,all,vase que rico,6,0,2,final
2026-01-11,bathroomgraffiti,all,vase que rico,6.6,0,5,final
2026-01-13,bathroomgraffiti,all,vase que rico,10,0,3,final
2026-01-14,bathroomgraffiti,all,vase que rico,5,0,2,final
2026-01-15,bathroomgraffiti,all,vase que rico,4.5,0,4,final
2026-01-16,bathroomgraffiti,all,vase que rico,2.7,0,3,final
2026-01-17,bathroomgraffiti,all,vase que rico,2.5,0,4,final
2026-01-18,bathroomgraffiti,all,vase que rico,9.5,0,2,final
2026-01-19,bathroomgraffiti,all,vase que rico,2,0,1,final
2026-01-20,bathroomgraffiti,all,vase que rico,7.5,0,4,final
2026-01-21,bathroomgraffiti,all,vase que rico,2,0,1,final
2026-01-22,bathroomgraffiti,all,vase que rico,2,0,1,final
2026-01-23,bathroomgraffiti,all,vase que rico,4,0,2,final
2026-01-24,bathroomgraffiti,all,vase que rico,6.1,0,7,final
2026-01-25,bathroomgraffiti,all,vase que rico,4.7,0,3,final
2026-01-26,bathroomgraffiti,all,vase que rico,4,0,2,final
2026-01-27,bathroomgraffiti,all,vase que rico,4,0,6,final
2026-01-28,bathroomgraffiti,all,vase que rico,7,0,2,final
2026-01-29,bathroomgraffiti,all,vase que rico,3.5,0,2,final
2026-01-30,bathroomgraffiti,all,vase que rico,2,0,2,final
2026-01-31,bathroomgraffiti,all,vase que rico,3.3,0,3,final
2026-02-01,bathroomgraffiti,all,vase que rico,3,0,3,final
2026-02-02,bathroomgraffiti,all,vase que rico,5.5,0,4,final
2026-02-03,bathroomgraffiti,all,vase que rico,4,1,6,final
2026-02-04,bathroomgraffiti,all,vase que rico,4.2,0,4,final
2026-02-05,bathroomgraffiti,all,vase que rico,2.5,0,2,final
2026-02-06,bathroomgraffiti,all,vase que rico,6,0,1,final
2026-02-07,bathroomgraffiti,all,vase que rico,3,0,2,final
2026-02-08,bathroomgraffiti,all,vase que rico,7,0,1,final
2026-02-09,bathroomgraffiti,all,vase que rico,7,0,1,final
2026-02-10,bathroomgraffiti,all,vase que rico,10,1,2,final
2026-02-11,bathroomgraffiti,all,vase que rico,3,0,3,final
2026-02-12,bathroomgraffiti,all,vase que rico,6.5,0,2,final
2026-02-13,bathroomgraffiti,all,vase que rico,3,0,1,final
2026-02-14,bathroomgraffiti,all,vase que rico,2.8,0,4,final
2026-02-15,bathroomgraffiti,all,vase que rico,4.5,1,4,final
2026-02-17,bathroomgraffiti,all,vase que rico,12,0,1,final
2026-02-18,bathroomgraffiti,all,vase que rico,11,0,1,final
2026-02-19,bathroomgraffiti,all,vase que rico,3,0,3,final
2026-02-20,bathroomgraffiti,all,vase que rico,4,0,4,final
2026-02-21,bathroomgraffiti,all,vase que rico,3.8,0,12,final
2026-02-22,bathroomgraffiti,all,vase que rico,2.6,0,5,final
2026-02-23,bathroomgraffiti,all,vase que rico,3,0,1,final
2026-02-24,bathroomgraffiti,all,vase que rico,3.1,2,7,final
2026-02-25,bathroomgraffiti,all,vase que rico,2.5,0,2,final
2026-02-26,bathroomgraffiti,all,vase que rico,2,1,2,final
2026-02-27,bathroomgraffiti,all,vase que rico,2,0,1,final
2026-03-01,bathroomgraffiti,all,vase que rico,2,0,4,final
2026-03-02,bathroomgraffiti,all,vase que rico,2,0,1,final
2026-03-03,bathroomgraffiti,all,vase que rico,1,0,1,final
2026-03-04,bathroomgraffiti,all,vase que rico,5.8,2,5,final
2026-03-05,bathroomgraffiti,all,vase que rico,3.2,1,6,final
2026-03-07,bathroomgraffiti,all,vase que rico,2.7,0,3,final
2026-03-08,bathroomgraffiti,all,vase que rico,3.5,0,4,final
2026-03-09,bathroomgraffiti,all,vase que rico,2,0,1,final
2026-03-12,bathroomgraffiti,all,vase que rico,3,1,4,final
2026-03-13,bathroomgraffiti,all,vase que rico,2,0,1,final
2026-03-14,bathroomgraffiti,all,vase que rico,6.5,0,2,final
2026-03-15,bathroomgraffiti,all,vase que rico,5.4,0,5,final
2026-03-16,bathroomgraffiti,all,vase que rico,4,0,1,final
2026-03-17,bathroomgraffiti,all,vase que rico,7.8,0,4,final
2026-03-19,bathroomgraffiti,all,vase que rico,19,1,1,final
2026-03-20,bathroomgraffiti,all,vase que rico,6,0,1,final
2026-03-21,bathroomgraffiti,all,vase que rico,2,1,1,final
2026-03-22,bathroomgraffiti,all,vase que rico,2,0,1,final
2026-03-23,bathroomgraffiti,all,vase que rico,4.5,0,2,final
2026-03-24,bathroomgraffiti,all,vase que rico,6,0,2,final
2026-03-25,bathroomgraffiti,all,vase que rico,5,0,2,final
2026-03-26,bathroomgraffiti,all,vase que rico,3,0,1,final
2026-03-27,bathroomgraffiti,all,vase que rico,2.8,2,5,final
2026-03-28,bathroomgraffiti,all,vase que rico,6.8,0,6,final
2026-03-29,bathroomgraffiti,all,vase que rico,4,0,1,final
2026-03-31,bathroomgraffiti,all,vase que rico,3,0,1,final
2026-04-01,bathroomgraffiti,all,vase que rico,3,0,1,final
2026-04-02,bathroomgraffiti,all,vase que rico,4.8,0,4,final
2026-04-03,bathroomgraffiti,all,vase que rico,9.5,0,2,final
2026-04-05,bathroomgraffiti,all,vase que rico,8.5,0,4,final
2026-04-06,bathroomgraffiti,all,vase que rico,8.2,0,4,final
2026-04-07,bathroomgraffiti,all,vase que rico,10,0,1,final
2026-04-08,bathroomgraffiti,all,vase que rico,1,0,1,final
2026-04-10,bathroomgraffiti,all,vase que rico,10,0,1,final
2026-04-11,bathroomgraffiti,all,vase que rico,9.3,0,3,final
2026-04-12,bathroomgraffiti,all,vase que rico,3,0,1,final
2026-04-13,bathroomgraffiti,all,vase que rico,4,0,1,final
2026-04-14,bathroomgraffiti,all,vase que rico,8,0,1,final
2026-04-15,bathroomgraffiti,all,vase que rico,2.2,0,4,final
2026-04-16,bathroomgraffiti,all,vase que rico,4,0,2,final
2026-04-17,bathroomgraffiti,all,vase que rico,2,0,1,final
2026-04-19,bathroomgraffiti,all,vase que rico,4,0,1,final
2026-04-20,bathroomgraffiti,all,vase que rico,7.6,0,9,final
2026-04-21,bathroomgraffiti,all,vase que rico,3,0,1,final
2026-04-22,bathroomgraffiti,all,vase que rico,4.2,1,4,final
2026-04-23,bathroomgraffiti,all,vase que rico,3,0,1,final
2026-04-24,bathroomgraffiti,all,vase que rico,5,0,3,final
2026-04-25,bathroomgraffiti,all,vase que rico,4,0,3,final
2026-04-26,bathroomgraffiti,all,vase que rico,4,0,5,final
2026-04-27,bathroomgraffiti,all,vase que rico,2.5,0,2,final
2026-04-28,bathroomgraffiti,all,vase que rico,5,0,1,final
2026-04-29,bathroomgraffiti,all,vase que rico,2.5,0,2,final
2026-05-01,bathroomgraffiti,all,vase que rico,5,0,2,final
2026-05-02,bathroomgraffiti,all,vase que rico,5,1,2,final
2026-05-03,bathroomgraffiti,all,vase que rico,4.2,0,4,final
2026-05-04,bathroomgraffiti,all,vase que rico,5,0,1,final
2026-05-05,bathroomgraffiti,all,vase que rico,5,0,1,final
2026-05-06,bathroomgraffiti,all,vase que rico,4,0,3,final
2026-05-07,bathroomgraffiti,all,vase que rico,3,0,3,final
2026-05-08,bathroomgraffiti,all,vase que rico,5.7,0,3,final
2026-05-09,bathroomgraffiti,all,vase que rico,5.7,0,3,final
2026-05-11,bathroomgraffiti,all,vase que rico,4.3,1,3,final
2026-05-12,bathroomgraffiti,all,vase que rico,1,0,1,final
2026-05-13,bathroomgraffiti,all,vase que rico,4.8,0,6,final
2026-05-14,bathroomgraffiti,all,vase que rico,5,0,4,final
2026-05-15,bathroomgraffiti,all,vase que rico,4.8,0,4,final
2026-05-16,bathroomgraffiti,all,vase que rico,6,0,1,final
2026-05-17,bathroomgraffiti,all,vase que rico,3.2,0,5,final
2026-05-18,bathroomgraffiti,all,vase que rico,3.3,0,3,final
2026-05-19,bathroomgraffiti,all,vase que rico,5,0,2,final
2026-05-20,bathroomgraffiti,all,vase que rico,3.5,0,4,final
2026-05-21,bathroomgraffiti,all,vase que rico,2,0,1,final
2026-05-22,bathroomgraffiti,all,vase que rico,2.5,0,4,final
2026-05-23,bathroomgraffiti,all,vase que rico,3,0,1,final
2026-05-24,bathroomgraffiti,all,vase que rico,1.5,0,2,final
2026-05-26,bathroomgraffiti,all,vase que rico,4,0,3,final
2026-05-27,bathroomgraffiti,all,vase que rico,3,0,2,final
2026-05-28,bathroomgraffiti,all,vase que rico,3.4,0,5,final
2026-05-29,bathroomgraffiti,all,vase que rico,3.5,0,2,final
2026-05-30,bathroomgraffiti,all,vase que rico,4.8,1,5,final
2026-05-31,bathroomgraffiti,all,vase que rico,3.4,2,5,final
2026-06-01,bathroomgraffiti,all,vase que rico,3,1,2,final
2026-06-02,bathroomgraffiti,all,vase que rico,4,0,1,final
2026-06-03,bathroomgraffiti,all,vase que rico,4,0,1,final
2026-06-06,bathroomgraffiti,all,vase que rico,5.2,0,4,final
2026-06-07,bathroomgraffiti,all,vase que rico,4.8,0,4,final
2026-06-08,bathroomgraffiti,all,vase que rico,2,0,1,final
2026-06-10,bathroomgraffiti,all,vase que rico,3.7,0,3,final
2026-06-11,bathroomgraffiti,all,vase que rico,4.8,0,4,final
2026-06-12,bathroomgraffiti,all,vase que rico,5.3,0,3,final
2026-06-13,bathroomgraffiti,all,vase que rico,3.7,0,3,final
2026-06-14,bathroomgraffiti,all,vase que rico,1.5,0,4,final
2026-06-15,bathroomgraffiti,all,vase que rico,3,0,1,final
2026-06-16,bathroomgraffiti,all,vase que rico,4,0,1,final
2026-06-17,bathroomgraffiti,all,vase que rico,6.5,0,2,final
2026-06-18,bathroomgraffiti,all,vase que rico,5,0,1,final
2026-06-20,bathroomgraffiti,all,vase que rico,4,0,5,final
2026-06-21,bathroomgraffiti,all,vase que rico,5.7,0,3,final
2026-06-23,bathroomgraffiti,all,vase que rico,3.7,0,7,final
2026-06-25,bathroomgraffiti,all,vase que rico,2,0,1,final
2026-06-26,bathroomgraffiti,all,vase que rico,3.5,1,2,final
2026-06-27,bathroomgraffiti,all,vase que rico,8,0,1,final
2026-06-29,bathroomgraffiti,all,vase que rico,3.5,0,2,final
2026-07-01,bathroomgraffiti,all,vase que rico,4.7,2,23,final
2026-07-02,bathroomgraffiti,all,vase que rico,9,0,1,final
2026-07-04,bathroomgraffiti,all,vase que rico,3.2,1,4,final
2026-07-05,bathroomgraffiti,all,vase que rico,2,2,4,final
2026-07-06,bathroomgraffiti,all,vase que rico,2.2,4,16,final
2026-07-08,bathroomgraffiti,all,vase que rico,3.2,1,5,final
2026-07-09,bathroomgraffiti,all,vase que rico,2.5,1,6,final
2026-07-10,bathroomgraffiti,all,vase que rico,4,1,1,final
2026-07-11,bathroomgraffiti,all,vase que rico,3,1,1,final
2026-07-12,bathroomgraffiti,all,vase que rico,8.2,0,4,final
2026-07-13,bathroomgraffiti,all,vase que rico,2.3,1,3,final
2026-07-15,bathroomgraffiti,all,vase que rico,3,0,3,final
2026-07-16,bathroomgraffiti,all,vase que rico,2.2,1,5,final
2026-07-17,bathroomgraffiti,all,vase que rico,4,0,4,final
2026-07-18,bathroomgraffiti,all,vase que rico,2.2,1,6,final
2026-07-21,bathroomgraffiti,all,vase que rico,2,0,3,final
2026-07-22,bathroomgraffiti,all,vase que rico,5,0,2,final
2026-07-24,bathroomgraffiti,all,vase que rico,4.2,0,4,final
2026-07-25,bathroomgraffiti,all,vase que rico,1.5,0,2,final
2026-07-27,bathroomgraffiti,all,vase que rico,1.7,0,3,final
2026-07-28,bathroomgraffiti,all,vase que rico,2,0,2,final
2026-07-29,bathroomgraffiti,all,vase que rico,2,2,6,final
2026-07-31,bathroomgraffiti,all,vase que rico,1,0,2,final
2026-08-01,bathroomgraffiti,all,vase que rico,4.7,0,3,final
2026-08-02,bathroomgraffiti,all,vase que rico,1.6,1,7,final
2026-08-03,bathroomgraffiti,all,vase que rico,2,0,2,final
2026-08-05,bathroomgraffiti,all,vase que rico,1.8,0,4,final
2026-08-06,bathroomgraffiti,all,vase que rico,2,0,1,final
2026-08-07,bathroomgraffiti,all,vase que rico,5,0,2,final
2026-08-08,bathroomgraffiti,all,vase que rico,2.5,0,2,final
2026-08-09,bathroomgraffiti,all,vase que rico,1,0,3,final
2026-08-10,bathroomgraffiti,all,vase que rico,4,1,1,final
2026-08-11,bathroomgraffiti,all,vase que rico,1.7,2,7,final
2026-08-12,bathroomgraffiti,all,vase que rico,5.3,0,3,final
2026-08-13,bathroomgraffiti,all,vase que rico,2,1,1,final
2026-08-14,bathroomgraffiti,all,vase que rico,1.3,1,3,final
2026-08-15,bathroomgraffiti,all,vase que rico,2,0,2,final
2026-08-16,bathroomgraffiti,all,vase que rico,1,0,1,final
2026-08-17,bathroomgraffiti,all,vase que rico,3,0,1,final
2026-08-18,bathroomgraffiti,all,vase que rico,2,0,1,final
2026-08-19,bathroomgraffiti,all,vase que rico,4.5,1,2,final
2026-08-20,bathroomgraffiti,all,vase que rico,2.5,0,2,final
2026-08-21,bathroomgraffiti,all,vase que rico,3,0,1,final
2026-08-23,bathroomgraffiti,all,vase que rico,4.2,0,6,final
2026-08-24,bathroomgraffiti,all,vase que rico,2,0,2,final
2026-08-25,bathroomgraffiti,all,vase que rico,2,0,2,final
2026-08-26,bathroomgraffiti,all,vase que rico,3.2,0,4,final
2026-08-27,bathroomgraffiti,all,vase que rico,2,1,2,final
2026-08-28,bathroomgraffiti,all,vase que rico,2,0,4,final
2026-08-29,bathroomgraffiti,all,vase que rico,2.3,1,3,final
2026-08-30,bathroomgraffiti,all,vase que rico,2,0,1,final
2026-08-31,bathroomgraffiti,all,vase que rico,2,0,5,final
2026-09-01,bathroomgraffiti,all,vase que rico,3.6,1,5,final
2026-09-02,bathroomgraffiti,all,vase que rico,2,0,3,final
2026-09-04,bathroomgraffiti,all,vase que rico,2.7,1,3,final
2026-09-05,bathroomgraffiti,all,vase que rico,1,1,1,final
2026-09-06,bathroomgraffiti,all,vase que rico,2,0,1,final
2026-09-07,bathroomgraffiti,all,vase que rico,2,0,1,final
2026-09-09,bathroomgraffiti,all,vase que rico,5,1,3,final
2026-09-10,bathroomgraffiti,all,vase que rico,2,0,1,final
2026-09-11,bathroomgraffiti,all,vase que rico,2.8,0,4,final
2026-09-12,bathroomgraffiti,all,vase que rico,4,0,1,final
2026-09-13,bathroomgraffiti,all,vase que rico,3.7,0,6,final
2026-09-14,bathroomgraffiti,all,vase que rico,2,0,1,final
2026-09-15,bathroomgraffiti,all,vase que rico,2,0,1,final
2026-09-16,bathroomgraffiti,all,vase que rico,2.7,1,3,final
2026-09-17,bathroomgraffiti,all,vase que rico,3,0,1,final
2026-09-18,bathroomgraffiti,all,vase que rico,4,0,1,final
2026-09-19,bathroomgraffiti,all,vase que rico,3,1,9,final
2026-09-20,bathroomgraffiti,all,vase que rico,2,0,1,final
2026-09-21,bathroomgraffiti,all,vase que rico,3.3,0,3,final
2026-09-22,bathroomgraffiti,all,vase que rico,2,0,1,final
2026-09-23,bathroomgraffiti,all,vase que rico,2.5,0,4,final
2026-09-24,bathroomgraffiti,all,vase que rico,4,0,2,final
2026-09-25,bathroomgraffiti,all,vase que rico,2.7,0,3,final
2026-09-27,bathroomgraffiti,all,vase que rico,4,0,3,final
2026-09-28,bathroomgraffiti,all,vase que rico,4.3,0,3,final
2026-09-30,bathroomgraffiti,all,vase que rico,2,1,3,final
2026-10-01,bathroomgraffiti,all,vase que rico,3.3,1,3,final
2026-10-02,bathroomgraffiti,all,vase que rico,2,0,4,final
2026-10-03,bathroomgraffiti,all,vase que rico,1.2,1,6,final
2026-10-04,bathroomgraffiti,all,vase que rico,2.2,0,4,fresh
2026-10-05,bathroomgraffiti,all,vase que rico,3,0,1,fresh
2026-09-10,bathroomgraffiti,fra,assouline judaisme,11,0,1,final
2026-09-11,bathroomgraffiti,fra,assouline judaisme,3,0,4,final
2026-09-12,bathroomgraffiti,fra,assouline judaisme,2.7,1,3,final
2026-09-13,bathroomgraffiti,fra,assouline judaisme,3.8,0,4,final
2026-09-14,bathroomgraffiti,fra,assouline judaisme,3.2,2,10,final
2026-09-15,bathroomgraffiti,fra,assouline judaisme,3.6,1,8,final
2026-09-16,bathroomgraffiti,fra,assouline judaisme,2.3,1,22,final
2026-09-17,bathroomgraffiti,fra,assouline judaisme,2.6,2,8,final
2026-09-18,bathroomgraffiti,fra,assouline judaisme,2.2,0,4,final
2026-09-19,bathroomgraffiti,fra,assouline judaisme,3.8,0,4,final
2026-09-20,bathroomgraffiti,fra,assouline judaisme,3.2,0,8,final
2026-09-21,bathroomgraffiti,fra,assouline judaisme,2.7,0,3,final
2026-09-22,bathroomgraffiti,fra,assouline judaisme,3,1,10,final
2026-09-23,bathroomgraffiti,fra,assouline judaisme,3.1,0,14,final
2026-09-24,bathroomgraffiti,fra,assouline judaisme,3.2,0,4,final
2026-09-25,bathroomgraffiti,fra,assouline judaisme,5.3,0,14,final
2026-09-26,bathroomgraffiti,fra,assouline judaisme,9,0,2,final
2026-09-27,bathroomgraffiti,fra,assouline judaisme,5.6,0,7,final
2026-09-28,bathroomgraffiti,fra,assouline judaisme,6.7,0,3,final
2026-09-29,bathroomgraffiti,fra,assouline judaisme,6.3,1,3,final
2026-09-30,bathroomgraffiti,fra,assouline judaisme,7.4,0,5,final
2026-10-01,bathroomgraffiti,fra,assouline judaisme,9.7,0,6,final
2026-10-02,bathroomgraffiti,fra,assouline judaisme,10.3,0,3,final
2026-10-04,bathroomgraffiti,fra,assouline judaisme,11,0,1,fresh
2026-10-05,bathroomgraffiti,fra,assouline judaisme,11,0,1,fresh
2026-09-12,bathroomgraffiti,fra,assouline tel aviv,2.8,3,12,final
2026-09-13,bathroomgraffiti,fra,assouline tel aviv,4.1,1,26,final
2026-09-14,bathroomgraffiti,fra,assouline tel aviv,3.6,2,45,final
2026-09-15,bathroomgraffiti,fra,assouline tel aviv,4.2,2,34,final
2026-09-16,bathroomgraffiti,fra,assouline tel aviv,4.2,1,17,final
2026-09-17,bathroomgraffiti,fra,assouline tel aviv,6.2,0,16,final
2026-09-18,bathroomgraffiti,fra,assouline tel aviv,7.6,0,13,final
2026-09-19,bathroomgraffiti,fra,assouline tel aviv,6.8,0,16,final
2026-09-20,bathroomgraffiti,fra,assouline tel aviv,7,0,3,final
2026-09-21,bathroomgraffiti,fra,assouline tel aviv,7,0,9,final
2026-09-22,bathroomgraffiti,fra,assouline tel aviv,5.8,1,9,final
2026-09-23,bathroomgraffiti,fra,assouline tel aviv,6.3,0,10,final
2026-09-24,bathroomgraffiti,fra,assouline tel aviv,5.5,0,18,final
2026-09-25,bathroomgraffiti,fra,assouline tel aviv,5.8,0,12,final
2026-09-26,bathroomgraffiti,fra,assouline tel aviv,8.7,0,19,final
2026-09-27,bathroomgraffiti,fra,assouline tel aviv,8.2,0,13,final
2026-09-28,bathroomgraffiti,fra,assouline tel aviv,7,0,7,final
2026-09-29,bathroomgraffiti,fra,assouline tel aviv,5.8,0,4,final
2026-09-30,bathroomgraffiti,fra,assouline tel aviv,4.3,0,3,final
2026-10-01,bathroomgraffiti,fra,assouline tel aviv,7.2,1,6,final
2026-10-02,bathroomgraffiti,fra,assouline tel aviv,8.1,0,7,final
2026-10-03,bathroomgraffiti,fra,assouline tel aviv,10,0,1,final
2026-10-04,bathroomgraffiti,fra,assouline tel aviv,10.5,0,2,fresh
2026-10-05,bathroomgraffiti,fra,assouline tel aviv,6,0,3,fresh
2025-06-12,bathroomgraffiti,fra,bathroom graffitti,1,1,1,final
2025-06-13,bathroomgraffiti,fra,bathroom graffitti,1,1,1,final
2025-06-14,bathroomgraffiti,fra,bathroom graffitti,1,1,1,final
2025-06-16,bathroomgraffiti,fra,bathroom graffitti,1,2,2,final
2025-06-17,bathroomgraffiti,fra,bathroom graffitti,1,1,1,final
2025-06-21,bathroomgraffiti,fra,bathroom graffitti,1,1,1,final
2025-07-07,bathroomgraffiti,fra,bathroom graffitti,1,1,1,final
2025-07-11,bathroomgraffiti,fra,bathroom graffitti,1,0,1,final
2025-07-13,bathroomgraffiti,fra,bathroom graffitti,1,0,2,final
2025-07-16,bathroomgraffiti,fra,bathroom graffitti,1,1,1,final
2025-07-19,bathroomgraffiti,fra,bathroom graffitti,1,1,1,final
2025-07-22,bathroomgraffiti,fra,bathroom graffitti,1,1,1,final
2025-07-25,bathroomgraffiti,fra,bathroom graffitti,1,1,1,final
2025-07-29,bathroomgraffiti,fra,bathroom graffitti,1,0,1,final
2025-08-01,bathroomgraffiti,fra,bathroom graffitti,1,1,1,final
2025-08-15,bathroomgraffiti,fra,bathroom graffitti,1,0,1,final
2025-08-18,bathroomgraffiti,fra,bathroom graffitti,1,1,1,final
2025-08-19,bathroomgraffiti,fra,bathroom graffitti,1,1,1,final
2025-08-26,bathroomgraffiti,fra,bathroom graffitti,1,1,1,final
2025-08-29,bathroomgraffiti,fra,bathroom graffitti,1,0,1,final
2025-08-30,bathroomgraffiti,fra,bathroom graffitti,1,0,1,final
2025-08-31,bathroomgraffiti,fra,bathroom graffitti,1,1,1,final
2025-09-03,bathroomgraffiti,fra,bathroom graffitti,1,1,1,final
2025-09-04,bathroomgraffiti,fra,bathroom graffitti,1,1,1,final
2025-09-07,bathroomgraffiti,fra,bathroom graffitti,1,1,1,final
2025-09-21,bathroomgraffiti,fra,bathroom graffitti,1,1,1,final
2025-10-06,bathroomgraffiti,fra,bathroom graffitti,1,1,1,final
2025-10-08,bathroomgraffiti,fra,bathroom graffitti,1,1,1,final
2025-10-09,bathroomgraffiti,fra,bathroom graffitti,1,1,1,final
2025-10-12,bathroomgraffiti,fra,bathroom graffitti,1,0,1,final
2025-10-13,bathroomgraffiti,fra,bathroom graffitti,1,2,2,final
2025-10-25,bathroomgraffiti,fra,bathroom graffitti,1,1,1,final
2025-11-11,bathroomgraffiti,fra,bathroom graffitti,1,1,2,final
2025-11-18,bathroomgraffiti,fra,bathroom graffitti,1,1,1,final
2025-11-20,bathroomgraffiti,fra,bathroom graffitti,1,1,1,final
2025-11-21,bathroomgraffiti,fra,bathroom graffitti,1,1,2,final
2025-11-30,bathroomgraffiti,fra,bathroom graffitti,1,1,1,final
2025-12-03,bathroomgraffiti,fra,bathroom graffitti,1,1,1,final
2025-12-05,bathroomgraffiti,fra,bathroom graffitti,1,2,2,final
2025-12-06,bathroomgraffiti,fra,bathroom graffitti,1,1,2,final
2025-12-07,bathroomgraffiti,fra,bathroom graffitti,1,1,1,final
2025-12-09,bathroomgraffiti,fra,bathroom graffitti,1,1,1,final
2025-12-11,bathroomgraffiti,fra,bathroom graffitti,1,0,1,final
2025-12-13,bathroomgraffiti,fra,bathroom graffitti,1,4,4,final
2025-12-14,bathroomgraffiti,fra,bathroom graffitti,1,2,2,final
2025-12-15,bathroomgraffiti,fra,bathroom graffitti,1,1,1,final
2025-12-16,bathroomgraffiti,fra,bathroom graffitti,1,2,2,final
2025-12-17,bathroomgraffiti,fra,bathroom graffitti,1,1,1,final
2025-12-19,bathroomgraffiti,fra,bathroom graffitti,1,0,1,final
2025-12-20,bathroomgraffiti,fra,bathroom graffitti,1,1,2,final
2025-12-21,bathroomgraffiti,fra,bathroom graffitti,1,1,1,final
2025-12-23,bathroomgraffiti,fra,bathroom graffitti,1,2,2,final
2025-12-26,bathroomgraffiti,fra,bathroom graffitti,1,1,1,final
2026-01-01,bathroomgraffiti,fra,bathroom graffitti,1,1,1,final
2026-01-05,bathroomgraffiti,fra,bathroom graffitti,1,1,1,final
2026-01-07,bathroomgraffiti,fra,bathroom graffitti,2,0,2,final
2026-01-13,bathroomgraffiti,fra,bathroom graffitti,3,0,2,final
2026-01-19,bathroomgraffiti,fra,bathroom graffitti,1,1,1,final
2026-01-29,bathroomgraffiti,fra,bathroom graffitti,1,0,1,final
2026-02-02,bathroomgraffiti,fra,bathroom graffitti,1,0,3,final
2026-02-03,bathroomgraffiti,fra,bathroom graffitti,1,0,1,final
2026-02-21,bathroomgraffiti,fra,bathroom graffitti,1,1,2,final
2026-02-23,bathroomgraffiti,fra,bathroom graffitti,1,1,2,final
2026-02-28,bathroomgraffiti,fra,bathroom graffitti,1,0,1,final
2026-03-03,bathroomgraffiti,fra,bathroom graffitti,1.5,0,2,final
2026-03-04,bathroomgraffiti,fra,bathroom graffitti,1,0,1,final
2026-03-15,bathroomgraffiti,fra,bathroom graffitti,1,1,1,final
2026-03-18,bathroomgraffiti,fra,bathroom graffitti,1,0,1,final
2026-03-22,bathroomgraffiti,fra,bathroom graffitti,1,0,1,final
2026-03-24,bathroomgraffiti,fra,bathroom graffitti,1,0,1,final
2026-04-11,bathroomgraffiti,fra,bathroom graffitti,1,0,1,final
2026-04-16,bathroomgraffiti,fra,bathroom graffitti,1,0,1,final
2026-04-22,bathroomgraffiti,fra,bathroom graffitti,1,0,1,final
2026-05-07,bathroomgraffiti,fra,bathroom graffitti,1,0,1,final
2026-05-13,bathroomgraffiti,fra,bathroom graffitti,1,1,1,final
2026-05-14,bathroomgraffiti,fra,bathroom graffitti,1,0,1,final
2026-05-19,bathroomgraffiti,fra,bathroom graffitti,1,0,1,final
2026-05-29,bathroomgraffiti,fra,bathroom graffitti,1,0,1,final
2026-06-02,bathroomgraffiti,fra,bathroom graffitti,1,0,1,final
2026-06-19,bathroomgraffiti,fra,bathroom graffitti,1,0,1,final
2026-06-20,bathroomgraffiti,fra,bathroom graffitti,1,0,1,final
2026-06-21,bathroomgraffiti,fra,bathroom graffitti,1,1,1,final
2026-06-25,bathroomgraffiti,fra,bathroom graffitti,1,0,1,final
2026-06-27,bathroomgraffiti,fra,bathroom graffitti,1,0,1,final
2026-07-05,bathroomgraffiti,fra,bathroom graffitti,1,0,1,final
2026-07-12,bathroomgraffiti,fra,bathroom graffitti,1,0,1,final
2026-07-21,bathroomgraffiti,fra,bathroom graffitti,1,0,1,final
2026-07-25,bathroomgraffiti,fra,bathroom graffitti,1,1,1,final
2026-07-27,bathroomgraffiti,fra,bathroom graffitti,1,0,1,final
2026-08-06,bathroomgraffiti,fra,bathroom graffitti,1,1,1,final
2026-08-11,bathroomgraffiti,fra,bathroom graffitti,1,1,1,final
2026-08-20,bathroomgraffiti,fra,bathroom graffitti,1,0,1,final
2026-09-08,bathroomgraffiti,fra,bathroom graffitti,1,1,1,final
2026-09-10,bathroomgraffiti,fra,bathroom graffitti,1,1,1,final
2026-09-11,bathroomgraffiti,fra,bathroom graffitti,1,2,2,final
2026-09-12,bathroomgraffiti,fra,bathroom graffitti,1,1,1,final
2026-09-13,bathroomgraffiti,fra,bathroom graffitti,1,2,2,final
2026-09-17,bathroomgraffiti,fra,bathroom graffitti,1,0,1,final
2026-09-20,bathroomgraffiti,fra,bathroom graffitti,1,1,1,final
2025-06-14,bathroomgraffiti,fra,bathroom graffity,1,0,2,final
2025-06-16,bathroomgraffiti,fra,bathroom graffity,1,1,1,final
2025-06-23,bathroomgraffiti,fra,bathroom graffity,1,3,3,final
2025-06-26,bathroomgraffiti,fra,bathroom graffity,1,0,1,final
2025-07-01,bathroomgraffiti,fra,bathroom graffity,1,0,1,final
2025-07-04,bathroomgraffiti,fra,bathroom graffity,1,1,1,final
2025-07-05,bathroomgraffiti,fra,bathroom graffity,1,1,1,final
2025-07-06,bathroomgraffiti,fra,bathroom graffity,1,1,1,final
2025-07-08,bathroomgraffiti,fra,bathroom graffity,1,1,1,final
2025-07-09,bathroomgraffiti,fra,bathroom graffity,1,0,1,final
2025-07-10,bathroomgraffiti,fra,bathroom graffity,1,1,1,final
2025-07-17,bathroomgraffiti,fra,bathroom graffity,1,2,2,final
2025-07-18,bathroomgraffiti,fra,bathroom graffity,1,1,1,final
2025-07-19,bathroomgraffiti,fra,bathroom graffity,1,2,2,final
2025-07-23,bathroomgraffiti,fra,bathroom graffity,1,2,2,final
2025-07-25,bathroomgraffiti,fra,bathroom graffity,1,3,3,final
2025-07-27,bathroomgraffiti,fra,bathroom graffity,1,0,1,final
2025-07-31,bathroomgraffiti,fra,bathroom graffity,1,0,1,final
2025-08-01,bathroomgraffiti,fra,bathroom graffity,1,0,1,final
2025-08-03,bathroomgraffiti,fra,bathroom graffity,1,1,1,final
2025-08-10,bathroomgraffiti,fra,bathroom graffity,1,0,1,final
2025-08-14,bathroomgraffiti,fra,bathroom graffity,1,1,2,final
2025-08-20,bathroomgraffiti,fra,bathroom graffity,1,1,1,final
2025-08-24,bathroomgraffiti,fra,bathroom graffity,1,1,1,final
2025-08-25,bathroomgraffiti,fra,bathroom graffity,1,1,1,final
2025-08-27,bathroomgraffiti,fra,bathroom graffity,1,0,1,final
2025-08-29,bathroomgraffiti,fra,bathroom graffity,1,2,3,final
2025-09-01,bathroomgraffiti,fra,bathroom graffity,1,0,1,final
2025-09-02,bathroomgraffiti,fra,bathroom graffity,1,0,1,final
2025-09-06,bathroomgraffiti,fra,bathroom graffity,1,0,1,final
2025-09-08,bathroomgraffiti,fra,bathroom graffity,1,1,1,final
2025-09-21,bathroomgraffiti,fra,bathroom graffity,1,2,2,final
2025-09-25,bathroomgraffiti,fra,bathroom graffity,1,1,1,final
2025-09-27,bathroomgraffiti,fra,bathroom graffity,1,1,1,final
2025-10-01,bathroomgraffiti,fra,bathroom graffity,1,0,1,final
2025-10-03,bathroomgraffiti,fra,bathroom graffity,1,1,1,final
2025-10-04,bathroomgraffiti,fra,bathroom graffity,1,0,1,final
2025-10-05,bathroomgraffiti,fra,bathroom graffity,1,0,1,final
2025-10-06,bathroomgraffiti,fra,bathroom graffity,1,1,1,final
2025-10-07,bathroomgraffiti,fra,bathroom graffity,1,0,1,final
2025-10-10,bathroomgraffiti,fra,bathroom graffity,1,1,1,final
2025-10-12,bathroomgraffiti,fra,bathroom graffity,1,0,1,final
2025-10-13,bathroomgraffiti,fra,bathroom graffity,1,2,2,final
2025-10-18,bathroomgraffiti,fra,bathroom graffity,1,0,1,final
2025-10-23,bathroomgraffiti,fra,bathroom graffity,1,1,3,final
2025-10-25,bathroomgraffiti,fra,bathroom graffity,1,1,1,final
2025-10-30,bathroomgraffiti,fra,bathroom graffity,1,2,2,final
2025-10-31,bathroomgraffiti,fra,bathroom graffity,1,2,2,final
2025-11-01,bathroomgraffiti,fra,bathroom graffity,1,1,1,final
2025-11-06,bathroomgraffiti,fra,bathroom graffity,1,1,1,final
2025-11-09,bathroomgraffiti,fra,bathroom graffity,1,2,2,final
2025-11-12,bathroomgraffiti,fra,bathroom graffity,1,1,1,final
2025-11-14,bathroomgraffiti,fra,bathroom graffity,1,1,1,final
2025-11-16,bathroomgraffiti,fra,bathroom graffity,1,1,2,final
2025-11-19,bathroomgraffiti,fra,bathroom graffity,1,1,1,final
2025-11-21,bathroomgraffiti,fra,bathroom graffity,1,1,1,final
2025-11-23,bathroomgraffiti,fra,bathroom graffity,1,1,1,final
2025-11-24,bathroomgraffiti,fra,bathroom graffity,1,1,1,final
2025-11-25,bathroomgraffiti,fra,bathroom graffity,1,1,1,final
2025-11-29,bathroomgraffiti,fra,bathroom graffity,1,0,1,final
2025-12-01,bathroomgraffiti,fra,bathroom graffity,1,1,1,final
2025-12-02,bathroomgraffiti,fra,bathroom graffity,1,2,2,final
2025-12-03,bathroomgraffiti,fra,bathroom graffity,1,1,1,final
2025-12-06,bathroomgraffiti,fra,bathroom graffity,1,1,1,final
2025-12-07,bathroomgraffiti,fra,bathroom graffity,1,1,1,final
2025-12-08,bathroomgraffiti,fra,bathroom graffity,1,1,1,final
2025-12-09,bathroomgraffiti,fra,bathroom graffity,1,1,1,final
2025-12-12,bathroomgraffiti,fra,bathroom graffity,1,1,2,final
2025-12-13,bathroomgraffiti,fra,bathroom graffity,1,1,1,final
2025-12-14,bathroomgraffiti,fra,bathroom graffity,1,4,4,final
2025-12-15,bathroomgraffiti,fra,bathroom graffity,1,0,2,final
2025-12-16,bathroomgraffiti,fra,bathroom graffity,1,1,1,final
2025-12-18,bathroomgraffiti,fra,bathroom graffity,1,1,1,final
2025-12-20,bathroomgraffiti,fra,bathroom graffity,1,0,1,final
2025-12-21,bathroomgraffiti,fra,bathroom graffity,1,2,2,final
2025-12-22,bathroomgraffiti,fra,bathroom graffity,1,1,1,final
2025-12-27,bathroomgraffiti,fra,bathroom graffity,1,1,2,final
2025-12-30,bathroomgraffiti,fra,bathroom graffity,1,1,2,final
2025-12-31,bathroomgraffiti,fra,bathroom graffity,1,2,2,final
2026-01-03,bathroomgraffiti,fra,bathroom graffity,1,3,3,final
2026-01-04,bathroomgraffiti,fra,bathroom graffity,1,0,1,final
2026-01-09,bathroomgraffiti,fra,bathroom graffity,1,1,1,final
2026-01-12,bathroomgraffiti,fra,bathroom graffity,1,3,3,final
2026-01-13,bathroomgraffiti,fra,bathroom graffity,1,1,1,final
2026-01-29,bathroomgraffiti,fra,bathroom graffity,1,0,1,final
2026-02-01,bathroomgraffiti,fra,bathroom graffity,1,0,1,final
2026-02-03,bathroomgraffiti,fra,bathroom graffity,1,1,1,final
2026-02-10,bathroomgraffiti,fra,bathroom graffity,1,0,1,final
2026-02-19,bathroomgraffiti,fra,bathroom graffity,1,0,1,final
2026-03-04,bathroomgraffiti,fra,bathroom graffity,1,0,1,final
2026-03-23,bathroomgraffiti,fra,bathroom graffity,1,1,3,final
2026-03-25,bathroomgraffiti,fra,bathroom graffity,1,0,1,final
2026-03-27,bathroomgraffiti,fra,bathroom graffity,1,1,1,final
2026-04-01,bathroomgraffiti,fra,bathroom graffity,1,0,2,final
2026-04-02,bathroomgraffiti,fra,bathroom graffity,1,0,1,final
2026-04-04,bathroomgraffiti,fra,bathroom graffity,1,0,1,final
2026-04-12,bathroomgraffiti,fra,bathroom graffity,1,0,1,final
2026-04-13,bathroomgraffiti,fra,bathroom graffity,1,0,1,final
2026-04-14,bathroomgraffiti,fra,bathroom graffity,1,0,1,final
2026-04-16,bathroomgraffiti,fra,bathroom graffity,1,0,1,final
2026-04-18,bathroomgraffiti,fra,bathroom graffity,1,0,1,final
2026-04-19,bathroomgraffiti,fra,bathroom graffity,1,0,1,final
2026-04-23,bathroomgraffiti,fra,bathroom graffity,1,1,1,final
2026-04-24,bathroomgraffiti,fra,bathroom graffity,1,0,1,final
2026-04-25,bathroomgraffiti,fra,bathroom graffity,1,1,4,final
2026-04-27,bathroomgraffiti,fra,bathroom graffity,1,0,1,final
2026-04-28,bathroomgraffiti,fra,bathroom graffity,1,1,1,final
2026-04-30,bathroomgraffiti,fra,bathroom graffity,1,0,1,final
2026-05-20,bathroomgraffiti,fra,bathroom graffity,1,0,1,final
2026-05-21,bathroomgraffiti,fra,bathroom graffity,3,0,5,final
2026-05-22,bathroomgraffiti,fra,bathroom graffity,1,0,1,final
2026-05-24,bathroomgraffiti,fra,bathroom graffity,1,0,1,final
2026-05-28,bathroomgraffiti,fra,bathroom graffity,1,0,1,final
2026-06-16,bathroomgraffiti,fra,bathroom graffity,1,0,1,final
2026-06-28,bathroomgraffiti,fra,bathroom graffity,1,0,2,final
2026-07-06,bathroomgraffiti,fra,bathroom graffity,1,1,1,final
2026-07-13,bathroomgraffiti,fra,bathroom graffity,1,1,1,final
2026-09-04,bathroomgraffiti,fra,bathroom graffity,1,1,1,final
2026-09-08,bathroomgraffiti,fra,bathroom graffity,1,0,1,final
2026-09-11,bathroomgraffiti,fra,bathroom graffity,1,1,1,final
2026-09-12,bathroomgraffiti,fra,bathroom graffity,1,0,1,final
2026-09-16,bathroomgraffiti,fra,bathroom graffity,1,1,1,final
2026-09-23,bathroomgraffiti,fra,bathroom graffity,1,1,1,final
2026-09-28,bathroomgraffiti,fra,bathroom graffity,1,2,2,final
2026-10-02,bathroomgraffiti,fra,bathroom graffity,1,1,1,final
2025-06-12,bathroomgraffiti,fra,bathroom grafitti,1,1,1,final
2025-06-13,bathroomgraffiti,fra,bathroom grafitti,1,1,2,final
2025-06-14,bathroomgraffiti,fra,bathroom grafitti,1,1,1,final
2025-06-16,bathroomgraffiti,fra,bathroom grafitti,1,1,3,final
2025-06-17,bathroomgraffiti,fra,bathroom grafitti,1,3,3,final
2025-06-18,bathroomgraffiti,fra,bathroom grafitti,1,0,1,final
2025-06-20,bathroomgraffiti,fra,bathroom grafitti,1.5,1,2,final
2025-06-22,bathroomgraffiti,fra,bathroom grafitti,1,1,1,final
2025-06-24,bathroomgraffiti,fra,bathroom grafitti,1,3,4,final
2025-06-25,bathroomgraffiti,fra,bathroom grafitti,1,1,3,final
2025-06-27,bathroomgraffiti,fra,bathroom grafitti,1,1,2,final
2025-06-28,bathroomgraffiti,fra,bathroom grafitti,1,1,2,final
2025-06-29,bathroomgraffiti,fra,bathroom grafitti,1,0,3,final
2025-07-01,bathroomgraffiti,fra,bathroom grafitti,1,3,3,final
2025-07-05,bathroomgraffiti,fra,bathroom grafitti,1,3,3,final
2025-07-07,bathroomgraffiti,fra,bathroom grafitti,1,0,1,final
2025-07-10,bathroomgraffiti,fra,bathroom grafitti,1,1,1,final
2025-07-11,bathroomgraffiti,fra,bathroom grafitti,1,0,1,final
2025-07-12,bathroomgraffiti,fra,bathroom grafitti,1,1,3,final
2025-07-13,bathroomgraffiti,fra,bathroom grafitti,1,0,1,final
2025-07-14,bathroomgraffiti,fra,bathroom grafitti,1,1,1,final
2025-07-16,bathroomgraffiti,fra,bathroom grafitti,1,0,1,final
2025-07-17,bathroomgraffiti,fra,bathroom grafitti,1.5,1,2,final
2025-07-18,bathroomgraffiti,fra,bathroom grafitti,1,1,1,final
2025-07-19,bathroomgraffiti,fra,bathroom grafitti,1,1,2,final
2025-07-20,bathroomgraffiti,fra,bathroom grafitti,1,1,1,final
2025-07-21,bathroomgraffiti,fra,bathroom grafitti,1,1,3,final
2025-07-23,bathroomgraffiti,fra,bathroom grafitti,1,3,3,final
2025-07-24,bathroomgraffiti,fra,bathroom grafitti,1,3,5,final
2025-07-25,bathroomgraffiti,fra,bathroom grafitti,1,2,2,final
2025-07-26,bathroomgraffiti,fra,bathroom grafitti,1,1,2,final
2025-07-28,bathroomgraffiti,fra,bathroom grafitti,1,1,3,final
2025-07-29,bathroomgraffiti,fra,bathroom grafitti,1,1,2,final
2025-07-30,bathroomgraffiti,fra,bathroom grafitti,1,1,1,final
2025-07-31,bathroomgraffiti,fra,bathroom grafitti,1,1,1,final
2025-08-01,bathroomgraffiti,fra,bathroom grafitti,1,0,2,final
2025-08-03,bathroomgraffiti,fra,bathroom grafitti,1,1,1,final
2025-08-04,bathroomgraffiti,fra,bathroom grafitti,1,1,1,final
2025-08-05,bathroomgraffiti,fra,bathroom grafitti,1,1,4,final
2025-08-06,bathroomgraffiti,fra,bathroom grafitti,1,3,4,final
2025-08-08,bathroomgraffiti,fra,bathroom grafitti,1,1,2,final
2025-08-15,bathroomgraffiti,fra,bathroom grafitti,1,3,4,final
2025-08-16,bathroomgraffiti,fra,bathroom grafitti,1,1,2,final
2025-08-17,bathroomgraffiti,fra,bathroom grafitti,1,0,2,final
2025-08-18,bathroomgraffiti,fra,bathroom grafitti,1,1,1,final
2025-08-19,bathroomgraffiti,fra,bathroom grafitti,1,0,3,final
2025-08-20,bathroomgraffiti,fra,bathroom grafitti,1,1,1,final
2025-08-24,bathroomgraffiti,fra,bathroom grafitti,1,0,1,final
2025-08-25,bathroomgraffiti,fra,bathroom grafitti,1,2,2,final
2025-08-26,bathroomgraffiti,fra,bathroom grafitti,1,2,2,final
2025-08-28,bathroomgraffiti,fra,bathroom grafitti,1,1,1,final
2025-08-29,bathroomgraffiti,fra,bathroom grafitti,1,0,1,final
2025-08-30,bathroomgraffiti,fra,bathroom grafitti,1,1,1,final
2025-08-31,bathroomgraffiti,fra,bathroom grafitti,1,0,1,final
2025-09-01,bathroomgraffiti,fra,bathroom grafitti,1.5,0,2,final
2025-09-03,bathroomgraffiti,fra,bathroom grafitti,1,1,1,final
2025-09-04,bathroomgraffiti,fra,bathroom grafitti,1,2,3,final
2025-09-05,bathroomgraffiti,fra,bathroom grafitti,1,0,3,final
2025-09-07,bathroomgraffiti,fra,bathroom grafitti,1,1,2,final
2025-09-08,bathroomgraffiti,fra,bathroom grafitti,1,1,4,final
2025-09-09,bathroomgraffiti,fra,bathroom grafitti,1,1,2,final
2025-09-12,bathroomgraffiti,fra,bathroom grafitti,1,2,2,final
2025-09-13,bathroomgraffiti,fra,bathroom grafitti,1,0,1,final
2025-09-16,bathroomgraffiti,fra,bathroom grafitti,1,1,1,final
2025-09-17,bathroomgraffiti,fra,bathroom grafitti,1,1,1,final
2025-09-19,bathroomgraffiti,fra,bathroom grafitti,1,1,1,final
2025-09-21,bathroomgraffiti,fra,bathroom grafitti,1,1,1,final
2025-09-22,bathroomgraffiti,fra,bathroom grafitti,1,1,1,final
2025-09-26,bathroomgraffiti,fra,bathroom grafitti,1,0,1,final
2025-09-27,bathroomgraffiti,fra,bathroom grafitti,1,1,1,final
2025-09-29,bathroomgraffiti,fra,bathroom grafitti,1,2,2,final
2025-09-30,bathroomgraffiti,fra,bathroom grafitti,1,0,2,final
2025-10-03,bathroomgraffiti,fra,bathroom grafitti,1,1,1,final
2025-10-06,bathroomgraffiti,fra,bathroom grafitti,1,3,3,final
2025-10-07,bathroomgraffiti,fra,bathroom grafitti,1,1,3,final
2025-10-08,bathroomgraffiti,fra,bathroom grafitti,1,1,1,final
2025-10-09,bathroomgraffiti,fra,bathroom grafitti,1,1,1,final
2025-10-10,bathroomgraffiti,fra,bathroom grafitti,1,1,2,final
2025-10-11,bathroomgraffiti,fra,bathroom grafitti,1,0,2,final
2025-10-12,bathroomgraffiti,fra,bathroom grafitti,1,1,3,final
2025-10-13,bathroomgraffiti,fra,bathroom grafitti,1,0,3,final
2025-10-15,bathroomgraffiti,fra,bathroom grafitti,1,3,3,final
2025-10-16,bathroomgraffiti,fra,bathroom grafitti,1,0,1,final
2025-10-17,bathroomgraffiti,fra,bathroom grafitti,1,0,1,final
2025-10-18,bathroomgraffiti,fra,bathroom grafitti,1,0,1,final
2025-10-19,bathroomgraffiti,fra,bathroom grafitti,1,0,1,final
2025-10-22,bathroomgraffiti,fra,bathroom grafitti,1,0,1,final
2025-10-23,bathroomgraffiti,fra,bathroom grafitti,1,1,1,final
2025-10-24,bathroomgraffiti,fra,bathroom grafitti,1,1,1,final
2025-10-28,bathroomgraffiti,fra,bathroom grafitti,1,1,1,final
2025-10-31,bathroomgraffiti,fra,bathroom grafitti,1,1,1,final
2025-11-02,bathroomgraffiti,fra,bathroom grafitti,1,0,2,final
2025-11-03,bathroomgraffiti,fra,bathroom grafitti,1,1,1,final
2025-11-04,bathroomgraffiti,fra,bathroom grafitti,1,0,1,final
2025-11-05,bathroomgraffiti,fra,bathroom grafitti,1,0,1,final
2025-11-08,bathroomgraffiti,fra,bathroom grafitti,1,2,3,final
2025-11-09,bathroomgraffiti,fra,bathroom grafitti,1,4,4,final
2025-11-10,bathroomgraffiti,fra,bathroom grafitti,1,1,3,final
2025-11-11,bathroomgraffiti,fra,bathroom grafitti,1,2,3,final
2025-11-12,bathroomgraffiti,fra,bathroom grafitti,1,1,1,final
2025-11-13,bathroomgraffiti,fra,bathroom grafitti,1,1,2,final
2025-11-14,bathroomgraffiti,fra,bathroom grafitti,1,2,3,final
2025-11-17,bathroomgraffiti,fra,bathroom grafitti,1,0,1,final
2025-11-18,bathroomgraffiti,fra,bathroom grafitti,1,1,1,final
2025-11-19,bathroomgraffiti,fra,bathroom grafitti,1,2,3,final
2025-11-21,bathroomgraffiti,fra,bathroom grafitti,1,1,1,final
2025-11-22,bathroomgraffiti,fra,bathroom grafitti,1,1,1,final
2025-11-23,bathroomgraffiti,fra,bathroom grafitti,1,1,2,final
2025-11-25,bathroomgraffiti,fra,bathroom grafitti,1,1,1,final
2025-11-26,bathroomgraffiti,fra,bathroom grafitti,1,1,1,final
2025-11-27,bathroomgraffiti,fra,bathroom grafitti,1,2,3,final
2025-11-28,bathroomgraffiti,fra,bathroom grafitti,1,2,2,final
2025-11-29,bathroomgraffiti,fra,bathroom grafitti,1,2,3,final
2025-11-30,bathroomgraffiti,fra,bathroom grafitti,1,1,2,final
2025-12-01,bathroomgraffiti,fra,bathroom grafitti,1,3,4,final
2025-12-02,bathroomgraffiti,fra,bathroom grafitti,1,3,3,final
2025-12-03,bathroomgraffiti,fra,bathroom grafitti,1,2,2,final
2025-12-04,bathroomgraffiti,fra,bathroom grafitti,1,1,1,final
2025-12-05,bathroomgraffiti,fra,bathroom grafitti,1,2,2,final
2025-12-06,bathroomgraffiti,fra,bathroom grafitti,1,4,5,final
2025-12-07,bathroomgraffiti,fra,bathroom grafitti,1,0,1,final
2025-12-08,bathroomgraffiti,fra,bathroom grafitti,1,1,1,final
2025-12-09,bathroomgraffiti,fra,bathroom grafitti,1,2,3,final
2025-12-10,bathroomgraffiti,fra,bathroom grafitti,1,3,4,final
2025-12-11,bathroomgraffiti,fra,bathroom grafitti,1,3,3,final
2025-12-12,bathroomgraffiti,fra,bathroom grafitti,1,1,1,final
2025-12-13,bathroomgraffiti,fra,bathroom grafitti,1,2,2,final
2025-12-14,bathroomgraffiti,fra,bathroom grafitti,1,5,7,final
2025-12-15,bathroomgraffiti,fra,bathroom grafitti,1,3,5,final
2025-12-16,bathroomgraffiti,fra,bathroom grafitti,1,1,1,final
2025-12-17,bathroomgraffiti,fra,bathroom grafitti,1,3,3,final
2025-12-18,bathroomgraffiti,fra,bathroom grafitti,1,2,2,final
2025-12-19,bathroomgraffiti,fra,bathroom grafitti,1,3,4,final
2025-12-20,bathroomgraffiti,fra,bathroom grafitti,1,2,4,final
2025-12-21,bathroomgraffiti,fra,bathroom grafitti,1,3,4,final
2025-12-22,bathroomgraffiti,fra,bathroom grafitti,1,2,4,final
2025-12-24,bathroomgraffiti,fra,bathroom grafitti,1,2,4,final
2025-12-25,bathroomgraffiti,fra,bathroom grafitti,1,2,2,final
2025-12-26,bathroomgraffiti,fra,bathroom grafitti,1,1,1,final
2025-12-27,bathroomgraffiti,fra,bathroom grafitti,1,1,3,final
2025-12-30,bathroomgraffiti,fra,bathroom grafitti,1,1,1,final
2026-01-01,bathroomgraffiti,fra,bathroom grafitti,1,0,1,final
2026-01-02,bathroomgraffiti,fra,bathroom grafitti,1,2,4,final
2026-01-03,bathroomgraffiti,fra,bathroom grafitti,1,0,1,final
2026-01-04,bathroomgraffiti,fra,bathroom grafitti,1,0,2,final
2026-01-05,bathroomgraffiti,fra,bathroom grafitti,1,1,1,final
2026-01-06,bathroomgraffiti,fra,bathroom grafitti,1,1,2,final
2026-01-08,bathroomgraffiti,fra,bathroom grafitti,1.3,3,7,final
2026-01-10,bathroomgraffiti,fra,bathroom grafitti,1,1,1,final
2026-01-11,bathroomgraffiti,fra,bathroom grafitti,1,0,1,final
2026-01-12,bathroomgraffiti,fra,bathroom grafitti,1,0,1,final
2026-01-14,bathroomgraffiti,fra,bathroom grafitti,1,3,4,final
2026-01-15,bathroomgraffiti,fra,bathroom grafitti,1,1,1,final
2026-01-17,bathroomgraffiti,fra,bathroom grafitti,1,0,1,final
2026-01-23,bathroomgraffiti,fra,bathroom grafitti,1,1,1,final
2026-01-24,bathroomgraffiti,fra,bathroom grafitti,1,0,1,final
2026-01-27,bathroomgraffiti,fra,bathroom grafitti,1,0,1,final
2026-01-28,bathroomgraffiti,fra,bathroom grafitti,1,0,3,final
2026-01-29,bathroomgraffiti,fra,bathroom grafitti,1,0,1,final
2026-01-31,bathroomgraffiti,fra,bathroom grafitti,1,0,1,final
2026-02-01,bathroomgraffiti,fra,bathroom grafitti,1,1,1,final
2026-02-02,bathroomgraffiti,fra,bathroom grafitti,1,0,2,final
2026-02-05,bathroomgraffiti,fra,bathroom grafitti,1,3,3,final
2026-02-06,bathroomgraffiti,fra,bathroom grafitti,1,0,2,final
2026-02-07,bathroomgraffiti,fra,bathroom grafitti,1,0,2,final
2026-02-13,bathroomgraffiti,fra,bathroom grafitti,1.2,1,4,final
2026-02-14,bathroomgraffiti,fra,bathroom grafitti,1,0,3,final
2026-02-15,bathroomgraffiti,fra,bathroom grafitti,1,0,1,final
2026-02-16,bathroomgraffiti,fra,bathroom grafitti,1,0,4,final
2026-02-19,bathroomgraffiti,fra,bathroom grafitti,1,0,2,final
2026-02-20,bathroomgraffiti,fra,bathroom grafitti,1,0,2,final
2026-02-22,bathroomgraffiti,fra,bathroom grafitti,1,0,1,final
2026-02-25,bathroomgraffiti,fra,bathroom grafitti,1,1,2,final
2026-02-27,bathroomgraffiti,fra,bathroom grafitti,1,0,1,final
2026-03-04,bathroomgraffiti,fra,bathroom grafitti,1,2,3,final
2026-03-05,bathroomgraffiti,fra,bathroom grafitti,1,1,1,final
2026-03-07,bathroomgraffiti,fra,bathroom grafitti,1,1,2,final
2026-03-08,bathroomgraffiti,fra,bathroom grafitti,2,0,1,final
2026-03-10,bathroomgraffiti,fra,bathroom grafitti,1,1,1,final
2026-03-11,bathroomgraffiti,fra,bathroom grafitti,1,1,2,final
2026-03-13,bathroomgraffiti,fra,bathroom grafitti,1,0,2,final
2026-03-14,bathroomgraffiti,fra,bathroom grafitti,1,1,1,final
2026-03-15,bathroomgraffiti,fra,bathroom grafitti,1,0,2,final
2026-03-16,bathroomgraffiti,fra,bathroom grafitti,1,0,1,final
2026-03-17,bathroomgraffiti,fra,bathroom grafitti,1,2,2,final
2026-03-18,bathroomgraffiti,fra,bathroom grafitti,1,0,1,final
2026-03-19,bathroomgraffiti,fra,bathroom grafitti,1,0,3,final
2026-03-23,bathroomgraffiti,fra,bathroom grafitti,1,1,2,final
2026-03-24,bathroomgraffiti,fra,bathroom grafitti,1,0,1,final
2026-03-25,bathroomgraffiti,fra,bathroom grafitti,1,0,1,final
2026-03-26,bathroomgraffiti,fra,bathroom grafitti,1,0,1,final
2026-04-02,bathroomgraffiti,fra,bathroom grafitti,1,0,1,final
2026-04-03,bathroomgraffiti,fra,bathroom grafitti,1,0,1,final
2026-04-04,bathroomgraffiti,fra,bathroom grafitti,1,0,1,final
2026-04-05,bathroomgraffiti,fra,bathroom grafitti,1,0,1,final
2026-04-07,bathroomgraffiti,fra,bathroom grafitti,1,0,2,final
2026-04-09,bathroomgraffiti,fra,bathroom grafitti,1,0,1,final
2026-04-10,bathroomgraffiti,fra,bathroom grafitti,1,1,1,final
2026-04-11,bathroomgraffiti,fra,bathroom grafitti,1,1,3,final
2026-04-16,bathroomgraffiti,fra,bathroom grafitti,1,0,1,final
2026-04-18,bathroomgraffiti,fra,bathroom grafitti,1,1,1,final
2026-04-19,bathroomgraffiti,fra,bathroom grafitti,1,0,5,final
2026-04-20,bathroomgraffiti,fra,bathroom grafitti,1,1,3,final
2026-04-21,bathroomgraffiti,fra,bathroom grafitti,1,0,2,final
2026-04-22,bathroomgraffiti,fra,bathroom grafitti,1,0,1,final
2026-04-24,bathroomgraffiti,fra,bathroom grafitti,1,0,2,final
2026-04-25,bathroomgraffiti,fra,bathroom grafitti,2,0,1,final
2026-05-01,bathroomgraffiti,fra,bathroom grafitti,1,1,1,final
2026-05-02,bathroomgraffiti,fra,bathroom grafitti,1,1,1,final
2026-05-03,bathroomgraffiti,fra,bathroom grafitti,1,1,1,final
2026-05-06,bathroomgraffiti,fra,bathroom grafitti,1,0,1,final
2026-05-07,bathroomgraffiti,fra,bathroom grafitti,1,1,1,final
2026-05-08,bathroomgraffiti,fra,bathroom grafitti,1,1,1,final
2026-05-10,bathroomgraffiti,fra,bathroom grafitti,1,0,3,final
2026-05-11,bathroomgraffiti,fra,bathroom grafitti,1,0,1,final
2026-05-14,bathroomgraffiti,fra,bathroom grafitti,1,1,1,final
2026-05-16,bathroomgraffiti,fra,bathroom grafitti,1,0,1,final
2026-05-18,bathroomgraffiti,fra,bathroom grafitti,1,1,1,final
2026-05-20,bathroomgraffiti,fra,bathroom grafitti,1,0,1,final
2026-05-23,bathroomgraffiti,fra,bathroom grafitti,1,0,1,final
2026-05-27,bathroomgraffiti,fra,bathroom grafitti,1.5,0,2,final
2026-05-30,bathroomgraffiti,fra,bathroom grafitti,1,0,1,final
2026-06-01,bathroomgraffiti,fra,bathroom grafitti,1,1,1,final
2026-06-04,bathroomgraffiti,fra,bathroom grafitti,1,0,2,final
2026-06-05,bathroomgraffiti,fra,bathroom grafitti,1,0,1,final
2026-06-07,bathroomgraffiti,fra,bathroom grafitti,1,0,2,final
2026-06-08,bathroomgraffiti,fra,bathroom grafitti,1,1,2,final
2026-06-09,bathroomgraffiti,fra,bathroom grafitti,1,0,1,final
2026-06-10,bathroomgraffiti,fra,bathroom grafitti,1,1,1,final
2026-06-15,bathroomgraffiti,fra,bathroom grafitti,1,0,1,final
2026-06-16,bathroomgraffiti,fra,bathroom grafitti,1,0,2,final
2026-06-17,bathroomgraffiti,fra,bathroom grafitti,1,0,1,final
2026-06-20,bathroomgraffiti,fra,bathroom grafitti,1,0,1,final
2026-06-22,bathroomgraffiti,fra,bathroom grafitti,1,0,2,final
2026-06-23,bathroomgraffiti,fra,bathroom grafitti,1,1,3,final
2026-06-25,bathroomgraffiti,fra,bathroom grafitti,1,0,3,final
2026-06-26,bathroomgraffiti,fra,bathroom grafitti,1,0,1,final
2026-06-27,bathroomgraffiti,fra,bathroom grafitti,1,0,1,final
2026-06-30,bathroomgraffiti,fra,bathroom grafitti,1,1,3,final
2026-07-04,bathroomgraffiti,fra,bathroom grafitti,1,0,1,final
2026-07-06,bathroomgraffiti,fra,bathroom grafitti,1,2,3,final
2026-07-07,bathroomgraffiti,fra,bathroom grafitti,1,0,1,final
2026-07-08,bathroomgraffiti,fra,bathroom grafitti,1,2,2,final
2026-07-09,bathroomgraffiti,fra,bathroom grafitti,1,1,1,final
2026-07-14,bathroomgraffiti,fra,bathroom grafitti,1,2,2,final
2026-07-16,bathroomgraffiti,fra,bathroom grafitti,1,2,2,final
2026-07-18,bathroomgraffiti,fra,bathroom grafitti,1,0,1,final
2026-07-19,bathroomgraffiti,fra,bathroom grafitti,1,1,1,final
2026-07-20,bathroomgraffiti,fra,bathroom grafitti,2,1,1,final
2026-07-22,bathroomgraffiti,fra,bathroom grafitti,1,1,1,final
2026-07-23,bathroomgraffiti,fra,bathroom grafitti,1,1,1,final
2026-07-24,bathroomgraffiti,fra,bathroom grafitti,1,0,1,final
2026-07-27,bathroomgraffiti,fra,bathroom grafitti,1,0,1,final
2026-07-28,bathroomgraffiti,fra,bathroom grafitti,1,2,2,final
2026-07-29,bathroomgraffiti,fra,bathroom grafitti,1,1,1,final
2026-07-30,bathroomgraffiti,fra,bathroom grafitti,1,2,3,final
2026-08-01,bathroomgraffiti,fra,bathroom grafitti,1,2,2,final
2026-08-02,bathroomgraffiti,fra,bathroom grafitti,1,0,1,final
2026-08-03,bathroomgraffiti,fra,bathroom grafitti,1,1,2,final
2026-08-04,bathroomgraffiti,fra,bathroom grafitti,1,2,2,final
2026-08-05,bathroomgraffiti,fra,bathroom grafitti,1,2,2,final
2026-08-06,bathroomgraffiti,fra,bathroom grafitti,1,1,1,final
2026-08-08,bathroomgraffiti,fra,bathroom grafitti,1,0,1,final
2026-08-09,bathroomgraffiti,fra,bathroom grafitti,1,0,1,final
2026-08-10,bathroomgraffiti,fra,bathroom grafitti,1,2,2,final
2026-08-11,bathroomgraffiti,fra,bathroom grafitti,1,1,2,final
2026-08-13,bathroomgraffiti,fra,bathroom grafitti,1,0,1,final
2026-08-16,bathroomgraffiti,fra,bathroom grafitti,1,1,1,final
2026-08-19,bathroomgraffiti,fra,bathroom grafitti,1,3,3,final
2026-08-20,bathroomgraffiti,fra,bathroom grafitti,1,2,3,final
2026-08-21,bathroomgraffiti,fra,bathroom grafitti,1,1,4,final
2026-08-22,bathroomgraffiti,fra,bathroom grafitti,1,1,2,final
2026-08-25,bathroomgraffiti,fra,bathroom grafitti,1,3,3,final
2026-08-27,bathroomgraffiti,fra,bathroom grafitti,1,0,1,final
2026-08-28,bathroomgraffiti,fra,bathroom grafitti,1,1,2,final
2026-08-29,bathroomgraffiti,fra,bathroom grafitti,1,0,1,final
2026-08-30,bathroomgraffiti,fra,bathroom grafitti,1,1,1,final
2026-08-31,bathroomgraffiti,fra,bathroom grafitti,1,2,4,final
2026-09-01,bathroomgraffiti,fra,bathroom grafitti,1,2,2,final
2026-09-02,bathroomgraffiti,fra,bathroom grafitti,1,0,1,final
2026-09-04,bathroomgraffiti,fra,bathroom grafitti,1,2,2,final
2026-09-06,bathroomgraffiti,fra,bathroom grafitti,1,1,2,final
2026-09-07,bathroomgraffiti,fra,bathroom grafitti,1,1,1,final
2026-09-08,bathroomgraffiti,fra,bathroom grafitti,1,1,3,final
2026-09-09,bathroomgraffiti,fra,bathroom grafitti,1,0,2,final
2026-09-12,bathroomgraffiti,fra,bathroom grafitti,1,1,1,final
2026-09-14,bathroomgraffiti,fra,bathroom grafitti,1,2,3,final
2026-09-15,bathroomgraffiti,fra,bathroom grafitti,1,1,1,final
2026-09-16,bathroomgraffiti,fra,bathroom grafitti,1,2,2,final
2026-09-17,bathroomgraffiti,fra,bathroom grafitti,1,1,1,final
2026-09-18,bathroomgraffiti,fra,bathroom grafitti,1,1,1,final
2026-09-19,bathroomgraffiti,fra,bathroom grafitti,1,1,2,final
2026-09-24,bathroomgraffiti,fra,bathroom grafitti,1,2,4,final
2026-09-25,bathroomgraffiti,fra,bathroom grafitti,1,1,1,final
2026-09-26,bathroomgraffiti,fra,bathroom grafitti,1,0,2,final
2026-09-28,bathroomgraffiti,fra,bathroom grafitti,1,1,1,final
2026-09-29,bathroomgraffiti,fra,bathroom grafitti,1,1,2,final
2026-10-01,bathroomgraffiti,fra,bathroom grafitti,1,1,1,final
2026-10-02,bathroomgraffiti,fra,bathroom grafitti,1,2,3,final
2026-10-03,bathroomgraffiti,fra,bathroom grafitti,1,0,2,final
2026-10-04,bathroomgraffiti,fra,bathroom grafitti,1,1,1,fresh
2026-10-05,bathroomgraffiti,fra,bathroom grafitti,1,1,1,fresh
2025-06-12,bathroomgraffiti,fra,bathroom graphiti,1,2,2,final
2025-06-17,bathroomgraffiti,fra,bathroom graphiti,1,1,3,final
2025-06-20,bathroomgraffiti,fra,bathroom graphiti,1,0,1,final
2025-06-26,bathroomgraffiti,fra,bathroom graphiti,1,1,1,final
2025-06-30,bathroomgraffiti,fra,bathroom graphiti,1,1,1,final
2025-07-03,bathroomgraffiti,fra,bathroom graphiti,1,1,1,final
2025-07-04,bathroomgraffiti,fra,bathroom graphiti,1,0,1,final
2025-07-05,bathroomgraffiti,fra,bathroom graphiti,1,0,5,final
2025-07-06,bathroomgraffiti,fra,bathroom graphiti,1,1,2,final
2025-07-09,bathroomgraffiti,fra,bathroom graphiti,1,0,1,final
2025-07-10,bathroomgraffiti,fra,bathroom graphiti,1,1,1,final
2025-07-11,bathroomgraffiti,fra,bathroom graphiti,1,1,1,final
2025-07-19,bathroomgraffiti,fra,bathroom graphiti,1,1,1,final
2025-07-22,bathroomgraffiti,fra,bathroom graphiti,1,0,1,final
2025-07-23,bathroomgraffiti,fra,bathroom graphiti,1,1,1,final
2025-07-25,bathroomgraffiti,fra,bathroom graphiti,1,1,1,final
2025-07-26,bathroomgraffiti,fra,bathroom graphiti,1,1,1,final
2025-07-27,bathroomgraffiti,fra,bathroom graphiti,1,2,3,final
2025-08-08,bathroomgraffiti,fra,bathroom graphiti,1,1,1,final
2025-08-10,bathroomgraffiti,fra,bathroom graphiti,1,1,1,final
2025-08-11,bathroomgraffiti,fra,bathroom graphiti,1,0,1,final
2025-08-12,bathroomgraffiti,fra,bathroom graphiti,1,1,1,final
2025-08-15,bathroomgraffiti,fra,bathroom graphiti,1,1,1,final
2025-08-18,bathroomgraffiti,fra,bathroom graphiti,1,0,1,final
2025-08-19,bathroomgraffiti,fra,bathroom graphiti,1,1,1,final
2025-08-26,bathroomgraffiti,fra,bathroom graphiti,1,1,1,final
2025-08-28,bathroomgraffiti,fra,bathroom graphiti,1,0,1,final
2025-09-03,bathroomgraffiti,fra,bathroom graphiti,1,0,1,final
2025-09-04,bathroomgraffiti,fra,bathroom graphiti,1,2,2,final
2025-09-06,bathroomgraffiti,fra,bathroom graphiti,1,0,2,final
2025-09-07,bathroomgraffiti,fra,bathroom graphiti,1,3,3,final
2025-09-08,bathroomgraffiti,fra,bathroom graphiti,1,2,2,final
2025-09-10,bathroomgraffiti,fra,bathroom graphiti,1,1,2,final
2025-09-13,bathroomgraffiti,fra,bathroom graphiti,1,2,4,final
2025-09-16,bathroomgraffiti,fra,bathroom graphiti,1,2,2,final
2025-09-17,bathroomgraffiti,fra,bathroom graphiti,1,1,2,final
2025-09-19,bathroomgraffiti,fra,bathroom graphiti,1,1,2,final
2025-09-20,bathroomgraffiti,fra,bathroom graphiti,1,0,2,final
2025-09-22,bathroomgraffiti,fra,bathroom graphiti,1,0,1,final
2025-09-24,bathroomgraffiti,fra,bathroom graphiti,1,1,1,final
2025-09-25,bathroomgraffiti,fra,bathroom graphiti,1,2,3,final
2025-09-26,bathroomgraffiti,fra,bathroom graphiti,1,0,2,final
2025-09-28,bathroomgraffiti,fra,bathroom graphiti,1,1,1,final
2025-09-29,bathroomgraffiti,fra,bathroom graphiti,1,0,2,final
2025-09-30,bathroomgraffiti,fra,bathroom graphiti,1,1,2,final
2025-10-01,bathroomgraffiti,fra,bathroom graphiti,1,0,1,final
2025-10-04,bathroomgraffiti,fra,bathroom graphiti,1,1,4,final
2025-10-05,bathroomgraffiti,fra,bathroom graphiti,1,0,1,final
2025-10-07,bathroomgraffiti,fra,bathroom graphiti,1,2,2,final
2025-10-09,bathroomgraffiti,fra,bathroom graphiti,1,1,1,final
2025-10-13,bathroomgraffiti,fra,bathroom graphiti,1,1,1,final
2025-10-22,bathroomgraffiti,fra,bathroom graphiti,1,1,1,final
2025-10-28,bathroomgraffiti,fra,bathroom graphiti,1,1,1,final
2025-11-05,bathroomgraffiti,fra,bathroom graphiti,1,1,1,final
2025-11-07,bathroomgraffiti,fra,bathroom graphiti,1,0,1,final
2025-11-10,bathroomgraffiti,fra,bathroom graphiti,1,1,1,final
2025-11-11,bathroomgraffiti,fra,bathroom graphiti,1,1,1,final
2025-11-12,bathroomgraffiti,fra,bathroom graphiti,1,1,1,final
2025-11-15,bathroomgraffiti,fra,bathroom graphiti,1,1,2,final
2025-11-17,bathroomgraffiti,fra,bathroom graphiti,1,2,2,final
2025-11-18,bathroomgraffiti,fra,bathroom graphiti,1,1,1,final
2025-11-20,bathroomgraffiti,fra,bathroom graphiti,1,1,1,final
2025-11-24,bathroomgraffiti,fra,bathroom graphiti,1.7,1,3,final
2025-11-25,bathroomgraffiti,fra,bathroom graphiti,1,0,1,final
2025-11-27,bathroomgraffiti,fra,bathroom graphiti,1,1,1,final
2025-11-28,bathroomgraffiti,fra,bathroom graphiti,1,1,1,final
2025-11-30,bathroomgraffiti,fra,bathroom graphiti,1,1,1,final
2025-12-01,bathroomgraffiti,fra,bathroom graphiti,1,2,4,final
2025-12-03,bathroomgraffiti,fra,bathroom graphiti,1,1,1,final
2025-12-04,bathroomgraffiti,fra,bathroom graphiti,1,1,1,final
2025-12-05,bathroomgraffiti,fra,bathroom graphiti,1,0,1,final
2025-12-06,bathroomgraffiti,fra,bathroom graphiti,1,1,1,final
2025-12-07,bathroomgraffiti,fra,bathroom graphiti,1,3,5,final
2025-12-10,bathroomgraffiti,fra,bathroom graphiti,1,1,1,final
2025-12-11,bathroomgraffiti,fra,bathroom graphiti,1,0,1,final
2025-12-13,bathroomgraffiti,fra,bathroom graphiti,1,0,2,final
2025-12-15,bathroomgraffiti,fra,bathroom graphiti,1,2,2,final
2025-12-16,bathroomgraffiti,fra,bathroom graphiti,1,1,2,final
2025-12-18,bathroomgraffiti,fra,bathroom graphiti,1,0,1,final
2025-12-19,bathroomgraffiti,fra,bathroom graphiti,1,2,2,final
2025-12-21,bathroomgraffiti,fra,bathroom graphiti,1,1,1,final
2025-12-22,bathroomgraffiti,fra,bathroom graphiti,1,1,1,final
2025-12-23,bathroomgraffiti,fra,bathroom graphiti,1,2,2,final
2025-12-24,bathroomgraffiti,fra,bathroom graphiti,1,1,1,final
2025-12-25,bathroomgraffiti,fra,bathroom graphiti,1,1,1,final
2025-12-26,bathroomgraffiti,fra,bathroom graphiti,1,1,1,final
2025-12-28,bathroomgraffiti,fra,bathroom graphiti,1,1,1,final
2025-12-29,bathroomgraffiti,fra,bathroom graphiti,1,1,2,final
2025-12-30,bathroomgraffiti,fra,bathroom graphiti,1,0,1,final
2026-01-03,bathroomgraffiti,fra,bathroom graphiti,1,0,1,final
2026-01-09,bathroomgraffiti,fra,bathroom graphiti,1,1,1,final
2026-01-23,bathroomgraffiti,fra,bathroom graphiti,1,0,2,final
2026-02-02,bathroomgraffiti,fra,bathroom graphiti,1,0,1,final
2026-02-06,bathroomgraffiti,fra,bathroom graphiti,1,0,1,final
2026-02-11,bathroomgraffiti,fra,bathroom graphiti,1,0,1,final
2026-02-13,bathroomgraffiti,fra,bathroom graphiti,1,0,1,final
2026-02-16,bathroomgraffiti,fra,bathroom graphiti,1,0,2,final
2026-02-17,bathroomgraffiti,fra,bathroom graphiti,1,0,1,final
2026-02-18,bathroomgraffiti,fra,bathroom graphiti,1,0,1,final
2026-02-19,bathroomgraffiti,fra,bathroom graphiti,1,0,1,final
2026-02-20,bathroomgraffiti,fra,bathroom graphiti,1,1,1,final
2026-03-02,bathroomgraffiti,fra,bathroom graphiti,1,1,1,final
2026-03-03,bathroomgraffiti,fra,bathroom graphiti,1,0,1,final
2026-03-06,bathroomgraffiti,fra,bathroom graphiti,1,0,2,final
2026-03-07,bathroomgraffiti,fra,bathroom graphiti,2,0,1,final
2026-03-10,bathroomgraffiti,fra,bathroom graphiti,2,0,2,final
2026-03-15,bathroomgraffiti,fra,bathroom graphiti,1,1,1,final
2026-03-17,bathroomgraffiti,fra,bathroom graphiti,1,0,3,final
2026-03-28,bathroomgraffiti,fra,bathroom graphiti,1,0,1,final
2026-03-31,bathroomgraffiti,fra,bathroom graphiti,1,1,1,final
2026-04-07,bathroomgraffiti,fra,bathroom graphiti,1,0,1,final
2026-04-08,bathroomgraffiti,fra,bathroom graphiti,1,0,2,final
2026-04-12,bathroomgraffiti,fra,bathroom graphiti,1,0,1,final
2026-04-20,bathroomgraffiti,fra,bathroom graphiti,1,0,1,final
2026-04-22,bathroomgraffiti,fra,bathroom graphiti,1,0,1,final
2026-04-23,bathroomgraffiti,fra,bathroom graphiti,1,0,1,final
2026-04-25,bathroomgraffiti,fra,bathroom graphiti,1,0,1,final
2026-04-26,bathroomgraffiti,fra,bathroom graphiti,1,0,1,final
2026-04-28,bathroomgraffiti,fra,bathroom graphiti,1,0,1,final
2026-05-04,bathroomgraffiti,fra,bathroom graphiti,1,0,1,final
2026-05-05,bathroomgraffiti,fra,bathroom graphiti,1,1,1,final
2026-05-07,bathroomgraffiti,fra,bathroom graphiti,1,0,1,final
2026-05-10,bathroomgraffiti,fra,bathroom graphiti,1,0,2,final
2026-05-11,bathroomgraffiti,fra,bathroom graphiti,1,0,2,final
2026-05-14,bathroomgraffiti,fra,bathroom graphiti,1,0,1,final
2026-05-15,bathroomgraffiti,fra,bathroom graphiti,1,1,1,final
2026-05-16,bathroomgraffiti,fra,bathroom graphiti,1,0,1,final
2026-05-18,bathroomgraffiti,fra,bathroom graphiti,1,1,1,final
2026-05-19,bathroomgraffiti,fra,bathroom graphiti,1,0,1,final
2026-05-20,bathroomgraffiti,fra,bathroom graphiti,1,1,1,final
2026-05-21,bathroomgraffiti,fra,bathroom graphiti,1,0,1,final
2026-05-26,bathroomgraffiti,fra,bathroom graphiti,1,3,3,final
2026-05-27,bathroomgraffiti,fra,bathroom graphiti,1,0,1,final
2026-05-31,bathroomgraffiti,fra,bathroom graphiti,1,1,2,final
2026-06-05,bathroomgraffiti,fra,bathroom graphiti,1,0,1,final
2026-06-08,bathroomgraffiti,fra,bathroom graphiti,1,0,1,final
2026-06-12,bathroomgraffiti,fra,bathroom graphiti,1,0,1,final
2026-06-15,bathroomgraffiti,fra,bathroom graphiti,1,0,1,final
2026-06-16,bathroomgraffiti,fra,bathroom graphiti,1,0,2,final
2026-06-18,bathroomgraffiti,fra,bathroom graphiti,1,0,2,final
2026-06-21,bathroomgraffiti,fra,bathroom graphiti,1,0,1,final
2026-06-22,bathroomgraffiti,fra,bathroom graphiti,1,0,1,final
2026-06-24,bathroomgraffiti,fra,bathroom graphiti,1,0,1,final
2026-06-27,bathroomgraffiti,fra,bathroom graphiti,1,0,2,final
2026-07-06,bathroomgraffiti,fra,bathroom graphiti,1,2,8,final
2026-07-18,bathroomgraffiti,fra,bathroom graphiti,1,1,1,final
2026-07-24,bathroomgraffiti,fra,bathroom graphiti,1,0,2,final
2026-07-28,bathroomgraffiti,fra,bathroom graphiti,1,1,1,final
2026-07-30,bathroomgraffiti,fra,bathroom graphiti,1,0,2,final
2026-08-05,bathroomgraffiti,fra,bathroom graphiti,1,1,1,final
2026-08-09,bathroomgraffiti,fra,bathroom graphiti,1,1,1,final
2026-08-11,bathroomgraffiti,fra,bathroom graphiti,1,1,1,final
2026-08-13,bathroomgraffiti,fra,bathroom graphiti,1,0,1,final
2026-08-17,bathroomgraffiti,fra,bathroom graphiti,1,2,3,final
2026-08-20,bathroomgraffiti,fra,bathroom graphiti,1,0,1,final
2026-08-27,bathroomgraffiti,fra,bathroom graphiti,1,2,2,final
2026-08-29,bathroomgraffiti,fra,bathroom graphiti,1,1,2,final
2026-08-30,bathroomgraffiti,fra,bathroom graphiti,1,2,2,final
2026-08-31,bathroomgraffiti,fra,bathroom graphiti,1,1,1,final
2026-09-04,bathroomgraffiti,fra,bathroom graphiti,1,1,1,final
2026-09-08,bathroomgraffiti,fra,bathroom graphiti,1,0,1,final
2026-09-12,bathroomgraffiti,fra,bathroom graphiti,1,1,1,final
2026-09-13,bathroomgraffiti,fra,bathroom graphiti,1,1,1,final
2026-09-15,bathroomgraffiti,fra,bathroom graphiti,1,2,2,final
2026-09-22,bathroomgraffiti,fra,bathroom graphiti,1,1,1,final
2026-09-23,bathroomgraffiti,fra,bathroom graphiti,1,0,1,final
2026-09-24,bathroomgraffiti,fra,bathroom graphiti,1,1,2,final
2026-09-25,bathroomgraffiti,fra,bathroom graphiti,1,1,2,final
2026-09-30,bathroomgraffiti,fra,bathroom graphiti,1,0,1,final
2026-10-04,bathroomgraffiti,fra,bathroom graphiti,1,1,2,fresh
2025-07-02,bathroomgraffiti,fra,bougie anti connard,13,0,1,final
2025-07-03,bathroomgraffiti,fra,bougie anti connard,14,0,1,final
2025-07-04,bathroomgraffiti,fra,bougie anti connard,15.5,0,2,final
2025-07-05,bathroomgraffiti,fra,bougie anti connard,15,0,1,final
2025-07-06,bathroomgraffiti,fra,bougie anti connard,16,0,1,final
2025-07-07,bathroomgraffiti,fra,bougie anti connard,16,0,1,final
2025-07-08,bathroomgraffiti,fra,bougie anti connard,16,0,2,final
2025-07-09,bathroomgraffiti,fra,bougie anti connard,16,0,1,final
2025-07-10,bathroomgraffiti,fra,bougie anti connard,16,0,1,final
2025-07-11,bathroomgraffiti,fra,bougie anti connard,14,0,1,final
2025-07-12,bathroomgraffiti,fra,bougie anti connard,15,0,1,final
2025-07-13,bathroomgraffiti,fra,bougie anti connard,16,0,1,final
2025-07-14,bathroomgraffiti,fra,bougie anti connard,15,0,1,final
2025-07-15,bathroomgraffiti,fra,bougie anti connard,15,0,1,final
2025-07-16,bathroomgraffiti,fra,bougie anti connard,12,0,1,final
2025-07-17,bathroomgraffiti,fra,bougie anti connard,17,0,1,final
2025-07-18,bathroomgraffiti,fra,bougie anti connard,16,0,1,final
2025-07-19,bathroomgraffiti,fra,bougie anti connard,14,0,1,final
2025-07-20,bathroomgraffiti,fra,bougie anti connard,16,0,1,final
2025-07-21,bathroomgraffiti,fra,bougie anti connard,16,0,1,final
2025-07-22,bathroomgraffiti,fra,bougie anti connard,15,0,1,final
2025-07-24,bathroomgraffiti,fra,bougie anti connard,17,0,1,final
2025-07-26,bathroomgraffiti,fra,bougie anti connard,14,0,1,final
2025-07-27,bathroomgraffiti,fra,bougie anti connard,16,0,1,final
2025-07-28,bathroomgraffiti,fra,bougie anti connard,22,0,1,final
2025-07-30,bathroomgraffiti,fra,bougie anti connard,21,0,1,final
2025-08-01,bathroomgraffiti,fra,bougie anti connard,18,0,1,final
2025-08-02,bathroomgraffiti,fra,bougie anti connard,19,0,1,final
2025-08-03,bathroomgraffiti,fra,bougie anti connard,19,0,1,final
2025-08-05,bathroomgraffiti,fra,bougie anti connard,19,0,1,final
2025-08-06,bathroomgraffiti,fra,bougie anti connard,19,0,1,final
2025-08-07,bathroomgraffiti,fra,bougie anti connard,19,0,1,final
2025-08-08,bathroomgraffiti,fra,bougie anti connard,19,0,1,final
2025-08-09,bathroomgraffiti,fra,bougie anti connard,16,0,1,final
2025-08-10,bathroomgraffiti,fra,bougie anti connard,20,0,1,final
2025-08-11,bathroomgraffiti,fra,bougie anti connard,19,0,1,final
2025-08-12,bathroomgraffiti,fra,bougie anti connard,22,0,1,final
2025-08-14,bathroomgraffiti,fra,bougie anti connard,19.3,0,3,final
2025-08-16,bathroomgraffiti,fra,bougie anti connard,23,0,1,final
2025-08-17,bathroomgraffiti,fra,bougie anti connard,24,0,1,final
2025-08-18,bathroomgraffiti,fra,bougie anti connard,23,0,1,final
2025-08-19,bathroomgraffiti,fra,bougie anti connard,22,0,1,final
2025-08-20,bathroomgraffiti,fra,bougie anti connard,21,0,1,final
2025-08-21,bathroomgraffiti,fra,bougie anti connard,23,0,1,final
2025-08-22,bathroomgraffiti,fra,bougie anti connard,24,0,1,final
2025-08-23,bathroomgraffiti,fra,bougie anti connard,22,0,1,final
2025-08-25,bathroomgraffiti,fra,bougie anti connard,23,0,1,final
2025-08-26,bathroomgraffiti,fra,bougie anti connard,23,0,1,final
2025-08-27,bathroomgraffiti,fra,bougie anti connard,22,0,1,final
2025-08-28,bathroomgraffiti,fra,bougie anti connard,22,0,1,final
2025-08-30,bathroomgraffiti,fra,bougie anti connard,22,0,1,final
2025-08-31,bathroomgraffiti,fra,bougie anti connard,20,0,1,final
2025-09-01,bathroomgraffiti,fra,bougie anti connard,21,0,1,final
2025-09-02,bathroomgraffiti,fra,bougie anti connard,19,0,1,final
2025-09-03,bathroomgraffiti,fra,bougie anti connard,21,0,1,final
2025-09-04,bathroomgraffiti,fra,bougie anti connard,14,1,2,final
2025-09-05,bathroomgraffiti,fra,bougie anti connard,21,0,1,final
2025-09-06,bathroomgraffiti,fra,bougie anti connard,20,0,1,final
2025-09-07,bathroomgraffiti,fra,bougie anti connard,21,0,1,final
2025-09-08,bathroomgraffiti,fra,bougie anti connard,21,0,1,final
2025-09-09,bathroomgraffiti,fra,bougie anti connard,22,0,1,final
2025-09-10,bathroomgraffiti,fra,bougie anti connard,20,0,1,final
2025-09-11,bathroomgraffiti,fra,bougie anti connard,21,0,1,final
2025-09-25,bathroomgraffiti,fra,bougie anti connard,22,0,1,final
2025-10-08,bathroomgraffiti,fra,bougie anti connard,10.5,0,2,final
2025-10-10,bathroomgraffiti,fra,bougie anti connard,11,0,5,final
2025-10-12,bathroomgraffiti,fra,bougie anti connard,10.7,0,3,final
2025-10-13,bathroomgraffiti,fra,bougie anti connard,11,0,3,final
2025-10-14,bathroomgraffiti,fra,bougie anti connard,10.7,0,3,final
2025-10-15,bathroomgraffiti,fra,bougie anti connard,10,0,3,final
2025-10-20,bathroomgraffiti,fra,bougie anti connard,11,0,1,final
2025-10-25,bathroomgraffiti,fra,bougie anti connard,11,0,1,final
2025-10-26,bathroomgraffiti,fra,bougie anti connard,11,0,6,final
2025-10-27,bathroomgraffiti,fra,bougie anti connard,10.5,0,2,final
2025-10-28,bathroomgraffiti,fra,bougie anti connard,10.8,0,4,final
2025-10-29,bathroomgraffiti,fra,bougie anti connard,10.5,0,2,final
2025-10-30,bathroomgraffiti,fra,bougie anti connard,11,0,2,final
2025-10-31,bathroomgraffiti,fra,bougie anti connard,11,0,4,final
2025-11-01,bathroomgraffiti,fra,bougie anti connard,11,0,3,final
2025-11-02,bathroomgraffiti,fra,bougie anti connard,11,0,2,final
2025-11-03,bathroomgraffiti,fra,bougie anti connard,11,0,4,final
2025-11-04,bathroomgraffiti,fra,bougie anti connard,11,0,3,final
2025-11-05,bathroomgraffiti,fra,bougie anti connard,10.2,0,4,final
2025-11-06,bathroomgraffiti,fra,bougie anti connard,11,0,1,final
2025-11-07,bathroomgraffiti,fra,bougie anti connard,10,0,1,final
2025-11-08,bathroomgraffiti,fra,bougie anti connard,11,0,2,final
2025-11-10,bathroomgraffiti,fra,bougie anti connard,11,0,1,final
2025-11-11,bathroomgraffiti,fra,bougie anti connard,11,0,1,final
2025-11-12,bathroomgraffiti,fra,bougie anti connard,11,0,2,final
2025-11-13,bathroomgraffiti,fra,bougie anti connard,11,0,1,final
2025-11-14,bathroomgraffiti,fra,bougie anti connard,11,0,10,final
2025-11-15,bathroomgraffiti,fra,bougie anti connard,11,0,3,final
2025-11-16,bathroomgraffiti,fra,bougie anti connard,10.3,0,3,final
2025-11-17,bathroomgraffiti,fra,bougie anti connard,11,0,3,final
2025-11-18,bathroomgraffiti,fra,bougie anti connard,11,0,1,final
2025-11-19,bathroomgraffiti,fra,bougie anti connard,11.7,0,3,final
2025-11-20,bathroomgraffiti,fra,bougie anti connard,11,0,4,final
2025-11-21,bathroomgraffiti,fra,bougie anti connard,11.5,0,2,final
2025-11-22,bathroomgraffiti,fra,bougie anti connard,10.7,0,3,final
2025-11-23,bathroomgraffiti,fra,bougie anti connard,11,0,2,final
2025-11-24,bathroomgraffiti,fra,bougie anti connard,11,0,2,final
2025-11-25,bathroomgraffiti,fra,bougie anti connard,11,0,5,final
2025-11-26,bathroomgraffiti,fra,bougie anti connard,11,0,9,final
2025-11-27,bathroomgraffiti,fra,bougie anti connard,11,0,8,final
2025-11-28,bathroomgraffiti,fra,bougie anti connard,11,0,8,final
2025-11-29,bathroomgraffiti,fra,bougie anti connard,11,0,3,final
2025-11-30,bathroomgraffiti,fra,bougie anti connard,10.7,0,6,final
2025-12-04,bathroomgraffiti,fra,bougie anti connard,17,0,1,final
2025-12-09,bathroomgraffiti,fra,bougie anti connard,10,0,1,final
2025-12-10,bathroomgraffiti,fra,bougie anti connard,10.8,1,12,final
2025-12-11,bathroomgraffiti,fra,bougie anti connard,10.8,0,6,final
2025-12-12,bathroomgraffiti,fra,bougie anti connard,10.7,0,15,final
2025-12-13,bathroomgraffiti,fra,bougie anti connard,10.2,0,6,final
2025-12-14,bathroomgraffiti,fra,bougie anti connard,9.3,0,9,final
2025-12-18,bathroomgraffiti,fra,bougie anti connard,16,0,1,final
2025-12-22,bathroomgraffiti,fra,bougie anti connard,14,0,1,final
2026-01-01,bathroomgraffiti,fra,bougie anti connard,15,0,1,final
2026-01-09,bathroomgraffiti,fra,bougie anti connard,10.5,0,2,final
2026-01-10,bathroomgraffiti,fra,bougie anti connard,5,0,2,final
2026-01-11,bathroomgraffiti,fra,bougie anti connard,5,0,4,final
2026-01-12,bathroomgraffiti,fra,bougie anti connard,5,0,2,final
2026-01-13,bathroomgraffiti,fra,bougie anti connard,6.2,0,5,final
2026-01-14,bathroomgraffiti,fra,bougie anti connard,12,0,1,final
2026-01-16,bathroomgraffiti,fra,bougie anti connard,12,0,1,final
2026-01-17,bathroomgraffiti,fra,bougie anti connard,12,0,1,final
2026-01-18,bathroomgraffiti,fra,bougie anti connard,12,0,1,final
2026-01-20,bathroomgraffiti,fra,bougie anti connard,13,0,1,final
2026-01-21,bathroomgraffiti,fra,bougie anti connard,7.5,0,2,final
2026-01-22,bathroomgraffiti,fra,bougie anti connard,8,1,4,final
2026-01-23,bathroomgraffiti,fra,bougie anti connard,2.5,0,2,final
2026-01-24,bathroomgraffiti,fra,bougie anti connard,5.5,1,2,final
2026-01-25,bathroomgraffiti,fra,bougie anti connard,7,0,1,final
2026-01-26,bathroomgraffiti,fra,bougie anti connard,6.5,0,2,final
2026-01-27,bathroomgraffiti,fra,bougie anti connard,5,0,3,final
2026-01-28,bathroomgraffiti,fra,bougie anti connard,3.6,0,5,final
2026-01-29,bathroomgraffiti,fra,bougie anti connard,5.5,0,2,final
2026-01-30,bathroomgraffiti,fra,bougie anti connard,5.5,1,2,final
2026-01-31,bathroomgraffiti,fra,bougie anti connard,5.8,0,4,final
2026-02-01,bathroomgraffiti,fra,bougie anti connard,5.2,0,4,final
2026-02-02,bathroomgraffiti,fra,bougie anti connard,6.5,0,2,final
2026-02-03,bathroomgraffiti,fra,bougie anti connard,4.7,0,3,final
2026-02-04,bathroomgraffiti,fra,bougie anti connard,10.2,0,5,final
2026-02-05,bathroomgraffiti,fra,bougie anti connard,11,0,2,final
2026-02-06,bathroomgraffiti,fra,bougie anti connard,10,0,2,final
2026-02-07,bathroomgraffiti,fra,bougie anti connard,10.7,0,3,final
2026-02-09,bathroomgraffiti,fra,bougie anti connard,13,0,1,final
2026-02-11,bathroomgraffiti,fra,bougie anti connard,14,0,1,final
2026-02-13,bathroomgraffiti,fra,bougie anti connard,15,0,1,final
2026-02-14,bathroomgraffiti,fra,bougie anti connard,14,0,1,final
2026-02-15,bathroomgraffiti,fra,bougie anti connard,15,0,1,final
2026-02-17,bathroomgraffiti,fra,bougie anti connard,17,0,1,final
2026-02-19,bathroomgraffiti,fra,bougie anti connard,14,0,2,final
2026-02-21,bathroomgraffiti,fra,bougie anti connard,13,0,1,final
2026-02-23,bathroomgraffiti,fra,bougie anti connard,14,0,2,final
2026-02-25,bathroomgraffiti,fra,bougie anti connard,12,0,1,final
2026-02-27,bathroomgraffiti,fra,bougie anti connard,15,0,1,final
2026-02-28,bathroomgraffiti,fra,bougie anti connard,16,0,1,final
2026-03-01,bathroomgraffiti,fra,bougie anti connard,13,0,1,final
2026-03-03,bathroomgraffiti,fra,bougie anti connard,14,0,1,final
2026-03-05,bathroomgraffiti,fra,bougie anti connard,14,0,1,final
2026-03-07,bathroomgraffiti,fra,bougie anti connard,14,0,1,final
2026-03-09,bathroomgraffiti,fra,bougie anti connard,12,0,1,final
2026-03-11,bathroomgraffiti,fra,bougie anti connard,13,0,1,final
2026-03-13,bathroomgraffiti,fra,bougie anti connard,15,0,1,final
2026-03-14,bathroomgraffiti,fra,bougie anti connard,15,0,1,final
2026-03-15,bathroomgraffiti,fra,bougie anti connard,15,0,1,final
2026-03-17,bathroomgraffiti,fra,bougie anti connard,11,0,1,final
2026-03-19,bathroomgraffiti,fra,bougie anti connard,12,0,1,final
2026-03-20,bathroomgraffiti,fra,bougie anti connard,7,0,1,final
2026-03-21,bathroomgraffiti,fra,bougie anti connard,7,0,1,final
2026-03-22,bathroomgraffiti,fra,bougie anti connard,7,0,1,final
2026-03-23,bathroomgraffiti,fra,bougie anti connard,7,0,2,final
2026-03-24,bathroomgraffiti,fra,bougie anti connard,8,0,2,final
2026-03-27,bathroomgraffiti,fra,bougie anti connard,7,0,1,final
2026-03-28,bathroomgraffiti,fra,bougie anti connard,3,0,1,final
2026-03-29,bathroomgraffiti,fra,bougie anti connard,2,1,2,final
2026-03-31,bathroomgraffiti,fra,bougie anti connard,2,0,1,final
2026-04-01,bathroomgraffiti,fra,bougie anti connard,3,0,1,final
2026-04-02,bathroomgraffiti,fra,bougie anti connard,6,0,1,final
2026-04-03,bathroomgraffiti,fra,bougie anti connard,3,0,2,final
2026-04-04,bathroomgraffiti,fra,bougie anti connard,3,0,2,final
2026-04-05,bathroomgraffiti,fra,bougie anti connard,3,0,3,final
2026-04-06,bathroomgraffiti,fra,bougie anti connard,3,0,1,final
2026-04-07,bathroomgraffiti,fra,bougie anti connard,3,0,2,final
2026-04-08,bathroomgraffiti,fra,bougie anti connard,3,0,2,final
2026-04-09,bathroomgraffiti,fra,bougie anti connard,4,0,1,final
2026-04-10,bathroomgraffiti,fra,bougie anti connard,3,0,1,final
2026-04-11,bathroomgraffiti,fra,bougie anti connard,3,0,3,final
2026-04-12,bathroomgraffiti,fra,bougie anti connard,2.9,0,7,final
2026-04-13,bathroomgraffiti,fra,bougie anti connard,2,0,3,final
2026-04-14,bathroomgraffiti,fra,bougie anti connard,2,0,2,final
2026-04-15,bathroomgraffiti,fra,bougie anti connard,2,0,1,final
2026-04-16,bathroomgraffiti,fra,bougie anti connard,2,0,2,final
2026-04-17,bathroomgraffiti,fra,bougie anti connard,2,0,1,final
2026-04-18,bathroomgraffiti,fra,bougie anti connard,2,0,1,final
2026-04-19,bathroomgraffiti,fra,bougie anti connard,2,0,3,final
2026-04-20,bathroomgraffiti,fra,bougie anti connard,2,0,3,final
2026-04-21,bathroomgraffiti,fra,bougie anti connard,2,0,1,final
2026-04-22,bathroomgraffiti,fra,bougie anti connard,2.3,0,3,final
2026-04-24,bathroomgraffiti,fra,bougie anti connard,2,0,3,final
2026-04-25,bathroomgraffiti,fra,bougie anti connard,2,0,3,final
2026-04-26,bathroomgraffiti,fra,bougie anti connard,2,0,2,final
2026-04-27,bathroomgraffiti,fra,bougie anti connard,2,0,1,final
2026-04-28,bathroomgraffiti,fra,bougie anti connard,2,0,1,final
2026-04-29,bathroomgraffiti,fra,bougie anti connard,2,1,2,final
2026-04-30,bathroomgraffiti,fra,bougie anti connard,2,0,2,final
2026-05-01,bathroomgraffiti,fra,bougie anti connard,2,1,4,final
2026-05-02,bathroomgraffiti,fra,bougie anti connard,2,0,2,final
2026-05-03,bathroomgraffiti,fra,bougie anti connard,2,0,2,final
2026-05-04,bathroomgraffiti,fra,bougie anti connard,2,0,1,final
2026-05-06,bathroomgraffiti,fra,bougie anti connard,2,0,3,final
2026-05-07,bathroomgraffiti,fra,bougie anti connard,2,0,1,final
2026-05-08,bathroomgraffiti,fra,bougie anti connard,2,0,3,final
2026-05-09,bathroomgraffiti,fra,bougie anti connard,2,0,2,final
2026-05-10,bathroomgraffiti,fra,bougie anti connard,2,0,1,final
2026-05-11,bathroomgraffiti,fra,bougie anti connard,2,1,2,final
2026-05-12,bathroomgraffiti,fra,bougie anti connard,2,0,2,final
2026-05-13,bathroomgraffiti,fra,bougie anti connard,2,1,1,final
2026-05-14,bathroomgraffiti,fra,bougie anti connard,2,0,1,final
2026-05-16,bathroomgraffiti,fra,bougie anti connard,2,0,3,final
2026-05-17,bathroomgraffiti,fra,bougie anti connard,2,0,1,final
2026-05-19,bathroomgraffiti,fra,bougie anti connard,2,0,1,final
2026-05-20,bathroomgraffiti,fra,bougie anti connard,2,0,3,final
2026-05-21,bathroomgraffiti,fra,bougie anti connard,2,0,1,final
2026-05-22,bathroomgraffiti,fra,bougie anti connard,2,0,1,final
2026-05-23,bathroomgraffiti,fra,bougie anti connard,2,0,2,final
2026-05-24,bathroomgraffiti,fra,bougie anti connard,2,0,1,final
2026-05-26,bathroomgraffiti,fra,bougie anti connard,2,0,2,final
2026-05-27,bathroomgraffiti,fra,bougie anti connard,8,0,1,final
2026-05-28,bathroomgraffiti,fra,bougie anti connard,6.7,0,3,final
2026-05-29,bathroomgraffiti,fra,bougie anti connard,9,0,1,final
2026-05-30,bathroomgraffiti,fra,bougie anti connard,3,0,1,final
2026-05-31,bathroomgraffiti,fra,bougie anti connard,8,0,1,final
2026-06-01,bathroomgraffiti,fra,bougie anti connard,7,0,2,final
2026-06-03,bathroomgraffiti,fra,bougie anti connard,2,0,2,final
2026-06-05,bathroomgraffiti,fra,bougie anti connard,2,1,4,final
2026-06-06,bathroomgraffiti,fra,bougie anti connard,2,1,3,final
2026-06-07,bathroomgraffiti,fra,bougie anti connard,1.5,0,2,final
2026-06-08,bathroomgraffiti,fra,bougie anti connard,2,0,3,final
2026-06-09,bathroomgraffiti,fra,bougie anti connard,2,0,2,final
2026-06-11,bathroomgraffiti,fra,bougie anti connard,2,0,1,final
2026-06-12,bathroomgraffiti,fra,bougie anti connard,2,0,1,final
2026-06-13,bathroomgraffiti,fra,bougie anti connard,2,0,2,final
2026-06-14,bathroomgraffiti,fra,bougie anti connard,2,0,1,final
2026-06-15,bathroomgraffiti,fra,bougie anti connard,1.5,0,2,final
2026-06-16,bathroomgraffiti,fra,bougie anti connard,2,0,1,final
2026-06-17,bathroomgraffiti,fra,bougie anti connard,1.7,0,3,final
2026-06-18,bathroomgraffiti,fra,bougie anti connard,2,0,2,final
2026-06-19,bathroomgraffiti,fra,bougie anti connard,2,0,1,final
2026-06-20,bathroomgraffiti,fra,bougie anti connard,2,0,1,final
2026-06-21,bathroomgraffiti,fra,bougie anti connard,2,0,1,final
2026-06-23,bathroomgraffiti,fra,bougie anti connard,1.8,1,4,final
2026-06-25,bathroomgraffiti,fra,bougie anti connard,1.5,1,2,final
2026-06-26,bathroomgraffiti,fra,bougie anti connard,2,0,1,final
2026-06-27,bathroomgraffiti,fra,bougie anti connard,1,0,1,final
2026-06-29,bathroomgraffiti,fra,bougie anti connard,2,0,3,final
2026-06-30,bathroomgraffiti,fra,bougie anti connard,2,0,1,final
2026-07-01,bathroomgraffiti,fra,bougie anti connard,2,0,2,final
2026-07-03,bathroomgraffiti,fra,bougie anti connard,2,0,1,final
2026-07-04,bathroomgraffiti,fra,bougie anti connard,2,0,2,final
2026-07-05,bathroomgraffiti,fra,bougie anti connard,2,0,2,final
2026-07-06,bathroomgraffiti,fra,bougie anti connard,2,0,1,final
2026-07-07,bathroomgraffiti,fra,bougie anti connard,2,1,2,final
2026-07-08,bathroomgraffiti,fra,bougie anti connard,2,0,2,final
2026-07-09,bathroomgraffiti,fra,bougie anti connard,2,1,3,final
2026-07-11,bathroomgraffiti,fra,bougie anti connard,2,0,1,final
2026-07-12,bathroomgraffiti,fra,bougie anti connard,2,1,1,final
2026-07-13,bathroomgraffiti,fra,bougie anti connard,2,0,1,final
2026-07-15,bathroomgraffiti,fra,bougie anti connard,2,0,1,final
2026-07-16,bathroomgraffiti,fra,bougie anti connard,2,0,1,final
2026-07-17,bathroomgraffiti,fra,bougie anti connard,2,0,2,final
2026-07-18,bathroomgraffiti,fra,bougie anti connard,2,0,5,final
2026-07-19,bathroomgraffiti,fra,bougie anti connard,2,0,1,final
2026-07-22,bathroomgraffiti,fra,bougie anti connard,2,0,2,final
2026-07-23,bathroomgraffiti,fra,bougie anti connard,2,0,1,final
2026-07-24,bathroomgraffiti,fra,bougie anti connard,2,0,4,final
2026-07-25,bathroomgraffiti,fra,bougie anti connard,2,0,1,final
2026-07-27,bathroomgraffiti,fra,bougie anti connard,2,0,3,final
2026-07-29,bathroomgraffiti,fra,bougie anti connard,2,0,1,final
2026-07-30,bathroomgraffiti,fra,bougie anti connard,2,1,3,final
2026-07-31,bathroomgraffiti,fra,bougie anti connard,2,0,3,final
2026-08-01,bathroomgraffiti,fra,bougie anti connard,2,1,2,final
2026-08-02,bathroomgraffiti,fra,bougie anti connard,3,0,2,final
2026-08-03,bathroomgraffiti,fra,bougie anti connard,2,0,3,final
2026-08-04,bathroomgraffiti,fra,bougie anti connard,2,1,1,final
2026-08-05,bathroomgraffiti,fra,bougie anti connard,2,0,1,final
2026-08-06,bathroomgraffiti,fra,bougie anti connard,2,1,3,final
2026-08-08,bathroomgraffiti,fra,bougie anti connard,2,0,3,final
2026-08-09,bathroomgraffiti,fra,bougie anti connard,2.2,0,5,final
2026-08-10,bathroomgraffiti,fra,bougie anti connard,2,1,3,final
2026-08-11,bathroomgraffiti,fra,bougie anti connard,2,0,1,final
2026-08-12,bathroomgraffiti,fra,bougie anti connard,2,0,1,final
2026-08-14,bathroomgraffiti,fra,bougie anti connard,2,0,4,final
2026-08-15,bathroomgraffiti,fra,bougie anti connard,2,0,1,final
2026-08-16,bathroomgraffiti,fra,bougie anti connard,2,0,1,final
2026-08-18,bathroomgraffiti,fra,bougie anti connard,2,1,4,final
2026-08-19,bathroomgraffiti,fra,bougie anti connard,2,0,2,final
2026-08-20,bathroomgraffiti,fra,bougie anti connard,2,1,4,final
2026-08-21,bathroomgraffiti,fra,bougie anti connard,2,0,1,final
2026-08-22,bathroomgraffiti,fra,bougie anti connard,1,0,1,final
2026-08-24,bathroomgraffiti,fra,bougie anti connard,1.5,1,2,final
2026-08-26,bathroomgraffiti,fra,bougie anti connard,1.5,1,2,final
2026-08-27,bathroomgraffiti,fra,bougie anti connard,2,0,2,final
2026-08-28,bathroomgraffiti,fra,bougie anti connard,1.5,0,2,final
2026-08-29,bathroomgraffiti,fra,bougie anti connard,1.8,1,4,final
2026-08-30,bathroomgraffiti,fra,bougie anti connard,1.5,0,2,final
2026-09-01,bathroomgraffiti,fra,bougie anti connard,1,0,3,final
2026-09-03,bathroomgraffiti,fra,bougie anti connard,1,0,2,final
2026-09-05,bathroomgraffiti,fra,bougie anti connard,1.7,0,3,final
2026-09-06,bathroomgraffiti,fra,bougie anti connard,2,1,3,final
2026-09-07,bathroomgraffiti,fra,bougie anti connard,1.5,0,2,final
2026-09-08,bathroomgraffiti,fra,bougie anti connard,2,0,2,final
2026-09-09,bathroomgraffiti,fra,bougie anti connard,2,0,5,final
2026-09-10,bathroomgraffiti,fra,bougie anti connard,2,0,2,final
2026-09-11,bathroomgraffiti,fra,bougie anti connard,2,0,1,final
2026-09-12,bathroomgraffiti,fra,bougie anti connard,2,1,3,final
2026-09-13,bathroomgraffiti,fra,bougie anti connard,2,0,1,final
2026-09-14,bathroomgraffiti,fra,bougie anti connard,2,0,1,final
2026-09-15,bathroomgraffiti,fra,bougie anti connard,2,1,4,final
2026-09-17,bathroomgraffiti,fra,bougie anti connard,2,2,11,final
2026-09-19,bathroomgraffiti,fra,bougie anti connard,2,0,4,final
2026-09-21,bathroomgraffiti,fra,bougie anti connard,2,0,3,final
2026-09-22,bathroomgraffiti,fra,bougie anti connard,2,0,2,final
2026-09-23,bathroomgraffiti,fra,bougie anti connard,2,0,6,final
2026-09-25,bathroomgraffiti,fra,bougie anti connard,2,0,2,final
2026-09-26,bathroomgraffiti,fra,bougie anti connard,2.2,0,6,final
2026-09-27,bathroomgraffiti,fra,bougie anti connard,2.1,0,8,final
2026-09-28,bathroomgraffiti,fra,bougie anti connard,2,0,3,final
2026-09-29,bathroomgraffiti,fra,bougie anti connard,2.7,0,3,final
2026-09-30,bathroomgraffiti,fra,bougie anti connard,4,0,2,final
2026-10-01,bathroomgraffiti,fra,bougie anti connard,3.5,0,2,final
2026-10-03,bathroomgraffiti,fra,bougie anti connard,3.7,0,3,final
2026-10-04,bathroomgraffiti,fra,bougie anti connard,4,0,1,fresh
2026-10-05,bathroomgraffiti,fra,bougie anti connard,3.2,0,4,fresh
2025-06-13,bathroomgraffiti,fra,graffiti bathroom,1,0,1,final
2025-06-16,bathroomgraffiti,fra,graffiti bathroom,1,1,1,final
2025-06-18,bathroomgraffiti,fra,graffiti bathroom,1,1,1,final
2025-06-19,bathroomgraffiti,fra,graffiti bathroom,1,2,2,final
2025-06-20,bathroomgraffiti,fra,graffiti bathroom,1,3,3,final
2025-06-21,bathroomgraffiti,fra,graffiti bathroom,1,2,2,final
2025-06-23,bathroomgraffiti,fra,graffiti bathroom,1,2,2,final
2025-06-24,bathroomgraffiti,fra,graffiti bathroom,1,1,2,final
2025-06-25,bathroomgraffiti,fra,graffiti bathroom,1,1,2,final
2025-06-26,bathroomgraffiti,fra,graffiti bathroom,1,0,1,final
2025-06-27,bathroomgraffiti,fra,graffiti bathroom,1,1,1,final
2025-06-28,bathroomgraffiti,fra,graffiti bathroom,1,2,2,final
2025-06-30,bathroomgraffiti,fra,graffiti bathroom,1,1,3,final
2025-07-01,bathroomgraffiti,fra,graffiti bathroom,1,2,3,final
2025-07-02,bathroomgraffiti,fra,graffiti bathroom,1,1,2,final
2025-07-03,bathroomgraffiti,fra,graffiti bathroom,1,1,2,final
2025-07-04,bathroomgraffiti,fra,graffiti bathroom,1,0,1,final
2025-07-05,bathroomgraffiti,fra,graffiti bathroom,1,2,3,final
2025-07-06,bathroomgraffiti,fra,graffiti bathroom,1,1,1,final
2025-07-07,bathroomgraffiti,fra,graffiti bathroom,1,3,4,final
2025-07-08,bathroomgraffiti,fra,graffiti bathroom,1,0,1,final
2025-07-09,bathroomgraffiti,fra,graffiti bathroom,1,0,1,final
2025-07-10,bathroomgraffiti,fra,graffiti bathroom,1,3,6,final
2025-07-11,bathroomgraffiti,fra,graffiti bathroom,1,0,1,final
2025-07-13,bathroomgraffiti,fra,graffiti bathroom,1,1,1,final
2025-07-14,bathroomgraffiti,fra,graffiti bathroom,1,0,2,final
2025-07-16,bathroomgraffiti,fra,graffiti bathroom,1,2,2,final
2025-07-18,bathroomgraffiti,fra,graffiti bathroom,1,0,2,final
2025-07-20,bathroomgraffiti,fra,graffiti bathroom,1,2,3,final
2025-07-21,bathroomgraffiti,fra,graffiti bathroom,1,1,2,final
2025-07-23,bathroomgraffiti,fra,graffiti bathroom,1,1,1,final
2025-07-24,bathroomgraffiti,fra,graffiti bathroom,1,0,3,final
2025-07-26,bathroomgraffiti,fra,graffiti bathroom,1,0,1,final
2025-07-27,bathroomgraffiti,fra,graffiti bathroom,1,1,3,final
2025-07-28,bathroomgraffiti,fra,graffiti bathroom,1,2,2,final
2025-07-30,bathroomgraffiti,fra,graffiti bathroom,1,1,2,final
2025-07-31,bathroomgraffiti,fra,graffiti bathroom,1,2,2,final
2025-08-01,bathroomgraffiti,fra,graffiti bathroom,1,0,1,final
2025-08-04,bathroomgraffiti,fra,graffiti bathroom,1,0,2,final
2025-08-05,bathroomgraffiti,fra,graffiti bathroom,1,1,1,final
2025-08-06,bathroomgraffiti,fra,graffiti bathroom,1,1,1,final
2025-08-09,bathroomgraffiti,fra,graffiti bathroom,1,0,1,final
2025-08-10,bathroomgraffiti,fra,graffiti bathroom,1,1,2,final
2025-08-11,bathroomgraffiti,fra,graffiti bathroom,1,0,1,final
2025-08-14,bathroomgraffiti,fra,graffiti bathroom,1,0,1,final
2025-08-15,bathroomgraffiti,fra,graffiti bathroom,1,1,1,final
2025-08-19,bathroomgraffiti,fra,graffiti bathroom,1,1,1,final
2025-08-20,bathroomgraffiti,fra,graffiti bathroom,1,1,2,final
2025-08-21,bathroomgraffiti,fra,graffiti bathroom,1,1,2,final
2025-08-22,bathroomgraffiti,fra,graffiti bathroom,1,1,1,final
2025-08-23,bathroomgraffiti,fra,graffiti bathroom,1,0,1,final
2025-08-24,bathroomgraffiti,fra,graffiti bathroom,1,0,1,final
2025-08-27,bathroomgraffiti,fra,graffiti bathroom,1,2,3,final
2025-08-28,bathroomgraffiti,fra,graffiti bathroom,1,0,1,final
2025-08-31,bathroomgraffiti,fra,graffiti bathroom,1,0,1,final
2025-09-03,bathroomgraffiti,fra,graffiti bathroom,1,1,2,final
2025-09-04,bathroomgraffiti,fra,graffiti bathroom,1,0,1,final
2025-09-05,bathroomgraffiti,fra,graffiti bathroom,1,1,2,final
2025-09-07,bathroomgraffiti,fra,graffiti bathroom,1,1,1,final
2025-09-09,bathroomgraffiti,fra,graffiti bathroom,1,1,1,final
2025-09-11,bathroomgraffiti,fra,graffiti bathroom,1,2,3,final
2025-09-12,bathroomgraffiti,fra,graffiti bathroom,1,1,2,final
2025-09-13,bathroomgraffiti,fra,graffiti bathroom,1,2,4,final
2025-09-14,bathroomgraffiti,fra,graffiti bathroom,1,1,1,final
2025-09-15,bathroomgraffiti,fra,graffiti bathroom,1,0,2,final
2025-09-16,bathroomgraffiti,fra,graffiti bathroom,1,1,1,final
2025-09-18,bathroomgraffiti,fra,graffiti bathroom,1,1,1,final
2025-09-20,bathroomgraffiti,fra,graffiti bathroom,1,1,1,final
2025-09-25,bathroomgraffiti,fra,graffiti bathroom,1,0,1,final
2025-09-26,bathroomgraffiti,fra,graffiti bathroom,1,1,1,final
2025-09-27,bathroomgraffiti,fra,graffiti bathroom,1,2,2,final
2025-09-28,bathroomgraffiti,fra,graffiti bathroom,1,2,3,final
2025-09-30,bathroomgraffiti,fra,graffiti bathroom,1,2,2,final
2025-10-01,bathroomgraffiti,fra,graffiti bathroom,1,2,2,final
2025-10-02,bathroomgraffiti,fra,graffiti bathroom,1,0,1,final
2025-10-03,bathroomgraffiti,fra,graffiti bathroom,1,1,2,final
2025-10-08,bathroomgraffiti,fra,graffiti bathroom,1,1,1,final
2025-10-10,bathroomgraffiti,fra,graffiti bathroom,1,1,1,final
2025-10-12,bathroomgraffiti,fra,graffiti bathroom,1,1,2,final
2025-10-13,bathroomgraffiti,fra,graffiti bathroom,1,1,1,final
2025-10-14,bathroomgraffiti,fra,graffiti bathroom,1,0,1,final
2025-10-16,bathroomgraffiti,fra,graffiti bathroom,1,1,1,final
2025-10-17,bathroomgraffiti,fra,graffiti bathroom,1,0,1,final
2025-10-18,bathroomgraffiti,fra,graffiti bathroom,1,0,1,final
2025-10-21,bathroomgraffiti,fra,graffiti bathroom,1,0,1,final
2025-10-22,bathroomgraffiti,fra,graffiti bathroom,1,0,1,final
2025-10-23,bathroomgraffiti,fra,graffiti bathroom,1,1,2,final
2025-10-25,bathroomgraffiti,fra,graffiti bathroom,1,0,1,final
2025-10-26,bathroomgraffiti,fra,graffiti bathroom,1,1,1,final
2025-10-27,bathroomgraffiti,fra,graffiti bathroom,1,3,3,final
2025-10-29,bathroomgraffiti,fra,graffiti bathroom,1,1,1,final
2025-10-30,bathroomgraffiti,fra,graffiti bathroom,1,1,1,final
2025-11-02,bathroomgraffiti,fra,graffiti bathroom,1,0,1,final
2025-11-03,bathroomgraffiti,fra,graffiti bathroom,1,1,2,final
2025-11-04,bathroomgraffiti,fra,graffiti bathroom,1,0,1,final
2025-11-05,bathroomgraffiti,fra,graffiti bathroom,1,1,1,final
2025-11-06,bathroomgraffiti,fra,graffiti bathroom,1,0,1,final
2025-11-07,bathroomgraffiti,fra,graffiti bathroom,1,1,1,final
2025-11-09,bathroomgraffiti,fra,graffiti bathroom,1,1,1,final
2025-11-10,bathroomgraffiti,fra,graffiti bathroom,1,1,2,final
2025-11-11,bathroomgraffiti,fra,graffiti bathroom,1,1,1,final
2025-11-13,bathroomgraffiti,fra,graffiti bathroom,1,0,1,final
2025-11-14,bathroomgraffiti,fra,graffiti bathroom,1,1,2,final
2025-11-15,bathroomgraffiti,fra,graffiti bathroom,1,2,4,final
2025-11-17,bathroomgraffiti,fra,graffiti bathroom,1,1,1,final
2025-11-19,bathroomgraffiti,fra,graffiti bathroom,1,3,3,final
2025-11-20,bathroomgraffiti,fra,graffiti bathroom,1,1,1,final
2025-11-21,bathroomgraffiti,fra,graffiti bathroom,1,1,1,final
2025-11-22,bathroomgraffiti,fra,graffiti bathroom,1,0,1,final
2025-11-23,bathroomgraffiti,fra,graffiti bathroom,1,1,1,final
2025-11-25,bathroomgraffiti,fra,graffiti bathroom,1,1,2,final
2025-11-27,bathroomgraffiti,fra,graffiti bathroom,1,1,2,final
2025-11-28,bathroomgraffiti,fra,graffiti bathroom,1,2,2,final
2025-12-01,bathroomgraffiti,fra,graffiti bathroom,1,2,2,final
2025-12-02,bathroomgraffiti,fra,graffiti bathroom,1,1,1,final
2025-12-04,bathroomgraffiti,fra,graffiti bathroom,1,1,1,final
2025-12-05,bathroomgraffiti,fra,graffiti bathroom,1,5,6,final
2025-12-06,bathroomgraffiti,fra,graffiti bathroom,1,1,2,final
2025-12-08,bathroomgraffiti,fra,graffiti bathroom,1,3,3,final
2025-12-09,bathroomgraffiti,fra,graffiti bathroom,1,2,2,final
2025-12-10,bathroomgraffiti,fra,graffiti bathroom,1,0,1,final
2025-12-11,bathroomgraffiti,fra,graffiti bathroom,1,4,4,final
2025-12-13,bathroomgraffiti,fra,graffiti bathroom,1,1,3,final
2025-12-14,bathroomgraffiti,fra,graffiti bathroom,1,0,5,final
2025-12-15,bathroomgraffiti,fra,graffiti bathroom,1,1,2,final
2025-12-16,bathroomgraffiti,fra,graffiti bathroom,1,2,4,final
2025-12-17,bathroomgraffiti,fra,graffiti bathroom,1,1,2,final
2025-12-18,bathroomgraffiti,fra,graffiti bathroom,1,0,2,final
2025-12-19,bathroomgraffiti,fra,graffiti bathroom,1,1,4,final
2025-12-20,bathroomgraffiti,fra,graffiti bathroom,1,2,3,final
2025-12-21,bathroomgraffiti,fra,graffiti bathroom,1,2,3,final
2025-12-22,bathroomgraffiti,fra,graffiti bathroom,1,4,4,final
2025-12-23,bathroomgraffiti,fra,graffiti bathroom,1,2,4,final
2025-12-24,bathroomgraffiti,fra,graffiti bathroom,1,1,1,final
2025-12-28,bathroomgraffiti,fra,graffiti bathroom,1,1,1,final
2026-01-03,bathroomgraffiti,fra,graffiti bathroom,1,1,2,final
2026-01-04,bathroomgraffiti,fra,graffiti bathroom,1,1,1,final
2026-01-06,bathroomgraffiti,fra,graffiti bathroom,1,1,1,final
2026-01-09,bathroomgraffiti,fra,graffiti bathroom,1,1,1,final
2026-01-10,bathroomgraffiti,fra,graffiti bathroom,1,0,1,final
2026-01-11,bathroomgraffiti,fra,graffiti bathroom,1,0,1,final
2026-01-12,bathroomgraffiti,fra,graffiti bathroom,1,1,1,final
2026-01-13,bathroomgraffiti,fra,graffiti bathroom,1,1,2,final
2026-01-15,bathroomgraffiti,fra,graffiti bathroom,4.3,1,3,final
2026-01-16,bathroomgraffiti,fra,graffiti bathroom,1,2,2,final
2026-01-17,bathroomgraffiti,fra,graffiti bathroom,1,2,4,final
2026-01-18,bathroomgraffiti,fra,graffiti bathroom,1,0,1,final
2026-01-19,bathroomgraffiti,fra,graffiti bathroom,1,1,1,final
2026-01-20,bathroomgraffiti,fra,graffiti bathroom,1,1,1,final
2026-01-21,bathroomgraffiti,fra,graffiti bathroom,1,0,2,final
2026-01-25,bathroomgraffiti,fra,graffiti bathroom,1,0,1,final
2026-01-26,bathroomgraffiti,fra,graffiti bathroom,1,1,3,final
2026-01-27,bathroomgraffiti,fra,graffiti bathroom,1,0,1,final
2026-01-29,bathroomgraffiti,fra,graffiti bathroom,1,0,2,final
2026-01-30,bathroomgraffiti,fra,graffiti bathroom,1,1,3,final
2026-01-31,bathroomgraffiti,fra,graffiti bathroom,1,0,2,final
2026-02-01,bathroomgraffiti,fra,graffiti bathroom,1,0,1,final
2026-02-06,bathroomgraffiti,fra,graffiti bathroom,1,1,2,final
2026-02-08,bathroomgraffiti,fra,graffiti bathroom,1,0,3,final
2026-02-09,bathroomgraffiti,fra,graffiti bathroom,1,1,2,final
2026-02-10,bathroomgraffiti,fra,graffiti bathroom,1,1,3,final
2026-02-13,bathroomgraffiti,fra,graffiti bathroom,1,0,3,final
2026-02-14,bathroomgraffiti,fra,graffiti bathroom,1,0,1,final
2026-02-15,bathroomgraffiti,fra,graffiti bathroom,1,0,1,final
2026-02-17,bathroomgraffiti,fra,graffiti bathroom,1,1,2,final
2026-02-19,bathroomgraffiti,fra,graffiti bathroom,1.5,0,2,final
2026-02-21,bathroomgraffiti,fra,graffiti bathroom,1,0,2,final
2026-02-24,bathroomgraffiti,fra,graffiti bathroom,1,0,4,final
2026-02-25,bathroomgraffiti,fra,graffiti bathroom,1,0,1,final
2026-02-26,bathroomgraffiti,fra,graffiti bathroom,1,1,2,final
2026-02-27,bathroomgraffiti,fra,graffiti bathroom,1,0,1,final
2026-03-01,bathroomgraffiti,fra,graffiti bathroom,1,0,1,final
2026-03-02,bathroomgraffiti,fra,graffiti bathroom,1,1,2,final
2026-03-03,bathroomgraffiti,fra,graffiti bathroom,1,0,1,final
2026-03-04,bathroomgraffiti,fra,graffiti bathroom,1,0,1,final
2026-03-07,bathroomgraffiti,fra,graffiti bathroom,1,0,1,final
2026-03-11,bathroomgraffiti,fra,graffiti bathroom,1,1,1,final
2026-03-12,bathroomgraffiti,fra,graffiti bathroom,1,1,1,final
2026-03-13,bathroomgraffiti,fra,graffiti bathroom,1,0,1,final
2026-03-19,bathroomgraffiti,fra,graffiti bathroom,1,0,1,final
2026-03-21,bathroomgraffiti,fra,graffiti bathroom,1,0,3,final
2026-03-22,bathroomgraffiti,fra,graffiti bathroom,1,1,3,final
2026-03-23,bathroomgraffiti,fra,graffiti bathroom,1,0,1,final
2026-03-25,bathroomgraffiti,fra,graffiti bathroom,1,0,1,final
2026-04-02,bathroomgraffiti,fra,graffiti bathroom,6,0,2,final
2026-04-04,bathroomgraffiti,fra,graffiti bathroom,1,0,2,final
2026-04-05,bathroomgraffiti,fra,graffiti bathroom,1,1,1,final
2026-04-06,bathroomgraffiti,fra,graffiti bathroom,1,0,1,final
2026-04-09,bathroomgraffiti,fra,graffiti bathroom,1,1,1,final
2026-04-11,bathroomgraffiti,fra,graffiti bathroom,1,0,2,final
2026-04-12,bathroomgraffiti,fra,graffiti bathroom,1,0,2,final
2026-04-13,bathroomgraffiti,fra,graffiti bathroom,1,0,1,final
2026-04-14,bathroomgraffiti,fra,graffiti bathroom,1,0,2,final
2026-04-17,bathroomgraffiti,fra,graffiti bathroom,1,1,1,final
2026-04-18,bathroomgraffiti,fra,graffiti bathroom,1,0,3,final
2026-04-23,bathroomgraffiti,fra,graffiti bathroom,1,0,2,final
2026-04-24,bathroomgraffiti,fra,graffiti bathroom,1,0,2,final
2026-04-25,bathroomgraffiti,fra,graffiti bathroom,1,0,2,final
2026-04-26,bathroomgraffiti,fra,graffiti bathroom,6,0,4,final
2026-04-30,bathroomgraffiti,fra,graffiti bathroom,1,0,1,final
2026-05-03,bathroomgraffiti,fra,graffiti bathroom,1,1,1,final
2026-05-05,bathroomgraffiti,fra,graffiti bathroom,1,0,1,final
2026-05-06,bathroomgraffiti,fra,graffiti bathroom,2.4,0,7,final
2026-05-07,bathroomgraffiti,fra,graffiti bathroom,1,0,3,final
2026-05-09,bathroomgraffiti,fra,graffiti bathroom,1,0,1,final
2026-05-10,bathroomgraffiti,fra,graffiti bathroom,1,0,1,final
2026-05-13,bathroomgraffiti,fra,graffiti bathroom,1,0,1,final
2026-05-14,bathroomgraffiti,fra,graffiti bathroom,1,0,1,final
2026-05-15,bathroomgraffiti,fra,graffiti bathroom,1,0,1,final
2026-05-19,bathroomgraffiti,fra,graffiti bathroom,6,0,2,final
2026-05-21,bathroomgraffiti,fra,graffiti bathroom,1,0,1,final
2026-05-24,bathroomgraffiti,fra,graffiti bathroom,1,1,1,final
2026-05-25,bathroomgraffiti,fra,graffiti bathroom,1,0,1,final
2026-05-26,bathroomgraffiti,fra,graffiti bathroom,1,2,2,final
2026-05-27,bathroomgraffiti,fra,graffiti bathroom,1,1,2,final
2026-05-28,bathroomgraffiti,fra,graffiti bathroom,1,0,3,final
2026-05-29,bathroomgraffiti,fra,graffiti bathroom,1,1,1,final
2026-05-30,bathroomgraffiti,fra,graffiti bathroom,1,0,1,final
2026-05-31,bathroomgraffiti,fra,graffiti bathroom,1,1,1,final
2026-06-03,bathroomgraffiti,fra,graffiti bathroom,1,0,2,final
2026-06-04,bathroomgraffiti,fra,graffiti bathroom,1,0,1,final
2026-06-05,bathroomgraffiti,fra,graffiti bathroom,1,0,1,final
2026-06-06,bathroomgraffiti,fra,graffiti bathroom,1,0,1,final
2026-06-07,bathroomgraffiti,fra,graffiti bathroom,1,0,1,final
2026-06-08,bathroomgraffiti,fra,graffiti bathroom,1,0,1,final
2026-06-09,bathroomgraffiti,fra,graffiti bathroom,1,0,3,final
2026-06-11,bathroomgraffiti,fra,graffiti bathroom,1,0,1,final
2026-06-12,bathroomgraffiti,fra,graffiti bathroom,1,2,2,final
2026-06-13,bathroomgraffiti,fra,graffiti bathroom,1,0,2,final
2026-06-14,bathroomgraffiti,fra,graffiti bathroom,1,0,2,final
2026-06-16,bathroomgraffiti,fra,graffiti bathroom,1,0,1,final
2026-06-17,bathroomgraffiti,fra,graffiti bathroom,1,0,2,final
2026-06-18,bathroomgraffiti,fra,graffiti bathroom,1,0,2,final
2026-06-21,bathroomgraffiti,fra,graffiti bathroom,1,0,2,final
2026-06-22,bathroomgraffiti,fra,graffiti bathroom,1,1,1,final
2026-06-24,bathroomgraffiti,fra,graffiti bathroom,1,0,1,final
2026-06-25,bathroomgraffiti,fra,graffiti bathroom,1,0,2,final
2026-06-27,bathroomgraffiti,fra,graffiti bathroom,1,1,1,final
2026-06-28,bathroomgraffiti,fra,graffiti bathroom,1,0,3,final
2026-07-01,bathroomgraffiti,fra,graffiti bathroom,1,1,1,final
2026-07-02,bathroomgraffiti,fra,graffiti bathroom,1,1,1,final
2026-07-03,bathroomgraffiti,fra,graffiti bathroom,1,1,1,final
2026-07-06,bathroomgraffiti,fra,graffiti bathroom,1,2,5,final
2026-07-08,bathroomgraffiti,fra,graffiti bathroom,1,2,3,final
2026-07-09,bathroomgraffiti,fra,graffiti bathroom,1,1,2,final
2026-07-10,bathroomgraffiti,fra,graffiti bathroom,1,3,3,final
2026-07-11,bathroomgraffiti,fra,graffiti bathroom,1,1,1,final
2026-07-15,bathroomgraffiti,fra,graffiti bathroom,1,1,1,final
2026-07-16,bathroomgraffiti,fra,graffiti bathroom,1,1,1,final
2026-07-17,bathroomgraffiti,fra,graffiti bathroom,1.5,1,2,final
2026-07-19,bathroomgraffiti,fra,graffiti bathroom,1,0,2,final
2026-07-20,bathroomgraffiti,fra,graffiti bathroom,1,1,1,final
2026-07-24,bathroomgraffiti,fra,graffiti bathroom,1,1,1,final
2026-07-25,bathroomgraffiti,fra,graffiti bathroom,1,0,1,final
2026-07-26,bathroomgraffiti,fra,graffiti bathroom,1,2,2,final
2026-07-27,bathroomgraffiti,fra,graffiti bathroom,1,1,1,final
2026-07-29,bathroomgraffiti,fra,graffiti bathroom,1,1,2,final
2026-07-30,bathroomgraffiti,fra,graffiti bathroom,1,1,1,final
2026-08-01,bathroomgraffiti,fra,graffiti bathroom,1,0,1,final
2026-08-02,bathroomgraffiti,fra,graffiti bathroom,1,2,2,final
2026-08-05,bathroomgraffiti,fra,graffiti bathroom,1,1,2,final
2026-08-07,bathroomgraffiti,fra,graffiti bathroom,1,1,1,final
2026-08-08,bathroomgraffiti,fra,graffiti bathroom,1,1,1,final
2026-08-10,bathroomgraffiti,fra,graffiti bathroom,1,1,1,final
2026-08-11,bathroomgraffiti,fra,graffiti bathroom,1,0,1,final
2026-08-12,bathroomgraffiti,fra,graffiti bathroom,1,0,1,final
2026-08-13,bathroomgraffiti,fra,graffiti bathroom,1,1,1,final
2026-08-14,bathroomgraffiti,fra,graffiti bathroom,1,0,2,final
2026-08-21,bathroomgraffiti,fra,graffiti bathroom,1,1,3,final
2026-08-23,bathroomgraffiti,fra,graffiti bathroom,1,0,1,final
2026-08-26,bathroomgraffiti,fra,graffiti bathroom,1,0,1,final
2026-08-27,bathroomgraffiti,fra,graffiti bathroom,1,0,1,final
2026-08-28,bathroomgraffiti,fra,graffiti bathroom,1,2,3,final
2026-08-30,bathroomgraffiti,fra,graffiti bathroom,1,1,1,final
2026-09-01,bathroomgraffiti,fra,graffiti bathroom,1,2,2,final
2026-09-02,bathroomgraffiti,fra,graffiti bathroom,1,1,1,final
2026-09-04,bathroomgraffiti,fra,graffiti bathroom,1,1,1,final
2026-09-06,bathroomgraffiti,fra,graffiti bathroom,1,0,1,final
2026-09-07,bathroomgraffiti,fra,graffiti bathroom,1,2,2,final
2026-09-08,bathroomgraffiti,fra,graffiti bathroom,1,1,1,final
2026-09-09,bathroomgraffiti,fra,graffiti bathroom,1,1,1,final
2026-09-10,bathroomgraffiti,fra,graffiti bathroom,1,0,1,final
2026-09-11,bathroomgraffiti,fra,graffiti bathroom,1,1,1,final
2026-09-12,bathroomgraffiti,fra,graffiti bathroom,1,1,1,final
2026-09-13,bathroomgraffiti,fra,graffiti bathroom,1,1,1,final
2026-09-16,bathroomgraffiti,fra,graffiti bathroom,1,0,1,final
2026-09-18,bathroomgraffiti,fra,graffiti bathroom,1,0,2,final
2026-09-19,bathroomgraffiti,fra,graffiti bathroom,1,1,1,final
2026-09-23,bathroomgraffiti,fra,graffiti bathroom,1,0,1,final
2026-09-25,bathroomgraffiti,fra,graffiti bathroom,1,1,2,final
2026-09-28,bathroomgraffiti,fra,graffiti bathroom,2,0,1,final
2026-09-29,bathroomgraffiti,fra,graffiti bathroom,1,0,1,final
2026-09-30,bathroomgraffiti,fra,graffiti bathroom,1,2,2,final
2026-10-02,bathroomgraffiti,fra,graffiti bathroom,1,2,3,final
2026-10-03,bathroomgraffiti,fra,graffiti bathroom,1,2,2,final
2026-10-04,bathroomgraffiti,fra,graffiti bathroom,1,0,1,fresh
2026-10-05,bathroomgraffiti,fra,graffiti bathroom,1,1,1,fresh
2025-06-12,bathroomgraffiti,fra,ichendorf milano,4.7,0,21,final
2025-06-13,bathroomgraffiti,fra,ichendorf milano,4.2,0,13,final
2025-06-14,bathroomgraffiti,fra,ichendorf milano,4.3,0,18,final
2025-06-15,bathroomgraffiti,fra,ichendorf milano,4.4,0,23,final
2025-06-16,bathroomgraffiti,fra,ichendorf milano,4.3,0,15,final
2025-06-17,bathroomgraffiti,fra,ichendorf milano,4.4,0,18,final
2025-06-18,bathroomgraffiti,fra,ichendorf milano,4.4,0,8,final
2025-06-19,bathroomgraffiti,fra,ichendorf milano,4.3,0,19,final
2025-06-20,bathroomgraffiti,fra,ichendorf milano,4.3,1,15,final
2025-06-21,bathroomgraffiti,fra,ichendorf milano,4.3,0,27,final
2025-06-22,bathroomgraffiti,fra,ichendorf milano,4.2,1,20,final
2025-06-23,bathroomgraffiti,fra,ichendorf milano,4.1,0,21,final
2025-06-24,bathroomgraffiti,fra,ichendorf milano,4.1,1,15,final
2025-06-25,bathroomgraffiti,fra,ichendorf milano,4,1,17,final
2025-06-26,bathroomgraffiti,fra,ichendorf milano,3.6,1,17,final
2025-06-27,bathroomgraffiti,fra,ichendorf milano,3.9,0,18,final
2025-06-28,bathroomgraffiti,fra,ichendorf milano,3.8,0,24,final
2025-06-29,bathroomgraffiti,fra,ichendorf milano,4.8,1,12,final
2025-06-30,bathroomgraffiti,fra,ichendorf milano,3.7,2,17,final
2025-07-01,bathroomgraffiti,fra,ichendorf milano,4.1,0,19,final
2025-07-02,bathroomgraffiti,fra,ichendorf milano,4.5,0,16,final
2025-07-03,bathroomgraffiti,fra,ichendorf milano,5.3,0,14,final
2025-07-04,bathroomgraffiti,fra,ichendorf milano,4.7,0,15,final
2025-07-05,bathroomgraffiti,fra,ichendorf milano,3.9,0,21,final
2025-07-06,bathroomgraffiti,fra,ichendorf milano,5.1,0,27,final
2025-07-07,bathroomgraffiti,fra,ichendorf milano,5.4,0,16,final
2025-07-08,bathroomgraffiti,fra,ichendorf milano,5.1,0,22,final
2025-07-09,bathroomgraffiti,fra,ichendorf milano,4.7,1,14,final
2025-07-10,bathroomgraffiti,fra,ichendorf milano,5.9,0,17,final
2025-07-11,bathroomgraffiti,fra,ichendorf milano,4.4,0,20,final
2025-07-12,bathroomgraffiti,fra,ichendorf milano,5.2,0,28,final
2025-07-13,bathroomgraffiti,fra,ichendorf milano,5.6,0,24,final
2025-07-14,bathroomgraffiti,fra,ichendorf milano,5.2,1,23,final
2025-07-15,bathroomgraffiti,fra,ichendorf milano,5.4,0,23,final
2025-07-16,bathroomgraffiti,fra,ichendorf milano,5.8,0,12,final
2025-07-17,bathroomgraffiti,fra,ichendorf milano,4.3,0,6,final
2025-07-18,bathroomgraffiti,fra,ichendorf milano,5.7,1,20,final
2025-07-19,bathroomgraffiti,fra,ichendorf milano,6.2,0,21,final
2025-07-20,bathroomgraffiti,fra,ichendorf milano,5.1,0,22,final
2025-07-21,bathroomgraffiti,fra,ichendorf milano,5.1,0,16,final
2025-07-22,bathroomgraffiti,fra,ichendorf milano,6.1,0,14,final
2025-07-23,bathroomgraffiti,fra,ichendorf milano,5.2,0,24,final
2025-07-24,bathroomgraffiti,fra,ichendorf milano,5.1,0,13,final
2025-07-25,bathroomgraffiti,fra,ichendorf milano,6.2,0,20,final
2025-07-26,bathroomgraffiti,fra,ichendorf milano,5.5,1,23,final
2025-07-27,bathroomgraffiti,fra,ichendorf milano,6.7,0,13,final
2025-07-28,bathroomgraffiti,fra,ichendorf milano,6.0,0,20,final
2025-07-29,bathroomgraffiti,fra,ichendorf milano,5.4,1,16,final
2025-07-30,bathroomgraffiti,fra,ichendorf milano,6.7,0,15,final
2025-07-31,bathroomgraffiti,fra,ichendorf milano,5.3,0,23,final
2025-08-01,bathroomgraffiti,fra,ichendorf milano,4.9,0,18,final
2025-08-02,bathroomgraffiti,fra,ichendorf milano,5.6,0,15,final
2025-08-03,bathroomgraffiti,fra,ichendorf milano,5.3,0,20,final
2025-08-04,bathroomgraffiti,fra,ichendorf milano,5.2,0,20,final
2025-08-05,bathroomgraffiti,fra,ichendorf milano,4.8,0,20,final
2025-08-06,bathroomgraffiti,fra,ichendorf milano,5.2,0,12,final
2025-08-07,bathroomgraffiti,fra,ichendorf milano,5,0,13,final
2025-08-08,bathroomgraffiti,fra,ichendorf milano,4.7,0,27,final
2025-08-09,bathroomgraffiti,fra,ichendorf milano,5.1,0,18,final
2025-08-10,bathroomgraffiti,fra,ichendorf milano,4.7,1,24,final
2025-08-11,bathroomgraffiti,fra,ichendorf milano,4.5,0,11,final
2025-08-12,bathroomgraffiti,fra,ichendorf milano,5.3,2,22,final
2025-08-13,bathroomgraffiti,fra,ichendorf milano,4.7,1,13,final
2025-08-14,bathroomgraffiti,fra,ichendorf milano,5,0,14,final
2025-08-15,bathroomgraffiti,fra,ichendorf milano,4.6,0,13,final
2025-08-16,bathroomgraffiti,fra,ichendorf milano,4.9,1,15,final
2025-08-17,bathroomgraffiti,fra,ichendorf milano,4.8,0,21,final
2025-08-18,bathroomgraffiti,fra,ichendorf milano,5.7,0,14,final
2025-08-19,bathroomgraffiti,fra,ichendorf milano,4.7,0,13,final
2025-08-20,bathroomgraffiti,fra,ichendorf milano,4.9,1,16,final
2025-08-21,bathroomgraffiti,fra,ichendorf milano,5.1,0,16,final
2025-08-22,bathroomgraffiti,fra,ichendorf milano,4.8,2,24,final
2025-08-23,bathroomgraffiti,fra,ichendorf milano,4.3,0,25,final
2025-08-24,bathroomgraffiti,fra,ichendorf milano,4.3,1,20,final
2025-08-25,bathroomgraffiti,fra,ichendorf milano,4.5,0,17,final
2025-08-26,bathroomgraffiti,fra,ichendorf milano,3.7,0,11,final
2025-08-27,bathroomgraffiti,fra,ichendorf milano,4.0,1,21,final
2025-08-28,bathroomgraffiti,fra,ichendorf milano,4.6,1,18,final
2025-08-29,bathroomgraffiti,fra,ichendorf milano,4.2,1,21,final
2025-08-30,bathroomgraffiti,fra,ichendorf milano,4.5,0,28,final
2025-08-31,bathroomgraffiti,fra,ichendorf milano,4.5,0,28,final
2025-09-01,bathroomgraffiti,fra,ichendorf milano,4.1,0,18,final
2025-09-02,bathroomgraffiti,fra,ichendorf milano,4.1,0,23,final
2025-09-03,bathroomgraffiti,fra,ichendorf milano,5,1,23,final
2025-09-04,bathroomgraffiti,fra,ichendorf milano,5.7,0,23,final
2025-09-05,bathroomgraffiti,fra,ichendorf milano,5.7,0,24,final
2025-09-06,bathroomgraffiti,fra,ichendorf milano,4.6,0,24,final
2025-09-07,bathroomgraffiti,fra,ichendorf milano,4.6,1,28,final
2025-09-08,bathroomgraffiti,fra,ichendorf milano,4.4,0,24,final
2025-09-09,bathroomgraffiti,fra,ichendorf milano,3.5,0,17,final
2025-09-10,bathroomgraffiti,fra,ichendorf milano,4.1,0,26,final
2025-09-11,bathroomgraffiti,fra,ichendorf milano,4.8,0,20,final
2025-09-12,bathroomgraffiti,fra,ichendorf milano,4.3,0,16,final
2025-09-13,bathroomgraffiti,fra,ichendorf milano,4.3,0,21,final
2025-09-14,bathroomgraffiti,fra,ichendorf milano,5.3,0,29,final
2025-09-15,bathroomgraffiti,fra,ichendorf milano,5.4,0,18,final
2025-09-16,bathroomgraffiti,fra,ichendorf milano,5.0,0,24,final
2025-09-17,bathroomgraffiti,fra,ichendorf milano,4,0,19,final
2025-09-18,bathroomgraffiti,fra,ichendorf milano,3.7,0,14,final
2025-09-19,bathroomgraffiti,fra,ichendorf milano,3.5,2,23,final
2025-09-20,bathroomgraffiti,fra,ichendorf milano,4.8,0,21,final
2025-09-21,bathroomgraffiti,fra,ichendorf milano,3.8,0,17,final
2025-09-22,bathroomgraffiti,fra,ichendorf milano,4,1,25,final
2025-09-23,bathroomgraffiti,fra,ichendorf milano,4.2,0,15,final
2025-09-24,bathroomgraffiti,fra,ichendorf milano,3.6,1,19,final
2025-09-25,bathroomgraffiti,fra,ichendorf milano,4.3,0,20,final
2025-09-26,bathroomgraffiti,fra,ichendorf milano,4.5,0,18,final
2025-09-27,bathroomgraffiti,fra,ichendorf milano,4.8,0,24,final
2025-09-28,bathroomgraffiti,fra,ichendorf milano,3.7,0,18,final
2025-09-29,bathroomgraffiti,fra,ichendorf milano,3.7,0,14,final
2025-09-30,bathroomgraffiti,fra,ichendorf milano,3.5,0,11,final
2025-10-01,bathroomgraffiti,fra,ichendorf milano,4,0,13,final
2025-10-02,bathroomgraffiti,fra,ichendorf milano,3.9,0,14,final
2025-10-03,bathroomgraffiti,fra,ichendorf milano,4.8,1,25,final
2025-10-04,bathroomgraffiti,fra,ichendorf milano,4.3,0,22,final
2025-10-05,bathroomgraffiti,fra,ichendorf milano,4.3,0,10,final
2025-10-06,bathroomgraffiti,fra,ichendorf milano,5,0,19,final
2025-10-07,bathroomgraffiti,fra,ichendorf milano,5.2,0,21,final
2025-10-08,bathroomgraffiti,fra,ichendorf milano,4,0,12,final
2025-10-09,bathroomgraffiti,fra,ichendorf milano,5.1,0,12,final
2025-10-10,bathroomgraffiti,fra,ichendorf milano,4.8,0,16,final
2025-10-11,bathroomgraffiti,fra,ichendorf milano,4.0,0,23,final
2025-10-12,bathroomgraffiti,fra,ichendorf milano,4.7,1,18,final
2025-10-13,bathroomgraffiti,fra,ichendorf milano,5.4,0,15,final
2025-10-14,bathroomgraffiti,fra,ichendorf milano,5.3,0,17,final
2025-10-15,bathroomgraffiti,fra,ichendorf milano,4.7,3,17,final
2025-10-16,bathroomgraffiti,fra,ichendorf milano,4.8,0,17,final
2025-10-17,bathroomgraffiti,fra,ichendorf milano,6.2,0,24,final
2025-10-18,bathroomgraffiti,fra,ichendorf milano,5.9,0,16,final
2025-10-19,bathroomgraffiti,fra,ichendorf milano,5.5,0,24,final
2025-10-20,bathroomgraffiti,fra,ichendorf milano,9.9,0,11,final
2025-10-21,bathroomgraffiti,fra,ichendorf milano,10.4,0,20,final
2025-10-22,bathroomgraffiti,fra,ichendorf milano,10.7,0,12,final
2025-10-23,bathroomgraffiti,fra,ichendorf milano,10.4,0,17,final
2025-10-24,bathroomgraffiti,fra,ichendorf milano,10.5,0,13,final
2025-10-25,bathroomgraffiti,fra,ichendorf milano,11.5,0,22,final
2025-10-26,bathroomgraffiti,fra,ichendorf milano,11.7,0,19,final
2025-10-27,bathroomgraffiti,fra,ichendorf milano,10.4,0,17,final
2025-10-28,bathroomgraffiti,fra,ichendorf milano,3.4,1,25,final
2025-10-29,bathroomgraffiti,fra,ichendorf milano,4.7,0,19,final
2025-10-30,bathroomgraffiti,fra,ichendorf milano,6.7,0,23,final
2025-10-31,bathroomgraffiti,fra,ichendorf milano,5.7,1,21,final
2025-11-01,bathroomgraffiti,fra,ichendorf milano,7.1,0,21,final
2025-11-02,bathroomgraffiti,fra,ichendorf milano,6.3,0,35,final
2025-11-03,bathroomgraffiti,fra,ichendorf milano,6.2,0,21,final
2025-11-04,bathroomgraffiti,fra,ichendorf milano,6.2,0,24,final
2025-11-05,bathroomgraffiti,fra,ichendorf milano,5.8,0,15,final
2025-11-06,bathroomgraffiti,fra,ichendorf milano,6.2,0,21,final
2025-11-07,bathroomgraffiti,fra,ichendorf milano,4.5,0,21,final
2025-11-08,bathroomgraffiti,fra,ichendorf milano,4.0,0,40,final
2025-11-09,bathroomgraffiti,fra,ichendorf milano,4.2,1,25,final
2025-11-10,bathroomgraffiti,fra,ichendorf milano,4.3,0,25,final
2025-11-11,bathroomgraffiti,fra,ichendorf milano,4.1,2,42,final
2025-11-12,bathroomgraffiti,fra,ichendorf milano,5,1,14,final
2025-11-13,bathroomgraffiti,fra,ichendorf milano,5.1,0,19,final
2025-11-14,bathroomgraffiti,fra,ichendorf milano,4.5,1,35,final
2025-11-15,bathroomgraffiti,fra,ichendorf milano,4.7,2,30,final
2025-11-16,bathroomgraffiti,fra,ichendorf milano,4.5,1,40,final
2025-11-17,bathroomgraffiti,fra,ichendorf milano,4.2,0,32,final
2025-11-18,bathroomgraffiti,fra,ichendorf milano,4.3,1,33,final
2025-11-19,bathroomgraffiti,fra,ichendorf milano,4.8,1,32,final
2025-11-20,bathroomgraffiti,fra,ichendorf milano,5.7,0,24,final
2025-11-21,bathroomgraffiti,fra,ichendorf milano,4.7,1,24,final
2025-11-22,bathroomgraffiti,fra,ichendorf milano,5.3,2,37,final
2025-11-23,bathroomgraffiti,fra,ichendorf milano,5.2,0,29,final
2025-11-24,bathroomgraffiti,fra,ichendorf milano,4.5,2,33,final
2025-11-25,bathroomgraffiti,fra,ichendorf milano,4.5,0,31,final
2025-11-26,bathroomgraffiti,fra,ichendorf milano,4.6,2,45,final
2025-11-27,bathroomgraffiti,fra,ichendorf milano,5.1,1,36,final
2025-11-28,bathroomgraffiti,fra,ichendorf milano,4.2,1,39,final
2025-11-29,bathroomgraffiti,fra,ichendorf milano,4.7,2,56,final
2025-11-30,bathroomgraffiti,fra,ichendorf milano,5.1,2,65,final
2025-12-01,bathroomgraffiti,fra,ichendorf milano,4.5,2,35,final
2025-12-02,bathroomgraffiti,fra,ichendorf milano,4.0,1,36,final
2025-12-03,bathroomgraffiti,fra,ichendorf milano,4.5,1,38,final
2025-12-04,bathroomgraffiti,fra,ichendorf milano,3.4,1,39,final
2025-12-05,bathroomgraffiti,fra,ichendorf milano,3.6,1,31,final
2025-12-06,bathroomgraffiti,fra,ichendorf milano,4.0,3,62,final
2025-12-07,bathroomgraffiti,fra,ichendorf milano,3.9,0,64,final
2025-12-08,bathroomgraffiti,fra,ichendorf milano,3.8,1,53,final
2025-12-09,bathroomgraffiti,fra,ichendorf milano,3.3,5,38,final
2025-12-10,bathroomgraffiti,fra,ichendorf milano,3.2,2,21,final
2025-12-11,bathroomgraffiti,fra,ichendorf milano,2.8,3,36,final
2025-12-12,bathroomgraffiti,fra,ichendorf milano,4.6,2,45,final
2025-12-13,bathroomgraffiti,fra,ichendorf milano,5.4,1,56,final
2025-12-14,bathroomgraffiti,fra,ichendorf milano,4.9,1,65,final
2025-12-15,bathroomgraffiti,fra,ichendorf milano,4.6,3,43,final
2025-12-16,bathroomgraffiti,fra,ichendorf milano,4.6,0,54,final
2025-12-17,bathroomgraffiti,fra,ichendorf milano,4.5,0,55,final
2025-12-18,bathroomgraffiti,fra,ichendorf milano,4.5,0,24,final
2025-12-19,bathroomgraffiti,fra,ichendorf milano,5.2,0,39,final
2025-12-20,bathroomgraffiti,fra,ichendorf milano,5.3,1,41,final
2025-12-21,bathroomgraffiti,fra,ichendorf milano,5.3,1,55,final
2025-12-22,bathroomgraffiti,fra,ichendorf milano,4.9,1,38,final
2025-12-23,bathroomgraffiti,fra,ichendorf milano,5.1,0,28,final
2025-12-24,bathroomgraffiti,fra,ichendorf milano,6.0,1,55,final
2025-12-25,bathroomgraffiti,fra,ichendorf milano,4.2,3,109,final
2025-12-26,bathroomgraffiti,fra,ichendorf milano,4.5,0,95,final
2025-12-27,bathroomgraffiti,fra,ichendorf milano,5.3,3,60,final
2025-12-28,bathroomgraffiti,fra,ichendorf milano,5.5,2,49,final
2025-12-29,bathroomgraffiti,fra,ichendorf milano,5.6,1,39,final
2025-12-30,bathroomgraffiti,fra,ichendorf milano,4.9,2,25,final
2025-12-31,bathroomgraffiti,fra,ichendorf milano,4.6,1,20,final
2026-01-01,bathroomgraffiti,fra,ichendorf milano,4.3,0,26,final
2026-01-02,bathroomgraffiti,fra,ichendorf milano,4.8,3,35,final
2026-01-03,bathroomgraffiti,fra,ichendorf milano,4.3,0,16,final
2026-01-04,bathroomgraffiti,fra,ichendorf milano,3.9,0,34,final
2026-01-05,bathroomgraffiti,fra,ichendorf milano,4,0,24,final
2026-01-06,bathroomgraffiti,fra,ichendorf milano,3.8,1,25,final
2026-01-07,bathroomgraffiti,fra,ichendorf milano,4.9,0,21,final
2026-01-08,bathroomgraffiti,fra,ichendorf milano,4.5,0,24,final
2026-01-09,bathroomgraffiti,fra,ichendorf milano,3.7,0,14,final
2026-01-10,bathroomgraffiti,fra,ichendorf milano,5.7,0,25,final
2026-01-11,bathroomgraffiti,fra,ichendorf milano,4.8,0,29,final
2026-01-12,bathroomgraffiti,fra,ichendorf milano,4.4,0,12,final
2026-01-13,bathroomgraffiti,fra,ichendorf milano,4.8,0,22,final
2026-01-14,bathroomgraffiti,fra,ichendorf milano,5.1,0,19,final
2026-01-15,bathroomgraffiti,fra,ichendorf milano,4.6,0,25,final
2026-01-16,bathroomgraffiti,fra,ichendorf milano,4.6,0,23,final
2026-01-17,bathroomgraffiti,fra,ichendorf milano,4.7,0,25,final
2026-01-18,bathroomgraffiti,fra,ichendorf milano,5.2,1,28,final
2026-01-19,bathroomgraffiti,fra,ichendorf milano,5.2,1,26,final
2026-01-20,bathroomgraffiti,fra,ichendorf milano,4.5,1,22,final
2026-01-21,bathroomgraffiti,fra,ichendorf milano,4.3,0,21,final
2026-01-22,bathroomgraffiti,fra,ichendorf milano,4.3,0,11,final
2026-01-23,bathroomgraffiti,fra,ichendorf milano,4.3,0,16,final
2026-01-24,bathroomgraffiti,fra,ichendorf milano,5.8,0,25,final
2026-01-25,bathroomgraffiti,fra,ichendorf milano,5.2,0,24,final
2026-01-26,bathroomgraffiti,fra,ichendorf milano,4,1,12,final
2026-01-27,bathroomgraffiti,fra,ichendorf milano,4.9,0,14,final
2026-01-28,bathroomgraffiti,fra,ichendorf milano,5.8,0,12,final
2026-01-29,bathroomgraffiti,fra,ichendorf milano,5.6,0,15,final
2026-01-30,bathroomgraffiti,fra,ichendorf milano,6.5,0,11,final
2026-01-31,bathroomgraffiti,fra,ichendorf milano,5.6,0,26,final
2026-02-01,bathroomgraffiti,fra,ichendorf milano,5.8,0,15,final
2026-02-02,bathroomgraffiti,fra,ichendorf milano,4.7,0,20,final
2026-02-03,bathroomgraffiti,fra,ichendorf milano,3.9,0,21,final
2026-02-04,bathroomgraffiti,fra,ichendorf milano,3.6,1,20,final
2026-02-05,bathroomgraffiti,fra,ichendorf milano,3.6,1,10,final
2026-02-06,bathroomgraffiti,fra,ichendorf milano,3,0,12,final
2026-02-07,bathroomgraffiti,fra,ichendorf milano,4.0,0,24,final
2026-02-08,bathroomgraffiti,fra,ichendorf milano,6.5,1,24,final
2026-02-09,bathroomgraffiti,fra,ichendorf milano,4.1,0,15,final
2026-02-10,bathroomgraffiti,fra,ichendorf milano,4.4,0,11,final
2026-02-11,bathroomgraffiti,fra,ichendorf milano,4.9,0,15,final
2026-02-12,bathroomgraffiti,fra,ichendorf milano,4.1,1,11,final
2026-02-13,bathroomgraffiti,fra,ichendorf milano,4.8,0,16,final
2026-02-14,bathroomgraffiti,fra,ichendorf milano,5.2,2,22,final
2026-02-15,bathroomgraffiti,fra,ichendorf milano,6.6,1,7,final
2026-02-16,bathroomgraffiti,fra,ichendorf milano,5.1,0,9,final
2026-02-17,bathroomgraffiti,fra,ichendorf milano,5.2,0,15,final
2026-02-18,bathroomgraffiti,fra,ichendorf milano,3.5,0,12,final
2026-02-19,bathroomgraffiti,fra,ichendorf milano,4.5,0,15,final
2026-02-20,bathroomgraffiti,fra,ichendorf milano,3.8,0,15,final
2026-02-21,bathroomgraffiti,fra,ichendorf milano,3,0,19,final
2026-02-22,bathroomgraffiti,fra,ichendorf milano,3.9,0,21,final
2026-02-23,bathroomgraffiti,fra,ichendorf milano,4.1,0,11,final
2026-02-24,bathroomgraffiti,fra,ichendorf milano,3.5,0,13,final
2026-02-25,bathroomgraffiti,fra,ichendorf milano,3.9,1,18,final
2026-02-26,bathroomgraffiti,fra,ichendorf milano,4.7,0,14,final
2026-02-27,bathroomgraffiti,fra,ichendorf milano,2.9,0,14,final
2026-02-28,bathroomgraffiti,fra,ichendorf milano,2.9,1,19,final
2026-03-01,bathroomgraffiti,fra,ichendorf milano,3.4,0,22,final
2026-03-02,bathroomgraffiti,fra,ichendorf milano,3.5,0,16,final
2026-03-03,bathroomgraffiti,fra,ichendorf milano,3.4,0,10,final
2026-03-04,bathroomgraffiti,fra,ichendorf milano,4.6,0,10,final
2026-03-05,bathroomgraffiti,fra,ichendorf milano,2.4,0,23,final
2026-03-06,bathroomgraffiti,fra,ichendorf milano,2.6,0,18,final
2026-03-07,bathroomgraffiti,fra,ichendorf milano,3.7,0,32,final
2026-03-08,bathroomgraffiti,fra,ichendorf milano,4.1,0,27,final
2026-03-09,bathroomgraffiti,fra,ichendorf milano,4.1,2,15,final
2026-03-10,bathroomgraffiti,fra,ichendorf milano,5.1,0,8,final
2026-03-11,bathroomgraffiti,fra,ichendorf milano,5.6,0,19,final
2026-03-12,bathroomgraffiti,fra,ichendorf milano,3.8,1,13,final
2026-03-13,bathroomgraffiti,fra,ichendorf milano,3.7,1,22,final
2026-03-14,bathroomgraffiti,fra,ichendorf milano,3.4,0,17,final
2026-03-15,bathroomgraffiti,fra,ichendorf milano,5.2,0,13,final
2026-03-16,bathroomgraffiti,fra,ichendorf milano,3,1,16,final
2026-03-17,bathroomgraffiti,fra,ichendorf milano,3.8,0,16,final
2026-03-18,bathroomgraffiti,fra,ichendorf milano,5.1,0,11,final
2026-03-19,bathroomgraffiti,fra,ichendorf milano,4.3,1,14,final
2026-03-20,bathroomgraffiti,fra,ichendorf milano,5.5,0,18,final
2026-03-21,bathroomgraffiti,fra,ichendorf milano,5.3,0,23,final
2026-03-22,bathroomgraffiti,fra,ichendorf milano,5.3,0,15,final
2026-03-23,bathroomgraffiti,fra,ichendorf milano,5.6,0,21,final
2026-03-24,bathroomgraffiti,fra,ichendorf milano,5.1,0,20,final
2026-03-25,bathroomgraffiti,fra,ichendorf milano,5,1,15,final
2026-03-26,bathroomgraffiti,fra,ichendorf milano,5.2,0,20,final
2026-03-27,bathroomgraffiti,fra,ichendorf milano,6,0,10,final
2026-03-28,bathroomgraffiti,fra,ichendorf milano,5.3,0,16,final
2026-03-29,bathroomgraffiti,fra,ichendorf milano,4.8,0,20,final
2026-03-30,bathroomgraffiti,fra,ichendorf milano,5.4,0,21,final
2026-03-31,bathroomgraffiti,fra,ichendorf milano,5.8,0,18,final
2026-04-01,bathroomgraffiti,fra,ichendorf milano,3.7,0,12,final
2026-04-02,bathroomgraffiti,fra,ichendorf milano,4.1,0,13,final
2026-04-03,bathroomgraffiti,fra,ichendorf milano,5.1,0,16,final
2026-04-04,bathroomgraffiti,fra,ichendorf milano,4.7,0,13,final
2026-04-05,bathroomgraffiti,fra,ichendorf milano,4.6,0,25,final
2026-04-06,bathroomgraffiti,fra,ichendorf milano,4.2,0,16,final
2026-04-07,bathroomgraffiti,fra,ichendorf milano,3.5,0,8,final
2026-04-08,bathroomgraffiti,fra,ichendorf milano,3.2,0,12,final
2026-04-09,bathroomgraffiti,fra,ichendorf milano,4.5,0,15,final
2026-04-10,bathroomgraffiti,fra,ichendorf milano,4.9,1,12,final
2026-04-11,bathroomgraffiti,fra,ichendorf milano,4.3,1,28,final
2026-04-12,bathroomgraffiti,fra,ichendorf milano,5.4,1,21,final
2026-04-13,bathroomgraffiti,fra,ichendorf milano,4.3,0,15,final
2026-04-14,bathroomgraffiti,fra,ichendorf milano,5.8,0,22,final
2026-04-15,bathroomgraffiti,fra,ichendorf milano,3.7,1,16,final
2026-04-16,bathroomgraffiti,fra,ichendorf milano,4.8,0,9,final
2026-04-17,bathroomgraffiti,fra,ichendorf milano,4.4,2,25,final
2026-04-18,bathroomgraffiti,fra,ichendorf milano,4.3,0,16,final
2026-04-19,bathroomgraffiti,fra,ichendorf milano,4.3,1,20,final
2026-04-20,bathroomgraffiti,fra,ichendorf milano,4.4,0,21,final
2026-04-21,bathroomgraffiti,fra,ichendorf milano,5.2,2,20,final
2026-04-22,bathroomgraffiti,fra,ichendorf milano,5.7,0,19,final
2026-04-23,bathroomgraffiti,fra,ichendorf milano,7.1,0,14,final
2026-04-24,bathroomgraffiti,fra,ichendorf milano,5.6,0,8,final
2026-04-25,bathroomgraffiti,fra,ichendorf milano,5.1,0,9,final
2026-04-26,bathroomgraffiti,fra,ichendorf milano,5.9,0,18,final
2026-04-27,bathroomgraffiti,fra,ichendorf milano,5.8,0,15,final
2026-04-28,bathroomgraffiti,fra,ichendorf milano,5.1,0,12,final
2026-04-29,bathroomgraffiti,fra,ichendorf milano,4.7,0,11,final
2026-04-30,bathroomgraffiti,fra,ichendorf milano,4.8,0,15,final
2026-05-01,bathroomgraffiti,fra,ichendorf milano,4.7,0,18,final
2026-05-02,bathroomgraffiti,fra,ichendorf milano,4.4,0,19,final
2026-05-03,bathroomgraffiti,fra,ichendorf milano,4.7,1,23,final
2026-05-04,bathroomgraffiti,fra,ichendorf milano,4.7,0,11,final
2026-05-05,bathroomgraffiti,fra,ichendorf milano,3.6,0,15,final
2026-05-06,bathroomgraffiti,fra,ichendorf milano,4.5,0,11,final
2026-05-07,bathroomgraffiti,fra,ichendorf milano,3.7,0,18,final
2026-05-08,bathroomgraffiti,fra,ichendorf milano,4.9,0,17,final
2026-05-09,bathroomgraffiti,fra,ichendorf milano,4.4,0,20,final
2026-05-10,bathroomgraffiti,fra,ichendorf milano,4.2,1,20,final
2026-05-11,bathroomgraffiti,fra,ichendorf milano,6,0,9,final
2026-05-12,bathroomgraffiti,fra,ichendorf milano,4.4,1,16,final
2026-05-13,bathroomgraffiti,fra,ichendorf milano,4.5,1,20,final
2026-05-14,bathroomgraffiti,fra,ichendorf milano,4.4,0,14,final
2026-05-15,bathroomgraffiti,fra,ichendorf milano,4.3,0,16,final
2026-05-16,bathroomgraffiti,fra,ichendorf milano,4.7,0,18,final
2026-05-17,bathroomgraffiti,fra,ichendorf milano,4.9,0,19,final
2026-05-18,bathroomgraffiti,fra,ichendorf milano,4.4,0,18,final
2026-05-19,bathroomgraffiti,fra,ichendorf milano,4,1,12,final
2026-05-20,bathroomgraffiti,fra,ichendorf milano,4.3,0,15,final
2026-05-21,bathroomgraffiti,fra,ichendorf milano,4.3,0,13,final
2026-05-22,bathroomgraffiti,fra,ichendorf milano,5.2,0,14,final
2026-05-23,bathroomgraffiti,fra,ichendorf milano,5.2,0,16,final
2026-05-24,bathroomgraffiti,fra,ichendorf milano,5.1,0,15,final
2026-05-25,bathroomgraffiti,fra,ichendorf milano,4.4,0,26,final
2026-05-26,bathroomgraffiti,fra,ichendorf milano,5.4,0,16,final
2026-05-27,bathroomgraffiti,fra,ichendorf milano,6,0,20,final
2026-05-28,bathroomgraffiti,fra,ichendorf milano,5.4,0,9,final
2026-05-29,bathroomgraffiti,fra,ichendorf milano,5.1,0,15,final
2026-05-30,bathroomgraffiti,fra,ichendorf milano,5.8,0,16,final
2026-05-31,bathroomgraffiti,fra,ichendorf milano,4.9,0,26,final
2026-06-01,bathroomgraffiti,fra,ichendorf milano,5.4,0,25,final
2026-06-02,bathroomgraffiti,fra,ichendorf milano,6.8,0,16,final
2026-06-03,bathroomgraffiti,fra,ichendorf milano,6.9,0,14,final
2026-06-04,bathroomgraffiti,fra,ichendorf milano,3.7,0,9,final
2026-06-05,bathroomgraffiti,fra,ichendorf milano,7,0,17,final
2026-06-06,bathroomgraffiti,fra,ichendorf milano,6.1,0,20,final
2026-06-07,bathroomgraffiti,fra,ichendorf milano,4.7,0,28,final
2026-06-08,bathroomgraffiti,fra,ichendorf milano,5.5,1,19,final
2026-06-09,bathroomgraffiti,fra,ichendorf milano,5.6,0,15,final
2026-06-10,bathroomgraffiti,fra,ichendorf milano,4.5,1,17,final
2026-06-11,bathroomgraffiti,fra,ichendorf milano,3.6,0,18,final
2026-06-12,bathroomgraffiti,fra,ichendorf milano,3.6,0,12,final
2026-06-13,bathroomgraffiti,fra,ichendorf milano,4.3,0,15,final
2026-06-14,bathroomgraffiti,fra,ichendorf milano,4.1,1,21,final
2026-06-15,bathroomgraffiti,fra,ichendorf milano,3.3,0,14,final
2026-06-16,bathroomgraffiti,fra,ichendorf milano,3.3,0,16,final
2026-06-17,bathroomgraffiti,fra,ichendorf milano,3.5,0,6,final
2026-06-18,bathroomgraffiti,fra,ichendorf milano,3.9,0,13,final
2026-06-19,bathroomgraffiti,fra,ichendorf milano,3.4,0,17,final
2026-06-20,bathroomgraffiti,fra,ichendorf milano,3.2,0,13,final
2026-06-21,bathroomgraffiti,fra,ichendorf milano,3.9,0,22,final
2026-06-22,bathroomgraffiti,fra,ichendorf milano,3.5,0,11,final
2026-06-23,bathroomgraffiti,fra,ichendorf milano,2.8,0,12,final
2026-06-24,bathroomgraffiti,fra,ichendorf milano,3,0,14,final
2026-06-25,bathroomgraffiti,fra,ichendorf milano,3.1,0,16,final
2026-06-26,bathroomgraffiti,fra,ichendorf milano,2.8,0,12,final
2026-06-27,bathroomgraffiti,fra,ichendorf milano,3.7,0,15,final
2026-06-28,bathroomgraffiti,fra,ichendorf milano,3,0,18,final
2026-06-29,bathroomgraffiti,fra,ichendorf milano,3,0,17,final
2026-06-30,bathroomgraffiti,fra,ichendorf milano,3.3,0,19,final
2026-07-01,bathroomgraffiti,fra,ichendorf milano,3.3,0,30,final
2026-07-02,bathroomgraffiti,fra,ichendorf milano,3.7,0,11,final
2026-07-03,bathroomgraffiti,fra,ichendorf milano,3.5,0,12,final
2026-07-04,bathroomgraffiti,fra,ichendorf milano,4.6,0,13,final
2026-07-05,bathroomgraffiti,fra,ichendorf milano,4.1,0,17,final
2026-07-06,bathroomgraffiti,fra,ichendorf milano,4,0,18,final
2026-07-07,bathroomgraffiti,fra,ichendorf milano,4.9,0,7,final
2026-07-08,bathroomgraffiti,fra,ichendorf milano,4,0,12,final
2026-07-09,bathroomgraffiti,fra,ichendorf milano,5.6,0,15,final
2026-07-10,bathroomgraffiti,fra,ichendorf milano,4.5,1,21,final
2026-07-11,bathroomgraffiti,fra,ichendorf milano,3.8,0,31,final
2026-07-12,bathroomgraffiti,fra,ichendorf milano,3.8,0,12,final
2026-07-13,bathroomgraffiti,fra,ichendorf milano,3.9,0,21,final
2026-07-14,bathroomgraffiti,fra,ichendorf milano,4.8,0,6,final
2026-07-15,bathroomgraffiti,fra,ichendorf milano,4.9,0,13,final
2026-07-16,bathroomgraffiti,fra,ichendorf milano,4.6,1,14,final
2026-07-17,bathroomgraffiti,fra,ichendorf milano,4.6,0,14,final
2026-07-18,bathroomgraffiti,fra,ichendorf milano,3.6,0,16,final
2026-07-19,bathroomgraffiti,fra,ichendorf milano,4.1,0,17,final
2026-07-20,bathroomgraffiti,fra,ichendorf milano,3.6,0,15,final
2026-07-21,bathroomgraffiti,fra,ichendorf milano,5,0,11,final
2026-07-22,bathroomgraffiti,fra,ichendorf milano,4.7,0,25,final
2026-07-23,bathroomgraffiti,fra,ichendorf milano,3.9,0,19,final
2026-07-24,bathroomgraffiti,fra,ichendorf milano,3.8,0,26,final
2026-07-25,bathroomgraffiti,fra,ichendorf milano,5.2,0,14,final
2026-07-26,bathroomgraffiti,fra,ichendorf milano,4.5,0,29,final
2026-07-27,bathroomgraffiti,fra,ichendorf milano,4.4,0,24,final
2026-07-28,bathroomgraffiti,fra,ichendorf milano,3.1,0,20,final
2026-07-29,bathroomgraffiti,fra,ichendorf milano,3.5,1,17,final
2026-07-30,bathroomgraffiti,fra,ichendorf milano,4.2,0,17,final
2026-07-31,bathroomgraffiti,fra,ichendorf milano,2.5,1,15,final
2026-08-01,bathroomgraffiti,fra,ichendorf milano,2.7,2,26,final
2026-08-02,bathroomgraffiti,fra,ichendorf milano,2.8,0,17,final
2026-08-03,bathroomgraffiti,fra,ichendorf milano,3.1,0,17,final
2026-08-04,bathroomgraffiti,fra,ichendorf milano,2.8,0,14,final
2026-08-05,bathroomgraffiti,fra,ichendorf milano,2.5,2,14,final
2026-08-06,bathroomgraffiti,fra,ichendorf milano,2.6,0,18,final
2026-08-07,bathroomgraffiti,fra,ichendorf milano,2.4,0,14,final
2026-08-08,bathroomgraffiti,fra,ichendorf milano,2.4,0,21,final
2026-08-09,bathroomgraffiti,fra,ichendorf milano,2.7,2,28,final
2026-08-10,bathroomgraffiti,fra,ichendorf milano,4.1,0,14,final
2026-08-11,bathroomgraffiti,fra,ichendorf milano,3.0,1,22,final
2026-08-12,bathroomgraffiti,fra,ichendorf milano,4.0,1,20,final
2026-08-13,bathroomgraffiti,fra,ichendorf milano,3.8,0,19,final
2026-08-14,bathroomgraffiti,fra,ichendorf milano,3.6,0,14,final
2026-08-15,bathroomgraffiti,fra,ichendorf milano,3.9,0,14,final
2026-08-16,bathroomgraffiti,fra,ichendorf milano,3.1,0,16,final
2026-08-17,bathroomgraffiti,fra,ichendorf milano,2.9,0,14,final
2026-08-18,bathroomgraffiti,fra,ichendorf milano,3.0,0,20,final
2026-08-19,bathroomgraffiti,fra,ichendorf milano,2.5,0,14,final
2026-08-20,bathroomgraffiti,fra,ichendorf milano,3.5,1,23,final
2026-08-21,bathroomgraffiti,fra,ichendorf milano,3.4,0,10,final
2026-08-22,bathroomgraffiti,fra,ichendorf milano,4.8,0,17,final
2026-08-23,bathroomgraffiti,fra,ichendorf milano,3.2,1,14,final
2026-08-24,bathroomgraffiti,fra,ichendorf milano,3.6,0,16,final
2026-08-25,bathroomgraffiti,fra,ichendorf milano,3.3,1,14,final
2026-08-26,bathroomgraffiti,fra,ichendorf milano,3.1,2,17,final
2026-08-27,bathroomgraffiti,fra,ichendorf milano,3.1,0,12,final
2026-08-28,bathroomgraffiti,fra,ichendorf milano,3.9,0,15,final
2026-08-29,bathroomgraffiti,fra,ichendorf milano,4.8,0,22,final
2026-08-30,bathroomgraffiti,fra,ichendorf milano,5.4,2,21,final
2026-08-31,bathroomgraffiti,fra,ichendorf milano,4.7,0,16,final
2026-09-01,bathroomgraffiti,fra,ichendorf milano,4.4,0,14,final
2026-09-02,bathroomgraffiti,fra,ichendorf milano,3.9,0,12,final
2026-09-03,bathroomgraffiti,fra,ichendorf milano,3.3,0,16,final
2026-09-04,bathroomgraffiti,fra,ichendorf milano,3.6,0,19,final
2026-09-05,bathroomgraffiti,fra,ichendorf milano,4.3,0,20,final
2026-09-06,bathroomgraffiti,fra,ichendorf milano,4.6,0,18,final
2026-09-07,bathroomgraffiti,fra,ichendorf milano,4.1,0,15,final
2026-09-08,bathroomgraffiti,fra,ichendorf milano,3.7,1,19,final
2026-09-09,bathroomgraffiti,fra,ichendorf milano,3.2,1,13,final
2026-09-10,bathroomgraffiti,fra,ichendorf milano,3.9,0,15,final
2026-09-11,bathroomgraffiti,fra,ichendorf milano,3.6,0,27,final
2026-09-12,bathroomgraffiti,fra,ichendorf milano,3.7,0,21,final
2026-09-13,bathroomgraffiti,fra,ichendorf milano,3.9,1,38,final
2026-09-14,bathroomgraffiti,fra,ichendorf milano,4.2,0,18,final
2026-09-15,bathroomgraffiti,fra,ichendorf milano,4.9,0,11,final
2026-09-16,bathroomgraffiti,fra,ichendorf milano,4.1,0,19,final
2026-09-17,bathroomgraffiti,fra,ichendorf milano,4.1,0,16,final
2026-09-18,bathroomgraffiti,fra,ichendorf milano,3.6,0,12,final
2026-09-19,bathroomgraffiti,fra,ichendorf milano,4.6,1,18,final
2026-09-20,bathroomgraffiti,fra,ichendorf milano,4.2,0,17,final
2026-09-21,bathroomgraffiti,fra,ichendorf milano,4.2,0,17,final
2026-09-22,bathroomgraffiti,fra,ichendorf milano,3.9,0,18,final
2026-09-23,bathroomgraffiti,fra,ichendorf milano,4.2,0,16,final
2026-09-24,bathroomgraffiti,fra,ichendorf milano,4.5,0,15,final
2026-09-25,bathroomgraffiti,fra,ichendorf milano,4.7,0,11,final
2026-09-26,bathroomgraffiti,fra,ichendorf milano,5.3,0,15,final
2026-09-27,bathroomgraffiti,fra,ichendorf milano,5.4,0,13,final
2026-09-28,bathroomgraffiti,fra,ichendorf milano,4.4,0,18,final
2026-09-29,bathroomgraffiti,fra,ichendorf milano,4,1,11,final
2026-09-30,bathroomgraffiti,fra,ichendorf milano,4.1,0,14,final
2026-10-01,bathroomgraffiti,fra,ichendorf milano,4.7,1,22,final
2026-10-02,bathroomgraffiti,fra,ichendorf milano,4.7,0,19,final
2026-10-03,bathroomgraffiti,fra,ichendorf milano,3.9,0,18,final
2026-10-04,bathroomgraffiti,fra,ichendorf milano,4.6,0,20,fresh
2026-10-05,bathroomgraffiti,fra,ichendorf milano,4,0,11,fresh
2025-06-12,bathroomgraffiti,fra,livre deco,3,0,7,final
2025-06-13,bathroomgraffiti,fra,livre deco,4.1,0,11,final
2025-06-14,bathroomgraffiti,fra,livre deco,3.2,1,20,final
2025-06-15,bathroomgraffiti,fra,livre deco,3.9,1,20,final
2025-06-16,bathroomgraffiti,fra,livre deco,4.3,0,20,final
2025-06-17,bathroomgraffiti,fra,livre deco,5.5,0,22,final
2025-06-18,bathroomgraffiti,fra,livre deco,6.1,1,12,final
2025-06-19,bathroomgraffiti,fra,livre deco,3.4,0,23,final
2025-06-20,bathroomgraffiti,fra,livre deco,7.2,1,17,final
2025-06-21,bathroomgraffiti,fra,livre deco,7.6,0,13,final
2025-06-22,bathroomgraffiti,fra,livre deco,7.9,0,15,final
2025-06-23,bathroomgraffiti,fra,livre deco,6.6,0,10,final
2025-06-24,bathroomgraffiti,fra,livre deco,6.4,1,12,final
2025-06-25,bathroomgraffiti,fra,livre deco,9.2,0,20,final
2025-06-26,bathroomgraffiti,fra,livre deco,8,0,21,final
2025-06-27,bathroomgraffiti,fra,livre deco,7.7,0,22,final
2025-06-28,bathroomgraffiti,fra,livre deco,7.5,0,15,final
2025-06-29,bathroomgraffiti,fra,livre deco,4.3,0,21,final
2025-06-30,bathroomgraffiti,fra,livre deco,2.9,0,16,final
2025-07-01,bathroomgraffiti,fra,livre deco,2.6,0,10,final
2025-07-02,bathroomgraffiti,fra,livre deco,2.1,1,17,final
2025-07-03,bathroomgraffiti,fra,livre deco,2.7,0,12,final
2025-07-04,bathroomgraffiti,fra,livre deco,3.6,0,16,final
2025-07-05,bathroomgraffiti,fra,livre deco,2.8,0,9,final
2025-07-06,bathroomgraffiti,fra,livre deco,3.0,1,33,final
2025-07-07,bathroomgraffiti,fra,livre deco,3.0,3,32,final
2025-07-08,bathroomgraffiti,fra,livre deco,3.1,1,29,final
2025-07-09,bathroomgraffiti,fra,livre deco,3.9,0,22,final
2025-07-10,bathroomgraffiti,fra,livre deco,2.4,0,21,final
2025-07-11,bathroomgraffiti,fra,livre deco,2.8,0,26,final
2025-07-12,bathroomgraffiti,fra,livre deco,4.9,1,15,final
2025-07-13,bathroomgraffiti,fra,livre deco,2.4,0,26,final
2025-07-14,bathroomgraffiti,fra,livre deco,4.2,0,16,final
2025-07-15,bathroomgraffiti,fra,livre deco,3.5,0,22,final
2025-07-16,bathroomgraffiti,fra,livre deco,5.1,0,22,final
2025-07-17,bathroomgraffiti,fra,livre deco,4.3,0,27,final
2025-07-18,bathroomgraffiti,fra,livre deco,4.2,0,15,final
2025-07-19,bathroomgraffiti,fra,livre deco,3.0,0,27,final
2025-07-20,bathroomgraffiti,fra,livre deco,3.2,0,30,final
2025-07-21,bathroomgraffiti,fra,livre deco,3.4,0,33,final
2025-07-22,bathroomgraffiti,fra,livre deco,3.7,0,30,final
2025-07-23,bathroomgraffiti,fra,livre deco,3.2,0,30,final
2025-07-24,bathroomgraffiti,fra,livre deco,3.2,0,29,final
2025-07-25,bathroomgraffiti,fra,livre deco,3.8,0,17,final
2025-07-26,bathroomgraffiti,fra,livre deco,3.2,1,27,final
2025-07-27,bathroomgraffiti,fra,livre deco,3.3,2,31,final
2025-07-28,bathroomgraffiti,fra,livre deco,3.9,1,35,final
2025-07-29,bathroomgraffiti,fra,livre deco,3.5,0,26,final
2025-07-30,bathroomgraffiti,fra,livre deco,3.3,0,33,final
2025-07-31,bathroomgraffiti,fra,livre deco,4.1,0,28,final
2025-08-01,bathroomgraffiti,fra,livre deco,5.2,0,17,final
2025-08-02,bathroomgraffiti,fra,livre deco,5.8,0,18,final
2025-08-03,bathroomgraffiti,fra,livre deco,4.6,1,24,final
2025-08-04,bathroomgraffiti,fra,livre deco,4.4,1,28,final
2025-08-05,bathroomgraffiti,fra,livre deco,3.7,1,33,final
2025-08-06,bathroomgraffiti,fra,livre deco,4.1,0,16,final
2025-08-07,bathroomgraffiti,fra,livre deco,3.8,0,24,final
2025-08-08,bathroomgraffiti,fra,livre deco,4.3,0,18,final
2025-08-09,bathroomgraffiti,fra,livre deco,4,0,27,final
2025-08-10,bathroomgraffiti,fra,livre deco,3.1,0,20,final
2025-08-11,bathroomgraffiti,fra,livre deco,3.7,0,29,final
2025-08-12,bathroomgraffiti,fra,livre deco,4.8,0,15,final
2025-08-13,bathroomgraffiti,fra,livre deco,5.9,1,30,final
2025-08-14,bathroomgraffiti,fra,livre deco,6.2,0,26,final
2025-08-15,bathroomgraffiti,fra,livre deco,6.6,1,22,final
2025-08-16,bathroomgraffiti,fra,livre deco,6.2,0,25,final
2025-08-17,bathroomgraffiti,fra,livre deco,4.4,0,39,final
2025-08-18,bathroomgraffiti,fra,livre deco,6,0,31,final
2025-08-19,bathroomgraffiti,fra,livre deco,5.9,0,16,final
2025-08-20,bathroomgraffiti,fra,livre deco,5.4,1,23,final
2025-08-21,bathroomgraffiti,fra,livre deco,5.8,0,28,final
2025-08-22,bathroomgraffiti,fra,livre deco,6.3,0,18,final
2025-08-23,bathroomgraffiti,fra,livre deco,5.4,0,42,final
2025-08-24,bathroomgraffiti,fra,livre deco,6.3,0,32,final
2025-08-25,bathroomgraffiti,fra,livre deco,5.4,2,31,final
2025-08-26,bathroomgraffiti,fra,livre deco,6.9,0,37,final
2025-08-27,bathroomgraffiti,fra,livre deco,7.0,0,20,final
2025-08-28,bathroomgraffiti,fra,livre deco,5.8,0,31,final
2025-08-29,bathroomgraffiti,fra,livre deco,4.0,1,31,final
2025-08-30,bathroomgraffiti,fra,livre deco,4.7,0,47,final
2025-08-31,bathroomgraffiti,fra,livre deco,5.5,1,28,final
2025-09-01,bathroomgraffiti,fra,livre deco,5.1,1,29,final
2025-09-02,bathroomgraffiti,fra,livre deco,4.5,0,18,final
2025-09-03,bathroomgraffiti,fra,livre deco,6,1,26,final
2025-09-04,bathroomgraffiti,fra,livre deco,5,2,23,final
2025-09-05,bathroomgraffiti,fra,livre deco,4.5,0,19,final
2025-09-06,bathroomgraffiti,fra,livre deco,5.7,1,23,final
2025-09-07,bathroomgraffiti,fra,livre deco,4.6,0,35,final
2025-09-08,bathroomgraffiti,fra,livre deco,3.9,1,30,final
2025-09-09,bathroomgraffiti,fra,livre deco,2.9,0,36,final
2025-09-10,bathroomgraffiti,fra,livre deco,3.3,0,29,final
2025-09-11,bathroomgraffiti,fra,livre deco,3.4,1,32,final
2025-09-12,bathroomgraffiti,fra,livre deco,5.5,0,36,final
2025-09-13,bathroomgraffiti,fra,livre deco,7.6,1,32,final
2025-09-14,bathroomgraffiti,fra,livre deco,7.7,1,35,final
2025-09-15,bathroomgraffiti,fra,livre deco,6.3,1,23,final
2025-09-16,bathroomgraffiti,fra,livre deco,6.8,0,19,final
2025-09-17,bathroomgraffiti,fra,livre deco,3.4,0,16,final
2025-09-18,bathroomgraffiti,fra,livre deco,3.0,0,22,final
2025-09-19,bathroomgraffiti,fra,livre deco,2.4,0,20,final
2025-09-20,bathroomgraffiti,fra,livre deco,3.0,0,42,final
2025-09-21,bathroomgraffiti,fra,livre deco,3.3,0,33,final
2025-09-22,bathroomgraffiti,fra,livre deco,2.4,0,38,final
2025-09-23,bathroomgraffiti,fra,livre deco,2.8,0,22,final
2025-09-24,bathroomgraffiti,fra,livre deco,3.6,1,32,final
2025-09-25,bathroomgraffiti,fra,livre deco,3.8,1,20,final
2025-09-26,bathroomgraffiti,fra,livre deco,3,0,30,final
2025-09-27,bathroomgraffiti,fra,livre deco,3.2,0,21,final
2025-09-28,bathroomgraffiti,fra,livre deco,3.5,0,35,final
2025-09-29,bathroomgraffiti,fra,livre deco,4.3,1,35,final
2025-09-30,bathroomgraffiti,fra,livre deco,7.4,0,24,final
2025-10-01,bathroomgraffiti,fra,livre deco,5.2,0,17,final
2025-10-02,bathroomgraffiti,fra,livre deco,4.7,0,33,final
2025-10-03,bathroomgraffiti,fra,livre deco,4.4,0,26,final
2025-10-04,bathroomgraffiti,fra,livre deco,3,1,33,final
2025-10-05,bathroomgraffiti,fra,livre deco,3.0,2,32,final
2025-10-06,bathroomgraffiti,fra,livre deco,3.2,3,51,final
2025-10-07,bathroomgraffiti,fra,livre deco,2.5,2,29,final
2025-10-08,bathroomgraffiti,fra,livre deco,4.1,0,25,final
2025-10-09,bathroomgraffiti,fra,livre deco,4.6,0,30,final
2025-10-10,bathroomgraffiti,fra,livre deco,4.2,0,34,final
2025-10-11,bathroomgraffiti,fra,livre deco,4.3,1,43,final
2025-10-12,bathroomgraffiti,fra,livre deco,3.6,1,49,final
2025-10-13,bathroomgraffiti,fra,livre deco,3.4,0,22,final
2025-10-14,bathroomgraffiti,fra,livre deco,4.4,0,30,final
2025-10-15,bathroomgraffiti,fra,livre deco,2.8,0,33,final
2025-10-16,bathroomgraffiti,fra,livre deco,2.8,0,30,final
2025-10-17,bathroomgraffiti,fra,livre deco,2.5,1,38,final
2025-10-18,bathroomgraffiti,fra,livre deco,2.9,1,30,final
2025-10-19,bathroomgraffiti,fra,livre deco,2.8,0,45,final
2025-10-20,bathroomgraffiti,fra,livre deco,2.7,1,39,final
2025-10-21,bathroomgraffiti,fra,livre deco,3.2,0,30,final
2025-10-22,bathroomgraffiti,fra,livre deco,3.2,0,38,final
2025-10-23,bathroomgraffiti,fra,livre deco,2.6,1,38,final
2025-10-24,bathroomgraffiti,fra,livre deco,2.8,0,32,final
2025-10-25,bathroomgraffiti,fra,livre deco,2.8,0,45,final
2025-10-26,bathroomgraffiti,fra,livre deco,3.5,2,32,final
2025-10-27,bathroomgraffiti,fra,livre deco,2.5,0,37,final
2025-10-28,bathroomgraffiti,fra,livre deco,3.9,0,29,final
2025-10-29,bathroomgraffiti,fra,livre deco,3.2,0,47,final
2025-10-30,bathroomgraffiti,fra,livre deco,3.1,1,34,final
2025-10-31,bathroomgraffiti,fra,livre deco,2.3,1,26,final
2025-11-01,bathroomgraffiti,fra,livre deco,3.1,0,36,final
2025-11-02,bathroomgraffiti,fra,livre deco,2.9,2,63,final
2025-11-03,bathroomgraffiti,fra,livre deco,2.6,0,35,final
2025-11-04,bathroomgraffiti,fra,livre deco,3.2,1,46,final
2025-11-05,bathroomgraffiti,fra,livre deco,2.7,1,45,final
2025-11-06,bathroomgraffiti,fra,livre deco,6.1,1,32,final
2025-11-07,bathroomgraffiti,fra,livre deco,5.4,2,38,final
2025-11-08,bathroomgraffiti,fra,livre deco,5.8,0,36,final
2025-11-09,bathroomgraffiti,fra,livre deco,7.2,0,46,final
2025-11-10,bathroomgraffiti,fra,livre deco,5,0,42,final
2025-11-11,bathroomgraffiti,fra,livre deco,5.5,0,59,final
2025-11-12,bathroomgraffiti,fra,livre deco,6.7,0,43,final
2025-11-13,bathroomgraffiti,fra,livre deco,7.2,0,37,final
2025-11-14,bathroomgraffiti,fra,livre deco,5.8,0,38,final
2025-11-15,bathroomgraffiti,fra,livre deco,6.2,0,37,final
2025-11-16,bathroomgraffiti,fra,livre deco,5.2,0,76,final
2025-11-17,bathroomgraffiti,fra,livre deco,4.6,3,50,final
2025-11-18,bathroomgraffiti,fra,livre deco,4.6,0,37,final
2025-11-19,bathroomgraffiti,fra,livre deco,4.8,1,43,final
2025-11-20,bathroomgraffiti,fra,livre deco,4.6,0,33,final
2025-11-21,bathroomgraffiti,fra,livre deco,5.0,0,61,final
2025-11-22,bathroomgraffiti,fra,livre deco,4.7,0,51,final
2025-11-23,bathroomgraffiti,fra,livre deco,4.8,1,58,final
2025-11-24,bathroomgraffiti,fra,livre deco,4.3,0,50,final
2025-11-25,bathroomgraffiti,fra,livre deco,4.1,0,45,final
2025-11-26,bathroomgraffiti,fra,livre deco,4.9,1,48,final
2025-11-27,bathroomgraffiti,fra,livre deco,4.5,2,52,final
2025-11-28,bathroomgraffiti,fra,livre deco,5.9,0,48,final
2025-11-29,bathroomgraffiti,fra,livre deco,5.9,1,42,final
2025-11-30,bathroomgraffiti,fra,livre deco,5.8,0,69,final
2025-12-01,bathroomgraffiti,fra,livre deco,6.2,0,40,final
2025-12-02,bathroomgraffiti,fra,livre deco,5.6,0,54,final
2025-12-03,bathroomgraffiti,fra,livre deco,4.5,1,60,final
2025-12-04,bathroomgraffiti,fra,livre deco,5.0,0,70,final
2025-12-05,bathroomgraffiti,fra,livre deco,2.4,4,69,final
2025-12-06,bathroomgraffiti,fra,livre deco,2.8,0,72,final
2025-12-07,bathroomgraffiti,fra,livre deco,2.3,4,86,final
2025-12-08,bathroomgraffiti,fra,livre deco,2.8,3,48,final
2025-12-09,bathroomgraffiti,fra,livre deco,2.4,2,56,final
2025-12-10,bathroomgraffiti,fra,livre deco,2.7,0,54,final
2025-12-11,bathroomgraffiti,fra,livre deco,2.4,1,46,final
2025-12-12,bathroomgraffiti,fra,livre deco,2.2,0,58,final
2025-12-13,bathroomgraffiti,fra,livre deco,2.8,2,56,final
2025-12-14,bathroomgraffiti,fra,livre deco,3.1,0,55,final
2025-12-15,bathroomgraffiti,fra,livre deco,3.6,0,36,final
2025-12-16,bathroomgraffiti,fra,livre deco,4.3,0,29,final
2025-12-17,bathroomgraffiti,fra,livre deco,3.8,0,33,final
2025-12-18,bathroomgraffiti,fra,livre deco,5.2,0,11,final
2025-12-19,bathroomgraffiti,fra,livre deco,4.3,1,15,final
2025-12-20,bathroomgraffiti,fra,livre deco,6.2,0,17,final
2025-12-21,bathroomgraffiti,fra,livre deco,5.1,0,20,final
2025-12-22,bathroomgraffiti,fra,livre deco,5.5,0,20,final
2025-12-23,bathroomgraffiti,fra,livre deco,4.4,0,12,final
2025-12-24,bathroomgraffiti,fra,livre deco,5.7,0,12,final
2025-12-25,bathroomgraffiti,fra,livre deco,8.8,0,18,final
2025-12-26,bathroomgraffiti,fra,livre deco,8,1,35,final
2025-12-27,bathroomgraffiti,fra,livre deco,4.8,0,27,final
2025-12-28,bathroomgraffiti,fra,livre deco,5.4,0,15,final
2025-12-29,bathroomgraffiti,fra,livre deco,3.8,0,29,final
2025-12-30,bathroomgraffiti,fra,livre deco,4.0,0,20,final
2025-12-31,bathroomgraffiti,fra,livre deco,3.2,0,8,final
2026-01-01,bathroomgraffiti,fra,livre deco,4.9,0,18,final
2026-01-02,bathroomgraffiti,fra,livre deco,4.6,0,12,final
2026-01-03,bathroomgraffiti,fra,livre deco,4.7,1,25,final
2026-01-04,bathroomgraffiti,fra,livre deco,3.6,0,15,final
2026-01-05,bathroomgraffiti,fra,livre deco,3.5,2,20,final
2026-01-06,bathroomgraffiti,fra,livre deco,5.7,0,19,final
2026-01-07,bathroomgraffiti,fra,livre deco,4,2,16,final
2026-01-08,bathroomgraffiti,fra,livre deco,2.8,0,13,final
2026-01-09,bathroomgraffiti,fra,livre deco,4.6,0,15,final
2026-01-10,bathroomgraffiti,fra,livre deco,4.6,0,16,final
2026-01-11,bathroomgraffiti,fra,livre deco,6.2,1,32,final
2026-01-12,bathroomgraffiti,fra,livre deco,4.4,0,17,final
2026-01-13,bathroomgraffiti,fra,livre deco,5.1,1,20,final
2026-01-14,bathroomgraffiti,fra,livre deco,4.6,1,44,final
2026-01-15,bathroomgraffiti,fra,livre deco,6.7,0,21,final
2026-01-16,bathroomgraffiti,fra,livre deco,4.6,0,23,final
2026-01-17,bathroomgraffiti,fra,livre deco,5.8,1,20,final
2026-01-18,bathroomgraffiti,fra,livre deco,4.8,0,24,final
2026-01-19,bathroomgraffiti,fra,livre deco,3.2,0,23,final
2026-01-20,bathroomgraffiti,fra,livre deco,7.3,0,12,final
2026-01-21,bathroomgraffiti,fra,livre deco,5,0,12,final
2026-01-22,bathroomgraffiti,fra,livre deco,3.3,0,17,final
2026-01-23,bathroomgraffiti,fra,livre deco,4.6,1,33,final
2026-01-24,bathroomgraffiti,fra,livre deco,4.0,2,38,final
2026-01-25,bathroomgraffiti,fra,livre deco,2.9,1,63,final
2026-01-26,bathroomgraffiti,fra,livre deco,3.9,0,48,final
2026-01-27,bathroomgraffiti,fra,livre deco,3.2,0,37,final
2026-01-28,bathroomgraffiti,fra,livre deco,3.9,0,41,final
2026-01-29,bathroomgraffiti,fra,livre deco,4.5,0,33,final
2026-01-30,bathroomgraffiti,fra,livre deco,5.2,0,48,final
2026-01-31,bathroomgraffiti,fra,livre deco,5.4,0,46,final
2026-02-01,bathroomgraffiti,fra,livre deco,4.6,0,56,final
2026-02-02,bathroomgraffiti,fra,livre deco,4.1,1,32,final
2026-02-03,bathroomgraffiti,fra,livre deco,4.2,2,35,final
2026-02-04,bathroomgraffiti,fra,livre deco,5.8,0,40,final
2026-02-05,bathroomgraffiti,fra,livre deco,5.3,1,36,final
2026-02-06,bathroomgraffiti,fra,livre deco,9.6,0,28,final
2026-02-07,bathroomgraffiti,fra,livre deco,4.3,2,44,final
2026-02-08,bathroomgraffiti,fra,livre deco,4.3,0,46,final
2026-02-09,bathroomgraffiti,fra,livre deco,4.8,1,36,final
2026-02-10,bathroomgraffiti,fra,livre deco,3.7,0,34,final
2026-02-11,bathroomgraffiti,fra,livre deco,2.9,0,37,final
2026-02-12,bathroomgraffiti,fra,livre deco,4.1,2,25,final
2026-02-13,bathroomgraffiti,fra,livre deco,5.0,0,29,final
2026-02-14,bathroomgraffiti,fra,livre deco,8.3,0,26,final
2026-02-15,bathroomgraffiti,fra,livre deco,7.8,1,42,final
2026-02-16,bathroomgraffiti,fra,livre deco,8.1,0,49,final
2026-02-17,bathroomgraffiti,fra,livre deco,7.0,0,25,final
2026-02-18,bathroomgraffiti,fra,livre deco,9.3,0,36,final
2026-02-19,bathroomgraffiti,fra,livre deco,9.4,0,22,final
2026-02-20,bathroomgraffiti,fra,livre deco,3.5,0,44,final
2026-02-21,bathroomgraffiti,fra,livre deco,4.1,0,38,final
2026-02-22,bathroomgraffiti,fra,livre deco,4.3,0,41,final
2026-02-23,bathroomgraffiti,fra,livre deco,4.1,0,30,final
2026-02-24,bathroomgraffiti,fra,livre deco,5.9,0,29,final
2026-02-25,bathroomgraffiti,fra,livre deco,5.1,0,34,final
2026-02-26,bathroomgraffiti,fra,livre deco,5,0,35,final
2026-02-27,bathroomgraffiti,fra,livre deco,6.1,1,24,final
2026-02-28,bathroomgraffiti,fra,livre deco,5.3,0,36,final
2026-03-01,bathroomgraffiti,fra,livre deco,3.6,0,39,final
2026-03-02,bathroomgraffiti,fra,livre deco,4.4,0,32,final
2026-03-03,bathroomgraffiti,fra,livre deco,3.4,0,35,final
2026-03-04,bathroomgraffiti,fra,livre deco,2.5,1,22,final
2026-03-05,bathroomgraffiti,fra,livre deco,4.2,1,31,final
2026-03-06,bathroomgraffiti,fra,livre deco,3.8,0,40,final
2026-03-07,bathroomgraffiti,fra,livre deco,4.0,1,43,final
2026-03-08,bathroomgraffiti,fra,livre deco,3.3,1,41,final
2026-03-09,bathroomgraffiti,fra,livre deco,3.1,0,33,final
2026-03-10,bathroomgraffiti,fra,livre deco,3.9,1,35,final
2026-03-11,bathroomgraffiti,fra,livre deco,3.5,1,21,final
2026-03-12,bathroomgraffiti,fra,livre deco,2.7,0,29,final
2026-03-13,bathroomgraffiti,fra,livre deco,3.0,0,33,final
2026-03-14,bathroomgraffiti,fra,livre deco,2.3,0,54,final
2026-03-15,bathroomgraffiti,fra,livre deco,3.9,0,50,final
2026-03-16,bathroomgraffiti,fra,livre deco,4.9,0,29,final
2026-03-17,bathroomgraffiti,fra,livre deco,4.3,0,24,final
2026-03-18,bathroomgraffiti,fra,livre deco,5.6,0,23,final
2026-03-19,bathroomgraffiti,fra,livre deco,2.6,1,22,final
2026-03-20,bathroomgraffiti,fra,livre deco,3.4,0,28,final
2026-03-21,bathroomgraffiti,fra,livre deco,2.8,0,33,final
2026-03-22,bathroomgraffiti,fra,livre deco,3.1,1,36,final
2026-03-23,bathroomgraffiti,fra,livre deco,2.9,1,25,final
2026-03-24,bathroomgraffiti,fra,livre deco,3.7,0,26,final
2026-03-25,bathroomgraffiti,fra,livre deco,3.9,0,30,final
2026-03-26,bathroomgraffiti,fra,livre deco,5.4,0,29,final
2026-03-27,bathroomgraffiti,fra,livre deco,3.3,0,23,final
2026-03-28,bathroomgraffiti,fra,livre deco,4.9,0,36,final
2026-03-29,bathroomgraffiti,fra,livre deco,4.7,0,49,final
2026-03-30,bathroomgraffiti,fra,livre deco,3.7,1,29,final
2026-03-31,bathroomgraffiti,fra,livre deco,4.6,0,17,final
2026-04-01,bathroomgraffiti,fra,livre deco,6.9,0,25,final
2026-04-02,bathroomgraffiti,fra,livre deco,8,0,12,final
2026-04-03,bathroomgraffiti,fra,livre deco,7.2,0,17,final
2026-04-04,bathroomgraffiti,fra,livre deco,6.0,0,23,final
2026-04-05,bathroomgraffiti,fra,livre deco,6.0,0,29,final
2026-04-06,bathroomgraffiti,fra,livre deco,5.1,0,25,final
2026-04-07,bathroomgraffiti,fra,livre deco,3.8,0,20,final
2026-04-08,bathroomgraffiti,fra,livre deco,5.1,0,16,final
2026-04-09,bathroomgraffiti,fra,livre deco,4.9,0,16,final
2026-04-10,bathroomgraffiti,fra,livre deco,5.3,2,23,final
2026-04-11,bathroomgraffiti,fra,livre deco,4.6,0,14,final
2026-04-12,bathroomgraffiti,fra,livre deco,3.6,1,37,final
2026-04-13,bathroomgraffiti,fra,livre deco,4.1,0,27,final
2026-04-14,bathroomgraffiti,fra,livre deco,4.2,0,29,final
2026-04-15,bathroomgraffiti,fra,livre deco,3.9,0,39,final
2026-04-16,bathroomgraffiti,fra,livre deco,4.4,0,17,final
2026-04-17,bathroomgraffiti,fra,livre deco,5.1,1,19,final
2026-04-18,bathroomgraffiti,fra,livre deco,5.0,0,32,final
2026-04-19,bathroomgraffiti,fra,livre deco,3.5,0,20,final
2026-04-20,bathroomgraffiti,fra,livre deco,5.1,0,26,final
2026-04-21,bathroomgraffiti,fra,livre deco,3.7,0,12,final
2026-04-22,bathroomgraffiti,fra,livre deco,3.6,0,20,final
2026-04-23,bathroomgraffiti,fra,livre deco,4.8,0,20,final
2026-04-24,bathroomgraffiti,fra,livre deco,6.8,0,16,final
2026-04-25,bathroomgraffiti,fra,livre deco,3.0,0,23,final
2026-04-26,bathroomgraffiti,fra,livre deco,4.3,0,33,final
2026-04-27,bathroomgraffiti,fra,livre deco,5.6,0,25,final
2026-04-28,bathroomgraffiti,fra,livre deco,6.1,0,16,final
2026-04-29,bathroomgraffiti,fra,livre deco,4.5,0,24,final
2026-04-30,bathroomgraffiti,fra,livre deco,4.3,2,31,final
2026-05-01,bathroomgraffiti,fra,livre deco,3.5,0,12,final
2026-05-02,bathroomgraffiti,fra,livre deco,3.6,2,23,final
2026-05-03,bathroomgraffiti,fra,livre deco,4.0,1,25,final
2026-05-04,bathroomgraffiti,fra,livre deco,3.4,0,25,final
2026-05-05,bathroomgraffiti,fra,livre deco,4.1,0,26,final
2026-05-06,bathroomgraffiti,fra,livre deco,3.3,1,21,final
2026-05-07,bathroomgraffiti,fra,livre deco,3.1,0,28,final
2026-05-08,bathroomgraffiti,fra,livre deco,4.0,1,23,final
2026-05-09,bathroomgraffiti,fra,livre deco,3.8,0,26,final
2026-05-10,bathroomgraffiti,fra,livre deco,5.1,2,39,final
2026-05-11,bathroomgraffiti,fra,livre deco,3.5,0,16,final
2026-05-12,bathroomgraffiti,fra,livre deco,4.0,0,26,final
2026-05-13,bathroomgraffiti,fra,livre deco,6.8,0,26,final
2026-05-14,bathroomgraffiti,fra,livre deco,5.1,1,26,final
2026-05-15,bathroomgraffiti,fra,livre deco,6.1,0,26,final
2026-05-16,bathroomgraffiti,fra,livre deco,5.7,0,20,final
2026-05-17,bathroomgraffiti,fra,livre deco,4.7,0,18,final
2026-05-18,bathroomgraffiti,fra,livre deco,6.3,0,6,final
2026-05-19,bathroomgraffiti,fra,livre deco,8.9,0,15,final
2026-05-20,bathroomgraffiti,fra,livre deco,7.4,0,13,final
2026-05-21,bathroomgraffiti,fra,livre deco,6.4,2,10,final
2026-05-22,bathroomgraffiti,fra,livre deco,4,0,4,final
2026-05-23,bathroomgraffiti,fra,livre deco,5.6,0,14,final
2026-05-24,bathroomgraffiti,fra,livre deco,6.7,0,16,final
2026-05-25,bathroomgraffiti,fra,livre deco,5.9,0,21,final
2026-05-26,bathroomgraffiti,fra,livre deco,3.3,0,11,final
2026-05-27,bathroomgraffiti,fra,livre deco,3.6,1,12,final
2026-05-28,bathroomgraffiti,fra,livre deco,3,1,17,final
2026-05-29,bathroomgraffiti,fra,livre deco,3.1,1,16,final
2026-05-30,bathroomgraffiti,fra,livre deco,4.5,1,22,final
2026-05-31,bathroomgraffiti,fra,livre deco,4.7,0,14,final
2026-06-01,bathroomgraffiti,fra,livre deco,2.4,1,20,final
2026-06-02,bathroomgraffiti,fra,livre deco,4.2,1,19,final
2026-06-03,bathroomgraffiti,fra,livre deco,5,0,21,final
2026-06-04,bathroomgraffiti,fra,livre deco,5.9,0,13,final
2026-06-05,bathroomgraffiti,fra,livre deco,9.5,0,15,final
2026-06-06,bathroomgraffiti,fra,livre deco,5.7,0,12,final
2026-06-07,bathroomgraffiti,fra,livre deco,6.6,1,14,final
2026-06-08,bathroomgraffiti,fra,livre deco,5.6,0,18,final
2026-06-09,bathroomgraffiti,fra,livre deco,7.9,0,10,final
2026-06-10,bathroomgraffiti,fra,livre deco,10.3,0,10,final
2026-06-11,bathroomgraffiti,fra,livre deco,8.2,0,13,final
2026-06-12,bathroomgraffiti,fra,livre deco,9.4,0,15,final
2026-06-13,bathroomgraffiti,fra,livre deco,7.4,0,17,final
2026-06-14,bathroomgraffiti,fra,livre deco,9.9,0,17,final
2026-06-15,bathroomgraffiti,fra,livre deco,10.3,0,9,final
2026-06-16,bathroomgraffiti,fra,livre deco,5.5,0,13,final
2026-06-17,bathroomgraffiti,fra,livre deco,10.5,0,4,final
2026-06-18,bathroomgraffiti,fra,livre deco,7.1,0,12,final
2026-06-19,bathroomgraffiti,fra,livre deco,2.1,0,10,final
2026-06-20,bathroomgraffiti,fra,livre deco,10.2,0,13,final
2026-06-21,bathroomgraffiti,fra,livre deco,6.2,0,13,final
2026-06-22,bathroomgraffiti,fra,livre deco,7.5,0,17,final
2026-06-23,bathroomgraffiti,fra,livre deco,5.5,0,8,final
2026-06-24,bathroomgraffiti,fra,livre deco,4.6,0,11,final
2026-06-25,bathroomgraffiti,fra,livre deco,4.7,0,9,final
2026-06-26,bathroomgraffiti,fra,livre deco,6.2,0,5,final
2026-06-27,bathroomgraffiti,fra,livre deco,6.8,0,12,final
2026-06-28,bathroomgraffiti,fra,livre deco,7.1,0,15,final
2026-06-29,bathroomgraffiti,fra,livre deco,7.7,1,29,final
2026-06-30,bathroomgraffiti,fra,livre deco,8.1,1,19,final
2026-07-01,bathroomgraffiti,fra,livre deco,10.1,0,14,final
2026-07-02,bathroomgraffiti,fra,livre deco,9.5,0,15,final
2026-07-03,bathroomgraffiti,fra,livre deco,10.5,0,11,final
2026-07-04,bathroomgraffiti,fra,livre deco,9.0,0,26,final
2026-07-05,bathroomgraffiti,fra,livre deco,7,0,18,final
2026-07-06,bathroomgraffiti,fra,livre deco,5.7,0,7,final
2026-07-07,bathroomgraffiti,fra,livre deco,5.3,0,3,final
2026-07-08,bathroomgraffiti,fra,livre deco,2.9,0,8,final
2026-07-09,bathroomgraffiti,fra,livre deco,8,0,1,final
2026-07-10,bathroomgraffiti,fra,livre deco,3.3,0,9,final
2026-07-11,bathroomgraffiti,fra,livre deco,8,0,5,final
2026-07-12,bathroomgraffiti,fra,livre deco,9.7,0,11,final
2026-07-13,bathroomgraffiti,fra,livre deco,2.4,0,8,final
2026-07-14,bathroomgraffiti,fra,livre deco,6,1,4,final
2026-07-15,bathroomgraffiti,fra,livre deco,6.8,0,5,final
2026-07-16,bathroomgraffiti,fra,livre deco,9.3,0,15,final
2026-07-17,bathroomgraffiti,fra,livre deco,2.8,0,5,final
2026-07-18,bathroomgraffiti,fra,livre deco,5.1,0,11,final
2026-07-19,bathroomgraffiti,fra,livre deco,6.3,0,19,final
2026-07-20,bathroomgraffiti,fra,livre deco,4.8,0,23,final
2026-07-21,bathroomgraffiti,fra,livre deco,5.4,0,16,final
2026-07-22,bathroomgraffiti,fra,livre deco,8.1,0,15,final
2026-07-23,bathroomgraffiti,fra,livre deco,5.1,0,8,final
2026-07-24,bathroomgraffiti,fra,livre deco,10.8,0,8,final
2026-07-25,bathroomgraffiti,fra,livre deco,7.8,0,14,final
2026-07-26,bathroomgraffiti,fra,livre deco,7.9,0,18,final
2026-07-27,bathroomgraffiti,fra,livre deco,9.8,0,17,final
2026-07-28,bathroomgraffiti,fra,livre deco,8.4,0,14,final
2026-07-29,bathroomgraffiti,fra,livre deco,9,0,13,final
2026-07-30,bathroomgraffiti,fra,livre deco,8.2,0,15,final
2026-07-31,bathroomgraffiti,fra,livre deco,9.7,0,9,final
2026-08-01,bathroomgraffiti,fra,livre deco,3.2,0,15,final
2026-08-02,bathroomgraffiti,fra,livre deco,5.8,0,18,final
2026-08-03,bathroomgraffiti,fra,livre deco,3.9,0,24,final
2026-08-04,bathroomgraffiti,fra,livre deco,6.7,0,25,final
2026-08-05,bathroomgraffiti,fra,livre deco,4.6,0,25,final
2026-08-06,bathroomgraffiti,fra,livre deco,5.3,2,39,final
2026-08-07,bathroomgraffiti,fra,livre deco,4.8,0,23,final
2026-08-08,bathroomgraffiti,fra,livre deco,5.2,0,28,final
2026-08-09,bathroomgraffiti,fra,livre deco,6.2,0,20,final
2026-08-10,bathroomgraffiti,fra,livre deco,6.6,0,27,final
2026-08-11,bathroomgraffiti,fra,livre deco,7.1,0,21,final
2026-08-12,bathroomgraffiti,fra,livre deco,8.8,0,23,final
2026-08-13,bathroomgraffiti,fra,livre deco,6.5,1,18,final
2026-08-14,bathroomgraffiti,fra,livre deco,4.2,0,28,final
2026-08-15,bathroomgraffiti,fra,livre deco,3.2,1,27,final
2026-08-16,bathroomgraffiti,fra,livre deco,3.7,1,18,final
2026-08-17,bathroomgraffiti,fra,livre deco,2.7,1,25,final
2026-08-18,bathroomgraffiti,fra,livre deco,5.6,1,29,final
2026-08-19,bathroomgraffiti,fra,livre deco,4.5,0,40,final
2026-08-20,bathroomgraffiti,fra,livre deco,2.8,0,23,final
2026-08-21,bathroomgraffiti,fra,livre deco,2.8,1,41,final
2026-08-22,bathroomgraffiti,fra,livre deco,3.1,0,22,final
2026-08-23,bathroomgraffiti,fra,livre deco,3.5,0,34,final
2026-08-24,bathroomgraffiti,fra,livre deco,2.9,1,29,final
2026-08-25,bathroomgraffiti,fra,livre deco,2.2,1,34,final
2026-08-26,bathroomgraffiti,fra,livre deco,2.8,0,39,final
2026-08-27,bathroomgraffiti,fra,livre deco,2.6,1,34,final
2026-08-28,bathroomgraffiti,fra,livre deco,2.4,1,33,final
2026-08-29,bathroomgraffiti,fra,livre deco,2.4,0,69,final
2026-08-30,bathroomgraffiti,fra,livre deco,4.2,2,33,final
2026-08-31,bathroomgraffiti,fra,livre deco,6.3,2,15,final
2026-09-01,bathroomgraffiti,fra,livre deco,2.2,0,31,final
2026-09-02,bathroomgraffiti,fra,livre deco,2.8,0,25,final
2026-09-03,bathroomgraffiti,fra,livre deco,4.3,0,25,final
2026-09-04,bathroomgraffiti,fra,livre deco,3.7,0,23,final
2026-09-05,bathroomgraffiti,fra,livre deco,2.8,0,30,final
2026-09-06,bathroomgraffiti,fra,livre deco,3.4,0,30,final
2026-09-07,bathroomgraffiti,fra,livre deco,3.3,1,31,final
2026-09-08,bathroomgraffiti,fra,livre deco,3.9,1,18,final
2026-09-09,bathroomgraffiti,fra,livre deco,3.5,0,28,final
2026-09-10,bathroomgraffiti,fra,livre deco,2.2,0,26,final
2026-09-11,bathroomgraffiti,fra,livre deco,2.5,1,35,final
2026-09-12,bathroomgraffiti,fra,livre deco,2.3,1,30,final
2026-09-13,bathroomgraffiti,fra,livre deco,4.3,0,18,final
2026-09-14,bathroomgraffiti,fra,livre deco,3.8,0,13,final
2026-09-15,bathroomgraffiti,fra,livre deco,4,0,21,final
2026-09-16,bathroomgraffiti,fra,livre deco,3.2,0,13,final
2026-09-17,bathroomgraffiti,fra,livre deco,3,1,14,final
2026-09-18,bathroomgraffiti,fra,livre deco,2.4,0,26,final
2026-09-19,bathroomgraffiti,fra,livre deco,3.4,0,25,final
2026-09-20,bathroomgraffiti,fra,livre deco,3.8,0,19,final
2026-09-21,bathroomgraffiti,fra,livre deco,2.7,1,21,final
2026-09-22,bathroomgraffiti,fra,livre deco,2.8,0,19,final
2026-09-23,bathroomgraffiti,fra,livre deco,2.2,0,26,final
2026-09-24,bathroomgraffiti,fra,livre deco,2.4,1,24,final
2026-09-25,bathroomgraffiti,fra,livre deco,3.3,2,41,final
2026-09-26,bathroomgraffiti,fra,livre deco,2.7,0,22,final
2026-09-27,bathroomgraffiti,fra,livre deco,4.1,1,27,final
2026-09-28,bathroomgraffiti,fra,livre deco,4,0,10,final
2026-09-29,bathroomgraffiti,fra,livre deco,4.1,1,16,final
2026-09-30,bathroomgraffiti,fra,livre deco,3.3,0,18,final
2026-10-01,bathroomgraffiti,fra,livre deco,2.7,0,11,final
2026-10-02,bathroomgraffiti,fra,livre deco,3.2,0,22,final
2026-10-03,bathroomgraffiti,fra,livre deco,3.8,0,26,final
2026-10-04,bathroomgraffiti,fra,livre deco,4.1,0,16,fresh
2026-10-05,bathroomgraffiti,fra,livre deco,6.5,1,11,fresh
2025-06-12,bathroomgraffiti,fra,livre decoration,5.8,0,16,final
2025-06-13,bathroomgraffiti,fra,livre decoration,5.3,0,28,final
2025-06-14,bathroomgraffiti,fra,livre decoration,5.6,0,18,final
2025-06-15,bathroomgraffiti,fra,livre decoration,6.0,2,31,final
2025-06-16,bathroomgraffiti,fra,livre decoration,5.2,0,14,final
2025-06-17,bathroomgraffiti,fra,livre decoration,5.6,0,23,final
2025-06-18,bathroomgraffiti,fra,livre decoration,4.5,1,18,final
2025-06-19,bathroomgraffiti,fra,livre decoration,4.4,1,14,final
2025-06-20,bathroomgraffiti,fra,livre decoration,4.0,0,27,final
2025-06-21,bathroomgraffiti,fra,livre decoration,3.6,1,22,final
2025-06-22,bathroomgraffiti,fra,livre decoration,2.7,2,27,final
2025-06-23,bathroomgraffiti,fra,livre decoration,3.1,1,30,final
2025-06-24,bathroomgraffiti,fra,livre decoration,2.9,0,24,final
2025-06-25,bathroomgraffiti,fra,livre decoration,4.7,1,31,final
2025-06-26,bathroomgraffiti,fra,livre decoration,4.5,1,26,final
2025-06-27,bathroomgraffiti,fra,livre decoration,6.3,0,27,final
2025-06-28,bathroomgraffiti,fra,livre decoration,7.5,0,31,final
2025-06-29,bathroomgraffiti,fra,livre decoration,4,0,26,final
2025-06-30,bathroomgraffiti,fra,livre decoration,2.9,1,31,final
2025-07-01,bathroomgraffiti,fra,livre decoration,2.9,2,30,final
2025-07-02,bathroomgraffiti,fra,livre decoration,2.9,1,31,final
2025-07-03,bathroomgraffiti,fra,livre decoration,2.5,1,31,final
2025-07-04,bathroomgraffiti,fra,livre decoration,2.6,0,27,final
2025-07-05,bathroomgraffiti,fra,livre decoration,2.6,1,31,final
2025-07-06,bathroomgraffiti,fra,livre decoration,3.3,0,38,final
2025-07-07,bathroomgraffiti,fra,livre decoration,2.5,0,41,final
2025-07-08,bathroomgraffiti,fra,livre decoration,2.9,0,40,final
2025-07-09,bathroomgraffiti,fra,livre decoration,3.3,0,30,final
2025-07-10,bathroomgraffiti,fra,livre decoration,2.3,0,29,final
2025-07-11,bathroomgraffiti,fra,livre decoration,3.9,1,30,final
2025-07-12,bathroomgraffiti,fra,livre decoration,3.8,1,28,final
2025-07-13,bathroomgraffiti,fra,livre decoration,4.1,0,34,final
2025-07-14,bathroomgraffiti,fra,livre decoration,2.6,0,34,final
2025-07-15,bathroomgraffiti,fra,livre decoration,2.7,0,33,final
2025-07-16,bathroomgraffiti,fra,livre decoration,3.5,1,47,final
2025-07-17,bathroomgraffiti,fra,livre decoration,3.6,0,25,final
2025-07-18,bathroomgraffiti,fra,livre decoration,3.0,0,33,final
2025-07-19,bathroomgraffiti,fra,livre decoration,2.3,0,27,final
2025-07-20,bathroomgraffiti,fra,livre decoration,3.1,1,35,final
2025-07-21,bathroomgraffiti,fra,livre decoration,3.7,0,38,final
2025-07-22,bathroomgraffiti,fra,livre decoration,3.1,0,40,final
2025-07-23,bathroomgraffiti,fra,livre decoration,3.5,0,43,final
2025-07-24,bathroomgraffiti,fra,livre decoration,4.1,0,33,final
2025-07-25,bathroomgraffiti,fra,livre decoration,4.1,1,33,final
2025-07-26,bathroomgraffiti,fra,livre decoration,3.9,0,44,final
2025-07-27,bathroomgraffiti,fra,livre decoration,4.6,1,53,final
2025-07-28,bathroomgraffiti,fra,livre decoration,4.2,2,46,final
2025-07-29,bathroomgraffiti,fra,livre decoration,3.5,2,44,final
2025-07-30,bathroomgraffiti,fra,livre decoration,3.7,0,48,final
2025-07-31,bathroomgraffiti,fra,livre decoration,3.4,0,40,final
2025-08-01,bathroomgraffiti,fra,livre decoration,4.4,0,28,final
2025-08-02,bathroomgraffiti,fra,livre decoration,4.4,1,40,final
2025-08-03,bathroomgraffiti,fra,livre decoration,4,0,51,final
2025-08-04,bathroomgraffiti,fra,livre decoration,3.7,0,45,final
2025-08-05,bathroomgraffiti,fra,livre decoration,4.2,0,46,final
2025-08-06,bathroomgraffiti,fra,livre decoration,4.4,1,45,final
2025-08-07,bathroomgraffiti,fra,livre decoration,4.0,0,39,final
2025-08-08,bathroomgraffiti,fra,livre decoration,3.8,1,55,final
2025-08-09,bathroomgraffiti,fra,livre decoration,3.1,0,37,final
2025-08-10,bathroomgraffiti,fra,livre decoration,3.6,1,63,final
2025-08-11,bathroomgraffiti,fra,livre decoration,3.7,2,47,final
2025-08-12,bathroomgraffiti,fra,livre decoration,3.5,0,36,final
2025-08-13,bathroomgraffiti,fra,livre decoration,4.4,0,40,final
2025-08-14,bathroomgraffiti,fra,livre decoration,5.4,0,35,final
2025-08-15,bathroomgraffiti,fra,livre decoration,5.2,0,39,final
2025-08-16,bathroomgraffiti,fra,livre decoration,4.8,0,49,final
2025-08-17,bathroomgraffiti,fra,livre decoration,5.9,1,50,final
2025-08-18,bathroomgraffiti,fra,livre decoration,6.2,0,42,final
2025-08-19,bathroomgraffiti,fra,livre decoration,6.7,0,58,final
2025-08-20,bathroomgraffiti,fra,livre decoration,5.6,0,52,final
2025-08-21,bathroomgraffiti,fra,livre decoration,4.4,1,56,final
2025-08-22,bathroomgraffiti,fra,livre decoration,4.4,1,49,final
2025-08-23,bathroomgraffiti,fra,livre decoration,5.5,1,32,final
2025-08-24,bathroomgraffiti,fra,livre decoration,6.9,0,58,final
2025-08-25,bathroomgraffiti,fra,livre decoration,5.8,0,39,final
2025-08-26,bathroomgraffiti,fra,livre decoration,4.7,2,47,final
2025-08-27,bathroomgraffiti,fra,livre decoration,7.9,1,39,final
2025-08-28,bathroomgraffiti,fra,livre decoration,7.3,0,27,final
2025-08-29,bathroomgraffiti,fra,livre decoration,5.5,1,36,final
2025-08-30,bathroomgraffiti,fra,livre decoration,4.2,2,48,final
2025-08-31,bathroomgraffiti,fra,livre decoration,4.8,2,56,final
2025-09-01,bathroomgraffiti,fra,livre decoration,6.6,0,47,final
2025-09-02,bathroomgraffiti,fra,livre decoration,6.2,0,33,final
2025-09-03,bathroomgraffiti,fra,livre decoration,7.0,0,24,final
2025-09-04,bathroomgraffiti,fra,livre decoration,3.6,0,37,final
2025-09-05,bathroomgraffiti,fra,livre decoration,4.1,2,54,final
2025-09-06,bathroomgraffiti,fra,livre decoration,6.1,0,35,final
2025-09-07,bathroomgraffiti,fra,livre decoration,5.4,0,38,final
2025-09-08,bathroomgraffiti,fra,livre decoration,3.8,1,33,final
2025-09-09,bathroomgraffiti,fra,livre decoration,3.1,1,48,final
2025-09-10,bathroomgraffiti,fra,livre decoration,2.7,1,39,final
2025-09-11,bathroomgraffiti,fra,livre decoration,3.8,1,50,final
2025-09-12,bathroomgraffiti,fra,livre decoration,5.3,0,45,final
2025-09-13,bathroomgraffiti,fra,livre decoration,6.8,1,40,final
2025-09-14,bathroomgraffiti,fra,livre decoration,6.6,0,79,final
2025-09-15,bathroomgraffiti,fra,livre decoration,6.5,0,46,final
2025-09-16,bathroomgraffiti,fra,livre decoration,5.8,0,39,final
2025-09-17,bathroomgraffiti,fra,livre decoration,3.6,1,43,final
2025-09-18,bathroomgraffiti,fra,livre decoration,3.0,0,36,final
2025-09-19,bathroomgraffiti,fra,livre decoration,2.7,0,32,final
2025-09-20,bathroomgraffiti,fra,livre decoration,3.0,1,41,final
2025-09-21,bathroomgraffiti,fra,livre decoration,3.0,2,66,final
2025-09-22,bathroomgraffiti,fra,livre decoration,2.8,1,47,final
2025-09-23,bathroomgraffiti,fra,livre decoration,3.4,1,37,final
2025-09-24,bathroomgraffiti,fra,livre decoration,2.8,2,39,final
2025-09-25,bathroomgraffiti,fra,livre decoration,2.9,2,34,final
2025-09-26,bathroomgraffiti,fra,livre decoration,2.7,0,37,final
2025-09-27,bathroomgraffiti,fra,livre decoration,3.2,1,47,final
2025-09-28,bathroomgraffiti,fra,livre decoration,3.6,1,57,final
2025-09-29,bathroomgraffiti,fra,livre decoration,3.5,0,45,final
2025-09-30,bathroomgraffiti,fra,livre decoration,3.5,2,38,final
2025-10-01,bathroomgraffiti,fra,livre decoration,2.9,0,41,final
2025-10-02,bathroomgraffiti,fra,livre decoration,3.1,0,32,final
2025-10-03,bathroomgraffiti,fra,livre decoration,3.5,0,39,final
2025-10-04,bathroomgraffiti,fra,livre decoration,2.5,2,57,final
2025-10-05,bathroomgraffiti,fra,livre decoration,2.5,3,70,final
2025-10-06,bathroomgraffiti,fra,livre decoration,2.7,1,48,final
2025-10-07,bathroomgraffiti,fra,livre decoration,2.4,0,45,final
2025-10-08,bathroomgraffiti,fra,livre decoration,3.2,1,48,final
2025-10-09,bathroomgraffiti,fra,livre decoration,2.7,0,49,final
2025-10-10,bathroomgraffiti,fra,livre decoration,2.6,1,46,final
2025-10-11,bathroomgraffiti,fra,livre decoration,2.7,2,62,final
2025-10-12,bathroomgraffiti,fra,livre decoration,2.8,0,58,final
2025-10-13,bathroomgraffiti,fra,livre decoration,2.9,0,50,final
2025-10-14,bathroomgraffiti,fra,livre decoration,3.1,0,41,final
2025-10-15,bathroomgraffiti,fra,livre decoration,2.5,0,40,final
2025-10-16,bathroomgraffiti,fra,livre decoration,2.7,1,45,final
2025-10-17,bathroomgraffiti,fra,livre decoration,2.4,0,51,final
2025-10-18,bathroomgraffiti,fra,livre decoration,2.4,0,66,final
2025-10-19,bathroomgraffiti,fra,livre decoration,2.6,0,66,final
2025-10-20,bathroomgraffiti,fra,livre decoration,2.6,1,49,final
2025-10-21,bathroomgraffiti,fra,livre decoration,2.6,1,43,final
2025-10-22,bathroomgraffiti,fra,livre decoration,2.9,1,65,final
2025-10-23,bathroomgraffiti,fra,livre decoration,2.6,1,51,final
2025-10-24,bathroomgraffiti,fra,livre decoration,3.5,0,40,final
2025-10-25,bathroomgraffiti,fra,livre decoration,2.8,1,50,final
2025-10-26,bathroomgraffiti,fra,livre decoration,3.0,1,84,final
2025-10-27,bathroomgraffiti,fra,livre decoration,2.4,0,51,final
2025-10-28,bathroomgraffiti,fra,livre decoration,3.2,1,44,final
2025-10-29,bathroomgraffiti,fra,livre decoration,3.2,0,53,final
2025-10-30,bathroomgraffiti,fra,livre decoration,2.5,1,55,final
2025-10-31,bathroomgraffiti,fra,livre decoration,2.9,2,50,final
2025-11-01,bathroomgraffiti,fra,livre decoration,2.9,0,59,final
2025-11-02,bathroomgraffiti,fra,livre decoration,2.7,5,90,final
2025-11-03,bathroomgraffiti,fra,livre decoration,2.8,1,65,final
2025-11-04,bathroomgraffiti,fra,livre decoration,2.5,1,61,final
2025-11-05,bathroomgraffiti,fra,livre decoration,2.9,0,61,final
2025-11-06,bathroomgraffiti,fra,livre decoration,7.1,1,41,final
2025-11-07,bathroomgraffiti,fra,livre decoration,5.3,0,45,final
2025-11-08,bathroomgraffiti,fra,livre decoration,6.1,1,73,final
2025-11-09,bathroomgraffiti,fra,livre decoration,5,2,62,final
2025-11-10,bathroomgraffiti,fra,livre decoration,6.4,2,75,final
2025-11-11,bathroomgraffiti,fra,livre decoration,6.2,0,71,final
2025-11-12,bathroomgraffiti,fra,livre decoration,6.1,0,62,final
2025-11-13,bathroomgraffiti,fra,livre decoration,6.0,0,66,final
2025-11-14,bathroomgraffiti,fra,livre decoration,6.7,0,58,final
2025-11-15,bathroomgraffiti,fra,livre decoration,6.1,0,64,final
2025-11-16,bathroomgraffiti,fra,livre decoration,5.8,2,126,final
2025-11-17,bathroomgraffiti,fra,livre decoration,4.9,0,71,final
2025-11-18,bathroomgraffiti,fra,livre decoration,4.7,0,44,final
2025-11-19,bathroomgraffiti,fra,livre decoration,5.7,0,47,final
2025-11-20,bathroomgraffiti,fra,livre decoration,8.8,0,44,final
2025-11-21,bathroomgraffiti,fra,livre decoration,9.6,0,49,final
2025-11-22,bathroomgraffiti,fra,livre decoration,8.1,0,78,final
2025-11-23,bathroomgraffiti,fra,livre decoration,6.5,1,77,final
2025-11-24,bathroomgraffiti,fra,livre decoration,8.1,0,67,final
2025-11-25,bathroomgraffiti,fra,livre decoration,7.2,0,71,final
2025-11-26,bathroomgraffiti,fra,livre decoration,6.8,1,70,final
2025-11-27,bathroomgraffiti,fra,livre decoration,4.1,0,59,final
2025-11-28,bathroomgraffiti,fra,livre decoration,4.2,0,59,final
2025-11-29,bathroomgraffiti,fra,livre decoration,3.9,1,90,final
2025-11-30,bathroomgraffiti,fra,livre decoration,3.4,1,105,final
2025-12-01,bathroomgraffiti,fra,livre decoration,4.3,2,75,final
2025-12-02,bathroomgraffiti,fra,livre decoration,3.8,2,82,final
2025-12-03,bathroomgraffiti,fra,livre decoration,3.4,1,81,final
2025-12-04,bathroomgraffiti,fra,livre decoration,3.4,1,62,final
2025-12-05,bathroomgraffiti,fra,livre decoration,2.4,2,72,final
2025-12-06,bathroomgraffiti,fra,livre decoration,2.9,1,94,final
2025-12-07,bathroomgraffiti,fra,livre decoration,2.3,2,137,final
2025-12-08,bathroomgraffiti,fra,livre decoration,3.0,3,85,final
2025-12-09,bathroomgraffiti,fra,livre decoration,2.7,0,88,final
2025-12-10,bathroomgraffiti,fra,livre decoration,2.4,3,70,final
2025-12-11,bathroomgraffiti,fra,livre decoration,3.6,1,58,final
2025-12-12,bathroomgraffiti,fra,livre decoration,3.4,2,54,final
2025-12-13,bathroomgraffiti,fra,livre decoration,4.2,3,75,final
2025-12-14,bathroomgraffiti,fra,livre decoration,3.2,3,113,final
2025-12-15,bathroomgraffiti,fra,livre decoration,4.1,0,49,final
2025-12-16,bathroomgraffiti,fra,livre decoration,4,1,30,final
2025-12-17,bathroomgraffiti,fra,livre decoration,4.3,0,29,final
2025-12-18,bathroomgraffiti,fra,livre decoration,4.7,0,19,final
2025-12-19,bathroomgraffiti,fra,livre decoration,4.2,1,25,final
2025-12-20,bathroomgraffiti,fra,livre decoration,5.5,3,39,final
2025-12-21,bathroomgraffiti,fra,livre decoration,5.8,0,35,final
2025-12-22,bathroomgraffiti,fra,livre decoration,4.4,0,25,final
2025-12-23,bathroomgraffiti,fra,livre decoration,5.7,0,22,final
2025-12-24,bathroomgraffiti,fra,livre decoration,6.9,0,12,final
2025-12-25,bathroomgraffiti,fra,livre decoration,6.2,0,18,final
2025-12-26,bathroomgraffiti,fra,livre decoration,5.5,0,33,final
2025-12-27,bathroomgraffiti,fra,livre decoration,5.8,0,37,final
2025-12-28,bathroomgraffiti,fra,livre decoration,6.1,1,36,final
2025-12-29,bathroomgraffiti,fra,livre decoration,4.1,0,27,final
2025-12-30,bathroomgraffiti,fra,livre decoration,5.6,0,19,final
2025-12-31,bathroomgraffiti,fra,livre decoration,3.6,0,12,final
2026-01-01,bathroomgraffiti,fra,livre decoration,5.6,0,18,final
2026-01-02,bathroomgraffiti,fra,livre decoration,4.9,0,21,final
2026-01-03,bathroomgraffiti,fra,livre decoration,5.5,0,37,final
2026-01-04,bathroomgraffiti,fra,livre decoration,4.8,0,42,final
2026-01-05,bathroomgraffiti,fra,livre decoration,4.9,0,24,final
2026-01-06,bathroomgraffiti,fra,livre decoration,5.6,0,28,final
2026-01-07,bathroomgraffiti,fra,livre decoration,8.8,0,53,final
2026-01-08,bathroomgraffiti,fra,livre decoration,9.0,1,51,final
2026-01-09,bathroomgraffiti,fra,livre decoration,8.7,1,55,final
2026-01-10,bathroomgraffiti,fra,livre decoration,7.7,0,51,final
2026-01-11,bathroomgraffiti,fra,livre decoration,8.5,0,75,final
2026-01-12,bathroomgraffiti,fra,livre decoration,7.8,1,45,final
2026-01-13,bathroomgraffiti,fra,livre decoration,7.6,0,55,final
2026-01-14,bathroomgraffiti,fra,livre decoration,6.2,1,50,final
2026-01-15,bathroomgraffiti,fra,livre decoration,5.4,0,61,final
2026-01-16,bathroomgraffiti,fra,livre decoration,6.3,0,48,final
2026-01-17,bathroomgraffiti,fra,livre decoration,8.3,0,78,final
2026-01-18,bathroomgraffiti,fra,livre decoration,8.6,0,66,final
2026-01-19,bathroomgraffiti,fra,livre decoration,7.9,2,50,final
2026-01-20,bathroomgraffiti,fra,livre decoration,8.2,0,46,final
2026-01-21,bathroomgraffiti,fra,livre decoration,6.8,0,20,final
2026-01-22,bathroomgraffiti,fra,livre decoration,6.0,1,20,final
2026-01-23,bathroomgraffiti,fra,livre decoration,7.0,1,62,final
2026-01-24,bathroomgraffiti,fra,livre decoration,4.8,0,82,final
2026-01-25,bathroomgraffiti,fra,livre decoration,3.9,0,98,final
2026-01-26,bathroomgraffiti,fra,livre decoration,4.4,0,58,final
2026-01-27,bathroomgraffiti,fra,livre decoration,4.3,0,57,final
2026-01-28,bathroomgraffiti,fra,livre decoration,4.1,1,52,final
2026-01-29,bathroomgraffiti,fra,livre decoration,3.7,2,53,final
2026-01-30,bathroomgraffiti,fra,livre decoration,5.0,0,49,final
2026-01-31,bathroomgraffiti,fra,livre decoration,4.8,0,74,final
2026-02-01,bathroomgraffiti,fra,livre decoration,5.0,1,91,final
2026-02-02,bathroomgraffiti,fra,livre decoration,4.4,0,50,final
2026-02-03,bathroomgraffiti,fra,livre decoration,5.1,1,54,final
2026-02-04,bathroomgraffiti,fra,livre decoration,4.9,2,46,final
2026-02-05,bathroomgraffiti,fra,livre decoration,5.6,0,32,final
2026-02-06,bathroomgraffiti,fra,livre decoration,5.9,0,28,final
2026-02-07,bathroomgraffiti,fra,livre decoration,4.8,2,66,final
2026-02-08,bathroomgraffiti,fra,livre decoration,4.6,0,76,final
2026-02-09,bathroomgraffiti,fra,livre decoration,4.5,1,77,final
2026-02-10,bathroomgraffiti,fra,livre decoration,4.2,1,69,final
2026-02-11,bathroomgraffiti,fra,livre decoration,4.6,0,59,final
2026-02-12,bathroomgraffiti,fra,livre decoration,5.5,0,59,final
2026-02-13,bathroomgraffiti,fra,livre decoration,4.6,0,44,final
2026-02-14,bathroomgraffiti,fra,livre decoration,3.5,0,66,final
2026-02-15,bathroomgraffiti,fra,livre decoration,3.9,3,78,final
2026-02-16,bathroomgraffiti,fra,livre decoration,3.4,1,67,final
2026-02-17,bathroomgraffiti,fra,livre decoration,4.1,1,48,final
2026-02-18,bathroomgraffiti,fra,livre decoration,5.9,0,42,final
2026-02-19,bathroomgraffiti,fra,livre decoration,8.1,0,47,final
2026-02-20,bathroomgraffiti,fra,livre decoration,4.1,2,52,final
2026-02-21,bathroomgraffiti,fra,livre decoration,3.8,0,60,final
2026-02-22,bathroomgraffiti,fra,livre decoration,4,1,76,final
2026-02-23,bathroomgraffiti,fra,livre decoration,2.8,0,54,final
2026-02-24,bathroomgraffiti,fra,livre decoration,5.5,0,41,final
2026-02-25,bathroomgraffiti,fra,livre decoration,5.8,0,53,final
2026-02-26,bathroomgraffiti,fra,livre decoration,6.0,0,51,final
2026-02-27,bathroomgraffiti,fra,livre decoration,6.4,0,49,final
2026-02-28,bathroomgraffiti,fra,livre decoration,6.3,0,57,final
2026-03-01,bathroomgraffiti,fra,livre decoration,4.3,1,64,final
2026-03-02,bathroomgraffiti,fra,livre decoration,3.0,3,53,final
2026-03-03,bathroomgraffiti,fra,livre decoration,3.3,0,42,final
2026-03-04,bathroomgraffiti,fra,livre decoration,2.4,0,37,final
2026-03-05,bathroomgraffiti,fra,livre decoration,3.4,1,56,final
2026-03-06,bathroomgraffiti,fra,livre decoration,3.8,0,43,final
2026-03-07,bathroomgraffiti,fra,livre decoration,3.3,3,43,final
2026-03-08,bathroomgraffiti,fra,livre decoration,3.6,0,66,final
2026-03-09,bathroomgraffiti,fra,livre decoration,3.2,1,53,final
2026-03-10,bathroomgraffiti,fra,livre decoration,3.4,4,45,final
2026-03-11,bathroomgraffiti,fra,livre decoration,3.7,1,47,final
2026-03-12,bathroomgraffiti,fra,livre decoration,2.3,1,43,final
2026-03-13,bathroomgraffiti,fra,livre decoration,2.5,0,49,final
2026-03-14,bathroomgraffiti,fra,livre decoration,2.3,1,60,final
2026-03-15,bathroomgraffiti,fra,livre decoration,5.2,1,62,final
2026-03-16,bathroomgraffiti,fra,livre decoration,5.3,1,61,final
2026-03-17,bathroomgraffiti,fra,livre decoration,4.5,0,29,final
2026-03-18,bathroomgraffiti,fra,livre decoration,4.1,0,50,final
2026-03-19,bathroomgraffiti,fra,livre decoration,3.3,0,19,final
2026-03-20,bathroomgraffiti,fra,livre decoration,4.2,1,51,final
2026-03-21,bathroomgraffiti,fra,livre decoration,3.6,4,45,final
2026-03-22,bathroomgraffiti,fra,livre decoration,2.9,0,55,final
2026-03-23,bathroomgraffiti,fra,livre decoration,3.7,0,41,final
2026-03-24,bathroomgraffiti,fra,livre decoration,4.5,4,40,final
2026-03-25,bathroomgraffiti,fra,livre decoration,4.5,1,34,final
2026-03-26,bathroomgraffiti,fra,livre decoration,5.8,0,29,final
2026-03-27,bathroomgraffiti,fra,livre decoration,5.8,0,30,final
2026-03-28,bathroomgraffiti,fra,livre decoration,5.4,1,55,final
2026-03-29,bathroomgraffiti,fra,livre decoration,5.8,1,63,final
2026-03-30,bathroomgraffiti,fra,livre decoration,5.6,0,47,final
2026-03-31,bathroomgraffiti,fra,livre decoration,6,0,31,final
2026-04-01,bathroomgraffiti,fra,livre decoration,3.4,1,32,final
2026-04-02,bathroomgraffiti,fra,livre decoration,7.1,0,28,final
2026-04-03,bathroomgraffiti,fra,livre decoration,4.5,0,31,final
2026-04-04,bathroomgraffiti,fra,livre decoration,5,0,34,final
2026-04-05,bathroomgraffiti,fra,livre decoration,5.4,0,61,final
2026-04-06,bathroomgraffiti,fra,livre decoration,4.1,0,46,final
2026-04-07,bathroomgraffiti,fra,livre decoration,4.2,1,33,final
2026-04-08,bathroomgraffiti,fra,livre decoration,4.8,1,40,final
2026-04-09,bathroomgraffiti,fra,livre decoration,5.8,2,35,final
2026-04-10,bathroomgraffiti,fra,livre decoration,6.1,0,27,final
2026-04-11,bathroomgraffiti,fra,livre decoration,5.9,2,43,final
2026-04-12,bathroomgraffiti,fra,livre decoration,4.8,1,51,final
2026-04-13,bathroomgraffiti,fra,livre decoration,5.8,0,42,final
2026-04-14,bathroomgraffiti,fra,livre decoration,5.6,0,30,final
2026-04-15,bathroomgraffiti,fra,livre decoration,5.4,0,28,final
2026-04-16,bathroomgraffiti,fra,livre decoration,4.8,0,35,final
2026-04-17,bathroomgraffiti,fra,livre decoration,5.4,0,33,final
2026-04-18,bathroomgraffiti,fra,livre decoration,4.9,2,43,final
2026-04-19,bathroomgraffiti,fra,livre decoration,4.1,0,48,final
2026-04-20,bathroomgraffiti,fra,livre decoration,3.3,1,27,final
2026-04-21,bathroomgraffiti,fra,livre decoration,4.9,0,36,final
2026-04-22,bathroomgraffiti,fra,livre decoration,5.4,1,29,final
2026-04-23,bathroomgraffiti,fra,livre decoration,8.9,1,23,final
2026-04-24,bathroomgraffiti,fra,livre decoration,10.7,0,9,final
2026-04-25,bathroomgraffiti,fra,livre decoration,10.8,1,19,final
2026-04-26,bathroomgraffiti,fra,livre decoration,10.9,0,34,final
2026-04-27,bathroomgraffiti,fra,livre decoration,8.3,0,35,final
2026-04-28,bathroomgraffiti,fra,livre decoration,8.5,0,37,final
2026-04-29,bathroomgraffiti,fra,livre decoration,5.8,2,32,final
2026-04-30,bathroomgraffiti,fra,livre decoration,5.1,0,27,final
2026-05-01,bathroomgraffiti,fra,livre decoration,5,1,22,final
2026-05-02,bathroomgraffiti,fra,livre decoration,6.6,0,16,final
2026-05-03,bathroomgraffiti,fra,livre decoration,3.7,0,27,final
2026-05-04,bathroomgraffiti,fra,livre decoration,4.9,0,26,final
2026-05-05,bathroomgraffiti,fra,livre decoration,3.2,3,35,final
2026-05-06,bathroomgraffiti,fra,livre decoration,4.8,0,29,final
2026-05-07,bathroomgraffiti,fra,livre decoration,4.3,0,34,final
2026-05-08,bathroomgraffiti,fra,livre decoration,4.4,0,31,final
2026-05-09,bathroomgraffiti,fra,livre decoration,5.1,1,38,final
2026-05-10,bathroomgraffiti,fra,livre decoration,4.6,3,55,final
2026-05-11,bathroomgraffiti,fra,livre decoration,3.6,0,25,final
2026-05-12,bathroomgraffiti,fra,livre decoration,4.6,2,38,final
2026-05-13,bathroomgraffiti,fra,livre decoration,3.7,0,51,final
2026-05-14,bathroomgraffiti,fra,livre decoration,4.8,0,44,final
2026-05-15,bathroomgraffiti,fra,livre decoration,5.8,0,45,final
2026-05-16,bathroomgraffiti,fra,livre decoration,5.7,0,57,final
2026-05-17,bathroomgraffiti,fra,livre decoration,3.9,0,44,final
2026-05-18,bathroomgraffiti,fra,livre decoration,7.7,1,29,final
2026-05-19,bathroomgraffiti,fra,livre decoration,10.7,1,34,final
2026-05-20,bathroomgraffiti,fra,livre decoration,11.6,1,31,final
2026-05-21,bathroomgraffiti,fra,livre decoration,9.7,0,15,final
2026-05-22,bathroomgraffiti,fra,livre decoration,9.5,0,22,final
2026-05-23,bathroomgraffiti,fra,livre decoration,5.3,0,7,final
2026-05-24,bathroomgraffiti,fra,livre decoration,7.9,1,9,final
2026-05-25,bathroomgraffiti,fra,livre decoration,7.6,0,15,final
2026-05-26,bathroomgraffiti,fra,livre decoration,4.2,1,13,final
2026-05-27,bathroomgraffiti,fra,livre decoration,3.9,2,19,final
2026-05-28,bathroomgraffiti,fra,livre decoration,3.4,0,23,final
2026-05-29,bathroomgraffiti,fra,livre decoration,5.3,0,27,final
2026-05-30,bathroomgraffiti,fra,livre decoration,5.3,2,37,final
2026-05-31,bathroomgraffiti,fra,livre decoration,5.3,0,26,final
2026-06-01,bathroomgraffiti,fra,livre decoration,5.9,0,21,final
2026-06-02,bathroomgraffiti,fra,livre decoration,4.2,0,35,final
2026-06-03,bathroomgraffiti,fra,livre decoration,10.5,1,20,final
2026-06-04,bathroomgraffiti,fra,livre decoration,7.2,0,21,final
2026-06-05,bathroomgraffiti,fra,livre decoration,7.7,0,36,final
2026-06-06,bathroomgraffiti,fra,livre decoration,8.4,0,27,final
2026-06-07,bathroomgraffiti,fra,livre decoration,9.0,0,40,final
2026-06-08,bathroomgraffiti,fra,livre decoration,8.4,0,26,final
2026-06-09,bathroomgraffiti,fra,livre decoration,8.3,0,32,final
2026-06-10,bathroomgraffiti,fra,livre decoration,9.3,0,19,final
2026-06-11,bathroomgraffiti,fra,livre decoration,8.8,0,12,final
2026-06-12,bathroomgraffiti,fra,livre decoration,7.1,0,27,final
2026-06-13,bathroomgraffiti,fra,livre decoration,8.6,0,19,final
2026-06-14,bathroomgraffiti,fra,livre decoration,11.4,0,18,final
2026-06-15,bathroomgraffiti,fra,livre decoration,2.7,0,9,final
2026-06-16,bathroomgraffiti,fra,livre decoration,6.9,0,12,final
2026-06-17,bathroomgraffiti,fra,livre decoration,6,0,7,final
2026-06-18,bathroomgraffiti,fra,livre decoration,5.4,0,11,final
2026-06-19,bathroomgraffiti,fra,livre decoration,5.9,0,7,final
2026-06-20,bathroomgraffiti,fra,livre decoration,3.4,0,14,final
2026-06-21,bathroomgraffiti,fra,livre decoration,5.6,0,18,final
2026-06-22,bathroomgraffiti,fra,livre decoration,4.6,1,7,final
2026-06-23,bathroomgraffiti,fra,livre decoration,7.4,0,12,final
2026-06-24,bathroomgraffiti,fra,livre decoration,3.4,1,9,final
2026-06-25,bathroomgraffiti,fra,livre decoration,2.8,0,10,final
2026-06-26,bathroomgraffiti,fra,livre decoration,5.8,1,22,final
2026-06-27,bathroomgraffiti,fra,livre decoration,7.2,0,13,final
2026-06-28,bathroomgraffiti,fra,livre decoration,6.5,0,24,final
2026-06-29,bathroomgraffiti,fra,livre decoration,6.1,0,34,final
2026-06-30,bathroomgraffiti,fra,livre decoration,6.6,0,31,final
2026-07-01,bathroomgraffiti,fra,livre decoration,6.7,0,25,final
2026-07-02,bathroomgraffiti,fra,livre decoration,10.5,0,29,final
2026-07-03,bathroomgraffiti,fra,livre decoration,9.1,1,25,final
2026-07-04,bathroomgraffiti,fra,livre decoration,7.5,1,22,final
2026-07-05,bathroomgraffiti,fra,livre decoration,7.6,0,33,final
2026-07-06,bathroomgraffiti,fra,livre decoration,10,0,18,final
2026-07-07,bathroomgraffiti,fra,livre decoration,8.5,0,22,final
2026-07-08,bathroomgraffiti,fra,livre decoration,9.0,0,22,final
2026-07-09,bathroomgraffiti,fra,livre decoration,8.4,0,9,final
2026-07-10,bathroomgraffiti,fra,livre decoration,5,1,7,final
2026-07-11,bathroomgraffiti,fra,livre decoration,5.4,0,13,final
2026-07-12,bathroomgraffiti,fra,livre decoration,8.8,0,20,final
2026-07-13,bathroomgraffiti,fra,livre decoration,9.7,0,12,final
2026-07-14,bathroomgraffiti,fra,livre decoration,9.8,1,14,final
2026-07-15,bathroomgraffiti,fra,livre decoration,6.4,0,9,final
2026-07-16,bathroomgraffiti,fra,livre decoration,5.1,1,20,final
2026-07-17,bathroomgraffiti,fra,livre decoration,4.5,0,14,final
2026-07-18,bathroomgraffiti,fra,livre decoration,5.8,3,21,final
2026-07-19,bathroomgraffiti,fra,livre decoration,9.4,1,29,final
2026-07-20,bathroomgraffiti,fra,livre decoration,6.6,0,27,final
2026-07-21,bathroomgraffiti,fra,livre decoration,6.9,0,19,final
2026-07-22,bathroomgraffiti,fra,livre decoration,5.9,0,12,final
2026-07-23,bathroomgraffiti,fra,livre decoration,6.4,0,21,final
2026-07-24,bathroomgraffiti,fra,livre decoration,8.5,0,12,final
2026-07-25,bathroomgraffiti,fra,livre decoration,7.4,1,13,final
2026-07-26,bathroomgraffiti,fra,livre decoration,5.5,1,19,final
2026-07-27,bathroomgraffiti,fra,livre decoration,7.6,0,15,final
2026-07-28,bathroomgraffiti,fra,livre decoration,8.1,0,10,final
2026-07-29,bathroomgraffiti,fra,livre decoration,3.8,2,13,final
2026-07-30,bathroomgraffiti,fra,livre decoration,5.4,1,7,final
2026-07-31,bathroomgraffiti,fra,livre decoration,5.3,0,7,final
2026-08-01,bathroomgraffiti,fra,livre decoration,3.4,0,34,final
2026-08-02,bathroomgraffiti,fra,livre decoration,3.2,3,32,final
2026-08-03,bathroomgraffiti,fra,livre decoration,4.1,1,28,final
2026-08-04,bathroomgraffiti,fra,livre decoration,5.5,0,34,final
2026-08-05,bathroomgraffiti,fra,livre decoration,6.4,0,19,final
2026-08-06,bathroomgraffiti,fra,livre decoration,4.3,0,18,final
2026-08-07,bathroomgraffiti,fra,livre decoration,6.3,0,14,final
2026-08-08,bathroomgraffiti,fra,livre decoration,10.1,0,13,final
2026-08-09,bathroomgraffiti,fra,livre decoration,3.6,1,9,final
2026-08-10,bathroomgraffiti,fra,livre decoration,9.5,0,16,final
2026-08-11,bathroomgraffiti,fra,livre decoration,6.9,1,12,final
2026-08-12,bathroomgraffiti,fra,livre decoration,9.1,0,18,final
2026-08-13,bathroomgraffiti,fra,livre decoration,9.7,0,21,final
2026-08-14,bathroomgraffiti,fra,livre decoration,6.1,0,16,final
2026-08-15,bathroomgraffiti,fra,livre decoration,8.9,0,14,final
2026-08-16,bathroomgraffiti,fra,livre decoration,5.5,0,11,final
2026-08-17,bathroomgraffiti,fra,livre decoration,4.6,0,11,final
2026-08-18,bathroomgraffiti,fra,livre decoration,3.4,0,30,final
2026-08-19,bathroomgraffiti,fra,livre decoration,4.2,0,51,final
2026-08-20,bathroomgraffiti,fra,livre decoration,2.8,0,49,final
2026-08-21,bathroomgraffiti,fra,livre decoration,2.8,1,57,final
2026-08-22,bathroomgraffiti,fra,livre decoration,3.2,0,47,final
2026-08-23,bathroomgraffiti,fra,livre decoration,3.0,1,62,final
2026-08-24,bathroomgraffiti,fra,livre decoration,2.6,2,56,final
2026-08-25,bathroomgraffiti,fra,livre decoration,3.1,1,60,final
2026-08-26,bathroomgraffiti,fra,livre decoration,3.0,0,55,final
2026-08-27,bathroomgraffiti,fra,livre decoration,3.5,1,49,final
2026-08-28,bathroomgraffiti,fra,livre decoration,3.5,3,49,final
2026-08-29,bathroomgraffiti,fra,livre decoration,3.9,1,66,final
2026-08-30,bathroomgraffiti,fra,livre decoration,3.6,2,60,final
2026-08-31,bathroomgraffiti,fra,livre decoration,4.7,3,49,final
2026-09-01,bathroomgraffiti,fra,livre decoration,3.5,1,39,final
2026-09-02,bathroomgraffiti,fra,livre decoration,3.0,2,44,final
2026-09-03,bathroomgraffiti,fra,livre decoration,4.4,0,38,final
2026-09-04,bathroomgraffiti,fra,livre decoration,3.6,0,50,final
2026-09-05,bathroomgraffiti,fra,livre decoration,4.5,0,51,final
2026-09-06,bathroomgraffiti,fra,livre decoration,3.6,0,69,final
2026-09-07,bathroomgraffiti,fra,livre decoration,4.3,0,44,final
2026-09-08,bathroomgraffiti,fra,livre decoration,3.4,0,45,final
2026-09-09,bathroomgraffiti,fra,livre decoration,4.2,1,43,final
2026-09-10,bathroomgraffiti,fra,livre decoration,3.0,0,34,final
2026-09-11,bathroomgraffiti,fra,livre decoration,2.8,0,48,final
2026-09-12,bathroomgraffiti,fra,livre decoration,3.9,1,45,final
2026-09-13,bathroomgraffiti,fra,livre decoration,3.0,0,47,final
2026-09-14,bathroomgraffiti,fra,livre decoration,3.5,0,39,final
2026-09-15,bathroomgraffiti,fra,livre decoration,3,0,16,final
2026-09-16,bathroomgraffiti,fra,livre decoration,5.6,0,18,final
2026-09-17,bathroomgraffiti,fra,livre decoration,2.6,0,24,final
2026-09-18,bathroomgraffiti,fra,livre decoration,3.4,1,25,final
2026-09-19,bathroomgraffiti,fra,livre decoration,5.5,0,31,final
2026-09-20,bathroomgraffiti,fra,livre decoration,3.8,0,33,final
2026-09-21,bathroomgraffiti,fra,livre decoration,3.7,0,29,final
2026-09-22,bathroomgraffiti,fra,livre decoration,4.9,0,34,final
2026-09-23,bathroomgraffiti,fra,livre decoration,2.8,0,44,final
2026-09-24,bathroomgraffiti,fra,livre decoration,2.8,1,38,final
2026-09-25,bathroomgraffiti,fra,livre decoration,3.2,4,35,final
2026-09-26,bathroomgraffiti,fra,livre decoration,2.3,1,31,final
2026-09-27,bathroomgraffiti,fra,livre decoration,3.0,1,31,final
2026-09-28,bathroomgraffiti,fra,livre decoration,4.0,0,23,final
2026-09-29,bathroomgraffiti,fra,livre decoration,2.9,1,22,final
2026-09-30,bathroomgraffiti,fra,livre decoration,2.6,2,25,final
2026-10-01,bathroomgraffiti,fra,livre decoration,3.0,0,22,final
2026-10-02,bathroomgraffiti,fra,livre decoration,2.4,0,21,final
2026-10-03,bathroomgraffiti,fra,livre decoration,3.1,0,43,final
2026-10-04,bathroomgraffiti,fra,livre decoration,2.4,2,50,fresh
2026-10-05,bathroomgraffiti,fra,livre decoration,4.2,0,15,fresh
2025-06-12,bathroomgraffiti,fra,peluche sonny angel,2.8,0,4,final
2025-06-13,bathroomgraffiti,fra,peluche sonny angel,2,0,3,final
2025-06-14,bathroomgraffiti,fra,peluche sonny angel,2.7,0,3,final
2025-06-15,bathroomgraffiti,fra,peluche sonny angel,2.2,0,4,final
2025-06-16,bathroomgraffiti,fra,peluche sonny angel,2.8,0,4,final
2025-06-17,bathroomgraffiti,fra,peluche sonny angel,2.2,0,4,final
2025-06-18,bathroomgraffiti,fra,peluche sonny angel,2,0,4,final
2025-06-19,bathroomgraffiti,fra,peluche sonny angel,2,0,4,final
2025-06-20,bathroomgraffiti,fra,peluche sonny angel,2.5,0,4,final
2025-06-21,bathroomgraffiti,fra,peluche sonny angel,2.5,0,4,final
2025-06-22,bathroomgraffiti,fra,peluche sonny angel,2.5,0,2,final
2025-06-23,bathroomgraffiti,fra,peluche sonny angel,2.3,0,3,final
2025-06-24,bathroomgraffiti,fra,peluche sonny angel,2.5,0,4,final
2025-06-25,bathroomgraffiti,fra,peluche sonny angel,2.3,0,3,final
2025-06-27,bathroomgraffiti,fra,peluche sonny angel,2.2,1,5,final
2025-06-28,bathroomgraffiti,fra,peluche sonny angel,2.2,0,5,final
2025-06-29,bathroomgraffiti,fra,peluche sonny angel,2,0,2,final
2025-06-30,bathroomgraffiti,fra,peluche sonny angel,2.7,0,3,final
2025-07-01,bathroomgraffiti,fra,peluche sonny angel,3,0,1,final
2025-07-02,bathroomgraffiti,fra,peluche sonny angel,3.2,0,6,final
2025-07-03,bathroomgraffiti,fra,peluche sonny angel,5.8,0,4,final
2025-07-04,bathroomgraffiti,fra,peluche sonny angel,4.5,0,6,final
2025-07-05,bathroomgraffiti,fra,peluche sonny angel,3,0,1,final
2025-07-06,bathroomgraffiti,fra,peluche sonny angel,5,0,7,final
2025-07-07,bathroomgraffiti,fra,peluche sonny angel,3.2,0,12,final
2025-07-08,bathroomgraffiti,fra,peluche sonny angel,3,0,2,final
2025-07-09,bathroomgraffiti,fra,peluche sonny angel,2,0,2,final
2025-07-10,bathroomgraffiti,fra,peluche sonny angel,3,0,4,final
2025-07-11,bathroomgraffiti,fra,peluche sonny angel,4.8,0,5,final
2025-07-17,bathroomgraffiti,fra,peluche sonny angel,16.5,0,2,final
2025-07-19,bathroomgraffiti,fra,peluche sonny angel,2.5,0,4,final
2025-07-21,bathroomgraffiti,fra,peluche sonny angel,2,0,5,final
2025-07-22,bathroomgraffiti,fra,peluche sonny angel,4,0,1,final
2025-07-24,bathroomgraffiti,fra,peluche sonny angel,8,0,2,final
2025-07-27,bathroomgraffiti,fra,peluche sonny angel,3,0,1,final
2025-07-29,bathroomgraffiti,fra,peluche sonny angel,4,0,1,final
2025-07-30,bathroomgraffiti,fra,peluche sonny angel,4.5,0,2,final
2025-07-31,bathroomgraffiti,fra,peluche sonny angel,3,0,1,final
2025-08-02,bathroomgraffiti,fra,peluche sonny angel,10.5,0,2,final
2025-08-04,bathroomgraffiti,fra,peluche sonny angel,6.5,0,6,final
2025-08-05,bathroomgraffiti,fra,peluche sonny angel,7.3,0,3,final
2025-08-06,bathroomgraffiti,fra,peluche sonny angel,8.3,0,3,final
2025-08-07,bathroomgraffiti,fra,peluche sonny angel,7.3,1,3,final
2025-08-10,bathroomgraffiti,fra,peluche sonny angel,7.5,0,2,final
2025-08-11,bathroomgraffiti,fra,peluche sonny angel,3,0,2,final
2025-08-12,bathroomgraffiti,fra,peluche sonny angel,6,0,1,final
2025-08-13,bathroomgraffiti,fra,peluche sonny angel,6,0,1,final
2025-08-14,bathroomgraffiti,fra,peluche sonny angel,2,0,2,final
2025-08-15,bathroomgraffiti,fra,peluche sonny angel,2,0,3,final
2025-08-16,bathroomgraffiti,fra,peluche sonny angel,7,0,1,final
2025-08-17,bathroomgraffiti,fra,peluche sonny angel,5,1,1,final
2025-08-18,bathroomgraffiti,fra,peluche sonny angel,4,0,3,final
2025-08-21,bathroomgraffiti,fra,peluche sonny angel,2,0,1,final
2025-08-22,bathroomgraffiti,fra,peluche sonny angel,4.5,0,4,final
2025-08-23,bathroomgraffiti,fra,peluche sonny angel,3,0,1,final
2025-08-24,bathroomgraffiti,fra,peluche sonny angel,3,0,1,final
2025-08-25,bathroomgraffiti,fra,peluche sonny angel,2,0,1,final
2025-08-27,bathroomgraffiti,fra,peluche sonny angel,3,0,4,final
2025-08-28,bathroomgraffiti,fra,peluche sonny angel,2.8,0,6,final
2025-08-29,bathroomgraffiti,fra,peluche sonny angel,8.3,0,3,final
2025-08-30,bathroomgraffiti,fra,peluche sonny angel,3.8,0,4,final
2025-08-31,bathroomgraffiti,fra,peluche sonny angel,5,0,2,final
2025-09-02,bathroomgraffiti,fra,peluche sonny angel,5,0,1,final
2025-09-05,bathroomgraffiti,fra,peluche sonny angel,3,0,2,final
2025-09-06,bathroomgraffiti,fra,peluche sonny angel,3,0,1,final
2025-09-07,bathroomgraffiti,fra,peluche sonny angel,3,0,1,final
2025-09-10,bathroomgraffiti,fra,peluche sonny angel,4,0,2,final
2025-09-11,bathroomgraffiti,fra,peluche sonny angel,5.3,0,3,final
2025-09-12,bathroomgraffiti,fra,peluche sonny angel,4,0,2,final
2025-09-13,bathroomgraffiti,fra,peluche sonny angel,4.5,0,4,final
2025-09-14,bathroomgraffiti,fra,peluche sonny angel,10,0,3,final
2025-09-15,bathroomgraffiti,fra,peluche sonny angel,4,0,1,final
2025-09-16,bathroomgraffiti,fra,peluche sonny angel,3,0,1,final
2025-09-17,bathroomgraffiti,fra,peluche sonny angel,9,0,3,final
2025-09-18,bathroomgraffiti,fra,peluche sonny angel,7.5,0,2,final
2025-09-19,bathroomgraffiti,fra,peluche sonny angel,3,0,1,final
2025-09-20,bathroomgraffiti,fra,peluche sonny angel,2.7,1,7,final
2025-09-21,bathroomgraffiti,fra,peluche sonny angel,3.8,0,9,final
2025-09-22,bathroomgraffiti,fra,peluche sonny angel,2.2,0,4,final
2025-09-23,bathroomgraffiti,fra,peluche sonny angel,3,0,5,final
2025-09-24,bathroomgraffiti,fra,peluche sonny angel,2.7,0,3,final
2025-09-25,bathroomgraffiti,fra,peluche sonny angel,2,1,2,final
2025-09-26,bathroomgraffiti,fra,peluche sonny angel,3,0,2,final
2025-09-27,bathroomgraffiti,fra,peluche sonny angel,2.3,0,6,final
2025-09-28,bathroomgraffiti,fra,peluche sonny angel,2,0,4,final
2025-09-29,bathroomgraffiti,fra,peluche sonny angel,2.6,0,5,final
2025-09-30,bathroomgraffiti,fra,peluche sonny angel,2.6,0,5,final
2025-10-02,bathroomgraffiti,fra,peluche sonny angel,2.5,0,27,final
2025-10-03,bathroomgraffiti,fra,peluche sonny angel,2.6,0,7,final
2025-10-04,bathroomgraffiti,fra,peluche sonny angel,2.7,0,10,final
2025-10-05,bathroomgraffiti,fra,peluche sonny angel,2.4,0,13,final
2025-10-06,bathroomgraffiti,fra,peluche sonny angel,2.5,0,2,final
2025-10-07,bathroomgraffiti,fra,peluche sonny angel,3,0,2,final
2025-10-08,bathroomgraffiti,fra,peluche sonny angel,3,0,3,final
2025-10-09,bathroomgraffiti,fra,peluche sonny angel,4,0,2,final
2025-10-10,bathroomgraffiti,fra,peluche sonny angel,5,0,1,final
2025-10-14,bathroomgraffiti,fra,peluche sonny angel,5,0,1,final
2025-10-15,bathroomgraffiti,fra,peluche sonny angel,15,0,1,final
2025-10-17,bathroomgraffiti,fra,peluche sonny angel,15,1,1,final
2025-10-18,bathroomgraffiti,fra,peluche sonny angel,15,0,1,final
2025-10-20,bathroomgraffiti,fra,peluche sonny angel,7,0,1,final
2025-10-21,bathroomgraffiti,fra,peluche sonny angel,3,0,1,final
2025-10-22,bathroomgraffiti,fra,peluche sonny angel,3,0,3,final
2025-10-23,bathroomgraffiti,fra,peluche sonny angel,11,0,1,final
2025-10-27,bathroomgraffiti,fra,peluche sonny angel,2.8,0,4,final
2025-10-28,bathroomgraffiti,fra,peluche sonny angel,2,0,3,final
2025-10-29,bathroomgraffiti,fra,peluche sonny angel,2.6,1,10,final
2025-10-30,bathroomgraffiti,fra,peluche sonny angel,2.3,0,10,final
2025-10-31,bathroomgraffiti,fra,peluche sonny angel,2,0,1,final
2025-11-01,bathroomgraffiti,fra,peluche sonny angel,3,0,1,final
2025-11-02,bathroomgraffiti,fra,peluche sonny angel,2.6,0,8,final
2025-11-03,bathroomgraffiti,fra,peluche sonny angel,2,0,1,final
2025-11-04,bathroomgraffiti,fra,peluche sonny angel,2.5,0,2,final
2025-11-05,bathroomgraffiti,fra,peluche sonny angel,2.5,0,2,final
2025-11-06,bathroomgraffiti,fra,peluche sonny angel,3,0,1,final
2025-11-07,bathroomgraffiti,fra,peluche sonny angel,2.3,0,3,final
2025-11-08,bathroomgraffiti,fra,peluche sonny angel,2,0,2,final
2025-11-09,bathroomgraffiti,fra,peluche sonny angel,2.2,0,8,final
2025-11-10,bathroomgraffiti,fra,peluche sonny angel,3,0,7,final
2025-11-11,bathroomgraffiti,fra,peluche sonny angel,2.3,1,18,final
2025-11-12,bathroomgraffiti,fra,peluche sonny angel,2.3,0,9,final
2025-11-13,bathroomgraffiti,fra,peluche sonny angel,2.3,0,9,final
2025-11-14,bathroomgraffiti,fra,peluche sonny angel,2.2,0,6,final
2025-11-15,bathroomgraffiti,fra,peluche sonny angel,2.4,0,18,final
2025-11-16,bathroomgraffiti,fra,peluche sonny angel,2.2,1,13,final
2025-11-17,bathroomgraffiti,fra,peluche sonny angel,2.5,0,2,final
2025-11-18,bathroomgraffiti,fra,peluche sonny angel,2.3,0,3,final
2025-11-19,bathroomgraffiti,fra,peluche sonny angel,2.5,0,6,final
2025-11-20,bathroomgraffiti,fra,peluche sonny angel,2.5,0,6,final
2025-11-21,bathroomgraffiti,fra,peluche sonny angel,2,0,6,final
2025-11-22,bathroomgraffiti,fra,peluche sonny angel,2,0,3,final
2025-11-23,bathroomgraffiti,fra,peluche sonny angel,2.2,0,8,final
2025-11-24,bathroomgraffiti,fra,peluche sonny angel,2,0,1,final
2025-11-25,bathroomgraffiti,fra,peluche sonny angel,2,0,3,final
2025-11-26,bathroomgraffiti,fra,peluche sonny angel,3,0,2,final
2025-11-27,bathroomgraffiti,fra,peluche sonny angel,2.2,0,4,final
2025-11-29,bathroomgraffiti,fra,peluche sonny angel,2.3,0,3,final
2025-11-30,bathroomgraffiti,fra,peluche sonny angel,2.1,0,10,final
2025-12-01,bathroomgraffiti,fra,peluche sonny angel,2.4,1,5,final
2025-12-02,bathroomgraffiti,fra,peluche sonny angel,2.1,0,7,final
2025-12-03,bathroomgraffiti,fra,peluche sonny angel,2.1,1,9,final
2025-12-04,bathroomgraffiti,fra,peluche sonny angel,2.0,2,25,final
2025-12-05,bathroomgraffiti,fra,peluche sonny angel,2.2,0,5,final
2025-12-06,bathroomgraffiti,fra,peluche sonny angel,2.2,0,6,final
2025-12-07,bathroomgraffiti,fra,peluche sonny angel,2.3,0,3,final
2025-12-08,bathroomgraffiti,fra,peluche sonny angel,2.6,0,5,final
2025-12-09,bathroomgraffiti,fra,peluche sonny angel,2.4,1,5,final
2025-12-10,bathroomgraffiti,fra,peluche sonny angel,3,0,5,final
2025-12-11,bathroomgraffiti,fra,peluche sonny angel,3,0,5,final
2025-12-12,bathroomgraffiti,fra,peluche sonny angel,3,0,2,final
2025-12-13,bathroomgraffiti,fra,peluche sonny angel,3,1,2,final
2025-12-14,bathroomgraffiti,fra,peluche sonny angel,2,0,1,final
2025-12-15,bathroomgraffiti,fra,peluche sonny angel,2.2,0,4,final
2025-12-16,bathroomgraffiti,fra,peluche sonny angel,2.3,0,3,final
2025-12-17,bathroomgraffiti,fra,peluche sonny angel,2.6,0,7,final
2025-12-18,bathroomgraffiti,fra,peluche sonny angel,3,0,1,final
2025-12-19,bathroomgraffiti,fra,peluche sonny angel,3.1,0,9,final
2025-12-20,bathroomgraffiti,fra,peluche sonny angel,3,0,10,final
2025-12-21,bathroomgraffiti,fra,peluche sonny angel,2.1,0,8,final
2025-12-22,bathroomgraffiti,fra,peluche sonny angel,2.2,0,6,final
2025-12-23,bathroomgraffiti,fra,peluche sonny angel,2.5,0,4,final
2025-12-24,bathroomgraffiti,fra,peluche sonny angel,2.2,0,4,final
2025-12-25,bathroomgraffiti,fra,peluche sonny angel,2,0,6,final
2025-12-26,bathroomgraffiti,fra,peluche sonny angel,2,0,2,final
2025-12-27,bathroomgraffiti,fra,peluche sonny angel,2.5,0,4,final
2025-12-28,bathroomgraffiti,fra,peluche sonny angel,2,0,7,final
2025-12-29,bathroomgraffiti,fra,peluche sonny angel,2.1,1,9,final
2025-12-30,bathroomgraffiti,fra,peluche sonny angel,2,0,4,final
2025-12-31,bathroomgraffiti,fra,peluche sonny angel,2,0,3,final
2026-01-01,bathroomgraffiti,fra,peluche sonny angel,2,0,2,final
2026-01-02,bathroomgraffiti,fra,peluche sonny angel,3,0,1,final
2026-01-03,bathroomgraffiti,fra,peluche sonny angel,2,0,3,final
2026-01-05,bathroomgraffiti,fra,peluche sonny angel,2,0,1,final
2026-01-06,bathroomgraffiti,fra,peluche sonny angel,2,0,2,final
2026-01-07,bathroomgraffiti,fra,peluche sonny angel,3,0,1,final
2026-01-08,bathroomgraffiti,fra,peluche sonny angel,2,1,2,final
2026-01-09,bathroomgraffiti,fra,peluche sonny angel,2,0,4,final
2026-01-10,bathroomgraffiti,fra,peluche sonny angel,2,0,8,final
2026-01-12,bathroomgraffiti,fra,peluche sonny angel,2,0,3,final
2026-01-14,bathroomgraffiti,fra,peluche sonny angel,2,0,3,final
2026-01-15,bathroomgraffiti,fra,peluche sonny angel,2,0,2,final
2026-01-16,bathroomgraffiti,fra,peluche sonny angel,2,0,4,final
2026-01-17,bathroomgraffiti,fra,peluche sonny angel,2,0,4,final
2026-01-18,bathroomgraffiti,fra,peluche sonny angel,2,0,4,final
2026-01-19,bathroomgraffiti,fra,peluche sonny angel,4,0,1,final
2026-01-21,bathroomgraffiti,fra,peluche sonny angel,2,0,4,final
2026-01-22,bathroomgraffiti,fra,peluche sonny angel,2,0,2,final
2026-01-23,bathroomgraffiti,fra,peluche sonny angel,2.2,0,5,final
2026-01-24,bathroomgraffiti,fra,peluche sonny angel,2,0,1,final
2026-01-25,bathroomgraffiti,fra,peluche sonny angel,2,0,10,final
2026-01-26,bathroomgraffiti,fra,peluche sonny angel,2,0,5,final
2026-01-27,bathroomgraffiti,fra,peluche sonny angel,9.2,1,5,final
2026-01-28,bathroomgraffiti,fra,peluche sonny angel,2,0,2,final
2026-01-29,bathroomgraffiti,fra,peluche sonny angel,2,0,2,final
2026-01-30,bathroomgraffiti,fra,peluche sonny angel,2,0,4,final
2026-01-31,bathroomgraffiti,fra,peluche sonny angel,2,0,5,final
2026-02-01,bathroomgraffiti,fra,peluche sonny angel,2,0,1,final
2026-02-03,bathroomgraffiti,fra,peluche sonny angel,2,0,2,final
2026-02-04,bathroomgraffiti,fra,peluche sonny angel,2,0,2,final
2026-02-05,bathroomgraffiti,fra,peluche sonny angel,2,0,4,final
2026-02-06,bathroomgraffiti,fra,peluche sonny angel,2,1,4,final
2026-02-07,bathroomgraffiti,fra,peluche sonny angel,2,1,6,final
2026-02-08,bathroomgraffiti,fra,peluche sonny angel,2,0,3,final
2026-02-09,bathroomgraffiti,fra,peluche sonny angel,2,0,2,final
2026-02-10,bathroomgraffiti,fra,peluche sonny angel,2,0,1,final
2026-02-11,bathroomgraffiti,fra,peluche sonny angel,2,0,3,final
2026-02-12,bathroomgraffiti,fra,peluche sonny angel,2,1,7,final
2026-02-13,bathroomgraffiti,fra,peluche sonny angel,2,1,6,final
2026-02-14,bathroomgraffiti,fra,peluche sonny angel,2,0,2,final
2026-02-15,bathroomgraffiti,fra,peluche sonny angel,2,1,6,final
2026-02-16,bathroomgraffiti,fra,peluche sonny angel,2,0,4,final
2026-02-17,bathroomgraffiti,fra,peluche sonny angel,2,0,1,final
2026-02-18,bathroomgraffiti,fra,peluche sonny angel,2.3,0,6,final
2026-02-19,bathroomgraffiti,fra,peluche sonny angel,2,0,2,final
2026-02-20,bathroomgraffiti,fra,peluche sonny angel,2,0,4,final
2026-02-21,bathroomgraffiti,fra,peluche sonny angel,2,0,3,final
2026-02-22,bathroomgraffiti,fra,peluche sonny angel,2,1,3,final
2026-02-23,bathroomgraffiti,fra,peluche sonny angel,2,1,4,final
2026-02-25,bathroomgraffiti,fra,peluche sonny angel,2,0,2,final
2026-02-26,bathroomgraffiti,fra,peluche sonny angel,2.5,0,4,final
2026-02-28,bathroomgraffiti,fra,peluche sonny angel,2,0,1,final
2026-03-01,bathroomgraffiti,fra,peluche sonny angel,2,0,5,final
2026-03-03,bathroomgraffiti,fra,peluche sonny angel,2,0,1,final
2026-03-04,bathroomgraffiti,fra,peluche sonny angel,2,0,2,final
2026-03-05,bathroomgraffiti,fra,peluche sonny angel,2,0,2,final
2026-03-07,bathroomgraffiti,fra,peluche sonny angel,2,0,1,final
2026-03-10,bathroomgraffiti,fra,peluche sonny angel,2,0,2,final
2026-03-11,bathroomgraffiti,fra,peluche sonny angel,2,0,4,final
2026-03-12,bathroomgraffiti,fra,peluche sonny angel,2,0,4,final
2026-03-13,bathroomgraffiti,fra,peluche sonny angel,2,1,1,final
2026-03-14,bathroomgraffiti,fra,peluche sonny angel,2,1,3,final
2026-03-15,bathroomgraffiti,fra,peluche sonny angel,2,0,1,final
2026-03-16,bathroomgraffiti,fra,peluche sonny angel,2,0,1,final
2026-03-21,bathroomgraffiti,fra,peluche sonny angel,2,0,2,final
2026-03-22,bathroomgraffiti,fra,peluche sonny angel,2,1,4,final
2026-03-25,bathroomgraffiti,fra,peluche sonny angel,2,1,3,final
2026-03-26,bathroomgraffiti,fra,peluche sonny angel,2,1,4,final
2026-03-27,bathroomgraffiti,fra,peluche sonny angel,2,0,1,final
2026-03-28,bathroomgraffiti,fra,peluche sonny angel,2,1,1,final
2026-03-29,bathroomgraffiti,fra,peluche sonny angel,1,0,1,final
2026-03-30,bathroomgraffiti,fra,peluche sonny angel,2,0,1,final
2026-04-02,bathroomgraffiti,fra,peluche sonny angel,2,0,1,final
2026-04-04,bathroomgraffiti,fra,peluche sonny angel,2,0,1,final
2026-04-05,bathroomgraffiti,fra,peluche sonny angel,2,0,3,final
2026-04-07,bathroomgraffiti,fra,peluche sonny angel,2,0,1,final
2026-04-08,bathroomgraffiti,fra,peluche sonny angel,2,0,1,final
2026-04-10,bathroomgraffiti,fra,peluche sonny angel,2,0,1,final
2026-04-11,bathroomgraffiti,fra,peluche sonny angel,3,0,2,final
2026-04-12,bathroomgraffiti,fra,peluche sonny angel,2,0,5,final
2026-04-13,bathroomgraffiti,fra,peluche sonny angel,2,0,1,final
2026-04-15,bathroomgraffiti,fra,peluche sonny angel,2,0,1,final
2026-04-17,bathroomgraffiti,fra,peluche sonny angel,2,0,1,final
2026-04-18,bathroomgraffiti,fra,peluche sonny angel,4.5,0,4,final
2026-04-21,bathroomgraffiti,fra,peluche sonny angel,2,0,1,final
2026-04-22,bathroomgraffiti,fra,peluche sonny angel,2.7,0,3,final
2026-04-24,bathroomgraffiti,fra,peluche sonny angel,2,0,2,final
2026-04-25,bathroomgraffiti,fra,peluche sonny angel,2,0,1,final
2026-04-26,bathroomgraffiti,fra,peluche sonny angel,2,0,5,final
2026-04-27,bathroomgraffiti,fra,peluche sonny angel,2,0,2,final
2026-04-28,bathroomgraffiti,fra,peluche sonny angel,2,0,4,final
2026-04-29,bathroomgraffiti,fra,peluche sonny angel,2,0,1,final
2026-04-30,bathroomgraffiti,fra,peluche sonny angel,2,1,6,final
2026-05-01,bathroomgraffiti,fra,peluche sonny angel,2,1,3,final
2026-05-02,bathroomgraffiti,fra,peluche sonny angel,2,0,3,final
2026-05-05,bathroomgraffiti,fra,peluche sonny angel,2,0,1,final
2026-05-06,bathroomgraffiti,fra,peluche sonny angel,2,0,1,final
2026-05-07,bathroomgraffiti,fra,peluche sonny angel,2,0,6,final
2026-05-09,bathroomgraffiti,fra,peluche sonny angel,2,0,1,final
2026-05-11,bathroomgraffiti,fra,peluche sonny angel,2,0,2,final
2026-05-13,bathroomgraffiti,fra,peluche sonny angel,2,0,3,final
2026-05-14,bathroomgraffiti,fra,peluche sonny angel,2,0,1,final
2026-05-15,bathroomgraffiti,fra,peluche sonny angel,2,0,18,final
2026-05-16,bathroomgraffiti,fra,peluche sonny angel,2,0,5,final
2026-05-17,bathroomgraffiti,fra,peluche sonny angel,2,0,4,final
2026-05-18,bathroomgraffiti,fra,peluche sonny angel,2,0,2,final
2026-05-19,bathroomgraffiti,fra,peluche sonny angel,2,0,1,final
2026-05-20,bathroomgraffiti,fra,peluche sonny angel,2,0,3,final
2026-05-21,bathroomgraffiti,fra,peluche sonny angel,2,0,1,final
2026-05-22,bathroomgraffiti,fra,peluche sonny angel,2,0,1,final
2026-05-23,bathroomgraffiti,fra,peluche sonny angel,2,0,2,final
2026-05-24,bathroomgraffiti,fra,peluche sonny angel,2,0,3,final
2026-05-25,bathroomgraffiti,fra,peluche sonny angel,2,0,1,final
2026-05-26,bathroomgraffiti,fra,peluche sonny angel,2,0,2,final
2026-05-27,bathroomgraffiti,fra,peluche sonny angel,2,0,7,final
2026-05-28,bathroomgraffiti,fra,peluche sonny angel,2,0,1,final
2026-05-30,bathroomgraffiti,fra,peluche sonny angel,2,0,3,final
2026-05-31,bathroomgraffiti,fra,peluche sonny angel,2,0,1,final
2026-06-01,bathroomgraffiti,fra,peluche sonny angel,2,0,1,final
2026-06-02,bathroomgraffiti,fra,peluche sonny angel,2,0,4,final
2026-06-03,bathroomgraffiti,fra,peluche sonny angel,2,0,1,final
2026-06-04,bathroomgraffiti,fra,peluche sonny angel,2,0,2,final
2026-06-05,bathroomgraffiti,fra,peluche sonny angel,2,0,5,final
2026-06-06,bathroomgraffiti,fra,peluche sonny angel,2,0,3,final
2026-06-07,bathroomgraffiti,fra,peluche sonny angel,2,0,2,final
2026-06-08,bathroomgraffiti,fra,peluche sonny angel,2,0,3,final
2026-06-11,bathroomgraffiti,fra,peluche sonny angel,2,0,3,final
2026-06-12,bathroomgraffiti,fra,peluche sonny angel,2,0,1,final
2026-06-13,bathroomgraffiti,fra,peluche sonny angel,5.8,0,4,final
2026-06-14,bathroomgraffiti,fra,peluche sonny angel,2,0,2,final
2026-06-15,bathroomgraffiti,fra,peluche sonny angel,2,0,2,final
2026-06-16,bathroomgraffiti,fra,peluche sonny angel,2,0,1,final
2026-06-17,bathroomgraffiti,fra,peluche sonny angel,2,0,1,final
2026-06-18,bathroomgraffiti,fra,peluche sonny angel,2,0,1,final
2026-06-19,bathroomgraffiti,fra,peluche sonny angel,2,0,1,final
2026-06-20,bathroomgraffiti,fra,peluche sonny angel,2,0,4,final
2026-06-22,bathroomgraffiti,fra,peluche sonny angel,2,0,2,final
2026-06-24,bathroomgraffiti,fra,peluche sonny angel,2,1,1,final
2026-06-25,bathroomgraffiti,fra,peluche sonny angel,2,0,1,final
2026-06-26,bathroomgraffiti,fra,peluche sonny angel,2.5,0,2,final
2026-06-27,bathroomgraffiti,fra,peluche sonny angel,2,0,5,final
2026-06-28,bathroomgraffiti,fra,peluche sonny angel,2,0,4,final
2026-06-29,bathroomgraffiti,fra,peluche sonny angel,2,1,2,final
2026-06-30,bathroomgraffiti,fra,peluche sonny angel,2,1,1,final
2026-07-01,bathroomgraffiti,fra,peluche sonny angel,2,0,5,final
2026-07-02,bathroomgraffiti,fra,peluche sonny angel,2,0,5,final
2026-07-04,bathroomgraffiti,fra,peluche sonny angel,2,0,1,final
2026-07-06,bathroomgraffiti,fra,peluche sonny angel,2,0,1,final
2026-07-08,bathroomgraffiti,fra,peluche sonny angel,2,0,3,final
2026-07-09,bathroomgraffiti,fra,peluche sonny angel,2,0,5,final
2026-07-10,bathroomgraffiti,fra,peluche sonny angel,2,2,10,final
2026-07-11,bathroomgraffiti,fra,peluche sonny angel,2,0,7,final
2026-07-12,bathroomgraffiti,fra,peluche sonny angel,2,0,7,final
2026-07-13,bathroomgraffiti,fra,peluche sonny angel,2,1,8,final
2026-07-14,bathroomgraffiti,fra,peluche sonny angel,2,0,1,final
2026-07-15,bathroomgraffiti,fra,peluche sonny angel,2,0,14,final
2026-07-16,bathroomgraffiti,fra,peluche sonny angel,2,1,9,final
2026-07-17,bathroomgraffiti,fra,peluche sonny angel,2,0,3,final
2026-07-18,bathroomgraffiti,fra,peluche sonny angel,2,0,4,final
2026-07-19,bathroomgraffiti,fra,peluche sonny angel,2.2,0,4,final
2026-07-20,bathroomgraffiti,fra,peluche sonny angel,2.3,0,3,final
2026-07-21,bathroomgraffiti,fra,peluche sonny angel,2,0,3,final
2026-07-22,bathroomgraffiti,fra,peluche sonny angel,2.7,0,3,final
2026-07-23,bathroomgraffiti,fra,peluche sonny angel,2.1,0,10,final
2026-07-24,bathroomgraffiti,fra,peluche sonny angel,2.2,0,4,final
2026-07-25,bathroomgraffiti,fra,peluche sonny angel,2,0,1,final
2026-07-26,bathroomgraffiti,fra,peluche sonny angel,2.4,0,8,final
2026-07-27,bathroomgraffiti,fra,peluche sonny angel,2,0,1,final
2026-07-28,bathroomgraffiti,fra,peluche sonny angel,2,1,2,final
2026-07-29,bathroomgraffiti,fra,peluche sonny angel,2,0,4,final
2026-07-30,bathroomgraffiti,fra,peluche sonny angel,2,0,5,final
2026-07-31,bathroomgraffiti,fra,peluche sonny angel,2,0,2,final
2026-08-01,bathroomgraffiti,fra,peluche sonny angel,1.7,0,3,final
2026-08-02,bathroomgraffiti,fra,peluche sonny angel,2,0,2,final
2026-08-03,bathroomgraffiti,fra,peluche sonny angel,2.2,0,6,final
2026-08-04,bathroomgraffiti,fra,peluche sonny angel,2,0,2,final
2026-08-05,bathroomgraffiti,fra,peluche sonny angel,2,0,1,final
2026-08-06,bathroomgraffiti,fra,peluche sonny angel,2.2,0,5,final
2026-08-07,bathroomgraffiti,fra,peluche sonny angel,2,0,1,final
2026-08-09,bathroomgraffiti,fra,peluche sonny angel,2,0,2,final
2026-08-10,bathroomgraffiti,fra,peluche sonny angel,3.3,0,7,final
2026-08-11,bathroomgraffiti,fra,peluche sonny angel,2.1,1,15,final
2026-08-12,bathroomgraffiti,fra,peluche sonny angel,2.3,0,3,final
2026-08-13,bathroomgraffiti,fra,peluche sonny angel,2.5,0,4,final
2026-08-14,bathroomgraffiti,fra,peluche sonny angel,2,0,2,final
2026-08-15,bathroomgraffiti,fra,peluche sonny angel,2.5,0,2,final
2026-08-18,bathroomgraffiti,fra,peluche sonny angel,1.8,0,5,final
2026-08-19,bathroomgraffiti,fra,peluche sonny angel,2,0,2,final
2026-08-20,bathroomgraffiti,fra,peluche sonny angel,3,0,2,final
2026-08-21,bathroomgraffiti,fra,peluche sonny angel,2.4,1,5,final
2026-08-22,bathroomgraffiti,fra,peluche sonny angel,2.7,0,3,final
2026-08-23,bathroomgraffiti,fra,peluche sonny angel,2.4,0,5,final
2026-08-24,bathroomgraffiti,fra,peluche sonny angel,2,0,1,final
2026-08-27,bathroomgraffiti,fra,peluche sonny angel,4,0,1,final
2026-09-02,bathroomgraffiti,fra,peluche sonny angel,2,0,3,final
2026-09-07,bathroomgraffiti,fra,peluche sonny angel,2,0,1,final
2026-09-08,bathroomgraffiti,fra,peluche sonny angel,2,0,1,final
2026-09-10,bathroomgraffiti,fra,peluche sonny angel,2,0,5,final
2026-09-12,bathroomgraffiti,fra,peluche sonny angel,2,0,2,final
2026-09-13,bathroomgraffiti,fra,peluche sonny angel,2.5,2,4,final
2026-09-14,bathroomgraffiti,fra,peluche sonny angel,2,0,3,final
2026-09-15,bathroomgraffiti,fra,peluche sonny angel,2,0,1,final
2026-09-16,bathroomgraffiti,fra,peluche sonny angel,2,0,1,final
2026-09-17,bathroomgraffiti,fra,peluche sonny angel,2,0,1,final
2026-09-18,bathroomgraffiti,fra,peluche sonny angel,2,0,2,final
2026-09-20,bathroomgraffiti,fra,peluche sonny angel,2,0,1,final
2026-09-21,bathroomgraffiti,fra,peluche sonny angel,2,0,1,final
2026-09-22,bathroomgraffiti,fra,peluche sonny angel,2,0,1,final
2026-09-23,bathroomgraffiti,fra,peluche sonny angel,3,0,1,final
2026-09-24,bathroomgraffiti,fra,peluche sonny angel,2,0,4,final
2026-09-25,bathroomgraffiti,fra,peluche sonny angel,2,0,4,final
2026-09-26,bathroomgraffiti,fra,peluche sonny angel,2,1,3,final
2026-09-27,bathroomgraffiti,fra,peluche sonny angel,4,0,1,final
2026-09-29,bathroomgraffiti,fra,peluche sonny angel,2,0,3,final
2026-09-30,bathroomgraffiti,fra,peluche sonny angel,2,0,2,final
2026-10-02,bathroomgraffiti,fra,peluche sonny angel,2,2,5,final
2026-10-04,bathroomgraffiti,fra,peluche sonny angel,2,0,3,fresh
2025-06-12,bathroomgraffiti,fra,plateau bazar de luxe,2.8,0,4,final
2025-06-13,bathroomgraffiti,fra,plateau bazar de luxe,2,0,1,final
2025-06-14,bathroomgraffiti,fra,plateau bazar de luxe,3,1,5,final
2025-06-15,bathroomgraffiti,fra,plateau bazar de luxe,2,0,2,final
2025-06-16,bathroomgraffiti,fra,plateau bazar de luxe,3,0,3,final
2025-06-17,bathroomgraffiti,fra,plateau bazar de luxe,2.5,0,2,final
2025-06-18,bathroomgraffiti,fra,plateau bazar de luxe,3.8,0,5,final
2025-06-19,bathroomgraffiti,fra,plateau bazar de luxe,2.5,0,2,final
2025-06-20,bathroomgraffiti,fra,plateau bazar de luxe,3,0,3,final
2025-06-21,bathroomgraffiti,fra,plateau bazar de luxe,2,0,2,final
2025-06-22,bathroomgraffiti,fra,plateau bazar de luxe,3,0,5,final
2025-06-23,bathroomgraffiti,fra,plateau bazar de luxe,3,1,3,final
2025-06-24,bathroomgraffiti,fra,plateau bazar de luxe,3,1,1,final
2025-06-25,bathroomgraffiti,fra,plateau bazar de luxe,2.5,0,2,final
2025-06-26,bathroomgraffiti,fra,plateau bazar de luxe,2,0,2,final
2025-06-27,bathroomgraffiti,fra,plateau bazar de luxe,3,0,5,final
2025-06-28,bathroomgraffiti,fra,plateau bazar de luxe,2.6,2,7,final
2025-06-29,bathroomgraffiti,fra,plateau bazar de luxe,3,0,2,final
2025-06-30,bathroomgraffiti,fra,plateau bazar de luxe,3,0,2,final
2025-07-01,bathroomgraffiti,fra,plateau bazar de luxe,2.5,0,2,final
2025-07-02,bathroomgraffiti,fra,plateau bazar de luxe,3,1,4,final
2025-07-03,bathroomgraffiti,fra,plateau bazar de luxe,2.8,0,6,final
2025-07-04,bathroomgraffiti,fra,plateau bazar de luxe,2.9,0,8,final
2025-07-05,bathroomgraffiti,fra,plateau bazar de luxe,2.7,2,7,final
2025-07-06,bathroomgraffiti,fra,plateau bazar de luxe,2.7,0,6,final
2025-07-07,bathroomgraffiti,fra,plateau bazar de luxe,6,0,2,final
2025-07-08,bathroomgraffiti,fra,plateau bazar de luxe,2.8,0,4,final
2025-07-09,bathroomgraffiti,fra,plateau bazar de luxe,3.8,0,4,final
2025-07-11,bathroomgraffiti,fra,plateau bazar de luxe,3.3,0,3,final
2025-07-12,bathroomgraffiti,fra,plateau bazar de luxe,4.3,0,6,final
2025-07-13,bathroomgraffiti,fra,plateau bazar de luxe,4.5,1,4,final
2025-07-14,bathroomgraffiti,fra,plateau bazar de luxe,4,0,1,final
2025-07-15,bathroomgraffiti,fra,plateau bazar de luxe,4.8,0,4,final
2025-07-16,bathroomgraffiti,fra,plateau bazar de luxe,5.9,1,7,final
2025-07-17,bathroomgraffiti,fra,plateau bazar de luxe,4,0,2,final
2025-07-18,bathroomgraffiti,fra,plateau bazar de luxe,3,0,1,final
2025-07-19,bathroomgraffiti,fra,plateau bazar de luxe,4.6,0,5,final
2025-07-20,bathroomgraffiti,fra,plateau bazar de luxe,5.2,0,4,final
2025-07-21,bathroomgraffiti,fra,plateau bazar de luxe,4.6,0,10,final
2025-07-22,bathroomgraffiti,fra,plateau bazar de luxe,4.8,0,6,final
2025-07-23,bathroomgraffiti,fra,plateau bazar de luxe,5,0,4,final
2025-07-24,bathroomgraffiti,fra,plateau bazar de luxe,4.2,0,4,final
2025-07-25,bathroomgraffiti,fra,plateau bazar de luxe,4,0,5,final
2025-07-26,bathroomgraffiti,fra,plateau bazar de luxe,4,0,8,final
2025-07-27,bathroomgraffiti,fra,plateau bazar de luxe,4.6,0,7,final
2025-07-28,bathroomgraffiti,fra,plateau bazar de luxe,4.5,0,2,final
2025-07-29,bathroomgraffiti,fra,plateau bazar de luxe,6.4,0,5,final
2025-07-30,bathroomgraffiti,fra,plateau bazar de luxe,4,0,7,final
2025-07-31,bathroomgraffiti,fra,plateau bazar de luxe,4.8,1,4,final
2025-08-01,bathroomgraffiti,fra,plateau bazar de luxe,3.7,0,3,final
2025-08-02,bathroomgraffiti,fra,plateau bazar de luxe,4.8,0,13,final
2025-08-03,bathroomgraffiti,fra,plateau bazar de luxe,3.5,0,4,final
2025-08-04,bathroomgraffiti,fra,plateau bazar de luxe,4.2,1,4,final
2025-08-05,bathroomgraffiti,fra,plateau bazar de luxe,5.5,0,2,final
2025-08-06,bathroomgraffiti,fra,plateau bazar de luxe,4.8,0,4,final
2025-08-07,bathroomgraffiti,fra,plateau bazar de luxe,4.2,0,4,final
2025-08-08,bathroomgraffiti,fra,plateau bazar de luxe,4.3,0,3,final
2025-08-09,bathroomgraffiti,fra,plateau bazar de luxe,4.5,0,4,final
2025-08-10,bathroomgraffiti,fra,plateau bazar de luxe,3.8,0,4,final
2025-08-11,bathroomgraffiti,fra,plateau bazar de luxe,3.8,2,10,final
2025-08-12,bathroomgraffiti,fra,plateau bazar de luxe,5,0,7,final
2025-08-13,bathroomgraffiti,fra,plateau bazar de luxe,4,0,2,final
2025-08-14,bathroomgraffiti,fra,plateau bazar de luxe,4.2,1,6,final
2025-08-15,bathroomgraffiti,fra,plateau bazar de luxe,4.7,0,3,final
2025-08-16,bathroomgraffiti,fra,plateau bazar de luxe,5.6,1,7,final
2025-08-17,bathroomgraffiti,fra,plateau bazar de luxe,4.2,2,10,final
2025-08-18,bathroomgraffiti,fra,plateau bazar de luxe,4.6,2,8,final
2025-08-19,bathroomgraffiti,fra,plateau bazar de luxe,4.9,0,7,final
2025-08-20,bathroomgraffiti,fra,plateau bazar de luxe,4.6,0,5,final
2025-08-21,bathroomgraffiti,fra,plateau bazar de luxe,4.3,3,7,final
2025-08-22,bathroomgraffiti,fra,plateau bazar de luxe,2.8,0,4,final
2025-08-23,bathroomgraffiti,fra,plateau bazar de luxe,3.7,1,3,final
2025-08-24,bathroomgraffiti,fra,plateau bazar de luxe,3,0,2,final
2025-08-25,bathroomgraffiti,fra,plateau bazar de luxe,3.7,0,7,final
2025-08-26,bathroomgraffiti,fra,plateau bazar de luxe,4,0,3,final
2025-08-27,bathroomgraffiti,fra,plateau bazar de luxe,4.5,0,2,final
2025-08-28,bathroomgraffiti,fra,plateau bazar de luxe,3.3,0,3,final
2025-08-29,bathroomgraffiti,fra,plateau bazar de luxe,4.8,0,8,final
2025-08-30,bathroomgraffiti,fra,plateau bazar de luxe,4.8,0,9,final
2025-08-31,bathroomgraffiti,fra,plateau bazar de luxe,3.8,0,5,final
2025-09-01,bathroomgraffiti,fra,plateau bazar de luxe,4,0,1,final
2025-09-02,bathroomgraffiti,fra,plateau bazar de luxe,5,0,2,final
2025-09-03,bathroomgraffiti,fra,plateau bazar de luxe,4,1,2,final
2025-09-04,bathroomgraffiti,fra,plateau bazar de luxe,4,1,4,final
2025-09-05,bathroomgraffiti,fra,plateau bazar de luxe,4,0,2,final
2025-09-06,bathroomgraffiti,fra,plateau bazar de luxe,2,1,2,final
2025-09-07,bathroomgraffiti,fra,plateau bazar de luxe,3,0,2,final
2025-09-08,bathroomgraffiti,fra,plateau bazar de luxe,3.5,0,4,final
2025-09-09,bathroomgraffiti,fra,plateau bazar de luxe,3.3,0,3,final
2025-09-10,bathroomgraffiti,fra,plateau bazar de luxe,3.3,1,3,final
2025-09-11,bathroomgraffiti,fra,plateau bazar de luxe,5.3,0,3,final
2025-09-12,bathroomgraffiti,fra,plateau bazar de luxe,3.5,0,2,final
2025-09-13,bathroomgraffiti,fra,plateau bazar de luxe,4.3,0,3,final
2025-09-14,bathroomgraffiti,fra,plateau bazar de luxe,1,0,1,final
2025-09-15,bathroomgraffiti,fra,plateau bazar de luxe,3,0,2,final
2025-09-16,bathroomgraffiti,fra,plateau bazar de luxe,4,0,4,final
2025-09-17,bathroomgraffiti,fra,plateau bazar de luxe,2,0,3,final
2025-09-19,bathroomgraffiti,fra,plateau bazar de luxe,2,0,1,final
2025-09-20,bathroomgraffiti,fra,plateau bazar de luxe,4.7,1,3,final
2025-09-21,bathroomgraffiti,fra,plateau bazar de luxe,3,0,5,final
2025-09-23,bathroomgraffiti,fra,plateau bazar de luxe,4,0,6,final
2025-09-24,bathroomgraffiti,fra,plateau bazar de luxe,2.2,0,4,final
2025-09-25,bathroomgraffiti,fra,plateau bazar de luxe,2.7,0,3,final
2025-09-26,bathroomgraffiti,fra,plateau bazar de luxe,2.8,0,5,final
2025-09-27,bathroomgraffiti,fra,plateau bazar de luxe,2.6,1,10,final
2025-09-28,bathroomgraffiti,fra,plateau bazar de luxe,5,0,1,final
2025-09-29,bathroomgraffiti,fra,plateau bazar de luxe,2.5,0,2,final
2025-10-01,bathroomgraffiti,fra,plateau bazar de luxe,8,0,2,final
2025-10-02,bathroomgraffiti,fra,plateau bazar de luxe,4,0,1,final
2025-10-03,bathroomgraffiti,fra,plateau bazar de luxe,6,1,1,final
2025-10-04,bathroomgraffiti,fra,plateau bazar de luxe,3.8,0,5,final
2025-10-05,bathroomgraffiti,fra,plateau bazar de luxe,2,0,3,final
2025-10-07,bathroomgraffiti,fra,plateau bazar de luxe,2.3,0,3,final
2025-10-08,bathroomgraffiti,fra,plateau bazar de luxe,2,0,1,final
2025-10-10,bathroomgraffiti,fra,plateau bazar de luxe,2.7,0,6,final
2025-10-11,bathroomgraffiti,fra,plateau bazar de luxe,3,0,3,final
2025-10-12,bathroomgraffiti,fra,plateau bazar de luxe,1.5,1,2,final
2025-10-14,bathroomgraffiti,fra,plateau bazar de luxe,3.4,0,5,final
2025-10-15,bathroomgraffiti,fra,plateau bazar de luxe,2.5,1,6,final
2025-10-16,bathroomgraffiti,fra,plateau bazar de luxe,2.7,0,3,final
2025-10-18,bathroomgraffiti,fra,plateau bazar de luxe,3,1,4,final
2025-10-19,bathroomgraffiti,fra,plateau bazar de luxe,2,0,2,final
2025-10-20,bathroomgraffiti,fra,plateau bazar de luxe,2.5,0,2,final
2025-10-21,bathroomgraffiti,fra,plateau bazar de luxe,4.7,0,3,final
2025-10-22,bathroomgraffiti,fra,plateau bazar de luxe,4.5,0,2,final
2025-10-23,bathroomgraffiti,fra,plateau bazar de luxe,4,1,3,final
2025-10-24,bathroomgraffiti,fra,plateau bazar de luxe,9,0,1,final
2025-10-25,bathroomgraffiti,fra,plateau bazar de luxe,3.2,0,6,final
2025-10-26,bathroomgraffiti,fra,plateau bazar de luxe,3.5,0,10,final
2025-10-27,bathroomgraffiti,fra,plateau bazar de luxe,3,0,2,final
2025-10-28,bathroomgraffiti,fra,plateau bazar de luxe,3,0,4,final
2025-10-29,bathroomgraffiti,fra,plateau bazar de luxe,2.8,0,4,final
2025-10-30,bathroomgraffiti,fra,plateau bazar de luxe,2.7,0,3,final
2025-10-31,bathroomgraffiti,fra,plateau bazar de luxe,2.5,0,2,final
2025-11-01,bathroomgraffiti,fra,plateau bazar de luxe,3.6,1,13,final
2025-11-02,bathroomgraffiti,fra,plateau bazar de luxe,4,0,4,final
2025-11-03,bathroomgraffiti,fra,plateau bazar de luxe,6.5,1,4,final
2025-11-04,bathroomgraffiti,fra,plateau bazar de luxe,3,0,1,final
2025-11-05,bathroomgraffiti,fra,plateau bazar de luxe,3,0,3,final
2025-11-06,bathroomgraffiti,fra,plateau bazar de luxe,3.8,0,5,final
2025-11-07,bathroomgraffiti,fra,plateau bazar de luxe,3.3,0,3,final
2025-11-08,bathroomgraffiti,fra,plateau bazar de luxe,3,0,7,final
2025-11-09,bathroomgraffiti,fra,plateau bazar de luxe,3.8,0,5,final
2025-11-10,bathroomgraffiti,fra,plateau bazar de luxe,3,0,3,final
2025-11-11,bathroomgraffiti,fra,plateau bazar de luxe,4.5,1,6,final
2025-11-12,bathroomgraffiti,fra,plateau bazar de luxe,3.7,0,3,final
2025-11-13,bathroomgraffiti,fra,plateau bazar de luxe,3.5,0,2,final
2025-11-14,bathroomgraffiti,fra,plateau bazar de luxe,3,0,2,final
2025-11-15,bathroomgraffiti,fra,plateau bazar de luxe,3.7,1,7,final
2025-11-16,bathroomgraffiti,fra,plateau bazar de luxe,4.6,1,7,final
2025-11-17,bathroomgraffiti,fra,plateau bazar de luxe,3.8,0,5,final
2025-11-18,bathroomgraffiti,fra,plateau bazar de luxe,3,0,5,final
2025-11-19,bathroomgraffiti,fra,plateau bazar de luxe,3.6,0,7,final
2025-11-20,bathroomgraffiti,fra,plateau bazar de luxe,2.2,1,5,final
2025-11-21,bathroomgraffiti,fra,plateau bazar de luxe,3,0,1,final
2025-11-22,bathroomgraffiti,fra,plateau bazar de luxe,3,2,8,final
2025-11-23,bathroomgraffiti,fra,plateau bazar de luxe,3.4,2,7,final
2025-11-24,bathroomgraffiti,fra,plateau bazar de luxe,3,0,1,final
2025-11-25,bathroomgraffiti,fra,plateau bazar de luxe,10,0,1,final
2025-11-26,bathroomgraffiti,fra,plateau bazar de luxe,4,1,3,final
2025-11-27,bathroomgraffiti,fra,plateau bazar de luxe,3.4,1,5,final
2025-11-28,bathroomgraffiti,fra,plateau bazar de luxe,5.5,1,14,final
2025-11-29,bathroomgraffiti,fra,plateau bazar de luxe,4.8,0,15,final
2025-11-30,bathroomgraffiti,fra,plateau bazar de luxe,3.8,1,15,final
2025-12-01,bathroomgraffiti,fra,plateau bazar de luxe,6,0,8,final
2025-12-02,bathroomgraffiti,fra,plateau bazar de luxe,3.4,0,5,final
2025-12-03,bathroomgraffiti,fra,plateau bazar de luxe,3.2,1,5,final
2025-12-04,bathroomgraffiti,fra,plateau bazar de luxe,3.9,0,8,final
2025-12-05,bathroomgraffiti,fra,plateau bazar de luxe,4,1,4,final
2025-12-06,bathroomgraffiti,fra,plateau bazar de luxe,4.9,0,8,final
2025-12-07,bathroomgraffiti,fra,plateau bazar de luxe,5.4,2,14,final
2025-12-08,bathroomgraffiti,fra,plateau bazar de luxe,4.3,0,7,final
2025-12-09,bathroomgraffiti,fra,plateau bazar de luxe,4.7,0,9,final
2025-12-10,bathroomgraffiti,fra,plateau bazar de luxe,5.6,0,8,final
2025-12-11,bathroomgraffiti,fra,plateau bazar de luxe,4.4,0,5,final
2025-12-12,bathroomgraffiti,fra,plateau bazar de luxe,4.6,1,11,final
2025-12-13,bathroomgraffiti,fra,plateau bazar de luxe,5.3,0,9,final
2025-12-14,bathroomgraffiti,fra,plateau bazar de luxe,4.5,1,8,final
2025-12-15,bathroomgraffiti,fra,plateau bazar de luxe,3.6,0,5,final
2025-12-16,bathroomgraffiti,fra,plateau bazar de luxe,3.3,1,9,final
2025-12-17,bathroomgraffiti,fra,plateau bazar de luxe,3.2,1,6,final
2025-12-18,bathroomgraffiti,fra,plateau bazar de luxe,3.6,1,5,final
2025-12-19,bathroomgraffiti,fra,plateau bazar de luxe,5.5,0,2,final
2025-12-20,bathroomgraffiti,fra,plateau bazar de luxe,3.3,0,3,final
2025-12-21,bathroomgraffiti,fra,plateau bazar de luxe,3,0,5,final
2025-12-22,bathroomgraffiti,fra,plateau bazar de luxe,4.2,0,6,final
2025-12-23,bathroomgraffiti,fra,plateau bazar de luxe,3.5,2,6,final
2025-12-24,bathroomgraffiti,fra,plateau bazar de luxe,4.2,0,4,final
2025-12-25,bathroomgraffiti,fra,plateau bazar de luxe,2.8,0,4,final
2025-12-26,bathroomgraffiti,fra,plateau bazar de luxe,5,0,5,final
2025-12-27,bathroomgraffiti,fra,plateau bazar de luxe,4.3,0,13,final
2025-12-28,bathroomgraffiti,fra,plateau bazar de luxe,6,0,1,final
2025-12-29,bathroomgraffiti,fra,plateau bazar de luxe,3,0,4,final
2025-12-30,bathroomgraffiti,fra,plateau bazar de luxe,3.7,0,9,final
2025-12-31,bathroomgraffiti,fra,plateau bazar de luxe,3.5,0,4,final
2026-01-01,bathroomgraffiti,fra,plateau bazar de luxe,4.5,1,6,final
2026-01-02,bathroomgraffiti,fra,plateau bazar de luxe,4.2,0,8,final
2026-01-03,bathroomgraffiti,fra,plateau bazar de luxe,5,0,5,final
2026-01-04,bathroomgraffiti,fra,plateau bazar de luxe,4,0,2,final
2026-01-05,bathroomgraffiti,fra,plateau bazar de luxe,3,0,3,final
2026-01-06,bathroomgraffiti,fra,plateau bazar de luxe,4,0,3,final
2026-01-07,bathroomgraffiti,fra,plateau bazar de luxe,2.8,0,4,final
2026-01-08,bathroomgraffiti,fra,plateau bazar de luxe,2.8,1,5,final
2026-01-09,bathroomgraffiti,fra,plateau bazar de luxe,3.3,0,3,final
2026-01-10,bathroomgraffiti,fra,plateau bazar de luxe,3.3,1,3,final
2026-01-11,bathroomgraffiti,fra,plateau bazar de luxe,3,0,6,final
2026-01-12,bathroomgraffiti,fra,plateau bazar de luxe,3,0,2,final
2026-01-13,bathroomgraffiti,fra,plateau bazar de luxe,3,0,5,final
2026-01-14,bathroomgraffiti,fra,plateau bazar de luxe,3,0,5,final
2026-01-15,bathroomgraffiti,fra,plateau bazar de luxe,3,0,5,final
2026-01-16,bathroomgraffiti,fra,plateau bazar de luxe,3,0,3,final
2026-01-17,bathroomgraffiti,fra,plateau bazar de luxe,2.4,0,5,final
2026-01-18,bathroomgraffiti,fra,plateau bazar de luxe,5.6,0,7,final
2026-01-19,bathroomgraffiti,fra,plateau bazar de luxe,4.2,1,8,final
2026-01-20,bathroomgraffiti,fra,plateau bazar de luxe,4.8,0,4,final
2026-01-21,bathroomgraffiti,fra,plateau bazar de luxe,5.3,0,3,final
2026-01-22,bathroomgraffiti,fra,plateau bazar de luxe,3,0,1,final
2026-01-23,bathroomgraffiti,fra,plateau bazar de luxe,3,0,1,final
2026-01-24,bathroomgraffiti,fra,plateau bazar de luxe,2.9,1,8,final
2026-01-25,bathroomgraffiti,fra,plateau bazar de luxe,3.5,1,2,final
2026-01-27,bathroomgraffiti,fra,plateau bazar de luxe,3.7,0,3,final
2026-01-28,bathroomgraffiti,fra,plateau bazar de luxe,5,0,1,final
2026-01-29,bathroomgraffiti,fra,plateau bazar de luxe,5,0,2,final
2026-01-30,bathroomgraffiti,fra,plateau bazar de luxe,4.3,0,3,final
2026-01-31,bathroomgraffiti,fra,plateau bazar de luxe,5.8,0,4,final
2026-02-01,bathroomgraffiti,fra,plateau bazar de luxe,5.3,0,3,final
2026-02-03,bathroomgraffiti,fra,plateau bazar de luxe,2.2,0,4,final
2026-02-04,bathroomgraffiti,fra,plateau bazar de luxe,4.6,0,5,final
2026-02-05,bathroomgraffiti,fra,plateau bazar de luxe,2.8,0,4,final
2026-02-06,bathroomgraffiti,fra,plateau bazar de luxe,2,0,2,final
2026-02-07,bathroomgraffiti,fra,plateau bazar de luxe,4.1,0,8,final
2026-02-08,bathroomgraffiti,fra,plateau bazar de luxe,3.8,1,4,final
2026-02-10,bathroomgraffiti,fra,plateau bazar de luxe,8.8,0,4,final
2026-02-11,bathroomgraffiti,fra,plateau bazar de luxe,3,0,2,final
2026-02-13,bathroomgraffiti,fra,plateau bazar de luxe,6,0,1,final
2026-02-14,bathroomgraffiti,fra,plateau bazar de luxe,3.3,0,7,final
2026-02-15,bathroomgraffiti,fra,plateau bazar de luxe,8,0,1,final
2026-02-16,bathroomgraffiti,fra,plateau bazar de luxe,8,0,3,final
2026-02-17,bathroomgraffiti,fra,plateau bazar de luxe,3.5,2,8,final
2026-02-18,bathroomgraffiti,fra,plateau bazar de luxe,3,1,1,final
2026-02-19,bathroomgraffiti,fra,plateau bazar de luxe,3.2,0,5,final
2026-02-20,bathroomgraffiti,fra,plateau bazar de luxe,2,0,2,final
2026-02-21,bathroomgraffiti,fra,plateau bazar de luxe,3,0,1,final
2026-02-22,bathroomgraffiti,fra,plateau bazar de luxe,3.8,0,4,final
2026-02-23,bathroomgraffiti,fra,plateau bazar de luxe,3,0,2,final
2026-02-24,bathroomgraffiti,fra,plateau bazar de luxe,2.5,0,2,final
2026-02-25,bathroomgraffiti,fra,plateau bazar de luxe,6.3,0,3,final
2026-02-26,bathroomgraffiti,fra,plateau bazar de luxe,3.5,0,4,final
2026-02-27,bathroomgraffiti,fra,plateau bazar de luxe,4,0,1,final
2026-02-28,bathroomgraffiti,fra,plateau bazar de luxe,3.3,1,9,final
2026-03-01,bathroomgraffiti,fra,plateau bazar de luxe,5,0,3,final
2026-03-02,bathroomgraffiti,fra,plateau bazar de luxe,2.5,0,2,final
2026-03-03,bathroomgraffiti,fra,plateau bazar de luxe,3.5,0,4,final
2026-03-04,bathroomgraffiti,fra,plateau bazar de luxe,3.8,1,5,final
2026-03-05,bathroomgraffiti,fra,plateau bazar de luxe,4.5,0,2,final
2026-03-06,bathroomgraffiti,fra,plateau bazar de luxe,3,0,3,final
2026-03-07,bathroomgraffiti,fra,plateau bazar de luxe,4.7,0,7,final
2026-03-08,bathroomgraffiti,fra,plateau bazar de luxe,7.1,0,7,final
2026-03-10,bathroomgraffiti,fra,plateau bazar de luxe,5,0,2,final
2026-03-11,bathroomgraffiti,fra,plateau bazar de luxe,3,0,2,final
2026-03-12,bathroomgraffiti,fra,plateau bazar de luxe,3,0,1,final
2026-03-16,bathroomgraffiti,fra,plateau bazar de luxe,6.5,0,2,final
2026-03-17,bathroomgraffiti,fra,plateau bazar de luxe,4,0,2,final
2026-03-18,bathroomgraffiti,fra,plateau bazar de luxe,3,0,6,final
2026-03-19,bathroomgraffiti,fra,plateau bazar de luxe,2.5,0,2,final
2026-03-20,bathroomgraffiti,fra,plateau bazar de luxe,1.7,1,3,final
2026-03-21,bathroomgraffiti,fra,plateau bazar de luxe,5,0,5,final
2026-03-22,bathroomgraffiti,fra,plateau bazar de luxe,2.8,1,5,final
2026-03-23,bathroomgraffiti,fra,plateau bazar de luxe,3.5,1,2,final
2026-03-24,bathroomgraffiti,fra,plateau bazar de luxe,4,0,1,final
2026-03-25,bathroomgraffiti,fra,plateau bazar de luxe,3.7,0,3,final
2026-03-26,bathroomgraffiti,fra,plateau bazar de luxe,4,0,1,final
2026-03-27,bathroomgraffiti,fra,plateau bazar de luxe,6,0,2,final
2026-03-28,bathroomgraffiti,fra,plateau bazar de luxe,3.7,0,7,final
2026-03-29,bathroomgraffiti,fra,plateau bazar de luxe,3,0,1,final
2026-03-30,bathroomgraffiti,fra,plateau bazar de luxe,3,0,1,final
2026-03-31,bathroomgraffiti,fra,plateau bazar de luxe,3.8,0,4,final
2026-04-01,bathroomgraffiti,fra,plateau bazar de luxe,2.8,1,4,final
2026-04-03,bathroomgraffiti,fra,plateau bazar de luxe,7.2,2,5,final
2026-04-04,bathroomgraffiti,fra,plateau bazar de luxe,4.3,0,6,final
2026-04-05,bathroomgraffiti,fra,plateau bazar de luxe,7.5,0,4,final
2026-04-06,bathroomgraffiti,fra,plateau bazar de luxe,3,0,1,final
2026-04-07,bathroomgraffiti,fra,plateau bazar de luxe,5,0,2,final
2026-04-08,bathroomgraffiti,fra,plateau bazar de luxe,4,0,1,final
2026-04-09,bathroomgraffiti,fra,plateau bazar de luxe,6.3,0,3,final
2026-04-10,bathroomgraffiti,fra,plateau bazar de luxe,7.8,0,4,final
2026-04-11,bathroomgraffiti,fra,plateau bazar de luxe,6.8,1,5,final
2026-04-12,bathroomgraffiti,fra,plateau bazar de luxe,4.3,2,6,final
2026-04-13,bathroomgraffiti,fra,plateau bazar de luxe,3.5,0,2,final
2026-04-14,bathroomgraffiti,fra,plateau bazar de luxe,3,0,7,final
2026-04-15,bathroomgraffiti,fra,plateau bazar de luxe,4.8,0,5,final
2026-04-16,bathroomgraffiti,fra,plateau bazar de luxe,2.6,1,5,final
2026-04-17,bathroomgraffiti,fra,plateau bazar de luxe,2.7,0,3,final
2026-04-18,bathroomgraffiti,fra,plateau bazar de luxe,2.2,1,4,final
2026-04-19,bathroomgraffiti,fra,plateau bazar de luxe,2,0,3,final
2026-04-20,bathroomgraffiti,fra,plateau bazar de luxe,4,0,1,final
2026-04-21,bathroomgraffiti,fra,plateau bazar de luxe,2.8,0,4,final
2026-04-22,bathroomgraffiti,fra,plateau bazar de luxe,2.3,0,3,final
2026-04-23,bathroomgraffiti,fra,plateau bazar de luxe,2.7,1,3,final
2026-04-24,bathroomgraffiti,fra,plateau bazar de luxe,3,1,6,final
2026-04-25,bathroomgraffiti,fra,plateau bazar de luxe,4.7,0,6,final
2026-04-26,bathroomgraffiti,fra,plateau bazar de luxe,7.5,0,2,final
2026-04-27,bathroomgraffiti,fra,plateau bazar de luxe,3,0,3,final
2026-04-28,bathroomgraffiti,fra,plateau bazar de luxe,4.7,0,7,final
2026-04-29,bathroomgraffiti,fra,plateau bazar de luxe,6.7,0,3,final
2026-04-30,bathroomgraffiti,fra,plateau bazar de luxe,2.5,0,2,final
2026-05-01,bathroomgraffiti,fra,plateau bazar de luxe,2.4,1,5,final
2026-05-02,bathroomgraffiti,fra,plateau bazar de luxe,2.9,1,10,final
2026-05-03,bathroomgraffiti,fra,plateau bazar de luxe,5,0,3,final
2026-05-04,bathroomgraffiti,fra,plateau bazar de luxe,6,0,3,final
2026-05-05,bathroomgraffiti,fra,plateau bazar de luxe,2,0,4,final
2026-05-06,bathroomgraffiti,fra,plateau bazar de luxe,2,1,7,final
2026-05-07,bathroomgraffiti,fra,plateau bazar de luxe,6.4,0,5,final
2026-05-08,bathroomgraffiti,fra,plateau bazar de luxe,5.7,0,3,final
2026-05-09,bathroomgraffiti,fra,plateau bazar de luxe,4.2,1,9,final
2026-05-10,bathroomgraffiti,fra,plateau bazar de luxe,3.6,1,5,final
2026-05-11,bathroomgraffiti,fra,plateau bazar de luxe,9,0,2,final
2026-05-12,bathroomgraffiti,fra,plateau bazar de luxe,1.3,0,3,final
2026-05-13,bathroomgraffiti,fra,plateau bazar de luxe,5.5,0,4,final
2026-05-14,bathroomgraffiti,fra,plateau bazar de luxe,3.6,0,5,final
2026-05-15,bathroomgraffiti,fra,plateau bazar de luxe,2.5,2,4,final
2026-05-16,bathroomgraffiti,fra,plateau bazar de luxe,2.4,2,8,final
2026-05-17,bathroomgraffiti,fra,plateau bazar de luxe,3.5,1,6,final
2026-05-18,bathroomgraffiti,fra,plateau bazar de luxe,2.8,0,4,final
2026-05-19,bathroomgraffiti,fra,plateau bazar de luxe,2.8,1,6,final
2026-05-20,bathroomgraffiti,fra,plateau bazar de luxe,2,0,1,final
2026-05-21,bathroomgraffiti,fra,plateau bazar de luxe,2.7,1,6,final
2026-05-22,bathroomgraffiti,fra,plateau bazar de luxe,2.5,0,2,final
2026-05-23,bathroomgraffiti,fra,plateau bazar de luxe,2.6,1,5,final
2026-05-24,bathroomgraffiti,fra,plateau bazar de luxe,3.9,0,7,final
2026-05-25,bathroomgraffiti,fra,plateau bazar de luxe,2.5,1,4,final
2026-05-26,bathroomgraffiti,fra,plateau bazar de luxe,3,0,2,final
2026-05-27,bathroomgraffiti,fra,plateau bazar de luxe,2,0,2,final
2026-05-28,bathroomgraffiti,fra,plateau bazar de luxe,2.6,0,5,final
2026-05-29,bathroomgraffiti,fra,plateau bazar de luxe,3,0,2,final
2026-05-30,bathroomgraffiti,fra,plateau bazar de luxe,4.7,0,3,final
2026-05-31,bathroomgraffiti,fra,plateau bazar de luxe,2.5,1,4,final
2026-06-01,bathroomgraffiti,fra,plateau bazar de luxe,2.7,0,3,final
2026-06-02,bathroomgraffiti,fra,plateau bazar de luxe,2.7,0,3,final
2026-06-03,bathroomgraffiti,fra,plateau bazar de luxe,2,0,2,final
2026-06-04,bathroomgraffiti,fra,plateau bazar de luxe,5,0,1,final
2026-06-05,bathroomgraffiti,fra,plateau bazar de luxe,6,0,3,final
2026-06-06,bathroomgraffiti,fra,plateau bazar de luxe,3.5,0,11,final
2026-06-07,bathroomgraffiti,fra,plateau bazar de luxe,2.8,0,6,final
2026-06-08,bathroomgraffiti,fra,plateau bazar de luxe,1.5,0,2,final
2026-06-09,bathroomgraffiti,fra,plateau bazar de luxe,7.5,0,2,final
2026-06-10,bathroomgraffiti,fra,plateau bazar de luxe,2,2,3,final
2026-06-11,bathroomgraffiti,fra,plateau bazar de luxe,7.5,1,2,final
2026-06-12,bathroomgraffiti,fra,plateau bazar de luxe,2.2,1,4,final
2026-06-13,bathroomgraffiti,fra,plateau bazar de luxe,4,0,1,final
2026-06-14,bathroomgraffiti,fra,plateau bazar de luxe,3,0,2,final
2026-06-15,bathroomgraffiti,fra,plateau bazar de luxe,3.9,0,9,final
2026-06-16,bathroomgraffiti,fra,plateau bazar de luxe,3.3,0,3,final
2026-06-17,bathroomgraffiti,fra,plateau bazar de luxe,2,1,4,final
2026-06-18,bathroomgraffiti,fra,plateau bazar de luxe,3,0,3,final
2026-06-19,bathroomgraffiti,fra,plateau bazar de luxe,2,1,10,final
2026-06-20,bathroomgraffiti,fra,plateau bazar de luxe,2.6,0,5,final
2026-06-21,bathroomgraffiti,fra,plateau bazar de luxe,2.7,0,3,final
2026-06-23,bathroomgraffiti,fra,plateau bazar de luxe,2,0,2,final
2026-06-24,bathroomgraffiti,fra,plateau bazar de luxe,3,1,7,final
2026-06-25,bathroomgraffiti,fra,plateau bazar de luxe,5,0,2,final
2026-06-26,bathroomgraffiti,fra,plateau bazar de luxe,3,0,2,final
2026-06-27,bathroomgraffiti,fra,plateau bazar de luxe,2.1,1,7,final
2026-06-28,bathroomgraffiti,fra,plateau bazar de luxe,2,0,2,final
2026-06-29,bathroomgraffiti,fra,plateau bazar de luxe,4.4,0,10,final
2026-06-30,bathroomgraffiti,fra,plateau bazar de luxe,3,1,5,final
2026-07-01,bathroomgraffiti,fra,plateau bazar de luxe,2,1,2,final
2026-07-02,bathroomgraffiti,fra,plateau bazar de luxe,3.2,0,5,final
2026-07-03,bathroomgraffiti,fra,plateau bazar de luxe,7,0,4,final
2026-07-04,bathroomgraffiti,fra,plateau bazar de luxe,2.5,0,4,final
2026-07-05,bathroomgraffiti,fra,plateau bazar de luxe,2.5,0,2,final
2026-07-06,bathroomgraffiti,fra,plateau bazar de luxe,2,0,3,final
2026-07-07,bathroomgraffiti,fra,plateau bazar de luxe,2.8,0,5,final
2026-07-08,bathroomgraffiti,fra,plateau bazar de luxe,2.2,0,5,final
2026-07-09,bathroomgraffiti,fra,plateau bazar de luxe,2.2,0,5,final
2026-07-10,bathroomgraffiti,fra,plateau bazar de luxe,3,0,2,final
2026-07-11,bathroomgraffiti,fra,plateau bazar de luxe,2.2,0,6,final
2026-07-12,bathroomgraffiti,fra,plateau bazar de luxe,2.5,0,11,final
2026-07-13,bathroomgraffiti,fra,plateau bazar de luxe,1.7,1,3,final
2026-07-14,bathroomgraffiti,fra,plateau bazar de luxe,2.5,1,6,final
2026-07-15,bathroomgraffiti,fra,plateau bazar de luxe,2.4,0,9,final
2026-07-16,bathroomgraffiti,fra,plateau bazar de luxe,5.5,0,4,final
2026-07-17,bathroomgraffiti,fra,plateau bazar de luxe,3.5,1,4,final
2026-07-18,bathroomgraffiti,fra,plateau bazar de luxe,2.6,0,5,final
2026-07-19,bathroomgraffiti,fra,plateau bazar de luxe,3,0,2,final
2026-07-20,bathroomgraffiti,fra,plateau bazar de luxe,2,0,1,final
2026-07-21,bathroomgraffiti,fra,plateau bazar de luxe,3.5,0,4,final
2026-07-22,bathroomgraffiti,fra,plateau bazar de luxe,2.5,0,4,final
2026-07-23,bathroomgraffiti,fra,plateau bazar de luxe,4.5,0,4,final
2026-07-24,bathroomgraffiti,fra,plateau bazar de luxe,8.2,0,5,final
2026-07-25,bathroomgraffiti,fra,plateau bazar de luxe,3.2,0,12,final
2026-07-26,bathroomgraffiti,fra,plateau bazar de luxe,2,0,3,final
2026-07-27,bathroomgraffiti,fra,plateau bazar de luxe,2.3,0,6,final
2026-07-28,bathroomgraffiti,fra,plateau bazar de luxe,2.5,0,2,final
2026-07-29,bathroomgraffiti,fra,plateau bazar de luxe,2.2,2,5,final
2026-07-30,bathroomgraffiti,fra,plateau bazar de luxe,2.5,0,4,final
2026-07-31,bathroomgraffiti,fra,plateau bazar de luxe,4,0,5,final
2026-08-01,bathroomgraffiti,fra,plateau bazar de luxe,4.5,0,2,final
2026-08-02,bathroomgraffiti,fra,plateau bazar de luxe,6.3,0,3,final
2026-08-03,bathroomgraffiti,fra,plateau bazar de luxe,3,0,5,final
2026-08-04,bathroomgraffiti,fra,plateau bazar de luxe,5,0,4,final
2026-08-05,bathroomgraffiti,fra,plateau bazar de luxe,2.8,1,8,final
2026-08-06,bathroomgraffiti,fra,plateau bazar de luxe,2.1,1,8,final
2026-08-07,bathroomgraffiti,fra,plateau bazar de luxe,2.8,0,5,final
2026-08-08,bathroomgraffiti,fra,plateau bazar de luxe,2.8,1,11,final
2026-08-09,bathroomgraffiti,fra,plateau bazar de luxe,3.2,2,5,final
2026-08-10,bathroomgraffiti,fra,plateau bazar de luxe,2,0,4,final
2026-08-11,bathroomgraffiti,fra,plateau bazar de luxe,2.4,1,7,final
2026-08-12,bathroomgraffiti,fra,plateau bazar de luxe,3.9,0,8,final
2026-08-13,bathroomgraffiti,fra,plateau bazar de luxe,3.9,2,7,final
2026-08-14,bathroomgraffiti,fra,plateau bazar de luxe,4,0,4,final
2026-08-15,bathroomgraffiti,fra,plateau bazar de luxe,2,1,3,final
2026-08-16,bathroomgraffiti,fra,plateau bazar de luxe,3.6,2,12,final
2026-08-17,bathroomgraffiti,fra,plateau bazar de luxe,5.5,1,4,final
2026-08-18,bathroomgraffiti,fra,plateau bazar de luxe,6.2,0,6,final
2026-08-19,bathroomgraffiti,fra,plateau bazar de luxe,4.9,0,7,final
2026-08-20,bathroomgraffiti,fra,plateau bazar de luxe,4,0,3,final
2026-08-21,bathroomgraffiti,fra,plateau bazar de luxe,6,0,2,final
2026-08-22,bathroomgraffiti,fra,plateau bazar de luxe,3,0,7,final
2026-08-23,bathroomgraffiti,fra,plateau bazar de luxe,3.9,1,7,final
2026-08-24,bathroomgraffiti,fra,plateau bazar de luxe,4,0,1,final
2026-08-25,bathroomgraffiti,fra,plateau bazar de luxe,2,1,1,final
2026-08-26,bathroomgraffiti,fra,plateau bazar de luxe,5,0,1,final
2026-08-27,bathroomgraffiti,fra,plateau bazar de luxe,2,0,1,final
2026-08-28,bathroomgraffiti,fra,plateau bazar de luxe,6.4,0,8,final
2026-08-29,bathroomgraffiti,fra,plateau bazar de luxe,2.5,0,4,final
2026-08-30,bathroomgraffiti,fra,plateau bazar de luxe,4.2,0,4,final
2026-08-31,bathroomgraffiti,fra,plateau bazar de luxe,4.5,0,2,final
2026-09-01,bathroomgraffiti,fra,plateau bazar de luxe,2,0,1,final
2026-09-02,bathroomgraffiti,fra,plateau bazar de luxe,5.3,0,6,final
2026-09-03,bathroomgraffiti,fra,plateau bazar de luxe,2,0,1,final
2026-09-04,bathroomgraffiti,fra,plateau bazar de luxe,5.8,0,4,final
2026-09-05,bathroomgraffiti,fra,plateau bazar de luxe,2,0,2,final
2026-09-06,bathroomgraffiti,fra,plateau bazar de luxe,12,0,1,final
2026-09-07,bathroomgraffiti,fra,plateau bazar de luxe,2.4,0,5,final
2026-09-08,bathroomgraffiti,fra,plateau bazar de luxe,2.6,2,5,final
2026-09-09,bathroomgraffiti,fra,plateau bazar de luxe,5.6,0,7,final
2026-09-10,bathroomgraffiti,fra,plateau bazar de luxe,4,0,4,final
2026-09-11,bathroomgraffiti,fra,plateau bazar de luxe,3.5,0,2,final
2026-09-12,bathroomgraffiti,fra,plateau bazar de luxe,5.5,0,4,final
2026-09-13,bathroomgraffiti,fra,plateau bazar de luxe,4.6,0,8,final
2026-09-15,bathroomgraffiti,fra,plateau bazar de luxe,3,0,2,final
2026-09-16,bathroomgraffiti,fra,plateau bazar de luxe,2.5,0,2,final
2026-09-17,bathroomgraffiti,fra,plateau bazar de luxe,2,2,2,final
2026-09-18,bathroomgraffiti,fra,plateau bazar de luxe,2,0,2,final
2026-09-19,bathroomgraffiti,fra,plateau bazar de luxe,3,0,2,final
2026-09-20,bathroomgraffiti,fra,plateau bazar de luxe,5,0,5,final
2026-09-21,bathroomgraffiti,fra,plateau bazar de luxe,2.3,1,7,final
2026-09-22,bathroomgraffiti,fra,plateau bazar de luxe,2.3,0,3,final
2026-09-23,bathroomgraffiti,fra,plateau bazar de luxe,6,1,4,final
2026-09-25,bathroomgraffiti,fra,plateau bazar de luxe,6.3,0,3,final
2026-09-26,bathroomgraffiti,fra,plateau bazar de luxe,3.3,1,3,final
2026-09-27,bathroomgraffiti,fra,plateau bazar de luxe,3.5,0,4,final
2026-09-28,bathroomgraffiti,fra,plateau bazar de luxe,3,0,1,final
2026-09-29,bathroomgraffiti,fra,plateau bazar de luxe,3,0,1,final
2026-09-30,bathroomgraffiti,fra,plateau bazar de luxe,4,0,1,final
2026-10-01,bathroomgraffiti,fra,plateau bazar de luxe,5,0,1,final
2026-10-02,bathroomgraffiti,fra,plateau bazar de luxe,6,0,3,final
2026-10-03,bathroomgraffiti,fra,plateau bazar de luxe,3.7,0,3,final
2026-10-04,bathroomgraffiti,fra,plateau bazar de luxe,3.2,1,5,fresh
2026-10-05,bathroomgraffiti,fra,plateau bazar de luxe,3,0,1,fresh
2025-06-12,bathroomgraffiti,fra,plateau berbere,5,0,9,final
2025-06-13,bathroomgraffiti,fra,plateau berbere,4.4,0,12,final
2025-06-14,bathroomgraffiti,fra,plateau berbere,4.8,0,8,final
2025-06-15,bathroomgraffiti,fra,plateau berbere,5.9,0,8,final
2025-06-16,bathroomgraffiti,fra,plateau berbere,5.2,1,8,final
2025-06-17,bathroomgraffiti,fra,plateau berbere,6.1,1,11,final
2025-06-18,bathroomgraffiti,fra,plateau berbere,4.9,2,11,final
2025-06-19,bathroomgraffiti,fra,plateau berbere,4.1,0,13,final
2025-06-20,bathroomgraffiti,fra,plateau berbere,5.1,0,7,final
2025-06-21,bathroomgraffiti,fra,plateau berbere,5.8,0,5,final
2025-06-22,bathroomgraffiti,fra,plateau berbere,4.7,0,9,final
2025-06-23,bathroomgraffiti,fra,plateau berbere,5.7,1,16,final
2025-06-24,bathroomgraffiti,fra,plateau berbere,4.9,1,13,final
2025-06-25,bathroomgraffiti,fra,plateau berbere,5.2,0,12,final
2025-06-26,bathroomgraffiti,fra,plateau berbere,5.2,0,12,final
2025-06-27,bathroomgraffiti,fra,plateau berbere,5,1,12,final
2025-06-28,bathroomgraffiti,fra,plateau berbere,4.9,1,21,final
2025-06-29,bathroomgraffiti,fra,plateau berbere,5,1,9,final
2025-06-30,bathroomgraffiti,fra,plateau berbere,5.4,3,17,final
2025-07-01,bathroomgraffiti,fra,plateau berbere,5.8,1,14,final
2025-07-02,bathroomgraffiti,fra,plateau berbere,5.7,0,13,final
2025-07-03,bathroomgraffiti,fra,plateau berbere,7.1,1,14,final
2025-07-04,bathroomgraffiti,fra,plateau berbere,5.4,1,9,final
2025-07-05,bathroomgraffiti,fra,plateau berbere,4.9,1,14,final
2025-07-06,bathroomgraffiti,fra,plateau berbere,5.9,0,17,final
2025-07-07,bathroomgraffiti,fra,plateau berbere,6.1,2,16,final
2025-07-08,bathroomgraffiti,fra,plateau berbere,6,1,9,final
2025-07-09,bathroomgraffiti,fra,plateau berbere,5.2,0,13,final
2025-07-10,bathroomgraffiti,fra,plateau berbere,6.7,1,10,final
2025-07-11,bathroomgraffiti,fra,plateau berbere,5.3,2,9,final
2025-07-12,bathroomgraffiti,fra,plateau berbere,5.3,1,12,final
2025-07-13,bathroomgraffiti,fra,plateau berbere,5.9,1,14,final
2025-07-14,bathroomgraffiti,fra,plateau berbere,5.7,4,23,final
2025-07-15,bathroomgraffiti,fra,plateau berbere,5.7,0,15,final
2025-07-16,bathroomgraffiti,fra,plateau berbere,6.6,2,13,final
2025-07-17,bathroomgraffiti,fra,plateau berbere,7.2,0,8,final
2025-07-18,bathroomgraffiti,fra,plateau berbere,7.1,0,7,final
2025-07-19,bathroomgraffiti,fra,plateau berbere,8.3,0,18,final
2025-07-20,bathroomgraffiti,fra,plateau berbere,6.7,0,17,final
2025-07-21,bathroomgraffiti,fra,plateau berbere,7.6,0,11,final
2025-07-22,bathroomgraffiti,fra,plateau berbere,7.1,0,18,final
2025-07-23,bathroomgraffiti,fra,plateau berbere,7.7,0,7,final
2025-07-24,bathroomgraffiti,fra,plateau berbere,6.7,0,14,final
2025-07-25,bathroomgraffiti,fra,plateau berbere,9.1,0,8,final
2025-07-26,bathroomgraffiti,fra,plateau berbere,9.9,0,12,final
2025-07-27,bathroomgraffiti,fra,plateau berbere,8.7,0,20,final
2025-07-28,bathroomgraffiti,fra,plateau berbere,10.6,0,7,final
2025-07-29,bathroomgraffiti,fra,plateau berbere,10,1,13,final
2025-07-30,bathroomgraffiti,fra,plateau berbere,11.4,0,9,final
2025-07-31,bathroomgraffiti,fra,plateau berbere,7.4,2,8,final
2025-08-01,bathroomgraffiti,fra,plateau berbere,11.3,0,15,final
2025-08-02,bathroomgraffiti,fra,plateau berbere,11.2,0,11,final
2025-08-03,bathroomgraffiti,fra,plateau berbere,9.5,0,17,final
2025-08-04,bathroomgraffiti,fra,plateau berbere,12,0,4,final
2025-08-05,bathroomgraffiti,fra,plateau berbere,8.3,0,11,final
2025-08-06,bathroomgraffiti,fra,plateau berbere,8.5,1,8,final
2025-08-07,bathroomgraffiti,fra,plateau berbere,8.8,0,9,final
2025-08-08,bathroomgraffiti,fra,plateau berbere,9,0,9,final
2025-08-09,bathroomgraffiti,fra,plateau berbere,9.4,1,8,final
2025-08-10,bathroomgraffiti,fra,plateau berbere,8.9,0,8,final
2025-08-11,bathroomgraffiti,fra,plateau berbere,10.2,1,8,final
2025-08-12,bathroomgraffiti,fra,plateau berbere,8.3,0,13,final
2025-08-13,bathroomgraffiti,fra,plateau berbere,9.4,0,13,final
2025-08-14,bathroomgraffiti,fra,plateau berbere,8.8,0,10,final
2025-08-15,bathroomgraffiti,fra,plateau berbere,8,0,10,final
2025-08-16,bathroomgraffiti,fra,plateau berbere,9.1,0,15,final
2025-08-17,bathroomgraffiti,fra,plateau berbere,8.6,0,11,final
2025-08-18,bathroomgraffiti,fra,plateau berbere,8,0,3,final
2025-08-19,bathroomgraffiti,fra,plateau berbere,7.6,0,10,final
2025-08-20,bathroomgraffiti,fra,plateau berbere,8.8,0,14,final
2025-08-21,bathroomgraffiti,fra,plateau berbere,7,1,10,final
2025-08-22,bathroomgraffiti,fra,plateau berbere,8.9,0,9,final
2025-08-23,bathroomgraffiti,fra,plateau berbere,10,0,2,final
2025-08-24,bathroomgraffiti,fra,plateau berbere,9.5,0,12,final
2025-08-25,bathroomgraffiti,fra,plateau berbere,13.7,1,6,final
2025-08-26,bathroomgraffiti,fra,plateau berbere,7.8,0,6,final
2025-08-27,bathroomgraffiti,fra,plateau berbere,6.3,0,6,final
2025-08-28,bathroomgraffiti,fra,plateau berbere,8.9,0,7,final
2025-08-29,bathroomgraffiti,fra,plateau berbere,8.2,0,6,final
2025-08-30,bathroomgraffiti,fra,plateau berbere,7.5,1,11,final
2025-08-31,bathroomgraffiti,fra,plateau berbere,7.9,0,10,final
2025-09-01,bathroomgraffiti,fra,plateau berbere,6.6,0,5,final
2025-09-02,bathroomgraffiti,fra,plateau berbere,6.7,0,6,final
2025-09-03,bathroomgraffiti,fra,plateau berbere,6.7,0,7,final
2025-09-04,bathroomgraffiti,fra,plateau berbere,6,0,1,final
2025-09-05,bathroomgraffiti,fra,plateau berbere,6,0,1,final
2025-09-06,bathroomgraffiti,fra,plateau berbere,6.3,0,7,final
2025-09-07,bathroomgraffiti,fra,plateau berbere,7.3,1,12,final
2025-09-08,bathroomgraffiti,fra,plateau berbere,6.2,0,4,final
2025-09-09,bathroomgraffiti,fra,plateau berbere,6,0,2,final
2025-09-10,bathroomgraffiti,fra,plateau berbere,3.3,0,7,final
2025-09-11,bathroomgraffiti,fra,plateau berbere,6,0,4,final
2025-09-12,bathroomgraffiti,fra,plateau berbere,5.9,0,7,final
2025-09-13,bathroomgraffiti,fra,plateau berbere,5.8,1,12,final
2025-09-14,bathroomgraffiti,fra,plateau berbere,4.7,1,6,final
2025-09-15,bathroomgraffiti,fra,plateau berbere,7.3,0,6,final
2025-09-16,bathroomgraffiti,fra,plateau berbere,5.7,0,3,final
2025-09-17,bathroomgraffiti,fra,plateau berbere,5,0,4,final
2025-09-18,bathroomgraffiti,fra,plateau berbere,9.4,0,10,final
2025-09-19,bathroomgraffiti,fra,plateau berbere,9.5,0,2,final
2025-09-20,bathroomgraffiti,fra,plateau berbere,9.4,0,9,final
2025-09-21,bathroomgraffiti,fra,plateau berbere,6.5,0,11,final
2025-09-22,bathroomgraffiti,fra,plateau berbere,6.4,1,8,final
2025-09-23,bathroomgraffiti,fra,plateau berbere,5,0,10,final
2025-09-24,bathroomgraffiti,fra,plateau berbere,5.5,0,6,final
2025-09-25,bathroomgraffiti,fra,plateau berbere,7.7,0,9,final
2025-09-26,bathroomgraffiti,fra,plateau berbere,9,0,2,final
2025-09-27,bathroomgraffiti,fra,plateau berbere,8,0,1,final
2025-09-28,bathroomgraffiti,fra,plateau berbere,9,0,3,final
2025-09-29,bathroomgraffiti,fra,plateau berbere,6,0,6,final
2025-09-30,bathroomgraffiti,fra,plateau berbere,3.8,1,5,final
2025-10-01,bathroomgraffiti,fra,plateau berbere,9.3,0,3,final
2025-10-02,bathroomgraffiti,fra,plateau berbere,15,0,6,final
2025-10-03,bathroomgraffiti,fra,plateau berbere,8.4,0,7,final
2025-10-04,bathroomgraffiti,fra,plateau berbere,4,1,2,final
2025-10-05,bathroomgraffiti,fra,plateau berbere,5.8,0,5,final
2025-10-06,bathroomgraffiti,fra,plateau berbere,5.9,0,8,final
2025-10-07,bathroomgraffiti,fra,plateau berbere,5.1,0,9,final
2025-10-08,bathroomgraffiti,fra,plateau berbere,4.4,0,5,final
2025-10-09,bathroomgraffiti,fra,plateau berbere,4.6,1,9,final
2025-10-10,bathroomgraffiti,fra,plateau berbere,5.3,1,12,final
2025-10-11,bathroomgraffiti,fra,plateau berbere,5.4,0,9,final
2025-10-12,bathroomgraffiti,fra,plateau berbere,4.4,0,8,final
2025-10-13,bathroomgraffiti,fra,plateau berbere,5.4,0,5,final
2025-10-14,bathroomgraffiti,fra,plateau berbere,5.4,0,9,final
2025-10-15,bathroomgraffiti,fra,plateau berbere,4.7,0,7,final
2025-10-16,bathroomgraffiti,fra,plateau berbere,6,1,6,final
2025-10-17,bathroomgraffiti,fra,plateau berbere,5.4,0,8,final
2025-10-18,bathroomgraffiti,fra,plateau berbere,5.1,0,8,final
2025-10-19,bathroomgraffiti,fra,plateau berbere,4.3,1,3,final
2025-10-20,bathroomgraffiti,fra,plateau berbere,5.3,0,3,final
2025-10-21,bathroomgraffiti,fra,plateau berbere,4.1,1,15,final
2025-10-22,bathroomgraffiti,fra,plateau berbere,5,0,10,final
2025-10-23,bathroomgraffiti,fra,plateau berbere,5.2,0,4,final
2025-10-24,bathroomgraffiti,fra,plateau berbere,4.9,0,11,final
2025-10-25,bathroomgraffiti,fra,plateau berbere,4.8,0,4,final
2025-10-26,bathroomgraffiti,fra,plateau berbere,4.2,0,4,final
2025-10-27,bathroomgraffiti,fra,plateau berbere,4.3,0,3,final
2025-10-28,bathroomgraffiti,fra,plateau berbere,5.2,0,5,final
2025-10-29,bathroomgraffiti,fra,plateau berbere,5.3,0,7,final
2025-10-30,bathroomgraffiti,fra,plateau berbere,5.6,0,8,final
2025-10-31,bathroomgraffiti,fra,plateau berbere,8.2,0,6,final
2025-11-01,bathroomgraffiti,fra,plateau berbere,6.8,0,12,final
2025-11-02,bathroomgraffiti,fra,plateau berbere,6.6,0,5,final
2025-11-03,bathroomgraffiti,fra,plateau berbere,5.7,0,7,final
2025-11-04,bathroomgraffiti,fra,plateau berbere,6.4,1,5,final
2025-11-05,bathroomgraffiti,fra,plateau berbere,5,0,14,final
2025-11-06,bathroomgraffiti,fra,plateau berbere,8.1,2,7,final
2025-11-07,bathroomgraffiti,fra,plateau berbere,4.5,0,10,final
2025-11-08,bathroomgraffiti,fra,plateau berbere,5.5,1,13,final
2025-11-09,bathroomgraffiti,fra,plateau berbere,5.1,0,10,final
2025-11-10,bathroomgraffiti,fra,plateau berbere,5,0,2,final
2025-11-11,bathroomgraffiti,fra,plateau berbere,5.1,0,11,final
2025-11-12,bathroomgraffiti,fra,plateau berbere,5.3,3,9,final
2025-11-13,bathroomgraffiti,fra,plateau berbere,4.2,1,6,final
2025-11-14,bathroomgraffiti,fra,plateau berbere,5.7,2,10,final
2025-11-15,bathroomgraffiti,fra,plateau berbere,5.6,1,7,final
2025-11-16,bathroomgraffiti,fra,plateau berbere,4.2,0,19,final
2025-11-17,bathroomgraffiti,fra,plateau berbere,5.4,1,9,final
2025-11-18,bathroomgraffiti,fra,plateau berbere,5.3,0,9,final
2025-11-19,bathroomgraffiti,fra,plateau berbere,4.8,2,15,final
2025-11-20,bathroomgraffiti,fra,plateau berbere,5,0,17,final
2025-11-21,bathroomgraffiti,fra,plateau berbere,4.9,0,11,final
2025-11-22,bathroomgraffiti,fra,plateau berbere,4.2,0,11,final
2025-11-23,bathroomgraffiti,fra,plateau berbere,4.0,2,26,final
2025-11-24,bathroomgraffiti,fra,plateau berbere,2.6,1,14,final
2025-11-25,bathroomgraffiti,fra,plateau berbere,4.0,0,20,final
2025-11-26,bathroomgraffiti,fra,plateau berbere,4.6,1,8,final
2025-11-27,bathroomgraffiti,fra,plateau berbere,4.6,1,22,final
2025-11-28,bathroomgraffiti,fra,plateau berbere,4.8,1,16,final
2025-11-29,bathroomgraffiti,fra,plateau berbere,4.4,1,23,final
2025-11-30,bathroomgraffiti,fra,plateau berbere,4.7,0,29,final
2025-12-01,bathroomgraffiti,fra,plateau berbere,5.5,1,21,final
2025-12-02,bathroomgraffiti,fra,plateau berbere,5.3,2,15,final
2025-12-03,bathroomgraffiti,fra,plateau berbere,4.5,2,30,final
2025-12-04,bathroomgraffiti,fra,plateau berbere,5.8,1,12,final
2025-12-05,bathroomgraffiti,fra,plateau berbere,5.2,1,14,final
2025-12-06,bathroomgraffiti,fra,plateau berbere,5.5,1,25,final
2025-12-07,bathroomgraffiti,fra,plateau berbere,5.9,0,30,final
2025-12-08,bathroomgraffiti,fra,plateau berbere,5.2,0,18,final
2025-12-09,bathroomgraffiti,fra,plateau berbere,4.3,2,27,final
2025-12-10,bathroomgraffiti,fra,plateau berbere,4.8,2,24,final
2025-12-11,bathroomgraffiti,fra,plateau berbere,4.5,0,11,final
2025-12-12,bathroomgraffiti,fra,plateau berbere,3.8,4,19,final
2025-12-13,bathroomgraffiti,fra,plateau berbere,4.4,2,31,final
2025-12-14,bathroomgraffiti,fra,plateau berbere,4.4,2,37,final
2025-12-15,bathroomgraffiti,fra,plateau berbere,7.5,1,24,final
2025-12-16,bathroomgraffiti,fra,plateau berbere,5.0,0,21,final
2025-12-17,bathroomgraffiti,fra,plateau berbere,4.6,1,17,final
2025-12-18,bathroomgraffiti,fra,plateau berbere,4.6,0,10,final
2025-12-19,bathroomgraffiti,fra,plateau berbere,4.4,0,19,final
2025-12-20,bathroomgraffiti,fra,plateau berbere,5,0,15,final
2025-12-21,bathroomgraffiti,fra,plateau berbere,4.8,1,17,final
2025-12-22,bathroomgraffiti,fra,plateau berbere,4.6,0,14,final
2025-12-23,bathroomgraffiti,fra,plateau berbere,4.9,1,15,final
2025-12-24,bathroomgraffiti,fra,plateau berbere,5,0,8,final
2025-12-25,bathroomgraffiti,fra,plateau berbere,4.7,0,19,final
2025-12-26,bathroomgraffiti,fra,plateau berbere,4.9,0,17,final
2025-12-27,bathroomgraffiti,fra,plateau berbere,3.8,1,4,final
2025-12-28,bathroomgraffiti,fra,plateau berbere,4.7,1,12,final
2025-12-29,bathroomgraffiti,fra,plateau berbere,20.8,0,12,final
2025-12-30,bathroomgraffiti,fra,plateau berbere,4.1,0,12,final
2025-12-31,bathroomgraffiti,fra,plateau berbere,4.7,0,9,final
2026-01-01,bathroomgraffiti,fra,plateau berbere,5.4,1,11,final
2026-01-02,bathroomgraffiti,fra,plateau berbere,4.7,0,3,final
2026-01-03,bathroomgraffiti,fra,plateau berbere,4.8,0,20,final
2026-01-04,bathroomgraffiti,fra,plateau berbere,4.8,1,25,final
2026-01-05,bathroomgraffiti,fra,plateau berbere,4.8,0,63,final
2026-01-06,bathroomgraffiti,fra,plateau berbere,5.3,0,25,final
2026-01-07,bathroomgraffiti,fra,plateau berbere,4.3,1,9,final
2026-01-08,bathroomgraffiti,fra,plateau berbere,4.1,0,8,final
2026-01-09,bathroomgraffiti,fra,plateau berbere,5.2,0,9,final
2026-01-10,bathroomgraffiti,fra,plateau berbere,4.3,2,11,final
2026-01-11,bathroomgraffiti,fra,plateau berbere,4.4,0,11,final
2026-01-12,bathroomgraffiti,fra,plateau berbere,4,0,1,final
2026-01-13,bathroomgraffiti,fra,plateau berbere,4.9,0,9,final
2026-01-14,bathroomgraffiti,fra,plateau berbere,5,0,5,final
2026-01-15,bathroomgraffiti,fra,plateau berbere,4.5,0,6,final
2026-01-16,bathroomgraffiti,fra,plateau berbere,4.3,0,7,final
2026-01-17,bathroomgraffiti,fra,plateau berbere,4.4,0,8,final
2026-01-18,bathroomgraffiti,fra,plateau berbere,5.2,0,12,final
2026-01-19,bathroomgraffiti,fra,plateau berbere,4.8,0,5,final
2026-01-20,bathroomgraffiti,fra,plateau berbere,4.8,0,5,final
2026-01-21,bathroomgraffiti,fra,plateau berbere,4.6,0,8,final
2026-01-22,bathroomgraffiti,fra,plateau berbere,4.8,0,12,final
2026-01-23,bathroomgraffiti,fra,plateau berbere,5.1,0,7,final
2026-01-24,bathroomgraffiti,fra,plateau berbere,5.4,1,9,final
2026-01-25,bathroomgraffiti,fra,plateau berbere,5,1,7,final
2026-01-26,bathroomgraffiti,fra,plateau berbere,5.7,1,10,final
2026-01-27,bathroomgraffiti,fra,plateau berbere,6.5,0,11,final
2026-01-28,bathroomgraffiti,fra,plateau berbere,4.8,0,4,final
2026-01-29,bathroomgraffiti,fra,plateau berbere,4.1,1,7,final
2026-01-30,bathroomgraffiti,fra,plateau berbere,6.2,0,9,final
2026-01-31,bathroomgraffiti,fra,plateau berbere,4.8,0,5,final
2026-02-01,bathroomgraffiti,fra,plateau berbere,4.6,0,10,final
2026-02-02,bathroomgraffiti,fra,plateau berbere,4.6,1,10,final
2026-02-03,bathroomgraffiti,fra,plateau berbere,5,0,2,final
2026-02-04,bathroomgraffiti,fra,plateau berbere,3.8,1,6,final
2026-02-05,bathroomgraffiti,fra,plateau berbere,4.3,0,3,final
2026-02-06,bathroomgraffiti,fra,plateau berbere,4.4,0,5,final
2026-02-07,bathroomgraffiti,fra,plateau berbere,4.8,1,16,final
2026-02-08,bathroomgraffiti,fra,plateau berbere,4.2,1,8,final
2026-02-09,bathroomgraffiti,fra,plateau berbere,4,0,3,final
2026-02-10,bathroomgraffiti,fra,plateau berbere,3.4,0,7,final
2026-02-11,bathroomgraffiti,fra,plateau berbere,3.5,0,4,final
2026-02-12,bathroomgraffiti,fra,plateau berbere,4,0,8,final
2026-02-13,bathroomgraffiti,fra,plateau berbere,4.4,0,5,final
2026-02-14,bathroomgraffiti,fra,plateau berbere,3.7,0,10,final
2026-02-15,bathroomgraffiti,fra,plateau berbere,4.3,0,12,final
2026-02-16,bathroomgraffiti,fra,plateau berbere,3.4,0,5,final
2026-02-17,bathroomgraffiti,fra,plateau berbere,5.1,0,18,final
2026-02-18,bathroomgraffiti,fra,plateau berbere,4,1,8,final
2026-02-19,bathroomgraffiti,fra,plateau berbere,4.4,0,7,final
2026-02-20,bathroomgraffiti,fra,plateau berbere,3.3,0,6,final
2026-02-21,bathroomgraffiti,fra,plateau berbere,5.8,0,5,final
2026-02-22,bathroomgraffiti,fra,plateau berbere,4.8,0,5,final
2026-02-23,bathroomgraffiti,fra,plateau berbere,4.8,0,8,final
2026-02-24,bathroomgraffiti,fra,plateau berbere,4.6,0,7,final
2026-02-25,bathroomgraffiti,fra,plateau berbere,3.7,0,3,final
2026-02-26,bathroomgraffiti,fra,plateau berbere,3.3,0,13,final
2026-02-27,bathroomgraffiti,fra,plateau berbere,3.5,0,4,final
2026-02-28,bathroomgraffiti,fra,plateau berbere,4.2,0,10,final
2026-03-01,bathroomgraffiti,fra,plateau berbere,3.9,0,9,final
2026-03-02,bathroomgraffiti,fra,plateau berbere,4,1,11,final
2026-03-03,bathroomgraffiti,fra,plateau berbere,4.2,0,6,final
2026-03-04,bathroomgraffiti,fra,plateau berbere,4,1,7,final
2026-03-05,bathroomgraffiti,fra,plateau berbere,5.8,0,11,final
2026-03-06,bathroomgraffiti,fra,plateau berbere,5.2,0,5,final
2026-03-07,bathroomgraffiti,fra,plateau berbere,4.6,1,7,final
2026-03-08,bathroomgraffiti,fra,plateau berbere,11,0,6,final
2026-03-09,bathroomgraffiti,fra,plateau berbere,9,0,1,final
2026-03-10,bathroomgraffiti,fra,plateau berbere,5.3,0,3,final
2026-03-11,bathroomgraffiti,fra,plateau berbere,5.1,0,8,final
2026-03-12,bathroomgraffiti,fra,plateau berbere,5,0,3,final
2026-03-14,bathroomgraffiti,fra,plateau berbere,10.7,0,3,final
2026-03-15,bathroomgraffiti,fra,plateau berbere,1,0,1,final
2026-03-16,bathroomgraffiti,fra,plateau berbere,8,0,1,final
2026-03-17,bathroomgraffiti,fra,plateau berbere,5.4,0,7,final
2026-03-18,bathroomgraffiti,fra,plateau berbere,2,1,8,final
2026-03-19,bathroomgraffiti,fra,plateau berbere,4.1,0,8,final
2026-03-20,bathroomgraffiti,fra,plateau berbere,4.2,0,4,final
2026-03-21,bathroomgraffiti,fra,plateau berbere,26.4,1,18,final
2026-03-22,bathroomgraffiti,fra,plateau berbere,3.6,1,8,final
2026-03-23,bathroomgraffiti,fra,plateau berbere,5.9,1,8,final
2026-03-24,bathroomgraffiti,fra,plateau berbere,3.8,0,10,final
2026-03-25,bathroomgraffiti,fra,plateau berbere,4.8,1,8,final
2026-03-26,bathroomgraffiti,fra,plateau berbere,3.6,1,7,final
2026-03-27,bathroomgraffiti,fra,plateau berbere,3.9,0,8,final
2026-03-28,bathroomgraffiti,fra,plateau berbere,4.6,0,13,final
2026-03-29,bathroomgraffiti,fra,plateau berbere,5.3,1,14,final
2026-03-30,bathroomgraffiti,fra,plateau berbere,4.7,1,11,final
2026-03-31,bathroomgraffiti,fra,plateau berbere,4.5,1,6,final
2026-04-01,bathroomgraffiti,fra,plateau berbere,4,0,3,final
2026-04-02,bathroomgraffiti,fra,plateau berbere,2.5,1,4,final
2026-04-03,bathroomgraffiti,fra,plateau berbere,4.7,0,6,final
2026-04-04,bathroomgraffiti,fra,plateau berbere,4.1,0,9,final
2026-04-05,bathroomgraffiti,fra,plateau berbere,3.4,0,7,final
2026-04-06,bathroomgraffiti,fra,plateau berbere,4.6,0,10,final
2026-04-07,bathroomgraffiti,fra,plateau berbere,2.3,2,9,final
2026-04-08,bathroomgraffiti,fra,plateau berbere,3.6,1,13,final
2026-04-09,bathroomgraffiti,fra,plateau berbere,4.6,0,10,final
2026-04-10,bathroomgraffiti,fra,plateau berbere,3.2,0,4,final
2026-04-11,bathroomgraffiti,fra,plateau berbere,3.5,1,8,final
2026-04-12,bathroomgraffiti,fra,plateau berbere,3,1,11,final
2026-04-13,bathroomgraffiti,fra,plateau berbere,2,0,4,final
2026-04-14,bathroomgraffiti,fra,plateau berbere,2.8,0,12,final
2026-04-15,bathroomgraffiti,fra,plateau berbere,2.8,0,11,final
2026-04-16,bathroomgraffiti,fra,plateau berbere,3,0,16,final
2026-04-17,bathroomgraffiti,fra,plateau berbere,3.4,0,5,final
2026-04-18,bathroomgraffiti,fra,plateau berbere,2.9,0,11,final
2026-04-19,bathroomgraffiti,fra,plateau berbere,3.3,0,6,final
2026-04-20,bathroomgraffiti,fra,plateau berbere,2.3,1,10,final
2026-04-21,bathroomgraffiti,fra,plateau berbere,2.4,1,8,final
2026-04-22,bathroomgraffiti,fra,plateau berbere,2.2,0,6,final
2026-04-23,bathroomgraffiti,fra,plateau berbere,4,0,10,final
2026-04-24,bathroomgraffiti,fra,plateau berbere,3.4,0,11,final
2026-04-25,bathroomgraffiti,fra,plateau berbere,4,1,16,final
2026-04-26,bathroomgraffiti,fra,plateau berbere,3.6,0,14,final
2026-04-27,bathroomgraffiti,fra,plateau berbere,4,0,2,final
2026-04-28,bathroomgraffiti,fra,plateau berbere,4.8,0,5,final
2026-04-29,bathroomgraffiti,fra,plateau berbere,7,0,3,final
2026-04-30,bathroomgraffiti,fra,plateau berbere,3.7,0,7,final
2026-05-01,bathroomgraffiti,fra,plateau berbere,5.2,1,13,final
2026-05-02,bathroomgraffiti,fra,plateau berbere,5.9,0,10,final
2026-05-03,bathroomgraffiti,fra,plateau berbere,5.3,1,7,final
2026-05-04,bathroomgraffiti,fra,plateau berbere,4.4,0,14,final
2026-05-05,bathroomgraffiti,fra,plateau berbere,4.4,0,10,final
2026-05-06,bathroomgraffiti,fra,plateau berbere,2.8,0,11,final
2026-05-07,bathroomgraffiti,fra,plateau berbere,4,0,3,final
2026-05-08,bathroomgraffiti,fra,plateau berbere,5.2,0,6,final
2026-05-09,bathroomgraffiti,fra,plateau berbere,3.4,0,10,final
2026-05-10,bathroomgraffiti,fra,plateau berbere,3.7,0,10,final
2026-05-11,bathroomgraffiti,fra,plateau berbere,3.1,0,7,final
2026-05-12,bathroomgraffiti,fra,plateau berbere,2.7,0,10,final
2026-05-13,bathroomgraffiti,fra,plateau berbere,4.8,0,5,final
2026-05-14,bathroomgraffiti,fra,plateau berbere,4.7,1,7,final
2026-05-15,bathroomgraffiti,fra,plateau berbere,4.7,0,15,final
2026-05-16,bathroomgraffiti,fra,plateau berbere,4.3,2,15,final
2026-05-17,bathroomgraffiti,fra,plateau berbere,4.1,1,10,final
2026-05-18,bathroomgraffiti,fra,plateau berbere,3.7,1,9,final
2026-05-19,bathroomgraffiti,fra,plateau berbere,3.9,0,8,final
2026-05-20,bathroomgraffiti,fra,plateau berbere,2.8,0,12,final
2026-05-21,bathroomgraffiti,fra,plateau berbere,3.6,0,11,final
2026-05-22,bathroomgraffiti,fra,plateau berbere,5.1,0,8,final
2026-05-23,bathroomgraffiti,fra,plateau berbere,4.1,2,10,final
2026-05-24,bathroomgraffiti,fra,plateau berbere,3,1,9,final
2026-05-25,bathroomgraffiti,fra,plateau berbere,4.2,1,13,final
2026-05-26,bathroomgraffiti,fra,plateau berbere,3.4,1,13,final
2026-05-27,bathroomgraffiti,fra,plateau berbere,3.9,0,8,final
2026-05-28,bathroomgraffiti,fra,plateau berbere,3.7,2,12,final
2026-05-29,bathroomgraffiti,fra,plateau berbere,3.2,2,8,final
2026-05-30,bathroomgraffiti,fra,plateau berbere,3.9,0,14,final
2026-05-31,bathroomgraffiti,fra,plateau berbere,5.2,0,22,final
2026-06-01,bathroomgraffiti,fra,plateau berbere,3.9,0,15,final
2026-06-02,bathroomgraffiti,fra,plateau berbere,3.3,0,11,final
2026-06-03,bathroomgraffiti,fra,plateau berbere,8.8,0,4,final
2026-06-04,bathroomgraffiti,fra,plateau berbere,6.2,0,12,final
2026-06-05,bathroomgraffiti,fra,plateau berbere,4.2,1,10,final
2026-06-06,bathroomgraffiti,fra,plateau berbere,5.9,1,17,final
2026-06-07,bathroomgraffiti,fra,plateau berbere,4.8,0,13,final
2026-06-08,bathroomgraffiti,fra,plateau berbere,4.2,2,11,final
2026-06-09,bathroomgraffiti,fra,plateau berbere,5.5,1,10,final
2026-06-10,bathroomgraffiti,fra,plateau berbere,7.9,0,9,final
2026-06-11,bathroomgraffiti,fra,plateau berbere,6.4,0,5,final
2026-06-12,bathroomgraffiti,fra,plateau berbere,4.5,0,4,final
2026-06-13,bathroomgraffiti,fra,plateau berbere,6.5,0,11,final
2026-06-14,bathroomgraffiti,fra,plateau berbere,5.1,0,7,final
2026-06-15,bathroomgraffiti,fra,plateau berbere,3.8,0,10,final
2026-06-16,bathroomgraffiti,fra,plateau berbere,5.4,1,13,final
2026-06-17,bathroomgraffiti,fra,plateau berbere,4.8,1,8,final
2026-06-18,bathroomgraffiti,fra,plateau berbere,5.4,1,20,final
2026-06-19,bathroomgraffiti,fra,plateau berbere,6.3,0,14,final
2026-06-20,bathroomgraffiti,fra,plateau berbere,7.8,0,5,final
2026-06-21,bathroomgraffiti,fra,plateau berbere,5,0,14,final
2026-06-22,bathroomgraffiti,fra,plateau berbere,5.4,2,23,final
2026-06-23,bathroomgraffiti,fra,plateau berbere,8.5,0,16,final
2026-06-24,bathroomgraffiti,fra,plateau berbere,4.8,1,19,final
2026-06-25,bathroomgraffiti,fra,plateau berbere,5.2,0,8,final
2026-06-26,bathroomgraffiti,fra,plateau berbere,4.9,0,11,final
2026-06-27,bathroomgraffiti,fra,plateau berbere,6.3,0,18,final
2026-06-28,bathroomgraffiti,fra,plateau berbere,4.3,0,12,final
2026-06-29,bathroomgraffiti,fra,plateau berbere,4.3,1,15,final
2026-06-30,bathroomgraffiti,fra,plateau berbere,4.5,2,15,final
2026-07-01,bathroomgraffiti,fra,plateau berbere,4,1,19,final
2026-07-02,bathroomgraffiti,fra,plateau berbere,3.6,1,11,final
2026-07-03,bathroomgraffiti,fra,plateau berbere,4.1,0,8,final
2026-07-04,bathroomgraffiti,fra,plateau berbere,2.9,2,20,final
2026-07-05,bathroomgraffiti,fra,plateau berbere,3.7,0,14,final
2026-07-06,bathroomgraffiti,fra,plateau berbere,3.8,0,4,final
2026-07-07,bathroomgraffiti,fra,plateau berbere,3.8,0,6,final
2026-07-08,bathroomgraffiti,fra,plateau berbere,5.3,0,13,final
2026-07-09,bathroomgraffiti,fra,plateau berbere,4.8,1,14,final
2026-07-10,bathroomgraffiti,fra,plateau berbere,5,1,9,final
2026-07-11,bathroomgraffiti,fra,plateau berbere,4.9,0,11,final
2026-07-12,bathroomgraffiti,fra,plateau berbere,7.7,1,7,final
2026-07-13,bathroomgraffiti,fra,plateau berbere,3.9,0,9,final
2026-07-14,bathroomgraffiti,fra,plateau berbere,3.9,1,11,final
2026-07-15,bathroomgraffiti,fra,plateau berbere,4.2,0,5,final
2026-07-16,bathroomgraffiti,fra,plateau berbere,2,0,6,final
2026-07-17,bathroomgraffiti,fra,plateau berbere,3.9,1,9,final
2026-07-18,bathroomgraffiti,fra,plateau berbere,5.1,1,13,final
2026-07-19,bathroomgraffiti,fra,plateau berbere,4.7,1,15,final
2026-07-20,bathroomgraffiti,fra,plateau berbere,5.9,0,7,final
2026-07-21,bathroomgraffiti,fra,plateau berbere,3.7,0,11,final
2026-07-22,bathroomgraffiti,fra,plateau berbere,3.7,1,9,final
2026-07-23,bathroomgraffiti,fra,plateau berbere,3,0,6,final
2026-07-24,bathroomgraffiti,fra,plateau berbere,2.3,0,10,final
2026-07-25,bathroomgraffiti,fra,plateau berbere,2.6,2,14,final
2026-07-26,bathroomgraffiti,fra,plateau berbere,3.6,1,8,final
2026-07-27,bathroomgraffiti,fra,plateau berbere,3.8,0,10,final
2026-07-28,bathroomgraffiti,fra,plateau berbere,4.4,0,7,final
2026-07-29,bathroomgraffiti,fra,plateau berbere,2.7,1,10,final
2026-07-30,bathroomgraffiti,fra,plateau berbere,5.9,0,10,final
2026-07-31,bathroomgraffiti,fra,plateau berbere,7.8,1,15,final
2026-08-01,bathroomgraffiti,fra,plateau berbere,4.5,0,4,final
2026-08-02,bathroomgraffiti,fra,plateau berbere,5.3,0,9,final
2026-08-03,bathroomgraffiti,fra,plateau berbere,6.2,1,6,final
2026-08-04,bathroomgraffiti,fra,plateau berbere,4.8,0,8,final
2026-08-05,bathroomgraffiti,fra,plateau berbere,5.2,1,4,final
2026-08-06,bathroomgraffiti,fra,plateau berbere,4,1,11,final
2026-08-07,bathroomgraffiti,fra,plateau berbere,5.8,1,12,final
2026-08-08,bathroomgraffiti,fra,plateau berbere,7.7,0,11,final
2026-08-09,bathroomgraffiti,fra,plateau berbere,6.8,1,12,final
2026-08-10,bathroomgraffiti,fra,plateau berbere,5,0,1,final
2026-08-11,bathroomgraffiti,fra,plateau berbere,8.4,1,5,final
2026-08-12,bathroomgraffiti,fra,plateau berbere,8.1,0,7,final
2026-08-13,bathroomgraffiti,fra,plateau berbere,8,0,9,final
2026-08-14,bathroomgraffiti,fra,plateau berbere,6.7,0,7,final
2026-08-15,bathroomgraffiti,fra,plateau berbere,6.8,1,9,final
2026-08-16,bathroomgraffiti,fra,plateau berbere,8.1,0,10,final
2026-08-17,bathroomgraffiti,fra,plateau berbere,8.2,0,6,final
2026-08-18,bathroomgraffiti,fra,plateau berbere,6.9,1,16,final
2026-08-19,bathroomgraffiti,fra,plateau berbere,6.2,0,16,final
2026-08-20,bathroomgraffiti,fra,plateau berbere,5.8,0,10,final
2026-08-21,bathroomgraffiti,fra,plateau berbere,5,0,11,final
2026-08-22,bathroomgraffiti,fra,plateau berbere,5.6,0,26,final
2026-08-23,bathroomgraffiti,fra,plateau berbere,5.2,2,40,final
2026-08-24,bathroomgraffiti,fra,plateau berbere,5.0,0,25,final
2026-08-25,bathroomgraffiti,fra,plateau berbere,6,0,9,final
2026-08-26,bathroomgraffiti,fra,plateau berbere,3.7,1,11,final
2026-08-27,bathroomgraffiti,fra,plateau berbere,6.3,0,12,final
2026-08-28,bathroomgraffiti,fra,plateau berbere,5,0,15,final
2026-08-29,bathroomgraffiti,fra,plateau berbere,6,1,17,final
2026-08-30,bathroomgraffiti,fra,plateau berbere,6,0,10,final
2026-08-31,bathroomgraffiti,fra,plateau berbere,6.8,0,5,final
2026-09-01,bathroomgraffiti,fra,plateau berbere,5.3,0,9,final
2026-09-02,bathroomgraffiti,fra,plateau berbere,5,0,9,final
2026-09-03,bathroomgraffiti,fra,plateau berbere,4.8,0,8,final
2026-09-04,bathroomgraffiti,fra,plateau berbere,3.5,0,4,final
2026-09-05,bathroomgraffiti,fra,plateau berbere,4.2,3,17,final
2026-09-06,bathroomgraffiti,fra,plateau berbere,5.8,0,12,final
2026-09-07,bathroomgraffiti,fra,plateau berbere,4.2,0,10,final
2026-09-08,bathroomgraffiti,fra,plateau berbere,5.4,0,8,final
2026-09-09,bathroomgraffiti,fra,plateau berbere,4,0,6,final
2026-09-10,bathroomgraffiti,fra,plateau berbere,3.1,0,8,final
2026-09-11,bathroomgraffiti,fra,plateau berbere,2.5,0,6,final
2026-09-12,bathroomgraffiti,fra,plateau berbere,5.4,0,5,final
2026-09-13,bathroomgraffiti,fra,plateau berbere,3.5,0,4,final
2026-09-14,bathroomgraffiti,fra,plateau berbere,4.8,0,6,final
2026-09-15,bathroomgraffiti,fra,plateau berbere,2,0,1,final
2026-09-16,bathroomgraffiti,fra,plateau berbere,2.4,0,7,final
2026-09-17,bathroomgraffiti,fra,plateau berbere,4,0,6,final
2026-09-18,bathroomgraffiti,fra,plateau berbere,3,0,2,final
2026-09-19,bathroomgraffiti,fra,plateau berbere,3.7,2,11,final
2026-09-20,bathroomgraffiti,fra,plateau berbere,1.7,0,3,final
2026-09-21,bathroomgraffiti,fra,plateau berbere,2.8,0,10,final
2026-09-22,bathroomgraffiti,fra,plateau berbere,4.5,0,2,final
2026-09-23,bathroomgraffiti,fra,plateau berbere,5.6,0,7,final
2026-09-24,bathroomgraffiti,fra,plateau berbere,4.6,1,11,final
2026-09-25,bathroomgraffiti,fra,plateau berbere,3,1,5,final
2026-09-26,bathroomgraffiti,fra,plateau berbere,4.2,0,4,final
2026-09-27,bathroomgraffiti,fra,plateau berbere,6,0,3,final
2026-09-28,bathroomgraffiti,fra,plateau berbere,3.4,0,8,final
2026-09-29,bathroomgraffiti,fra,plateau berbere,3.5,0,10,final
2026-09-30,bathroomgraffiti,fra,plateau berbere,3.6,0,5,final
2026-10-01,bathroomgraffiti,fra,plateau berbere,9.9,0,7,final
2026-10-02,bathroomgraffiti,fra,plateau berbere,2.1,0,7,final
2026-10-03,bathroomgraffiti,fra,plateau berbere,1.9,1,7,final
2026-10-04,bathroomgraffiti,fra,plateau berbere,2.3,0,7,fresh
2026-10-05,bathroomgraffiti,fra,plateau berbere,2,0,1,fresh
2025-09-22,bathroomgraffiti,fra,reveil design,1,0,1,final
2025-10-06,bathroomgraffiti,fra,reveil design,3,0,1,final
2026-01-05,bathroomgraffiti,fra,reveil design,19,0,1,final
2026-01-27,bathroomgraffiti,fra,reveil design,11,0,1,final
2026-02-03,bathroomgraffiti,fra,reveil design,21,0,1,final
2026-02-21,bathroomgraffiti,fra,reveil design,6,0,1,final
2026-03-09,bathroomgraffiti,fra,reveil design,15,0,1,final
2026-03-10,bathroomgraffiti,fra,reveil design,13.5,0,6,final
2026-03-11,bathroomgraffiti,fra,reveil design,12.6,0,8,final
2026-03-12,bathroomgraffiti,fra,reveil design,14,0,10,final
2026-03-13,bathroomgraffiti,fra,reveil design,12.5,0,2,final
2026-04-01,bathroomgraffiti,fra,reveil design,6,0,1,final
2026-04-05,bathroomgraffiti,fra,reveil design,12,0,1,final
2026-04-06,bathroomgraffiti,fra,reveil design,4,0,1,final
2026-05-26,bathroomgraffiti,fra,reveil design,3,0,1,final
2026-06-05,bathroomgraffiti,fra,reveil design,7.5,0,4,final
2026-06-06,bathroomgraffiti,fra,reveil design,4,0,9,final
2026-06-07,bathroomgraffiti,fra,reveil design,4.6,0,16,final
2026-06-08,bathroomgraffiti,fra,reveil design,4.3,1,24,final
2026-06-09,bathroomgraffiti,fra,reveil design,3.9,1,11,final
2026-06-10,bathroomgraffiti,fra,reveil design,3.8,0,13,final
2026-06-11,bathroomgraffiti,fra,reveil design,5.4,0,10,final
2026-06-12,bathroomgraffiti,fra,reveil design,4.8,0,5,final
2026-06-13,bathroomgraffiti,fra,reveil design,7.5,0,2,final
2026-06-14,bathroomgraffiti,fra,reveil design,7.3,0,7,final
2026-06-15,bathroomgraffiti,fra,reveil design,5,0,3,final
2026-06-16,bathroomgraffiti,fra,reveil design,5.1,0,18,final
2026-06-17,bathroomgraffiti,fra,reveil design,4.2,0,6,final
2026-06-20,bathroomgraffiti,fra,reveil design,6,0,1,final
2026-06-24,bathroomgraffiti,fra,reveil design,12,0,1,final
2026-06-25,bathroomgraffiti,fra,reveil design,3.8,0,10,final
2026-06-26,bathroomgraffiti,fra,reveil design,4.3,0,9,final
2026-06-27,bathroomgraffiti,fra,reveil design,4.8,0,11,final
2026-06-28,bathroomgraffiti,fra,reveil design,4.4,0,15,final
2026-06-29,bathroomgraffiti,fra,reveil design,4.9,0,8,final
2026-06-30,bathroomgraffiti,fra,reveil design,5.2,0,13,final
2026-07-01,bathroomgraffiti,fra,reveil design,4.7,0,15,final
2026-07-02,bathroomgraffiti,fra,reveil design,4.9,1,17,final
2026-07-03,bathroomgraffiti,fra,reveil design,5.2,0,17,final
2026-07-04,bathroomgraffiti,fra,reveil design,4.6,0,33,final
2026-07-05,bathroomgraffiti,fra,reveil design,4.8,1,27,final
2026-07-06,bathroomgraffiti,fra,reveil design,5,0,16,final
2026-07-07,bathroomgraffiti,fra,reveil design,4.6,0,7,final
2026-07-08,bathroomgraffiti,fra,reveil design,5.1,0,20,final
2026-07-09,bathroomgraffiti,fra,reveil design,5.0,0,23,final
2026-07-10,bathroomgraffiti,fra,reveil design,6.3,0,6,final
2026-07-11,bathroomgraffiti,fra,reveil design,5.5,0,16,final
2026-07-12,bathroomgraffiti,fra,reveil design,5.9,1,14,final
2026-07-13,bathroomgraffiti,fra,reveil design,5.3,0,15,final
2026-07-14,bathroomgraffiti,fra,reveil design,6.3,0,12,final
2026-07-15,bathroomgraffiti,fra,reveil design,9.3,0,14,final
2026-07-16,bathroomgraffiti,fra,reveil design,7.2,0,23,final
2026-07-17,bathroomgraffiti,fra,reveil design,5.5,0,16,final
2026-07-18,bathroomgraffiti,fra,reveil design,4.9,0,18,final
2026-07-19,bathroomgraffiti,fra,reveil design,6,0,15,final
2026-07-20,bathroomgraffiti,fra,reveil design,5.3,0,14,final
2026-07-21,bathroomgraffiti,fra,reveil design,5.6,0,15,final
2026-07-22,bathroomgraffiti,fra,reveil design,5.1,0,20,final
2026-07-23,bathroomgraffiti,fra,reveil design,4.9,0,22,final
2026-07-24,bathroomgraffiti,fra,reveil design,4.8,1,13,final
2026-07-25,bathroomgraffiti,fra,reveil design,5.9,0,14,final
2026-07-26,bathroomgraffiti,fra,reveil design,6.0,0,24,final
2026-07-27,bathroomgraffiti,fra,reveil design,6.0,0,25,final
2026-07-28,bathroomgraffiti,fra,reveil design,5.5,0,31,final
2026-07-29,bathroomgraffiti,fra,reveil design,5.1,0,22,final
2026-07-30,bathroomgraffiti,fra,reveil design,5.3,0,23,final
2026-07-31,bathroomgraffiti,fra,reveil design,5.7,1,27,final
2026-08-01,bathroomgraffiti,fra,reveil design,4.6,0,13,final
2026-08-02,bathroomgraffiti,fra,reveil design,5.0,1,27,final
2026-08-03,bathroomgraffiti,fra,reveil design,5.2,0,19,final
2026-08-04,bathroomgraffiti,fra,reveil design,6.0,0,23,final
2026-08-05,bathroomgraffiti,fra,reveil design,13.9,0,11,final
2026-08-06,bathroomgraffiti,fra,reveil design,12.8,0,13,final
2026-08-07,bathroomgraffiti,fra,reveil design,12.7,0,6,final
2026-08-08,bathroomgraffiti,fra,reveil design,10.8,0,13,final
2026-08-09,bathroomgraffiti,fra,reveil design,5.1,0,21,final
2026-08-10,bathroomgraffiti,fra,reveil design,5.5,0,27,final
2026-08-11,bathroomgraffiti,fra,reveil design,5.8,0,22,final
2026-08-12,bathroomgraffiti,fra,reveil design,9.3,0,20,final
2026-08-13,bathroomgraffiti,fra,reveil design,9.7,0,15,final
2026-08-14,bathroomgraffiti,fra,reveil design,6.9,0,17,final
2026-08-15,bathroomgraffiti,fra,reveil design,8,0,7,final
2026-08-16,bathroomgraffiti,fra,reveil design,5.6,0,12,final
2026-08-17,bathroomgraffiti,fra,reveil design,8.7,0,25,final
2026-08-18,bathroomgraffiti,fra,reveil design,7.0,1,22,final
2026-08-19,bathroomgraffiti,fra,reveil design,8.5,0,19,final
2026-08-20,bathroomgraffiti,fra,reveil design,7.9,1,30,final
2026-08-21,bathroomgraffiti,fra,reveil design,8.3,0,15,final
2026-08-22,bathroomgraffiti,fra,reveil design,12.5,1,19,final
2026-08-23,bathroomgraffiti,fra,reveil design,11.2,0,17,final
2026-08-24,bathroomgraffiti,fra,reveil design,8.3,0,40,final
2026-08-25,bathroomgraffiti,fra,reveil design,9.3,0,19,final
2026-08-26,bathroomgraffiti,fra,reveil design,8.6,0,19,final
2026-08-27,bathroomgraffiti,fra,reveil design,7.8,0,19,final
2026-08-28,bathroomgraffiti,fra,reveil design,9.8,0,20,final
2026-08-29,bathroomgraffiti,fra,reveil design,9,0,25,final
2026-08-30,bathroomgraffiti,fra,reveil design,9.6,0,38,final
2026-08-31,bathroomgraffiti,fra,reveil design,10.7,0,28,final
2026-09-01,bathroomgraffiti,fra,reveil design,11.9,0,22,final
2026-09-02,bathroomgraffiti,fra,reveil design,13.3,0,21,final
2026-09-03,bathroomgraffiti,fra,reveil design,11.4,0,19,final
2026-09-04,bathroomgraffiti,fra,reveil design,11.8,0,18,final
2026-09-05,bathroomgraffiti,fra,reveil design,10.6,0,18,final
2026-09-06,bathroomgraffiti,fra,reveil design,12,0,15,final
2026-09-07,bathroomgraffiti,fra,reveil design,12.0,0,22,final
2026-09-08,bathroomgraffiti,fra,reveil design,12.8,2,22,final
2026-09-09,bathroomgraffiti,fra,reveil design,9.5,0,15,final
2026-09-10,bathroomgraffiti,fra,reveil design,7.9,0,22,final
2026-09-11,bathroomgraffiti,fra,reveil design,8.2,0,9,final
2026-09-12,bathroomgraffiti,fra,reveil design,10.1,0,7,final
2026-09-13,bathroomgraffiti,fra,reveil design,9.0,0,21,final
2026-09-14,bathroomgraffiti,fra,reveil design,10.6,0,11,final
2026-09-15,bathroomgraffiti,fra,reveil design,6.1,1,18,final
2026-09-16,bathroomgraffiti,fra,reveil design,8,0,17,final
2026-09-17,bathroomgraffiti,fra,reveil design,8.5,0,18,final
2026-09-18,bathroomgraffiti,fra,reveil design,8.2,0,18,final
2026-09-19,bathroomgraffiti,fra,reveil design,7.4,0,14,final
2026-09-20,bathroomgraffiti,fra,reveil design,7.7,1,23,final
2026-09-21,bathroomgraffiti,fra,reveil design,8.1,0,7,final
2026-09-22,bathroomgraffiti,fra,reveil design,8.6,0,14,final
2026-09-23,bathroomgraffiti,fra,reveil design,8,0,11,final
2026-09-24,bathroomgraffiti,fra,reveil design,7.9,0,10,final
2026-09-25,bathroomgraffiti,fra,reveil design,8,0,10,final
2026-09-26,bathroomgraffiti,fra,reveil design,8.2,0,14,final
2026-09-27,bathroomgraffiti,fra,reveil design,7.6,1,26,final
2026-09-28,bathroomgraffiti,fra,reveil design,9,0,13,final
2026-09-29,bathroomgraffiti,fra,reveil design,7.4,1,16,final
2026-09-30,bathroomgraffiti,fra,reveil design,6.6,0,17,final
2026-10-01,bathroomgraffiti,fra,reveil design,6.6,0,18,final
2026-10-02,bathroomgraffiti,fra,reveil design,8.0,0,22,final
2026-10-03,bathroomgraffiti,fra,reveil design,8.8,0,6,final
2026-10-04,bathroomgraffiti,fra,reveil design,7.7,0,36,fresh
2026-10-05,bathroomgraffiti,fra,reveil design,8.1,0,11,fresh
2025-06-12,bathroomgraffiti,fra,sonny angel halloween,1.3,0,3,final
2025-06-15,bathroomgraffiti,fra,sonny angel halloween,1.3,0,6,final
2025-06-17,bathroomgraffiti,fra,sonny angel halloween,1,0,3,final
2025-06-19,bathroomgraffiti,fra,sonny angel halloween,1,0,3,final
2025-06-20,bathroomgraffiti,fra,sonny angel halloween,2,0,2,final
2025-06-21,bathroomgraffiti,fra,sonny angel halloween,1,0,1,final
2025-06-23,bathroomgraffiti,fra,sonny angel halloween,1,0,2,final
2025-06-24,bathroomgraffiti,fra,sonny angel halloween,2,0,1,final
2025-06-25,bathroomgraffiti,fra,sonny angel halloween,1.5,0,2,final
2025-06-26,bathroomgraffiti,fra,sonny angel halloween,1.3,0,3,final
2025-06-29,bathroomgraffiti,fra,sonny angel halloween,1,0,3,final
2025-06-30,bathroomgraffiti,fra,sonny angel halloween,1,0,2,final
2025-07-01,bathroomgraffiti,fra,sonny angel halloween,1,0,3,final
2025-07-04,bathroomgraffiti,fra,sonny angel halloween,2,0,1,final
2025-07-05,bathroomgraffiti,fra,sonny angel halloween,3.5,0,2,final
2025-07-07,bathroomgraffiti,fra,sonny angel halloween,2.2,0,4,final
2025-07-08,bathroomgraffiti,fra,sonny angel halloween,3,0,2,final
2025-07-09,bathroomgraffiti,fra,sonny angel halloween,1.3,0,3,final
2025-07-10,bathroomgraffiti,fra,sonny angel halloween,2.7,0,3,final
2025-07-11,bathroomgraffiti,fra,sonny angel halloween,2,0,2,final
2025-07-12,bathroomgraffiti,fra,sonny angel halloween,2,0,1,final
2025-07-13,bathroomgraffiti,fra,sonny angel halloween,1,0,2,final
2025-07-14,bathroomgraffiti,fra,sonny angel halloween,1,0,1,final
2025-07-15,bathroomgraffiti,fra,sonny angel halloween,1,0,1,final
2025-07-19,bathroomgraffiti,fra,sonny angel halloween,10,0,1,final
2025-07-22,bathroomgraffiti,fra,sonny angel halloween,6.5,0,2,final
2025-07-23,bathroomgraffiti,fra,sonny angel halloween,2,0,1,final
2025-07-24,bathroomgraffiti,fra,sonny angel halloween,11,0,2,final
2025-07-25,bathroomgraffiti,fra,sonny angel halloween,1.4,0,5,final
2025-07-26,bathroomgraffiti,fra,sonny angel halloween,3,0,4,final
2025-07-27,bathroomgraffiti,fra,sonny angel halloween,5.5,0,2,final
2025-07-28,bathroomgraffiti,fra,sonny angel halloween,1,0,2,final
2025-07-30,bathroomgraffiti,fra,sonny angel halloween,1,0,2,final
2025-07-31,bathroomgraffiti,fra,sonny angel halloween,1.2,0,4,final
2025-08-01,bathroomgraffiti,fra,sonny angel halloween,3,0,9,final
2025-08-02,bathroomgraffiti,fra,sonny angel halloween,1,0,1,final
2025-08-03,bathroomgraffiti,fra,sonny angel halloween,1,0,5,final
2025-08-04,bathroomgraffiti,fra,sonny angel halloween,2.8,0,4,final
2025-08-05,bathroomgraffiti,fra,sonny angel halloween,1,0,4,final
2025-08-06,bathroomgraffiti,fra,sonny angel halloween,1,0,3,final
2025-08-08,bathroomgraffiti,fra,sonny angel halloween,1,0,2,final
2025-08-09,bathroomgraffiti,fra,sonny angel halloween,1,0,2,final
2025-08-10,bathroomgraffiti,fra,sonny angel halloween,1,0,5,final
2025-08-11,bathroomgraffiti,fra,sonny angel halloween,1,0,3,final
2025-08-12,bathroomgraffiti,fra,sonny angel halloween,2.6,0,7,final
2025-08-13,bathroomgraffiti,fra,sonny angel halloween,1,0,4,final
2025-08-14,bathroomgraffiti,fra,sonny angel halloween,1,0,2,final
2025-08-15,bathroomgraffiti,fra,sonny angel halloween,4.3,0,3,final
2025-08-16,bathroomgraffiti,fra,sonny angel halloween,1,0,2,final
2025-08-17,bathroomgraffiti,fra,sonny angel halloween,1,0,3,final
2025-08-18,bathroomgraffiti,fra,sonny angel halloween,1,0,3,final
2025-08-19,bathroomgraffiti,fra,sonny angel halloween,1,0,5,final
2025-08-20,bathroomgraffiti,fra,sonny angel halloween,1,0,3,final
2025-08-21,bathroomgraffiti,fra,sonny angel halloween,1,0,2,final
2025-08-23,bathroomgraffiti,fra,sonny angel halloween,1,0,9,final
2025-08-24,bathroomgraffiti,fra,sonny angel halloween,1,0,3,final
2025-08-25,bathroomgraffiti,fra,sonny angel halloween,1,0,2,final
2025-08-26,bathroomgraffiti,fra,sonny angel halloween,1,0,6,final
2025-08-27,bathroomgraffiti,fra,sonny angel halloween,1,0,6,final
2025-08-28,bathroomgraffiti,fra,sonny angel halloween,1,0,5,final
2025-08-29,bathroomgraffiti,fra,sonny angel halloween,1.1,0,8,final
2025-08-30,bathroomgraffiti,fra,sonny angel halloween,1.1,0,12,final
2025-08-31,bathroomgraffiti,fra,sonny angel halloween,1,0,7,final
2025-09-01,bathroomgraffiti,fra,sonny angel halloween,1.2,0,6,final
2025-09-02,bathroomgraffiti,fra,sonny angel halloween,1,0,2,final
2025-09-03,bathroomgraffiti,fra,sonny angel halloween,1.4,0,15,final
2025-09-04,bathroomgraffiti,fra,sonny angel halloween,2.9,0,117,final
2025-09-05,bathroomgraffiti,fra,sonny angel halloween,2.4,0,56,final
2025-09-06,bathroomgraffiti,fra,sonny angel halloween,3.9,0,59,final
2025-09-07,bathroomgraffiti,fra,sonny angel halloween,2,0,28,final
2025-09-08,bathroomgraffiti,fra,sonny angel halloween,1.5,0,30,final
2025-09-09,bathroomgraffiti,fra,sonny angel halloween,1.7,0,29,final
2025-09-10,bathroomgraffiti,fra,sonny angel halloween,5.8,0,21,final
2025-09-11,bathroomgraffiti,fra,sonny angel halloween,3.4,1,43,final
2025-09-12,bathroomgraffiti,fra,sonny angel halloween,2.9,0,44,final
2025-09-13,bathroomgraffiti,fra,sonny angel halloween,2.5,0,67,final
2025-09-14,bathroomgraffiti,fra,sonny angel halloween,2.4,0,72,final
2025-09-15,bathroomgraffiti,fra,sonny angel halloween,1,0,38,final
2025-09-16,bathroomgraffiti,fra,sonny angel halloween,1,0,46,final
2025-09-17,bathroomgraffiti,fra,sonny angel halloween,1,1,30,final
2025-09-18,bathroomgraffiti,fra,sonny angel halloween,1.7,0,38,final
2025-09-19,bathroomgraffiti,fra,sonny angel halloween,3.2,1,46,final
2025-09-20,bathroomgraffiti,fra,sonny angel halloween,3.5,0,60,final
2025-09-21,bathroomgraffiti,fra,sonny angel halloween,3.3,0,52,final
2025-09-22,bathroomgraffiti,fra,sonny angel halloween,3.0,1,37,final
2025-09-23,bathroomgraffiti,fra,sonny angel halloween,3.8,1,76,final
2025-09-24,bathroomgraffiti,fra,sonny angel halloween,3.2,0,124,final
2025-09-25,bathroomgraffiti,fra,sonny angel halloween,3.0,7,273,final
2025-09-26,bathroomgraffiti,fra,sonny angel halloween,4.4,0,190,final
2025-09-27,bathroomgraffiti,fra,sonny angel halloween,4.1,1,235,final
2025-09-28,bathroomgraffiti,fra,sonny angel halloween,3.7,1,229,final
2025-09-29,bathroomgraffiti,fra,sonny angel halloween,4.2,1,117,final
2025-09-30,bathroomgraffiti,fra,sonny angel halloween,5.5,0,27,final
2025-10-01,bathroomgraffiti,fra,sonny angel halloween,8.7,2,31,final
2025-10-02,bathroomgraffiti,fra,sonny angel halloween,5.3,0,29,final
2025-10-03,bathroomgraffiti,fra,sonny angel halloween,3.7,0,155,final
2025-10-04,bathroomgraffiti,fra,sonny angel halloween,4.6,0,268,final
2025-10-05,bathroomgraffiti,fra,sonny angel halloween,4.8,1,214,final
2025-10-06,bathroomgraffiti,fra,sonny angel halloween,4.4,0,168,final
2025-10-07,bathroomgraffiti,fra,sonny angel halloween,4.6,0,120,final
2025-10-08,bathroomgraffiti,fra,sonny angel halloween,4.5,1,27,final
2025-10-09,bathroomgraffiti,fra,sonny angel halloween,4.4,0,65,final
2025-10-10,bathroomgraffiti,fra,sonny angel halloween,5.7,0,36,final
2025-10-11,bathroomgraffiti,fra,sonny angel halloween,4.2,1,44,final
2025-10-12,bathroomgraffiti,fra,sonny angel halloween,4.6,0,22,final
2025-10-13,bathroomgraffiti,fra,sonny angel halloween,5.1,0,29,final
2025-10-14,bathroomgraffiti,fra,sonny angel halloween,4.7,0,32,final
2025-10-15,bathroomgraffiti,fra,sonny angel halloween,3.2,0,52,final
2025-10-16,bathroomgraffiti,fra,sonny angel halloween,3.7,1,41,final
2025-10-17,bathroomgraffiti,fra,sonny angel halloween,4.4,0,56,final
2025-10-18,bathroomgraffiti,fra,sonny angel halloween,5.0,0,29,final
2025-10-19,bathroomgraffiti,fra,sonny angel halloween,4.1,1,83,final
2025-10-20,bathroomgraffiti,fra,sonny angel halloween,4,0,54,final
2025-10-21,bathroomgraffiti,fra,sonny angel halloween,4.7,0,39,final
2025-10-22,bathroomgraffiti,fra,sonny angel halloween,3,0,4,final
2025-10-23,bathroomgraffiti,fra,sonny angel halloween,3.8,0,16,final
2025-10-24,bathroomgraffiti,fra,sonny angel halloween,4.1,0,22,final
2025-10-25,bathroomgraffiti,fra,sonny angel halloween,4.8,0,33,final
2025-10-26,bathroomgraffiti,fra,sonny angel halloween,4.3,0,15,final
2025-10-27,bathroomgraffiti,fra,sonny angel halloween,4.1,0,64,final
2025-10-28,bathroomgraffiti,fra,sonny angel halloween,3.9,0,68,final
2025-10-29,bathroomgraffiti,fra,sonny angel halloween,4.2,0,60,final
2025-10-30,bathroomgraffiti,fra,sonny angel halloween,3.7,1,53,final
2025-10-31,bathroomgraffiti,fra,sonny angel halloween,4.5,0,54,final
2025-11-01,bathroomgraffiti,fra,sonny angel halloween,4.3,0,52,final
2025-11-02,bathroomgraffiti,fra,sonny angel halloween,4.1,0,46,final
2025-11-03,bathroomgraffiti,fra,sonny angel halloween,4.5,0,33,final
2025-11-04,bathroomgraffiti,fra,sonny angel halloween,4.2,0,35,final
2025-11-05,bathroomgraffiti,fra,sonny angel halloween,4.2,0,8,final
2025-11-06,bathroomgraffiti,fra,sonny angel halloween,4.2,1,41,final
2025-11-07,bathroomgraffiti,fra,sonny angel halloween,3.0,0,21,final
2025-11-08,bathroomgraffiti,fra,sonny angel halloween,3.3,0,36,final
2025-11-09,bathroomgraffiti,fra,sonny angel halloween,6.2,0,18,final
2025-11-10,bathroomgraffiti,fra,sonny angel halloween,3.4,0,20,final
2025-11-11,bathroomgraffiti,fra,sonny angel halloween,6.9,0,12,final
2025-11-12,bathroomgraffiti,fra,sonny angel halloween,8.3,0,9,final
2025-11-13,bathroomgraffiti,fra,sonny angel halloween,6.4,0,5,final
2025-11-15,bathroomgraffiti,fra,sonny angel halloween,3.8,0,5,final
2025-11-16,bathroomgraffiti,fra,sonny angel halloween,7.3,0,3,final
2025-11-17,bathroomgraffiti,fra,sonny angel halloween,6.7,0,3,final
2025-11-19,bathroomgraffiti,fra,sonny angel halloween,7,0,1,final
2025-11-27,bathroomgraffiti,fra,sonny angel halloween,1,0,1,final
2025-11-28,bathroomgraffiti,fra,sonny angel halloween,10.5,0,2,final
2025-11-29,bathroomgraffiti,fra,sonny angel halloween,3.8,0,6,final
2025-11-30,bathroomgraffiti,fra,sonny angel halloween,2.6,0,5,final
2025-12-02,bathroomgraffiti,fra,sonny angel halloween,7,0,3,final
2025-12-03,bathroomgraffiti,fra,sonny angel halloween,4.7,0,3,final
2025-12-04,bathroomgraffiti,fra,sonny angel halloween,4.4,0,7,final
2025-12-05,bathroomgraffiti,fra,sonny angel halloween,4.7,0,3,final
2025-12-06,bathroomgraffiti,fra,sonny angel halloween,5,0,3,final
2025-12-07,bathroomgraffiti,fra,sonny angel halloween,6,0,2,final
2025-12-08,bathroomgraffiti,fra,sonny angel halloween,5.9,0,7,final
2025-12-09,bathroomgraffiti,fra,sonny angel halloween,6,0,1,final
2025-12-10,bathroomgraffiti,fra,sonny angel halloween,4,0,1,final
2025-12-11,bathroomgraffiti,fra,sonny angel halloween,8,0,1,final
2025-12-12,bathroomgraffiti,fra,sonny angel halloween,4,0,1,final
2025-12-13,bathroomgraffiti,fra,sonny angel halloween,5,0,2,final
2025-12-15,bathroomgraffiti,fra,sonny angel halloween,5,0,1,final
2025-12-17,bathroomgraffiti,fra,sonny angel halloween,3.5,0,2,final
2025-12-21,bathroomgraffiti,fra,sonny angel halloween,7,0,6,final
2025-12-22,bathroomgraffiti,fra,sonny angel halloween,4,0,4,final
2025-12-23,bathroomgraffiti,fra,sonny angel halloween,19,0,1,final
2025-12-24,bathroomgraffiti,fra,sonny angel halloween,4,0,1,final
2025-12-27,bathroomgraffiti,fra,sonny angel halloween,2.7,0,7,final
2025-12-28,bathroomgraffiti,fra,sonny angel halloween,4.7,0,11,final
2025-12-29,bathroomgraffiti,fra,sonny angel halloween,2.4,0,5,final
2025-12-30,bathroomgraffiti,fra,sonny angel halloween,2,0,2,final
2025-12-31,bathroomgraffiti,fra,sonny angel halloween,2,0,1,final
2026-01-02,bathroomgraffiti,fra,sonny angel halloween,3,0,6,final
2026-01-03,bathroomgraffiti,fra,sonny angel halloween,5.5,0,2,final
2026-01-04,bathroomgraffiti,fra,sonny angel halloween,5.4,0,7,final
2026-01-06,bathroomgraffiti,fra,sonny angel halloween,2.7,0,3,final
2026-01-07,bathroomgraffiti,fra,sonny angel halloween,3,0,1,final
2026-01-08,bathroomgraffiti,fra,sonny angel halloween,2.6,0,5,final
2026-01-09,bathroomgraffiti,fra,sonny angel halloween,2,0,4,final
2026-01-10,bathroomgraffiti,fra,sonny angel halloween,2.2,0,9,final
2026-01-11,bathroomgraffiti,fra,sonny angel halloween,2.5,0,4,final
2026-01-12,bathroomgraffiti,fra,sonny angel halloween,2,0,1,final
2026-01-13,bathroomgraffiti,fra,sonny angel halloween,2.2,0,4,final
2026-01-14,bathroomgraffiti,fra,sonny angel halloween,1.8,0,5,final
2026-01-15,bathroomgraffiti,fra,sonny angel halloween,2,0,1,final
2026-01-16,bathroomgraffiti,fra,sonny angel halloween,3,0,1,final
2026-01-17,bathroomgraffiti,fra,sonny angel halloween,1.9,0,10,final
2026-01-18,bathroomgraffiti,fra,sonny angel halloween,5,0,5,final
2026-01-19,bathroomgraffiti,fra,sonny angel halloween,7.7,0,3,final
2026-01-20,bathroomgraffiti,fra,sonny angel halloween,2,0,1,final
2026-01-21,bathroomgraffiti,fra,sonny angel halloween,2,0,3,final
2026-01-22,bathroomgraffiti,fra,sonny angel halloween,2.3,0,3,final
2026-01-23,bathroomgraffiti,fra,sonny angel halloween,2,0,4,final
2026-01-24,bathroomgraffiti,fra,sonny angel halloween,1.5,0,6,final
2026-01-25,bathroomgraffiti,fra,sonny angel halloween,1.6,0,7,final
2026-01-26,bathroomgraffiti,fra,sonny angel halloween,1.5,0,4,final
2026-01-27,bathroomgraffiti,fra,sonny angel halloween,1,0,5,final
2026-01-28,bathroomgraffiti,fra,sonny angel halloween,1.2,0,8,final
2026-01-29,bathroomgraffiti,fra,sonny angel halloween,1.8,0,4,final
2026-01-30,bathroomgraffiti,fra,sonny angel halloween,1,0,5,final
2026-01-31,bathroomgraffiti,fra,sonny angel halloween,1,0,5,final
2026-02-01,bathroomgraffiti,fra,sonny angel halloween,1,0,5,final
2026-02-02,bathroomgraffiti,fra,sonny angel halloween,1,0,4,final
2026-02-04,bathroomgraffiti,fra,sonny angel halloween,1,0,1,final
2026-02-05,bathroomgraffiti,fra,sonny angel halloween,1.6,0,5,final
2026-02-06,bathroomgraffiti,fra,sonny angel halloween,1,0,4,final
2026-02-07,bathroomgraffiti,fra,sonny angel halloween,1,0,8,final
2026-02-08,bathroomgraffiti,fra,sonny angel halloween,1,0,6,final
2026-02-09,bathroomgraffiti,fra,sonny angel halloween,1,0,1,final
2026-02-10,bathroomgraffiti,fra,sonny angel halloween,3.6,0,5,final
2026-02-11,bathroomgraffiti,fra,sonny angel halloween,1,0,6,final
2026-02-12,bathroomgraffiti,fra,sonny angel halloween,1,0,4,final
2026-02-13,bathroomgraffiti,fra,sonny angel halloween,1,0,4,final
2026-02-14,bathroomgraffiti,fra,sonny angel halloween,1,0,2,final
2026-02-15,bathroomgraffiti,fra,sonny angel halloween,1,0,3,final
2026-02-16,bathroomgraffiti,fra,sonny angel halloween,1,0,4,final
2026-02-17,bathroomgraffiti,fra,sonny angel halloween,1,0,2,final
2026-02-19,bathroomgraffiti,fra,sonny angel halloween,1,0,2,final
2026-02-20,bathroomgraffiti,fra,sonny angel halloween,1,1,3,final
2026-02-21,bathroomgraffiti,fra,sonny angel halloween,1,0,2,final
2026-02-22,bathroomgraffiti,fra,sonny angel halloween,1,0,3,final
2026-02-23,bathroomgraffiti,fra,sonny angel halloween,1,0,2,final
2026-02-24,bathroomgraffiti,fra,sonny angel halloween,6.3,0,3,final
2026-02-25,bathroomgraffiti,fra,sonny angel halloween,1,0,7,final
2026-02-26,bathroomgraffiti,fra,sonny angel halloween,1,0,2,final
2026-02-27,bathroomgraffiti,fra,sonny angel halloween,1,0,4,final
2026-02-28,bathroomgraffiti,fra,sonny angel halloween,1,0,3,final
2026-03-01,bathroomgraffiti,fra,sonny angel halloween,1,0,3,final
2026-03-02,bathroomgraffiti,fra,sonny angel halloween,1,0,1,final
2026-03-03,bathroomgraffiti,fra,sonny angel halloween,1.5,0,2,final
2026-03-05,bathroomgraffiti,fra,sonny angel halloween,1,0,3,final
2026-03-06,bathroomgraffiti,fra,sonny angel halloween,1,0,1,final
2026-03-07,bathroomgraffiti,fra,sonny angel halloween,1,0,7,final
2026-03-08,bathroomgraffiti,fra,sonny angel halloween,1,0,2,final
2026-03-09,bathroomgraffiti,fra,sonny angel halloween,1,0,1,final
2026-03-11,bathroomgraffiti,fra,sonny angel halloween,1,0,6,final
2026-03-12,bathroomgraffiti,fra,sonny angel halloween,1.3,0,3,final
2026-03-13,bathroomgraffiti,fra,sonny angel halloween,1,0,2,final
2026-03-14,bathroomgraffiti,fra,sonny angel halloween,3.3,0,6,final
2026-03-15,bathroomgraffiti,fra,sonny angel halloween,1,0,3,final
2026-03-16,bathroomgraffiti,fra,sonny angel halloween,1,0,2,final
2026-03-17,bathroomgraffiti,fra,sonny angel halloween,5.7,0,7,final
2026-03-18,bathroomgraffiti,fra,sonny angel halloween,1,0,3,final
2026-03-20,bathroomgraffiti,fra,sonny angel halloween,1,0,2,final
2026-03-21,bathroomgraffiti,fra,sonny angel halloween,1,0,3,final
2026-03-22,bathroomgraffiti,fra,sonny angel halloween,1.5,0,4,final
2026-03-23,bathroomgraffiti,fra,sonny angel halloween,1,0,3,final
2026-03-25,bathroomgraffiti,fra,sonny angel halloween,1,0,2,final
2026-03-26,bathroomgraffiti,fra,sonny angel halloween,1,0,1,final
2026-03-27,bathroomgraffiti,fra,sonny angel halloween,1,0,1,final
2026-03-28,bathroomgraffiti,fra,sonny angel halloween,1,1,4,final
2026-03-30,bathroomgraffiti,fra,sonny angel halloween,1,0,1,final
2026-03-31,bathroomgraffiti,fra,sonny angel halloween,1,0,3,final
2026-04-01,bathroomgraffiti,fra,sonny angel halloween,1.2,0,9,final
2026-04-02,bathroomgraffiti,fra,sonny angel halloween,1,0,1,final
2026-04-05,bathroomgraffiti,fra,sonny angel halloween,1,0,1,final
2026-04-06,bathroomgraffiti,fra,sonny angel halloween,1,0,1,final
2026-04-08,bathroomgraffiti,fra,sonny angel halloween,1,0,1,final
2026-04-12,bathroomgraffiti,fra,sonny angel halloween,2,0,2,final
2026-04-13,bathroomgraffiti,fra,sonny angel halloween,1,0,2,final
2026-04-14,bathroomgraffiti,fra,sonny angel halloween,21,0,1,final
2026-04-15,bathroomgraffiti,fra,sonny angel halloween,3,0,1,final
2026-04-16,bathroomgraffiti,fra,sonny angel halloween,1,0,1,final
2026-04-17,bathroomgraffiti,fra,sonny angel halloween,3,0,1,final
2026-04-18,bathroomgraffiti,fra,sonny angel halloween,2,0,2,final
2026-04-20,bathroomgraffiti,fra,sonny angel halloween,1,0,1,final
2026-04-21,bathroomgraffiti,fra,sonny angel halloween,14,0,1,final
2026-04-25,bathroomgraffiti,fra,sonny angel halloween,1.5,0,2,final
2026-04-26,bathroomgraffiti,fra,sonny angel halloween,1,0,1,final
2026-04-27,bathroomgraffiti,fra,sonny angel halloween,2.5,0,2,final
2026-04-29,bathroomgraffiti,fra,sonny angel halloween,1,0,1,final
2026-04-30,bathroomgraffiti,fra,sonny angel halloween,1,0,2,final
2026-05-01,bathroomgraffiti,fra,sonny angel halloween,12.5,0,4,final
2026-05-04,bathroomgraffiti,fra,sonny angel halloween,2,0,2,final
2026-05-08,bathroomgraffiti,fra,sonny angel halloween,8.5,0,2,final
2026-05-10,bathroomgraffiti,fra,sonny angel halloween,18,0,1,final
2026-05-14,bathroomgraffiti,fra,sonny angel halloween,1,0,2,final
2026-05-16,bathroomgraffiti,fra,sonny angel halloween,1,0,1,final
2026-05-17,bathroomgraffiti,fra,sonny angel halloween,16,0,1,final
2026-05-23,bathroomgraffiti,fra,sonny angel halloween,1,0,2,final
2026-05-24,bathroomgraffiti,fra,sonny angel halloween,1,1,1,final
2026-05-28,bathroomgraffiti,fra,sonny angel halloween,1,0,5,final
2026-06-01,bathroomgraffiti,fra,sonny angel halloween,1,0,4,final
2026-06-02,bathroomgraffiti,fra,sonny angel halloween,1.5,0,2,final
2026-06-03,bathroomgraffiti,fra,sonny angel halloween,2,0,1,final
2026-06-06,bathroomgraffiti,fra,sonny angel halloween,13,0,1,final
2026-06-10,bathroomgraffiti,fra,sonny angel halloween,1,0,1,final
2026-06-12,bathroomgraffiti,fra,sonny angel halloween,1,0,1,final
2026-06-14,bathroomgraffiti,fra,sonny angel halloween,1,0,1,final
2026-06-15,bathroomgraffiti,fra,sonny angel halloween,8,0,2,final
2026-06-16,bathroomgraffiti,fra,sonny angel halloween,3,0,1,final
2026-06-17,bathroomgraffiti,fra,sonny angel halloween,4,0,1,final
2026-06-20,bathroomgraffiti,fra,sonny angel halloween,1,0,1,final
2026-06-21,bathroomgraffiti,fra,sonny angel halloween,1,0,2,final
2026-06-22,bathroomgraffiti,fra,sonny angel halloween,1.5,0,4,final
2026-06-23,bathroomgraffiti,fra,sonny angel halloween,12,0,1,final
2026-06-25,bathroomgraffiti,fra,sonny angel halloween,1,0,1,final
2026-06-26,bathroomgraffiti,fra,sonny angel halloween,1,0,1,final
2026-06-27,bathroomgraffiti,fra,sonny angel halloween,1,0,2,final
2026-06-28,bathroomgraffiti,fra,sonny angel halloween,1,0,1,final
2026-07-01,bathroomgraffiti,fra,sonny angel halloween,1,0,1,final
2026-07-02,bathroomgraffiti,fra,sonny angel halloween,12,0,1,final
2026-07-03,bathroomgraffiti,fra,sonny angel halloween,11,0,1,final
2026-07-10,bathroomgraffiti,fra,sonny angel halloween,5,0,3,final
2026-07-11,bathroomgraffiti,fra,sonny angel halloween,9.5,0,2,final
2026-07-13,bathroomgraffiti,fra,sonny angel halloween,1,0,2,final
2026-07-15,bathroomgraffiti,fra,sonny angel halloween,3,0,2,final
2026-07-16,bathroomgraffiti,fra,sonny angel halloween,1,0,4,final
2026-07-17,bathroomgraffiti,fra,sonny angel halloween,2,0,3,final
2026-07-18,bathroomgraffiti,fra,sonny angel halloween,1,0,2,final
2026-07-19,bathroomgraffiti,fra,sonny angel halloween,1.5,0,4,final
2026-07-20,bathroomgraffiti,fra,sonny angel halloween,1,0,2,final
2026-07-21,bathroomgraffiti,fra,sonny angel halloween,1,0,5,final
2026-07-23,bathroomgraffiti,fra,sonny angel halloween,1,0,3,final
2026-07-24,bathroomgraffiti,fra,sonny angel halloween,1,0,6,final
2026-07-25,bathroomgraffiti,fra,sonny angel halloween,3,0,1,final
2026-07-27,bathroomgraffiti,fra,sonny angel halloween,1,0,4,final
2026-07-28,bathroomgraffiti,fra,sonny angel halloween,4.8,0,5,final
2026-07-29,bathroomgraffiti,fra,sonny angel halloween,1,1,5,final
2026-07-30,bathroomgraffiti,fra,sonny angel halloween,2,0,2,final
2026-07-31,bathroomgraffiti,fra,sonny angel halloween,1,0,1,final
2026-08-01,bathroomgraffiti,fra,sonny angel halloween,1,0,3,final
2026-08-02,bathroomgraffiti,fra,sonny angel halloween,1,0,2,final
2026-08-03,bathroomgraffiti,fra,sonny angel halloween,1,0,1,final
2026-08-04,bathroomgraffiti,fra,sonny angel halloween,1.5,0,4,final
2026-08-05,bathroomgraffiti,fra,sonny angel halloween,1.5,0,2,final
2026-08-06,bathroomgraffiti,fra,sonny angel halloween,1.2,0,10,final
2026-08-07,bathroomgraffiti,fra,sonny angel halloween,1.5,0,6,final
2026-08-08,bathroomgraffiti,fra,sonny angel halloween,1,0,4,final
2026-08-09,bathroomgraffiti,fra,sonny angel halloween,1,0,5,final
2026-08-10,bathroomgraffiti,fra,sonny angel halloween,1,1,5,final
2026-08-11,bathroomgraffiti,fra,sonny angel halloween,3.5,1,15,final
2026-08-12,bathroomgraffiti,fra,sonny angel halloween,1,0,2,final
2026-08-13,bathroomgraffiti,fra,sonny angel halloween,1,0,5,final
2026-08-14,bathroomgraffiti,fra,sonny angel halloween,1,0,3,final
2026-08-15,bathroomgraffiti,fra,sonny angel halloween,1,0,5,final
2026-08-16,bathroomgraffiti,fra,sonny angel halloween,15,0,1,final
2026-08-18,bathroomgraffiti,fra,sonny angel halloween,1,0,5,final
2026-08-19,bathroomgraffiti,fra,sonny angel halloween,1,0,6,final
2026-08-20,bathroomgraffiti,fra,sonny angel halloween,1.4,0,8,final
2026-08-21,bathroomgraffiti,fra,sonny angel halloween,1.8,0,8,final
2026-08-22,bathroomgraffiti,fra,sonny angel halloween,1.1,0,14,final
2026-08-23,bathroomgraffiti,fra,sonny angel halloween,1,0,5,final
2026-08-24,bathroomgraffiti,fra,sonny angel halloween,1.3,0,3,final
2026-08-25,bathroomgraffiti,fra,sonny angel halloween,1.1,0,10,final
2026-08-26,bathroomgraffiti,fra,sonny angel halloween,1,0,10,final
2026-08-27,bathroomgraffiti,fra,sonny angel halloween,1,0,4,final
2026-08-28,bathroomgraffiti,fra,sonny angel halloween,1,1,8,final
2026-08-29,bathroomgraffiti,fra,sonny angel halloween,1,0,5,final
2026-08-30,bathroomgraffiti,fra,sonny angel halloween,1.1,0,8,final
2026-08-31,bathroomgraffiti,fra,sonny angel halloween,1.1,0,9,final
2026-09-01,bathroomgraffiti,fra,sonny angel halloween,1.1,0,7,final
2026-09-02,bathroomgraffiti,fra,sonny angel halloween,1,0,5,final
2026-09-03,bathroomgraffiti,fra,sonny angel halloween,1,0,5,final
2026-09-04,bathroomgraffiti,fra,sonny angel halloween,1.4,0,15,final
2026-09-05,bathroomgraffiti,fra,sonny angel halloween,1.2,1,4,final
2026-09-06,bathroomgraffiti,fra,sonny angel halloween,1.5,0,19,final
2026-09-07,bathroomgraffiti,fra,sonny angel halloween,3.9,1,8,final
2026-09-08,bathroomgraffiti,fra,sonny angel halloween,1.7,0,14,final
2026-09-09,bathroomgraffiti,fra,sonny angel halloween,2.1,0,14,final
2026-09-10,bathroomgraffiti,fra,sonny angel halloween,2.2,0,12,final
2026-09-11,bathroomgraffiti,fra,sonny angel halloween,1.6,0,11,final
2026-09-12,bathroomgraffiti,fra,sonny angel halloween,1.9,0,10,final
2026-09-13,bathroomgraffiti,fra,sonny angel halloween,1.6,0,13,final
2026-09-14,bathroomgraffiti,fra,sonny angel halloween,1.6,0,11,final
2026-09-15,bathroomgraffiti,fra,sonny angel halloween,1.9,0,11,final
2026-09-16,bathroomgraffiti,fra,sonny angel halloween,2.1,0,17,final
2026-09-17,bathroomgraffiti,fra,sonny angel halloween,1.9,0,15,final
2026-09-18,bathroomgraffiti,fra,sonny angel halloween,1.8,1,16,final
2026-09-19,bathroomgraffiti,fra,sonny angel halloween,1.6,0,14,final
2026-09-20,bathroomgraffiti,fra,sonny angel halloween,2.0,0,22,final
2026-09-21,bathroomgraffiti,fra,sonny angel halloween,2.3,0,31,final
2026-09-22,bathroomgraffiti,fra,sonny angel halloween,1.9,1,12,final
2026-09-23,bathroomgraffiti,fra,sonny angel halloween,1.8,0,12,final
2026-09-24,bathroomgraffiti,fra,sonny angel halloween,2,0,9,final
2026-09-25,bathroomgraffiti,fra,sonny angel halloween,1.5,1,15,final
2026-09-26,bathroomgraffiti,fra,sonny angel halloween,1.4,0,16,final
2026-09-27,bathroomgraffiti,fra,sonny angel halloween,1.5,2,39,final
2026-09-28,bathroomgraffiti,fra,sonny angel halloween,1.2,0,9,final
2026-09-29,bathroomgraffiti,fra,sonny angel halloween,2.1,0,26,final
2026-09-30,bathroomgraffiti,fra,sonny angel halloween,1.2,0,18,final
2026-10-01,bathroomgraffiti,fra,sonny angel halloween,1.2,0,20,final
2026-10-02,bathroomgraffiti,fra,sonny angel halloween,1.1,1,20,final
2026-10-03,bathroomgraffiti,fra,sonny angel halloween,1,0,1,final
2026-10-04,bathroomgraffiti,fra,sonny angel halloween,1.1,0,33,fresh
2026-10-05,bathroomgraffiti,fra,sonny angel halloween,1.1,0,15,fresh
2025-06-14,bathroomgraffiti,fra,speks,6.7,0,3,final
2025-06-15,bathroomgraffiti,fra,speks,4.5,0,2,final
2025-06-16,bathroomgraffiti,fra,speks,7,0,1,final
2025-06-17,bathroomgraffiti,fra,speks,3,0,1,final
2025-06-18,bathroomgraffiti,fra,speks,5,0,1,final
2025-06-19,bathroomgraffiti,fra,speks,7,0,1,final
2025-06-20,bathroomgraffiti,fra,speks,9,0,1,final
2025-06-21,bathroomgraffiti,fra,speks,7,0,1,final
2025-06-22,bathroomgraffiti,fra,speks,7.3,0,3,final
2025-06-23,bathroomgraffiti,fra,speks,8,0,4,final
2025-06-24,bathroomgraffiti,fra,speks,8.5,0,2,final
2025-06-25,bathroomgraffiti,fra,speks,9,0,1,final
2025-06-26,bathroomgraffiti,fra,speks,7,0,1,final
2025-06-27,bathroomgraffiti,fra,speks,9.2,0,6,final
2025-06-30,bathroomgraffiti,fra,speks,9.5,0,2,final
2025-07-01,bathroomgraffiti,fra,speks,8.6,0,5,final
2025-07-02,bathroomgraffiti,fra,speks,7.5,0,4,final
2025-07-03,bathroomgraffiti,fra,speks,7.4,0,5,final
2025-07-04,bathroomgraffiti,fra,speks,6,0,1,final
2025-07-05,bathroomgraffiti,fra,speks,7.5,0,2,final
2025-07-06,bathroomgraffiti,fra,speks,6.5,0,2,final
2025-07-07,bathroomgraffiti,fra,speks,8,0,3,final
2025-07-08,bathroomgraffiti,fra,speks,7.7,0,3,final
2025-07-09,bathroomgraffiti,fra,speks,6.7,0,6,final
2025-07-10,bathroomgraffiti,fra,speks,7,0,4,final
2025-07-11,bathroomgraffiti,fra,speks,6.3,0,7,final
2025-07-12,bathroomgraffiti,fra,speks,5,0,9,final
2025-07-13,bathroomgraffiti,fra,speks,5,0,3,final
2025-07-14,bathroomgraffiti,fra,speks,4,0,1,final
2025-07-15,bathroomgraffiti,fra,speks,5.3,0,3,final
2025-07-16,bathroomgraffiti,fra,speks,5.7,0,6,final
2025-07-17,bathroomgraffiti,fra,speks,4.7,0,3,final
2025-07-18,bathroomgraffiti,fra,speks,4.4,0,5,final
2025-07-19,bathroomgraffiti,fra,speks,8,0,2,final
2025-07-20,bathroomgraffiti,fra,speks,7,0,5,final
2025-07-21,bathroomgraffiti,fra,speks,8.5,0,2,final
2025-07-22,bathroomgraffiti,fra,speks,6.5,0,4,final
2025-07-23,bathroomgraffiti,fra,speks,6.6,0,5,final
2025-07-24,bathroomgraffiti,fra,speks,6.2,0,10,final
2025-07-25,bathroomgraffiti,fra,speks,4.8,0,6,final
2025-07-26,bathroomgraffiti,fra,speks,4,0,1,final
2025-07-27,bathroomgraffiti,fra,speks,6,0,3,final
2025-07-28,bathroomgraffiti,fra,speks,6.7,0,3,final
2025-07-29,bathroomgraffiti,fra,speks,7,0,6,final
2025-07-30,bathroomgraffiti,fra,speks,2.8,0,4,final
2025-07-31,bathroomgraffiti,fra,speks,4,0,2,final
2025-08-01,bathroomgraffiti,fra,speks,4,0,2,final
2025-08-02,bathroomgraffiti,fra,speks,5.5,0,4,final
2025-08-03,bathroomgraffiti,fra,speks,3,0,1,final
2025-08-04,bathroomgraffiti,fra,speks,4.5,0,2,final
2025-08-05,bathroomgraffiti,fra,speks,4.8,0,12,final
2025-08-06,bathroomgraffiti,fra,speks,4,0,3,final
2025-08-07,bathroomgraffiti,fra,speks,5.3,0,6,final
2025-08-08,bathroomgraffiti,fra,speks,5.5,0,4,final
2025-08-09,bathroomgraffiti,fra,speks,4.7,0,6,final
2025-08-10,bathroomgraffiti,fra,speks,5.2,0,4,final
2025-08-11,bathroomgraffiti,fra,speks,4.2,0,4,final
2025-08-12,bathroomgraffiti,fra,speks,5.2,0,5,final
2025-08-13,bathroomgraffiti,fra,speks,4.3,0,3,final
2025-08-14,bathroomgraffiti,fra,speks,4.8,0,6,final
2025-08-15,bathroomgraffiti,fra,speks,4.7,0,3,final
2025-08-16,bathroomgraffiti,fra,speks,5.3,0,3,final
2025-08-17,bathroomgraffiti,fra,speks,4,0,3,final
2025-08-18,bathroomgraffiti,fra,speks,4.3,0,3,final
2025-08-19,bathroomgraffiti,fra,speks,6.6,0,5,final
2025-08-20,bathroomgraffiti,fra,speks,3.5,0,2,final
2025-08-21,bathroomgraffiti,fra,speks,4,0,2,final
2025-08-22,bathroomgraffiti,fra,speks,6,0,3,final
2025-08-23,bathroomgraffiti,fra,speks,4.7,0,3,final
2025-08-24,bathroomgraffiti,fra,speks,4,0,5,final
2025-08-25,bathroomgraffiti,fra,speks,4.2,0,6,final
2025-08-26,bathroomgraffiti,fra,speks,3,0,1,final
2025-08-27,bathroomgraffiti,fra,speks,3.5,0,4,final
2025-08-28,bathroomgraffiti,fra,speks,4.8,0,4,final
2025-08-29,bathroomgraffiti,fra,speks,6.8,0,8,final
2025-08-30,bathroomgraffiti,fra,speks,5.1,0,7,final
2025-08-31,bathroomgraffiti,fra,speks,4.8,0,6,final
2025-09-01,bathroomgraffiti,fra,speks,5.4,0,5,final
2025-09-02,bathroomgraffiti,fra,speks,5,0,6,final
2025-09-03,bathroomgraffiti,fra,speks,5.4,0,9,final
2025-09-04,bathroomgraffiti,fra,speks,3.7,0,3,final
2025-09-05,bathroomgraffiti,fra,speks,6.2,0,6,final
2025-09-06,bathroomgraffiti,fra,speks,6.8,0,9,final
2025-09-07,bathroomgraffiti,fra,speks,5.4,0,5,final
2025-09-08,bathroomgraffiti,fra,speks,5,0,2,final
2025-09-09,bathroomgraffiti,fra,speks,4.4,0,5,final
2025-09-10,bathroomgraffiti,fra,speks,3,0,1,final
2025-09-11,bathroomgraffiti,fra,speks,3.8,0,5,final
2025-09-12,bathroomgraffiti,fra,speks,3.9,0,8,final
2025-09-13,bathroomgraffiti,fra,speks,4,0,5,final
2025-09-14,bathroomgraffiti,fra,speks,3.5,1,2,final
2025-09-15,bathroomgraffiti,fra,speks,3.7,0,3,final
2025-09-16,bathroomgraffiti,fra,speks,4.2,0,9,final
2025-09-17,bathroomgraffiti,fra,speks,7,0,4,final
2025-09-18,bathroomgraffiti,fra,speks,5.8,0,9,final
2025-09-19,bathroomgraffiti,fra,speks,5.0,0,48,final
2025-09-20,bathroomgraffiti,fra,speks,4.7,0,20,final
2025-09-21,bathroomgraffiti,fra,speks,4.3,0,11,final
2025-09-22,bathroomgraffiti,fra,speks,4,0,3,final
2025-09-23,bathroomgraffiti,fra,speks,4.4,0,8,final
2025-09-24,bathroomgraffiti,fra,speks,3.7,1,11,final
2025-09-25,bathroomgraffiti,fra,speks,4.1,0,37,final
2025-09-26,bathroomgraffiti,fra,speks,4.1,0,73,final
2025-09-27,bathroomgraffiti,fra,speks,5.8,0,17,final
2025-09-28,bathroomgraffiti,fra,speks,4.2,0,4,final
2025-09-29,bathroomgraffiti,fra,speks,3.5,0,6,final
2025-09-30,bathroomgraffiti,fra,speks,3.3,0,6,final
2025-10-01,bathroomgraffiti,fra,speks,5.4,0,7,final
2025-10-02,bathroomgraffiti,fra,speks,5.1,0,7,final
2025-10-03,bathroomgraffiti,fra,speks,3.8,0,8,final
2025-10-04,bathroomgraffiti,fra,speks,4,0,2,final
2025-10-05,bathroomgraffiti,fra,speks,4,0,4,final
2025-10-06,bathroomgraffiti,fra,speks,4.8,0,4,final
2025-10-07,bathroomgraffiti,fra,speks,5.5,0,6,final
2025-10-08,bathroomgraffiti,fra,speks,6,0,5,final
2025-10-09,bathroomgraffiti,fra,speks,6.6,0,10,final
2025-10-10,bathroomgraffiti,fra,speks,4.1,0,10,final
2025-10-11,bathroomgraffiti,fra,speks,5.3,0,6,final
2025-10-12,bathroomgraffiti,fra,speks,3.2,0,10,final
2025-10-13,bathroomgraffiti,fra,speks,3.8,0,6,final
2025-10-14,bathroomgraffiti,fra,speks,3.7,1,11,final
2025-10-15,bathroomgraffiti,fra,speks,4,0,12,final
2025-10-16,bathroomgraffiti,fra,speks,4.5,0,15,final
2025-10-17,bathroomgraffiti,fra,speks,4.7,0,13,final
2025-10-18,bathroomgraffiti,fra,speks,5.6,0,11,final
2025-10-19,bathroomgraffiti,fra,speks,5,0,7,final
2025-10-20,bathroomgraffiti,fra,speks,4.8,1,8,final
2025-10-21,bathroomgraffiti,fra,speks,3.8,0,10,final
2025-10-22,bathroomgraffiti,fra,speks,4.5,0,12,final
2025-10-23,bathroomgraffiti,fra,speks,3.6,1,9,final
2025-10-24,bathroomgraffiti,fra,speks,4.3,2,13,final
2025-10-25,bathroomgraffiti,fra,speks,4.2,2,15,final
2025-10-26,bathroomgraffiti,fra,speks,4.2,0,10,final
2025-10-27,bathroomgraffiti,fra,speks,4.4,0,5,final
2025-10-28,bathroomgraffiti,fra,speks,4,0,11,final
2025-10-29,bathroomgraffiti,fra,speks,3.7,0,10,final
2025-10-30,bathroomgraffiti,fra,speks,5.8,0,8,final
2025-10-31,bathroomgraffiti,fra,speks,4.8,0,4,final
2025-11-01,bathroomgraffiti,fra,speks,3,0,3,final
2025-11-02,bathroomgraffiti,fra,speks,4.2,0,12,final
2025-11-03,bathroomgraffiti,fra,speks,5,0,5,final
2025-11-04,bathroomgraffiti,fra,speks,5,0,5,final
2025-11-05,bathroomgraffiti,fra,speks,3.4,0,5,final
2025-11-06,bathroomgraffiti,fra,speks,4.8,1,10,final
2025-11-07,bathroomgraffiti,fra,speks,5,0,5,final
2025-11-08,bathroomgraffiti,fra,speks,5.7,0,3,final
2025-11-09,bathroomgraffiti,fra,speks,3.5,0,6,final
2025-11-10,bathroomgraffiti,fra,speks,4,0,7,final
2025-11-11,bathroomgraffiti,fra,speks,3.6,3,67,final
2025-11-12,bathroomgraffiti,fra,speks,6.5,5,53,final
2025-11-13,bathroomgraffiti,fra,speks,3.9,1,34,final
2025-11-14,bathroomgraffiti,fra,speks,5,1,15,final
2025-11-15,bathroomgraffiti,fra,speks,4,1,9,final
2025-11-16,bathroomgraffiti,fra,speks,3.3,0,11,final
2025-11-17,bathroomgraffiti,fra,speks,4.2,1,17,final
2025-11-18,bathroomgraffiti,fra,speks,3.9,0,8,final
2025-11-19,bathroomgraffiti,fra,speks,3.5,1,8,final
2025-11-20,bathroomgraffiti,fra,speks,3.7,0,9,final
2025-11-21,bathroomgraffiti,fra,speks,3.4,0,5,final
2025-11-22,bathroomgraffiti,fra,speks,3.7,0,11,final
2025-11-23,bathroomgraffiti,fra,speks,3.8,0,9,final
2025-11-24,bathroomgraffiti,fra,speks,3,0,6,final
2025-11-25,bathroomgraffiti,fra,speks,4.3,0,15,final
2025-11-26,bathroomgraffiti,fra,speks,5.3,0,13,final
2025-11-27,bathroomgraffiti,fra,speks,4.5,0,12,final
2025-11-28,bathroomgraffiti,fra,speks,4.1,0,34,final
2025-11-29,bathroomgraffiti,fra,speks,4.5,1,32,final
2025-11-30,bathroomgraffiti,fra,speks,5.0,0,29,final
2025-12-01,bathroomgraffiti,fra,speks,4.4,0,12,final
2025-12-02,bathroomgraffiti,fra,speks,5.4,0,5,final
2025-12-03,bathroomgraffiti,fra,speks,4.6,0,10,final
2025-12-04,bathroomgraffiti,fra,speks,3.7,0,13,final
2025-12-05,bathroomgraffiti,fra,speks,4.2,0,12,final
2025-12-06,bathroomgraffiti,fra,speks,4.4,0,19,final
2025-12-07,bathroomgraffiti,fra,speks,4.5,0,13,final
2025-12-08,bathroomgraffiti,fra,speks,4.5,0,6,final
2025-12-09,bathroomgraffiti,fra,speks,5,0,9,final
2025-12-10,bathroomgraffiti,fra,speks,5.2,0,9,final
2025-12-11,bathroomgraffiti,fra,speks,3.8,0,6,final
2025-12-12,bathroomgraffiti,fra,speks,4.8,0,8,final
2025-12-13,bathroomgraffiti,fra,speks,3.5,0,6,final
2025-12-14,bathroomgraffiti,fra,speks,5.2,0,9,final
2025-12-15,bathroomgraffiti,fra,speks,4.3,0,18,final
2025-12-16,bathroomgraffiti,fra,speks,4.9,0,9,final
2025-12-17,bathroomgraffiti,fra,speks,4.1,0,7,final
2025-12-18,bathroomgraffiti,fra,speks,4.4,0,11,final
2025-12-19,bathroomgraffiti,fra,speks,3.9,0,7,final
2025-12-20,bathroomgraffiti,fra,speks,4.8,0,13,final
2025-12-21,bathroomgraffiti,fra,speks,5.3,0,9,final
2025-12-22,bathroomgraffiti,fra,speks,5.3,0,11,final
2025-12-23,bathroomgraffiti,fra,speks,5.2,0,8,final
2025-12-24,bathroomgraffiti,fra,speks,4.7,0,6,final
2025-12-25,bathroomgraffiti,fra,speks,5,0,14,final
2025-12-26,bathroomgraffiti,fra,speks,4.5,0,6,final
2025-12-27,bathroomgraffiti,fra,speks,5,1,7,final
2025-12-28,bathroomgraffiti,fra,speks,5.1,0,8,final
2025-12-29,bathroomgraffiti,fra,speks,5.6,0,5,final
2025-12-30,bathroomgraffiti,fra,speks,4.6,0,8,final
2025-12-31,bathroomgraffiti,fra,speks,5.4,0,5,final
2026-01-01,bathroomgraffiti,fra,speks,5.1,0,12,final
2026-01-02,bathroomgraffiti,fra,speks,4,0,3,final
2026-01-03,bathroomgraffiti,fra,speks,5.4,0,7,final
2026-01-04,bathroomgraffiti,fra,speks,7.3,0,3,final
2026-01-05,bathroomgraffiti,fra,speks,6,0,5,final
2026-01-06,bathroomgraffiti,fra,speks,5,0,2,final
2026-01-07,bathroomgraffiti,fra,speks,5.5,0,6,final
2026-01-08,bathroomgraffiti,fra,speks,6.5,0,6,final
2026-01-09,bathroomgraffiti,fra,speks,6.6,0,7,final
2026-01-10,bathroomgraffiti,fra,speks,5.5,0,4,final
2026-01-11,bathroomgraffiti,fra,speks,5.5,0,11,final
2026-01-12,bathroomgraffiti,fra,speks,5.7,0,3,final
2026-01-13,bathroomgraffiti,fra,speks,7.8,1,6,final
2026-01-14,bathroomgraffiti,fra,speks,6,0,10,final
2026-01-15,bathroomgraffiti,fra,speks,8.6,0,7,final
2026-01-16,bathroomgraffiti,fra,speks,6.5,1,4,final
2026-01-17,bathroomgraffiti,fra,speks,8,0,7,final
2026-01-18,bathroomgraffiti,fra,speks,4.8,0,5,final
2026-01-19,bathroomgraffiti,fra,speks,4.9,0,9,final
2026-01-20,bathroomgraffiti,fra,speks,4.8,0,4,final
2026-01-21,bathroomgraffiti,fra,speks,5.5,0,6,final
2026-01-22,bathroomgraffiti,fra,speks,6,1,4,final
2026-01-23,bathroomgraffiti,fra,speks,6.2,0,5,final
2026-01-24,bathroomgraffiti,fra,speks,4.9,0,7,final
2026-01-25,bathroomgraffiti,fra,speks,6.1,1,8,final
2026-01-26,bathroomgraffiti,fra,speks,4.6,0,5,final
2026-01-27,bathroomgraffiti,fra,speks,5.4,0,8,final
2026-01-28,bathroomgraffiti,fra,speks,3.2,0,5,final
2026-01-29,bathroomgraffiti,fra,speks,3.7,0,6,final
2026-01-30,bathroomgraffiti,fra,speks,3.7,1,10,final
2026-01-31,bathroomgraffiti,fra,speks,3.8,0,16,final
2026-02-01,bathroomgraffiti,fra,speks,3.9,0,7,final
2026-02-02,bathroomgraffiti,fra,speks,3.4,0,9,final
2026-02-03,bathroomgraffiti,fra,speks,4.7,0,15,final
2026-02-04,bathroomgraffiti,fra,speks,4,0,2,final
2026-02-05,bathroomgraffiti,fra,speks,4.1,0,7,final
2026-02-06,bathroomgraffiti,fra,speks,3.4,0,7,final
2026-02-07,bathroomgraffiti,fra,speks,3.4,0,5,final
2026-02-08,bathroomgraffiti,fra,speks,4.8,0,10,final
2026-02-09,bathroomgraffiti,fra,speks,5.1,0,8,final
2026-02-10,bathroomgraffiti,fra,speks,8.7,0,3,final
2026-02-11,bathroomgraffiti,fra,speks,4,1,5,final
2026-02-12,bathroomgraffiti,fra,speks,8,0,3,final
2026-02-13,bathroomgraffiti,fra,speks,3,0,5,final
2026-02-14,bathroomgraffiti,fra,speks,6.6,0,7,final
2026-02-15,bathroomgraffiti,fra,speks,4.1,0,14,final
2026-02-16,bathroomgraffiti,fra,speks,5.6,0,8,final
2026-02-17,bathroomgraffiti,fra,speks,4,1,4,final
2026-02-18,bathroomgraffiti,fra,speks,6,0,6,final
2026-02-19,bathroomgraffiti,fra,speks,4.1,0,9,final
2026-02-20,bathroomgraffiti,fra,speks,5.7,0,7,final
2026-02-21,bathroomgraffiti,fra,speks,5,0,6,final
2026-02-22,bathroomgraffiti,fra,speks,6.1,0,9,final
2026-02-23,bathroomgraffiti,fra,speks,6,0,6,final
2026-02-24,bathroomgraffiti,fra,speks,5,1,11,final
2026-02-25,bathroomgraffiti,fra,speks,4.5,0,18,final
2026-02-26,bathroomgraffiti,fra,speks,4.8,1,13,final
2026-02-27,bathroomgraffiti,fra,speks,4.8,0,10,final
2026-02-28,bathroomgraffiti,fra,speks,6.9,0,9,final
2026-03-01,bathroomgraffiti,fra,speks,6.8,0,12,final
2026-03-02,bathroomgraffiti,fra,speks,8.2,0,13,final
2026-03-03,bathroomgraffiti,fra,speks,8.1,2,36,final
2026-03-04,bathroomgraffiti,fra,speks,7.9,1,31,final
2026-03-05,bathroomgraffiti,fra,speks,8.1,0,27,final
2026-03-06,bathroomgraffiti,fra,speks,8.0,0,26,final
2026-03-07,bathroomgraffiti,fra,speks,7.8,2,24,final
2026-03-08,bathroomgraffiti,fra,speks,9.5,0,13,final
2026-03-09,bathroomgraffiti,fra,speks,8.3,1,11,final
2026-03-10,bathroomgraffiti,fra,speks,7.7,0,23,final
2026-03-11,bathroomgraffiti,fra,speks,7.1,0,21,final
2026-03-12,bathroomgraffiti,fra,speks,5.3,0,18,final
2026-03-13,bathroomgraffiti,fra,speks,4.6,1,38,final
2026-03-14,bathroomgraffiti,fra,speks,7.2,1,35,final
2026-03-15,bathroomgraffiti,fra,speks,5.0,0,22,final
2026-03-16,bathroomgraffiti,fra,speks,5.6,0,19,final
2026-03-17,bathroomgraffiti,fra,speks,5.4,0,20,final
2026-03-18,bathroomgraffiti,fra,speks,4.7,0,28,final
2026-03-19,bathroomgraffiti,fra,speks,4.7,1,26,final
2026-03-20,bathroomgraffiti,fra,speks,4.8,0,17,final
2026-03-21,bathroomgraffiti,fra,speks,4.9,1,36,final
2026-03-22,bathroomgraffiti,fra,speks,5.3,0,32,final
2026-03-23,bathroomgraffiti,fra,speks,5.7,0,13,final
2026-03-24,bathroomgraffiti,fra,speks,5.8,0,38,final
2026-03-25,bathroomgraffiti,fra,speks,5.0,0,22,final
2026-03-26,bathroomgraffiti,fra,speks,6,0,23,final
2026-03-27,bathroomgraffiti,fra,speks,5.7,0,24,final
2026-03-28,bathroomgraffiti,fra,speks,6.2,0,20,final
2026-03-29,bathroomgraffiti,fra,speks,5.5,0,19,final
2026-03-30,bathroomgraffiti,fra,speks,5.9,1,20,final
2026-03-31,bathroomgraffiti,fra,speks,6.1,0,21,final
2026-04-01,bathroomgraffiti,fra,speks,5.9,0,31,final
2026-04-02,bathroomgraffiti,fra,speks,7.6,0,27,final
2026-04-03,bathroomgraffiti,fra,speks,6.7,0,22,final
2026-04-04,bathroomgraffiti,fra,speks,6.1,0,29,final
2026-04-05,bathroomgraffiti,fra,speks,7,0,25,final
2026-04-06,bathroomgraffiti,fra,speks,7.1,0,13,final
2026-04-07,bathroomgraffiti,fra,speks,7.2,0,13,final
2026-04-08,bathroomgraffiti,fra,speks,7.5,0,20,final
2026-04-09,bathroomgraffiti,fra,speks,6.9,1,12,final
2026-04-10,bathroomgraffiti,fra,speks,6.8,1,18,final
2026-04-11,bathroomgraffiti,fra,speks,14.2,0,5,final
2026-04-12,bathroomgraffiti,fra,speks,7.1,0,15,final
2026-04-13,bathroomgraffiti,fra,speks,7.6,0,26,final
2026-04-14,bathroomgraffiti,fra,speks,7.9,1,36,final
2026-04-15,bathroomgraffiti,fra,speks,7.4,0,16,final
2026-04-16,bathroomgraffiti,fra,speks,6.6,0,46,final
2026-04-17,bathroomgraffiti,fra,speks,7.3,1,23,final
2026-04-18,bathroomgraffiti,fra,speks,7.0,0,34,final
2026-04-19,bathroomgraffiti,fra,speks,7.5,0,31,final
2026-04-20,bathroomgraffiti,fra,speks,7.2,0,25,final
2026-04-21,bathroomgraffiti,fra,speks,7.1,0,49,final
2026-04-22,bathroomgraffiti,fra,speks,7.3,0,22,final
2026-04-23,bathroomgraffiti,fra,speks,8.6,1,17,final
2026-04-24,bathroomgraffiti,fra,speks,8.5,0,10,final
2026-04-25,bathroomgraffiti,fra,speks,9.4,1,10,final
2026-04-26,bathroomgraffiti,fra,speks,7.7,0,6,final
2026-04-27,bathroomgraffiti,fra,speks,8.4,0,19,final
2026-04-28,bathroomgraffiti,fra,speks,9.2,0,20,final
2026-04-29,bathroomgraffiti,fra,speks,8.8,0,12,final
2026-04-30,bathroomgraffiti,fra,speks,8.5,0,11,final
2026-05-01,bathroomgraffiti,fra,speks,10,0,5,final
2026-05-02,bathroomgraffiti,fra,speks,9,0,6,final
2026-05-03,bathroomgraffiti,fra,speks,8.3,0,9,final
2026-05-04,bathroomgraffiti,fra,speks,8,1,6,final
2026-05-05,bathroomgraffiti,fra,speks,7.5,0,11,final
2026-05-06,bathroomgraffiti,fra,speks,8.4,0,16,final
2026-05-07,bathroomgraffiti,fra,speks,13.1,0,9,final
2026-05-08,bathroomgraffiti,fra,speks,8.1,0,49,final
2026-05-09,bathroomgraffiti,fra,speks,7.8,3,113,final
2026-05-10,bathroomgraffiti,fra,speks,7.5,3,81,final
2026-05-11,bathroomgraffiti,fra,speks,6.6,0,24,final
2026-05-12,bathroomgraffiti,fra,speks,8.4,0,20,final
2026-05-13,bathroomgraffiti,fra,speks,5.6,0,25,final
2026-05-14,bathroomgraffiti,fra,speks,6.2,0,26,final
2026-05-15,bathroomgraffiti,fra,speks,5.5,1,25,final
2026-05-16,bathroomgraffiti,fra,speks,7,0,33,final
2026-05-17,bathroomgraffiti,fra,speks,7,0,23,final
2026-05-18,bathroomgraffiti,fra,speks,6.2,1,20,final
2026-05-19,bathroomgraffiti,fra,speks,6.4,0,13,final
2026-05-20,bathroomgraffiti,fra,speks,6.6,0,12,final
2026-05-21,bathroomgraffiti,fra,speks,4.4,0,13,final
2026-05-22,bathroomgraffiti,fra,speks,3.5,0,16,final
2026-05-23,bathroomgraffiti,fra,speks,5.4,0,24,final
2026-05-24,bathroomgraffiti,fra,speks,5.1,0,21,final
2026-05-25,bathroomgraffiti,fra,speks,5.2,0,23,final
2026-05-26,bathroomgraffiti,fra,speks,4.6,1,25,final
2026-05-27,bathroomgraffiti,fra,speks,4.4,0,16,final
2026-05-28,bathroomgraffiti,fra,speks,4.9,0,22,final
2026-05-29,bathroomgraffiti,fra,speks,5.3,0,10,final
2026-05-30,bathroomgraffiti,fra,speks,4.6,0,9,final
2026-05-31,bathroomgraffiti,fra,speks,4.6,0,17,final
2026-06-01,bathroomgraffiti,fra,speks,4.1,0,17,final
2026-06-02,bathroomgraffiti,fra,speks,4.7,0,21,final
2026-06-03,bathroomgraffiti,fra,speks,5.6,1,23,final
2026-06-04,bathroomgraffiti,fra,speks,7.6,0,18,final
2026-06-05,bathroomgraffiti,fra,speks,7.1,0,8,final
2026-06-06,bathroomgraffiti,fra,speks,8.2,1,20,final
2026-06-07,bathroomgraffiti,fra,speks,8.3,0,6,final
2026-06-08,bathroomgraffiti,fra,speks,6.4,0,14,final
2026-06-09,bathroomgraffiti,fra,speks,5.1,0,19,final
2026-06-10,bathroomgraffiti,fra,speks,6.5,2,28,final
2026-06-11,bathroomgraffiti,fra,speks,6.7,0,20,final
2026-06-12,bathroomgraffiti,fra,speks,6.9,1,23,final
2026-06-13,bathroomgraffiti,fra,speks,5.4,0,24,final
2026-06-14,bathroomgraffiti,fra,speks,6.4,0,36,final
2026-06-15,bathroomgraffiti,fra,speks,7.0,0,24,final
2026-06-16,bathroomgraffiti,fra,speks,7,1,22,final
2026-06-17,bathroomgraffiti,fra,speks,6.4,0,26,final
2026-06-18,bathroomgraffiti,fra,speks,6.4,0,15,final
2026-06-19,bathroomgraffiti,fra,speks,6.9,0,15,final
2026-06-20,bathroomgraffiti,fra,speks,7.2,1,27,final
2026-06-21,bathroomgraffiti,fra,speks,6.4,0,19,final
2026-06-22,bathroomgraffiti,fra,speks,6.5,0,13,final
2026-06-23,bathroomgraffiti,fra,speks,6.2,0,11,final
2026-06-24,bathroomgraffiti,fra,speks,5.7,0,7,final
2026-06-25,bathroomgraffiti,fra,speks,6.8,0,10,final
2026-06-26,bathroomgraffiti,fra,speks,7.5,0,12,final
2026-06-27,bathroomgraffiti,fra,speks,7.4,0,7,final
2026-06-28,bathroomgraffiti,fra,speks,9.6,0,14,final
2026-06-29,bathroomgraffiti,fra,speks,9.8,0,12,final
2026-06-30,bathroomgraffiti,fra,speks,9.5,0,12,final
2026-07-01,bathroomgraffiti,fra,speks,7.4,0,16,final
2026-07-02,bathroomgraffiti,fra,speks,6.9,0,13,final
2026-07-03,bathroomgraffiti,fra,speks,5.3,0,19,final
2026-07-04,bathroomgraffiti,fra,speks,5.3,0,26,final
2026-07-05,bathroomgraffiti,fra,speks,5.5,0,15,final
2026-07-06,bathroomgraffiti,fra,speks,5.8,0,13,final
2026-07-07,bathroomgraffiti,fra,speks,5.6,1,9,final
2026-07-08,bathroomgraffiti,fra,speks,4.9,1,19,final
2026-07-09,bathroomgraffiti,fra,speks,6.2,0,4,final
2026-07-10,bathroomgraffiti,fra,speks,4.4,0,7,final
2026-07-11,bathroomgraffiti,fra,speks,6.2,0,16,final
2026-07-12,bathroomgraffiti,fra,speks,7.5,0,21,final
2026-07-13,bathroomgraffiti,fra,speks,6.8,0,25,final
2026-07-14,bathroomgraffiti,fra,speks,7.1,0,17,final
2026-07-15,bathroomgraffiti,fra,speks,4.6,0,14,final
2026-07-16,bathroomgraffiti,fra,speks,4.7,0,18,final
2026-07-17,bathroomgraffiti,fra,speks,5.8,0,24,final
2026-07-18,bathroomgraffiti,fra,speks,6,1,28,final
2026-07-19,bathroomgraffiti,fra,speks,4.9,1,14,final
2026-07-20,bathroomgraffiti,fra,speks,4.9,0,16,final
2026-07-21,bathroomgraffiti,fra,speks,5.4,0,14,final
2026-07-22,bathroomgraffiti,fra,speks,5.0,1,21,final
2026-07-23,bathroomgraffiti,fra,speks,5.0,0,21,final
2026-07-24,bathroomgraffiti,fra,speks,5.7,0,26,final
2026-07-25,bathroomgraffiti,fra,speks,4.9,0,29,final
2026-07-26,bathroomgraffiti,fra,speks,5.0,0,32,final
2026-07-27,bathroomgraffiti,fra,speks,4.8,2,38,final
2026-07-28,bathroomgraffiti,fra,speks,5.3,0,21,final
2026-07-29,bathroomgraffiti,fra,speks,5.7,0,27,final
2026-07-30,bathroomgraffiti,fra,speks,5.2,0,20,final
2026-07-31,bathroomgraffiti,fra,speks,4.7,0,27,final
2026-08-01,bathroomgraffiti,fra,speks,4.3,0,27,final
2026-08-02,bathroomgraffiti,fra,speks,5,0,16,final
2026-08-03,bathroomgraffiti,fra,speks,4.7,0,26,final
2026-08-04,bathroomgraffiti,fra,speks,5.3,0,27,final
2026-08-05,bathroomgraffiti,fra,speks,5.7,1,32,final
2026-08-06,bathroomgraffiti,fra,speks,4.6,0,29,final
2026-08-07,bathroomgraffiti,fra,speks,4.2,2,19,final
2026-08-08,bathroomgraffiti,fra,speks,3.6,0,14,final
2026-08-09,bathroomgraffiti,fra,speks,4.5,0,20,final
2026-08-10,bathroomgraffiti,fra,speks,4.3,0,22,final
2026-08-11,bathroomgraffiti,fra,speks,5.1,0,23,final
2026-08-12,bathroomgraffiti,fra,speks,3.2,0,16,final
2026-08-13,bathroomgraffiti,fra,speks,3.9,0,16,final
2026-08-14,bathroomgraffiti,fra,speks,3.6,0,12,final
2026-08-15,bathroomgraffiti,fra,speks,4.3,0,17,final
2026-08-16,bathroomgraffiti,fra,speks,4.3,1,22,final
2026-08-17,bathroomgraffiti,fra,speks,4.1,2,19,final
2026-08-18,bathroomgraffiti,fra,speks,3.8,0,23,final
2026-08-19,bathroomgraffiti,fra,speks,4.2,1,26,final
2026-08-20,bathroomgraffiti,fra,speks,5.6,0,25,final
2026-08-21,bathroomgraffiti,fra,speks,5.5,1,23,final
2026-08-22,bathroomgraffiti,fra,speks,5.6,0,24,final
2026-08-23,bathroomgraffiti,fra,speks,5.2,0,17,final
2026-08-24,bathroomgraffiti,fra,speks,5.6,0,25,final
2026-08-25,bathroomgraffiti,fra,speks,7.3,0,18,final
2026-08-26,bathroomgraffiti,fra,speks,7.3,2,15,final
2026-08-27,bathroomgraffiti,fra,speks,7.0,0,26,final
2026-08-28,bathroomgraffiti,fra,speks,4.4,0,24,final
2026-08-29,bathroomgraffiti,fra,speks,7.4,0,11,final
2026-08-30,bathroomgraffiti,fra,speks,9.4,0,7,final
2026-08-31,bathroomgraffiti,fra,speks,7.8,0,5,final
2026-09-01,bathroomgraffiti,fra,speks,9,0,2,final
2026-09-02,bathroomgraffiti,fra,speks,8.7,1,10,final
2026-09-03,bathroomgraffiti,fra,speks,16.7,0,3,final
2026-09-04,bathroomgraffiti,fra,speks,9.3,0,3,final
2026-09-05,bathroomgraffiti,fra,speks,9,0,2,final
2026-09-06,bathroomgraffiti,fra,speks,8.3,0,9,final
2026-09-07,bathroomgraffiti,fra,speks,8.3,0,3,final
2026-09-08,bathroomgraffiti,fra,speks,8.2,1,14,final
2026-09-09,bathroomgraffiti,fra,speks,6.7,3,30,final
2026-09-10,bathroomgraffiti,fra,speks,7.5,0,4,final
2026-09-11,bathroomgraffiti,fra,speks,7.4,0,15,final
2026-09-12,bathroomgraffiti,fra,speks,5.3,0,30,final
2026-09-13,bathroomgraffiti,fra,speks,5.3,0,22,final
2026-09-14,bathroomgraffiti,fra,speks,6.9,0,27,final
2026-09-15,bathroomgraffiti,fra,speks,6.7,0,21,final
2026-09-16,bathroomgraffiti,fra,speks,3.7,0,7,final
2026-09-17,bathroomgraffiti,fra,speks,5.3,0,7,final
2026-09-18,bathroomgraffiti,fra,speks,4.8,0,14,final
2026-09-19,bathroomgraffiti,fra,speks,4,0,1,final
2026-09-20,bathroomgraffiti,fra,speks,3,0,2,final
2026-09-21,bathroomgraffiti,fra,speks,6.8,0,6,final
2026-09-22,bathroomgraffiti,fra,speks,8,1,16,final
2026-09-23,bathroomgraffiti,fra,speks,5.7,0,3,final
2026-09-24,bathroomgraffiti,fra,speks,6.9,0,7,final
2026-09-25,bathroomgraffiti,fra,speks,11.2,0,4,final
2026-09-26,bathroomgraffiti,fra,speks,5.5,0,15,final
2026-09-27,bathroomgraffiti,fra,speks,5,0,38,final
2026-09-28,bathroomgraffiti,fra,speks,4.8,0,20,final
2026-09-29,bathroomgraffiti,fra,speks,4.5,0,22,final
2026-09-30,bathroomgraffiti,fra,speks,4.5,0,22,final
2026-10-01,bathroomgraffiti,fra,speks,4.2,1,21,final
2026-10-02,bathroomgraffiti,fra,speks,5.6,0,14,final
2026-10-03,bathroomgraffiti,fra,speks,5.2,1,33,final
2026-10-04,bathroomgraffiti,fra,speks,5.9,1,17,fresh
2026-10-05,bathroomgraffiti,fra,speks,4.7,1,13,fresh
2025-11-18,bathroomgraffiti,fra,speks france,8,0,1,final
2025-11-24,bathroomgraffiti,fra,speks france,7,0,1,final
2025-11-25,bathroomgraffiti,fra,speks france,9,0,1,final
2025-11-26,bathroomgraffiti,fra,speks france,6,0,1,final
2025-11-27,bathroomgraffiti,fra,speks france,8,0,1,final
2025-11-28,bathroomgraffiti,fra,speks france,6.5,0,2,final
2025-11-29,bathroomgraffiti,fra,speks france,8,0,1,final
2025-11-30,bathroomgraffiti,fra,speks france,5,0,3,final
2025-12-01,bathroomgraffiti,fra,speks france,6,0,1,final
2025-12-02,bathroomgraffiti,fra,speks france,5,0,1,final
2025-12-03,bathroomgraffiti,fra,speks france,3,0,4,final
2025-12-06,bathroomgraffiti,fra,speks france,5,0,1,final
2025-12-08,bathroomgraffiti,fra,speks france,3,0,3,final
2025-12-10,bathroomgraffiti,fra,speks france,5,0,1,final
2025-12-11,bathroomgraffiti,fra,speks france,3,0,1,final
2025-12-14,bathroomgraffiti,fra,speks france,3,0,1,final
2025-12-15,bathroomgraffiti,fra,speks france,2,0,1,final
2025-12-16,bathroomgraffiti,fra,speks france,3,0,2,final
2025-12-18,bathroomgraffiti,fra,speks france,4.5,0,2,final
2025-12-19,bathroomgraffiti,fra,speks france,3,0,1,final
2025-12-26,bathroomgraffiti,fra,speks france,2,1,1,final
2025-12-27,bathroomgraffiti,fra,speks france,3,0,1,final
2025-12-31,bathroomgraffiti,fra,speks france,8,0,1,final
2026-01-01,bathroomgraffiti,fra,speks france,4,0,2,final
2026-01-07,bathroomgraffiti,fra,speks france,2,0,1,final
2026-01-08,bathroomgraffiti,fra,speks france,2,1,1,final
2026-01-17,bathroomgraffiti,fra,speks france,8,1,1,final
2026-01-18,bathroomgraffiti,fra,speks france,2,0,1,final
2026-01-23,bathroomgraffiti,fra,speks france,2,0,1,final
2026-01-24,bathroomgraffiti,fra,speks france,2,0,1,final
2026-01-25,bathroomgraffiti,fra,speks france,2,0,2,final
2026-01-30,bathroomgraffiti,fra,speks france,2,0,1,final
2026-01-31,bathroomgraffiti,fra,speks france,2,0,1,final
2026-02-01,bathroomgraffiti,fra,speks france,2,0,1,final
2026-02-03,bathroomgraffiti,fra,speks france,4,0,1,final
2026-02-08,bathroomgraffiti,fra,speks france,2,0,1,final
2026-02-15,bathroomgraffiti,fra,speks france,2,1,1,final
2026-02-19,bathroomgraffiti,fra,speks france,2,0,1,final
2026-02-21,bathroomgraffiti,fra,speks france,2,1,2,final
2026-02-26,bathroomgraffiti,fra,speks france,3,0,1,final
2026-03-01,bathroomgraffiti,fra,speks france,4.3,0,3,final
2026-03-03,bathroomgraffiti,fra,speks france,3.5,0,2,final
2026-03-04,bathroomgraffiti,fra,speks france,3.8,0,6,final
2026-03-05,bathroomgraffiti,fra,speks france,4,1,4,final
2026-03-06,bathroomgraffiti,fra,speks france,3.3,1,3,final
2026-03-07,bathroomgraffiti,fra,speks france,3.5,0,2,final
2026-03-08,bathroomgraffiti,fra,speks france,3,0,1,final
2026-03-09,bathroomgraffiti,fra,speks france,3,0,3,final
2026-03-10,bathroomgraffiti,fra,speks france,4.3,0,3,final
2026-03-11,bathroomgraffiti,fra,speks france,3,0,5,final
2026-03-13,bathroomgraffiti,fra,speks france,3.5,0,4,final
2026-03-14,bathroomgraffiti,fra,speks france,3,0,1,final
2026-03-15,bathroomgraffiti,fra,speks france,3,0,1,final
2026-03-16,bathroomgraffiti,fra,speks france,2,0,1,final
2026-03-17,bathroomgraffiti,fra,speks france,2.5,0,2,final
2026-03-21,bathroomgraffiti,fra,speks france,3,0,1,final
2026-03-24,bathroomgraffiti,fra,speks france,3,0,4,final
2026-03-25,bathroomgraffiti,fra,speks france,2.7,0,3,final
2026-03-27,bathroomgraffiti,fra,speks france,3,0,1,final
2026-03-28,bathroomgraffiti,fra,speks france,3,0,2,final
2026-03-29,bathroomgraffiti,fra,speks france,4,0,2,final
2026-03-30,bathroomgraffiti,fra,speks france,2.7,0,3,final
2026-03-31,bathroomgraffiti,fra,speks france,4.5,0,2,final
2026-04-01,bathroomgraffiti,fra,speks france,3.5,1,2,final
2026-04-03,bathroomgraffiti,fra,speks france,2.5,0,4,final
2026-04-04,bathroomgraffiti,fra,speks france,2.7,0,3,final
2026-04-05,bathroomgraffiti,fra,speks france,2.5,0,2,final
2026-04-06,bathroomgraffiti,fra,speks france,2.5,0,2,final
2026-04-07,bathroomgraffiti,fra,speks france,3.3,0,3,final
2026-04-08,bathroomgraffiti,fra,speks france,3.2,1,5,final
2026-04-09,bathroomgraffiti,fra,speks france,3.8,0,5,final
2026-04-10,bathroomgraffiti,fra,speks france,3.4,0,5,final
2026-04-11,bathroomgraffiti,fra,speks france,3.7,0,3,final
2026-04-12,bathroomgraffiti,fra,speks france,3.5,1,6,final
2026-04-13,bathroomgraffiti,fra,speks france,3.5,1,2,final
2026-04-14,bathroomgraffiti,fra,speks france,3,2,7,final
2026-04-15,bathroomgraffiti,fra,speks france,2.7,0,10,final
2026-04-16,bathroomgraffiti,fra,speks france,3.8,0,6,final
2026-04-17,bathroomgraffiti,fra,speks france,2.4,1,5,final
2026-04-18,bathroomgraffiti,fra,speks france,2.6,0,5,final
2026-04-19,bathroomgraffiti,fra,speks france,3.4,1,5,final
2026-04-20,bathroomgraffiti,fra,speks france,6,0,1,final
2026-04-21,bathroomgraffiti,fra,speks france,4,0,8,final
2026-04-22,bathroomgraffiti,fra,speks france,4,0,1,final
2026-04-23,bathroomgraffiti,fra,speks france,4.2,0,4,final
2026-04-25,bathroomgraffiti,fra,speks france,3.7,1,3,final
2026-04-26,bathroomgraffiti,fra,speks france,4,0,1,final
2026-04-27,bathroomgraffiti,fra,speks france,5,0,1,final
2026-04-28,bathroomgraffiti,fra,speks france,2.7,0,3,final
2026-04-29,bathroomgraffiti,fra,speks france,3,0,1,final
2026-04-30,bathroomgraffiti,fra,speks france,2.8,0,5,final
2026-05-01,bathroomgraffiti,fra,speks france,3.2,2,4,final
2026-05-02,bathroomgraffiti,fra,speks france,4.2,1,4,final
2026-05-03,bathroomgraffiti,fra,speks france,2,0,3,final
2026-05-04,bathroomgraffiti,fra,speks france,8,0,3,final
2026-05-05,bathroomgraffiti,fra,speks france,5.5,0,2,final
2026-05-06,bathroomgraffiti,fra,speks france,3,0,4,final
2026-05-07,bathroomgraffiti,fra,speks france,3,0,1,final
2026-05-08,bathroomgraffiti,fra,speks france,2.8,0,5,final
2026-05-09,bathroomgraffiti,fra,speks france,3.7,0,11,final
2026-05-10,bathroomgraffiti,fra,speks france,8.1,0,16,final
2026-05-11,bathroomgraffiti,fra,speks france,8,0,1,final
2026-05-12,bathroomgraffiti,fra,speks france,7.6,0,5,final
2026-05-13,bathroomgraffiti,fra,speks france,7,1,3,final
2026-05-14,bathroomgraffiti,fra,speks france,8,0,1,final
2026-05-15,bathroomgraffiti,fra,speks france,9,0,2,final
2026-05-16,bathroomgraffiti,fra,speks france,6.5,0,4,final
2026-05-17,bathroomgraffiti,fra,speks france,6.5,0,2,final
2026-05-18,bathroomgraffiti,fra,speks france,7.2,0,6,final
2026-05-19,bathroomgraffiti,fra,speks france,5,0,1,final
2026-05-20,bathroomgraffiti,fra,speks france,9,0,2,final
2026-05-22,bathroomgraffiti,fra,speks france,6,0,1,final
2026-05-23,bathroomgraffiti,fra,speks france,5.5,0,2,final
2026-05-24,bathroomgraffiti,fra,speks france,5.5,0,2,final
2026-05-25,bathroomgraffiti,fra,speks france,8,0,2,final
2026-05-26,bathroomgraffiti,fra,speks france,9,0,1,final
2026-05-27,bathroomgraffiti,fra,speks france,5,0,1,final
2026-05-28,bathroomgraffiti,fra,speks france,7,0,1,final
2026-05-29,bathroomgraffiti,fra,speks france,5,0,1,final
2026-05-30,bathroomgraffiti,fra,speks france,6.3,0,3,final
2026-05-31,bathroomgraffiti,fra,speks france,7,1,1,final
2026-06-01,bathroomgraffiti,fra,speks france,6,0,2,final
2026-06-03,bathroomgraffiti,fra,speks france,6.2,0,4,final
2026-06-05,bathroomgraffiti,fra,speks france,5.5,1,2,final
2026-06-06,bathroomgraffiti,fra,speks france,5.5,0,2,final
2026-06-07,bathroomgraffiti,fra,speks france,4,0,1,final
2026-06-08,bathroomgraffiti,fra,speks france,5,0,1,final
2026-06-09,bathroomgraffiti,fra,speks france,6,0,2,final
2026-06-10,bathroomgraffiti,fra,speks france,4,0,1,final
2026-06-11,bathroomgraffiti,fra,speks france,3,0,2,final
2026-06-12,bathroomgraffiti,fra,speks france,7,1,1,final
2026-06-14,bathroomgraffiti,fra,speks france,5.5,0,2,final
2026-06-15,bathroomgraffiti,fra,speks france,4.3,0,3,final
2026-06-16,bathroomgraffiti,fra,speks france,4.7,0,3,final
2026-06-17,bathroomgraffiti,fra,speks france,8,0,1,final
2026-06-18,bathroomgraffiti,fra,speks france,6,0,5,final
2026-06-19,bathroomgraffiti,fra,speks france,7,0,1,final
2026-06-20,bathroomgraffiti,fra,speks france,6,0,1,final
2026-06-21,bathroomgraffiti,fra,speks france,6,0,2,final
2026-06-22,bathroomgraffiti,fra,speks france,6.8,0,8,final
2026-06-24,bathroomgraffiti,fra,speks france,7,0,1,final
2026-06-25,bathroomgraffiti,fra,speks france,8,0,1,final
2026-06-27,bathroomgraffiti,fra,speks france,7.3,1,3,final
2026-06-28,bathroomgraffiti,fra,speks france,7.2,0,4,final
2026-06-29,bathroomgraffiti,fra,speks france,7,0,2,final
2026-06-30,bathroomgraffiti,fra,speks france,5,1,4,final
2026-07-01,bathroomgraffiti,fra,speks france,5,0,2,final
2026-07-02,bathroomgraffiti,fra,speks france,3,1,4,final
2026-07-03,bathroomgraffiti,fra,speks france,4,0,1,final
2026-07-04,bathroomgraffiti,fra,speks france,4.3,1,3,final
2026-07-05,bathroomgraffiti,fra,speks france,4,0,1,final
2026-07-09,bathroomgraffiti,fra,speks france,4,0,1,final
2026-07-10,bathroomgraffiti,fra,speks france,5.5,0,2,final
2026-07-11,bathroomgraffiti,fra,speks france,2,0,1,final
2026-07-12,bathroomgraffiti,fra,speks france,2.2,1,4,final
2026-07-13,bathroomgraffiti,fra,speks france,4,0,1,final
2026-07-14,bathroomgraffiti,fra,speks france,2.5,1,2,final
2026-07-15,bathroomgraffiti,fra,speks france,2.8,0,4,final
2026-07-16,bathroomgraffiti,fra,speks france,3.6,1,5,final
2026-07-17,bathroomgraffiti,fra,speks france,4,1,1,final
2026-07-18,bathroomgraffiti,fra,speks france,3,0,1,final
2026-07-19,bathroomgraffiti,fra,speks france,2,0,1,final
2026-07-22,bathroomgraffiti,fra,speks france,2,0,1,final
2026-07-23,bathroomgraffiti,fra,speks france,3,1,4,final
2026-07-24,bathroomgraffiti,fra,speks france,2,0,1,final
2026-07-25,bathroomgraffiti,fra,speks france,2,1,3,final
2026-07-26,bathroomgraffiti,fra,speks france,2.6,2,7,final
2026-07-27,bathroomgraffiti,fra,speks france,4,0,2,final
2026-07-28,bathroomgraffiti,fra,speks france,2,0,5,final
2026-07-29,bathroomgraffiti,fra,speks france,2.8,0,4,final
2026-07-30,bathroomgraffiti,fra,speks france,2,0,2,final
2026-07-31,bathroomgraffiti,fra,speks france,2.3,0,3,final
2026-08-01,bathroomgraffiti,fra,speks france,1,0,1,final
2026-08-02,bathroomgraffiti,fra,speks france,2,0,3,final
2026-08-03,bathroomgraffiti,fra,speks france,2.7,0,3,final
2026-08-04,bathroomgraffiti,fra,speks france,2.2,2,6,final
2026-08-05,bathroomgraffiti,fra,speks france,2,0,1,final
2026-08-06,bathroomgraffiti,fra,speks france,2,0,2,final
2026-08-07,bathroomgraffiti,fra,speks france,2,1,1,final
2026-08-08,bathroomgraffiti,fra,speks france,2.8,0,4,final
2026-08-10,bathroomgraffiti,fra,speks france,4,0,1,final
2026-08-11,bathroomgraffiti,fra,speks france,4,0,1,final
2026-08-12,bathroomgraffiti,fra,speks france,2,0,3,final
2026-08-13,bathroomgraffiti,fra,speks france,2,0,1,final
2026-08-16,bathroomgraffiti,fra,speks france,2.5,0,2,final
2026-08-18,bathroomgraffiti,fra,speks france,3,1,2,final
2026-08-20,bathroomgraffiti,fra,speks france,2.5,0,2,final
2026-08-21,bathroomgraffiti,fra,speks france,2,0,1,final
2026-08-22,bathroomgraffiti,fra,speks france,2.7,0,3,final
2026-08-23,bathroomgraffiti,fra,speks france,2,0,2,final
2026-08-25,bathroomgraffiti,fra,speks france,2.3,0,3,final
2026-08-26,bathroomgraffiti,fra,speks france,3,0,2,final
2026-08-27,bathroomgraffiti,fra,speks france,2.6,0,5,final
2026-08-28,bathroomgraffiti,fra,speks france,2.5,0,2,final
2026-08-29,bathroomgraffiti,fra,speks france,3,0,2,final
2026-08-30,bathroomgraffiti,fra,speks france,3,0,2,final
2026-08-31,bathroomgraffiti,fra,speks france,3.3,1,3,final
2026-09-01,bathroomgraffiti,fra,speks france,2.7,0,3,final
2026-09-02,bathroomgraffiti,fra,speks france,2,0,2,final
2026-09-03,bathroomgraffiti,fra,speks france,3.3,0,3,final
2026-09-04,bathroomgraffiti,fra,speks france,3,0,3,final
2026-09-05,bathroomgraffiti,fra,speks france,2.5,0,6,final
2026-09-06,bathroomgraffiti,fra,speks france,2,0,1,final
2026-09-07,bathroomgraffiti,fra,speks france,4.2,0,4,final
2026-09-08,bathroomgraffiti,fra,speks france,6,0,1,final
2026-09-09,bathroomgraffiti,fra,speks france,2.6,0,5,final
2026-09-10,bathroomgraffiti,fra,speks france,5,0,1,final
2026-09-11,bathroomgraffiti,fra,speks france,3,0,3,final
2026-09-12,bathroomgraffiti,fra,speks france,3.8,1,4,final
2026-09-13,bathroomgraffiti,fra,speks france,2,0,2,final
2026-09-14,bathroomgraffiti,fra,speks france,2,0,2,final
2026-09-15,bathroomgraffiti,fra,speks france,4.2,1,4,final
2026-09-16,bathroomgraffiti,fra,speks france,6,0,4,final
2026-09-17,bathroomgraffiti,fra,speks france,2.7,0,3,final
2026-09-18,bathroomgraffiti,fra,speks france,3.7,0,3,final
2026-09-19,bathroomgraffiti,fra,speks france,3.5,0,2,final
2026-09-20,bathroomgraffiti,fra,speks france,4.9,1,7,final
2026-09-21,bathroomgraffiti,fra,speks france,4,0,3,final
2026-09-23,bathroomgraffiti,fra,speks france,6.7,0,3,final
2026-09-24,bathroomgraffiti,fra,speks france,4,2,2,final
2026-09-25,bathroomgraffiti,fra,speks france,5,0,4,final
2026-09-26,bathroomgraffiti,fra,speks france,2.8,3,6,final
2026-09-27,bathroomgraffiti,fra,speks france,4,0,2,final
2026-09-29,bathroomgraffiti,fra,speks france,3.4,0,7,final
2026-09-30,bathroomgraffiti,fra,speks france,3,1,1,final
2026-10-01,bathroomgraffiti,fra,speks france,3.5,0,2,final
2026-10-02,bathroomgraffiti,fra,speks france,3.5,0,2,final
2026-10-03,bathroomgraffiti,fra,speks france,3.7,1,3,final
2026-06-22,bathroomgraffiti,fra,squishy dumpling,2,0,1,final
2026-07-01,bathroomgraffiti,fra,squishy dumpling,2,0,1,final
2026-07-08,bathroomgraffiti,fra,squishy dumpling,1,0,2,final
2026-07-09,bathroomgraffiti,fra,squishy dumpling,2,0,4,final
2026-07-11,bathroomgraffiti,fra,squishy dumpling,6,0,2,final
2026-07-13,bathroomgraffiti,fra,squishy dumpling,5.5,0,2,final
2026-07-16,bathroomgraffiti,fra,squishy dumpling,13,0,1,final
2026-07-24,bathroomgraffiti,fra,squishy dumpling,8,0,1,final
2026-07-31,bathroomgraffiti,fra,squishy dumpling,3.5,4,14,final
2026-08-02,bathroomgraffiti,fra,squishy dumpling,5.8,0,5,final
2026-08-03,bathroomgraffiti,fra,squishy dumpling,3,1,10,final
2026-08-04,bathroomgraffiti,fra,squishy dumpling,3,0,5,final
2026-08-05,bathroomgraffiti,fra,squishy dumpling,4.0,0,44,final
2026-08-06,bathroomgraffiti,fra,squishy dumpling,3.3,0,15,final
2026-08-07,bathroomgraffiti,fra,squishy dumpling,4.5,0,4,final
2026-08-08,bathroomgraffiti,fra,squishy dumpling,3.8,2,16,final
2026-08-09,bathroomgraffiti,fra,squishy dumpling,5,3,11,final
2026-08-10,bathroomgraffiti,fra,squishy dumpling,4.2,4,9,final
2026-08-11,bathroomgraffiti,fra,squishy dumpling,4.8,0,4,final
2026-08-12,bathroomgraffiti,fra,squishy dumpling,5.3,1,3,final
2026-08-13,bathroomgraffiti,fra,squishy dumpling,5.2,0,4,final
2026-08-14,bathroomgraffiti,fra,squishy dumpling,10,2,3,final
2026-08-15,bathroomgraffiti,fra,squishy dumpling,2,0,1,final
2026-08-16,bathroomgraffiti,fra,squishy dumpling,1.9,1,36,final
2026-08-17,bathroomgraffiti,fra,squishy dumpling,2.6,0,21,final
2026-08-18,bathroomgraffiti,fra,squishy dumpling,2.1,3,26,final
2026-08-19,bathroomgraffiti,fra,squishy dumpling,2.4,0,16,final
2026-08-20,bathroomgraffiti,fra,squishy dumpling,2.1,2,27,final
2026-08-21,bathroomgraffiti,fra,squishy dumpling,2.7,2,12,final
2026-08-22,bathroomgraffiti,fra,squishy dumpling,3.2,1,5,final
2026-08-23,bathroomgraffiti,fra,squishy dumpling,5.8,3,8,final
2026-08-24,bathroomgraffiti,fra,squishy dumpling,2.8,1,4,final
2026-08-25,bathroomgraffiti,fra,squishy dumpling,4.1,1,7,final
2026-08-26,bathroomgraffiti,fra,squishy dumpling,2,2,5,final
2026-08-27,bathroomgraffiti,fra,squishy dumpling,2,1,2,final
2026-08-28,bathroomgraffiti,fra,squishy dumpling,5,0,3,final
2026-08-29,bathroomgraffiti,fra,squishy dumpling,3.7,1,7,final
2026-08-30,bathroomgraffiti,fra,squishy dumpling,2,0,2,final
2026-08-31,bathroomgraffiti,fra,squishy dumpling,3.5,2,4,final
2026-09-01,bathroomgraffiti,fra,squishy dumpling,4,0,4,final
2026-09-02,bathroomgraffiti,fra,squishy dumpling,5,1,5,final
2026-09-03,bathroomgraffiti,fra,squishy dumpling,3,0,2,final
2026-09-04,bathroomgraffiti,fra,squishy dumpling,3,0,1,final
2026-09-05,bathroomgraffiti,fra,squishy dumpling,2.6,1,7,final
2026-09-06,bathroomgraffiti,fra,squishy dumpling,4.3,1,6,final
2026-09-07,bathroomgraffiti,fra,squishy dumpling,2.5,0,2,final
2026-09-08,bathroomgraffiti,fra,squishy dumpling,3.6,0,5,final
2026-09-09,bathroomgraffiti,fra,squishy dumpling,4.4,0,18,final
2026-09-10,bathroomgraffiti,fra,squishy dumpling,3.8,0,8,final
2026-09-11,bathroomgraffiti,fra,squishy dumpling,2.6,0,8,final
2026-09-12,bathroomgraffiti,fra,squishy dumpling,3.2,0,23,final
2026-09-13,bathroomgraffiti,fra,squishy dumpling,3.8,0,22,final
2026-09-14,bathroomgraffiti,fra,squishy dumpling,3.6,1,17,final
2026-09-15,bathroomgraffiti,fra,squishy dumpling,3.5,0,8,final
2026-09-16,bathroomgraffiti,fra,squishy dumpling,3.4,1,14,final
2026-09-17,bathroomgraffiti,fra,squishy dumpling,8,0,1,final
2026-09-18,bathroomgraffiti,fra,squishy dumpling,5,1,3,final
2026-09-19,bathroomgraffiti,fra,squishy dumpling,5.2,0,4,final
2026-09-20,bathroomgraffiti,fra,squishy dumpling,6,0,2,final
2026-09-24,bathroomgraffiti,fra,squishy dumpling,6,1,3,final
2026-09-25,bathroomgraffiti,fra,squishy dumpling,5.5,0,2,final
2026-09-30,bathroomgraffiti,fra,squishy dumpling,3.7,0,3,final
2026-10-02,bathroomgraffiti,fra,squishy dumpling,9,0,1,final
2026-10-03,bathroomgraffiti,fra,squishy dumpling,3.5,0,2,final
2026-10-04,bathroomgraffiti,fra,squishy dumpling,2.3,0,3,fresh
2026-10-05,bathroomgraffiti,fra,squishy dumpling,4,0,1,fresh
2025-06-12,bathroomgraffiti,fra,vase que rico,10,0,2,final
2025-06-13,bathroomgraffiti,fra,vase que rico,10.5,0,4,final
2025-06-14,bathroomgraffiti,fra,vase que rico,9.5,0,4,final
2025-06-15,bathroomgraffiti,fra,vase que rico,10,0,1,final
2025-06-16,bathroomgraffiti,fra,vase que rico,11,0,1,final
2025-06-17,bathroomgraffiti,fra,vase que rico,10.7,0,3,final
2025-06-18,bathroomgraffiti,fra,vase que rico,9,0,1,final
2025-06-19,bathroomgraffiti,fra,vase que rico,10,0,1,final
2025-06-20,bathroomgraffiti,fra,vase que rico,9,0,2,final
2025-06-21,bathroomgraffiti,fra,vase que rico,9.7,0,3,final
2025-06-22,bathroomgraffiti,fra,vase que rico,10.3,0,3,final
2025-06-28,bathroomgraffiti,fra,vase que rico,10,0,1,final
2025-07-03,bathroomgraffiti,fra,vase que rico,7.7,0,3,final
2025-07-04,bathroomgraffiti,fra,vase que rico,9,0,1,final
2025-07-05,bathroomgraffiti,fra,vase que rico,7,0,2,final
2025-07-06,bathroomgraffiti,fra,vase que rico,9.4,1,9,final
2025-07-07,bathroomgraffiti,fra,vase que rico,10,0,1,final
2025-07-08,bathroomgraffiti,fra,vase que rico,8.3,0,3,final
2025-07-09,bathroomgraffiti,fra,vase que rico,7,0,3,final
2025-07-11,bathroomgraffiti,fra,vase que rico,8,0,1,final
2025-07-14,bathroomgraffiti,fra,vase que rico,6.5,0,2,final
2025-07-15,bathroomgraffiti,fra,vase que rico,10,0,1,final
2025-07-16,bathroomgraffiti,fra,vase que rico,10,0,1,final
2025-07-24,bathroomgraffiti,fra,vase que rico,7.5,0,2,final
2025-07-25,bathroomgraffiti,fra,vase que rico,10,0,1,final
2025-07-26,bathroomgraffiti,fra,vase que rico,10,0,1,final
2025-07-31,bathroomgraffiti,fra,vase que rico,10.5,0,2,final
2025-08-03,bathroomgraffiti,fra,vase que rico,12,0,2,final
2025-08-04,bathroomgraffiti,fra,vase que rico,8,0,1,final
2025-08-05,bathroomgraffiti,fra,vase que rico,19,0,1,final
2025-08-06,bathroomgraffiti,fra,vase que rico,8,0,1,final
2025-08-10,bathroomgraffiti,fra,vase que rico,7,0,1,final
2025-08-11,bathroomgraffiti,fra,vase que rico,7,0,1,final
2025-08-17,bathroomgraffiti,fra,vase que rico,6,0,2,final
2025-08-25,bathroomgraffiti,fra,vase que rico,7,0,1,final
2025-09-01,bathroomgraffiti,fra,vase que rico,9,0,2,final
2025-09-15,bathroomgraffiti,fra,vase que rico,14,0,1,final
2025-09-17,bathroomgraffiti,fra,vase que rico,12,0,1,final
2025-10-16,bathroomgraffiti,fra,vase que rico,13.3,0,3,final
2025-10-28,bathroomgraffiti,fra,vase que rico,6,1,1,final
2025-11-10,bathroomgraffiti,fra,vase que rico,13,0,1,final
2025-11-11,bathroomgraffiti,fra,vase que rico,11,0,1,final
2025-11-12,bathroomgraffiti,fra,vase que rico,10,0,1,final
2025-11-13,bathroomgraffiti,fra,vase que rico,14,0,1,final
2025-11-14,bathroomgraffiti,fra,vase que rico,16,0,1,final
2025-11-25,bathroomgraffiti,fra,vase que rico,13,0,1,final
2025-11-30,bathroomgraffiti,fra,vase que rico,16,0,1,final
2025-12-01,bathroomgraffiti,fra,vase que rico,9.1,0,7,final
2025-12-02,bathroomgraffiti,fra,vase que rico,8,0,1,final
2025-12-03,bathroomgraffiti,fra,vase que rico,10,0,1,final
2025-12-04,bathroomgraffiti,fra,vase que rico,11.5,1,2,final
2025-12-07,bathroomgraffiti,fra,vase que rico,6.5,0,2,final
2025-12-10,bathroomgraffiti,fra,vase que rico,15,0,1,final
2025-12-11,bathroomgraffiti,fra,vase que rico,10,0,2,final
2025-12-12,bathroomgraffiti,fra,vase que rico,7,0,1,final
2025-12-13,bathroomgraffiti,fra,vase que rico,10,0,4,final
2025-12-14,bathroomgraffiti,fra,vase que rico,10.4,0,5,final
2025-12-15,bathroomgraffiti,fra,vase que rico,2,0,1,final
2025-12-21,bathroomgraffiti,fra,vase que rico,7,0,1,final
2025-12-25,bathroomgraffiti,fra,vase que rico,14,0,1,final
2025-12-26,bathroomgraffiti,fra,vase que rico,14.5,0,2,final
2025-12-27,bathroomgraffiti,fra,vase que rico,6,0,1,final
2025-12-28,bathroomgraffiti,fra,vase que rico,13,0,1,final
2025-12-30,bathroomgraffiti,fra,vase que rico,4,0,1,final
2025-12-31,bathroomgraffiti,fra,vase que rico,10,0,1,final
2026-01-01,bathroomgraffiti,fra,vase que rico,9.5,0,4,final
2026-01-02,bathroomgraffiti,fra,vase que rico,10,0,1,final
2026-01-04,bathroomgraffiti,fra,vase que rico,6.7,0,3,final
2026-01-05,bathroomgraffiti,fra,vase que rico,6.3,0,3,final
2026-01-06,bathroomgraffiti,fra,vase que rico,6.5,0,4,final
2026-01-07,bathroomgraffiti,fra,vase que rico,6,0,2,final
2026-01-09,bathroomgraffiti,fra,vase que rico,10,0,1,final
2026-01-10,bathroomgraffiti,fra,vase que rico,6,0,2,final
2026-01-11,bathroomgraffiti,fra,vase que rico,6.6,0,5,final
2026-01-13,bathroomgraffiti,fra,vase que rico,10,0,3,final
2026-01-14,bathroomgraffiti,fra,vase que rico,5,0,2,final
2026-01-15,bathroomgraffiti,fra,vase que rico,4.5,0,4,final
2026-01-16,bathroomgraffiti,fra,vase que rico,2.7,0,3,final
2026-01-17,bathroomgraffiti,fra,vase que rico,2.7,0,3,final
2026-01-18,bathroomgraffiti,fra,vase que rico,9.5,0,2,final
2026-01-19,bathroomgraffiti,fra,vase que rico,2,0,1,final
2026-01-20,bathroomgraffiti,fra,vase que rico,7.5,0,4,final
2026-01-21,bathroomgraffiti,fra,vase que rico,2,0,1,final
2026-01-22,bathroomgraffiti,fra,vase que rico,2,0,1,final
2026-01-23,bathroomgraffiti,fra,vase que rico,4,0,2,final
2026-01-24,bathroomgraffiti,fra,vase que rico,6.1,0,7,final
2026-01-25,bathroomgraffiti,fra,vase que rico,4.7,0,3,final
2026-01-26,bathroomgraffiti,fra,vase que rico,4,0,2,final
2026-01-27,bathroomgraffiti,fra,vase que rico,4,0,6,final
2026-01-28,bathroomgraffiti,fra,vase que rico,7,0,2,final
2026-01-29,bathroomgraffiti,fra,vase que rico,3.5,0,2,final
2026-01-30,bathroomgraffiti,fra,vase que rico,2,0,2,final
2026-01-31,bathroomgraffiti,fra,vase que rico,3.3,0,3,final
2026-02-01,bathroomgraffiti,fra,vase que rico,3,0,3,final
2026-02-02,bathroomgraffiti,fra,vase que rico,5.5,0,4,final
2026-02-03,bathroomgraffiti,fra,vase que rico,4,1,6,final
2026-02-04,bathroomgraffiti,fra,vase que rico,4.7,0,3,final
2026-02-05,bathroomgraffiti,fra,vase que rico,2.5,0,2,final
2026-02-06,bathroomgraffiti,fra,vase que rico,6,0,1,final
2026-02-07,bathroomgraffiti,fra,vase que rico,3,0,2,final
2026-02-08,bathroomgraffiti,fra,vase que rico,7,0,1,final
2026-02-09,bathroomgraffiti,fra,vase que rico,7,0,1,final
2026-02-10,bathroomgraffiti,fra,vase que rico,10,1,2,final
2026-02-11,bathroomgraffiti,fra,vase que rico,3,0,3,final
2026-02-12,bathroomgraffiti,fra,vase que rico,6.5,0,2,final
2026-02-13,bathroomgraffiti,fra,vase que rico,3,0,1,final
2026-02-14,bathroomgraffiti,fra,vase que rico,2.8,0,4,final
2026-02-15,bathroomgraffiti,fra,vase que rico,4.5,1,4,final
2026-02-17,bathroomgraffiti,fra,vase que rico,12,0,1,final
2026-02-19,bathroomgraffiti,fra,vase que rico,3,0,3,final
2026-02-20,bathroomgraffiti,fra,vase que rico,4,0,4,final
2026-02-21,bathroomgraffiti,fra,vase que rico,3.3,0,10,final
2026-02-22,bathroomgraffiti,fra,vase que rico,2.6,0,5,final
2026-02-23,bathroomgraffiti,fra,vase que rico,3,0,1,final
2026-02-24,bathroomgraffiti,fra,vase que rico,2.3,2,6,final
2026-02-25,bathroomgraffiti,fra,vase que rico,2.5,0,2,final
2026-02-26,bathroomgraffiti,fra,vase que rico,2,1,2,final
2026-02-27,bathroomgraffiti,fra,vase que rico,2,0,1,final
2026-03-01,bathroomgraffiti,fra,vase que rico,2,0,4,final
2026-03-02,bathroomgraffiti,fra,vase que rico,2,0,1,final
2026-03-03,bathroomgraffiti,fra,vase que rico,1,0,1,final
2026-03-04,bathroomgraffiti,fra,vase que rico,5.8,2,5,final
2026-03-05,bathroomgraffiti,fra,vase que rico,2.4,1,5,final
2026-03-07,bathroomgraffiti,fra,vase que rico,2.7,0,3,final
2026-03-08,bathroomgraffiti,fra,vase que rico,3.5,0,4,final
2026-03-09,bathroomgraffiti,fra,vase que rico,2,0,1,final
2026-03-12,bathroomgraffiti,fra,vase que rico,3,1,4,final
2026-03-13,bathroomgraffiti,fra,vase que rico,2,0,1,final
2026-03-14,bathroomgraffiti,fra,vase que rico,6.5,0,2,final
2026-03-15,bathroomgraffiti,fra,vase que rico,5.4,0,5,final
2026-03-16,bathroomgraffiti,fra,vase que rico,4,0,1,final
2026-03-17,bathroomgraffiti,fra,vase que rico,7.8,0,4,final
2026-03-20,bathroomgraffiti,fra,vase que rico,6,0,1,final
2026-03-21,bathroomgraffiti,fra,vase que rico,2,1,1,final
2026-03-22,bathroomgraffiti,fra,vase que rico,2,0,1,final
2026-03-23,bathroomgraffiti,fra,vase que rico,4.5,0,2,final
2026-03-24,bathroomgraffiti,fra,vase que rico,2,0,1,final
2026-03-25,bathroomgraffiti,fra,vase que rico,5,0,2,final
2026-03-26,bathroomgraffiti,fra,vase que rico,3,0,1,final
2026-03-27,bathroomgraffiti,fra,vase que rico,2.8,2,5,final
2026-03-28,bathroomgraffiti,fra,vase que rico,6.8,0,6,final
2026-03-29,bathroomgraffiti,fra,vase que rico,4,0,1,final
2026-03-31,bathroomgraffiti,fra,vase que rico,3,0,1,final
2026-04-01,bathroomgraffiti,fra,vase que rico,3,0,1,final
2026-04-02,bathroomgraffiti,fra,vase que rico,4.8,0,4,final
2026-04-03,bathroomgraffiti,fra,vase que rico,11,0,1,final
2026-04-05,bathroomgraffiti,fra,vase que rico,8.5,0,4,final
2026-04-06,bathroomgraffiti,fra,vase que rico,8.2,0,4,final
2026-04-07,bathroomgraffiti,fra,vase que rico,10,0,1,final
2026-04-08,bathroomgraffiti,fra,vase que rico,1,0,1,final
2026-04-10,bathroomgraffiti,fra,vase que rico,10,0,1,final
2026-04-11,bathroomgraffiti,fra,vase que rico,9.5,0,2,final
2026-04-12,bathroomgraffiti,fra,vase que rico,3,0,1,final
2026-04-13,bathroomgraffiti,fra,vase que rico,4,0,1,final
2026-04-14,bathroomgraffiti,fra,vase que rico,8,0,1,final
2026-04-15,bathroomgraffiti,fra,vase que rico,2.2,0,4,final
2026-04-16,bathroomgraffiti,fra,vase que rico,4,0,2,final
2026-04-17,bathroomgraffiti,fra,vase que rico,2,0,1,final
2026-04-19,bathroomgraffiti,fra,vase que rico,4,0,1,final
2026-04-20,bathroomgraffiti,fra,vase que rico,6.3,0,6,final
2026-04-21,bathroomgraffiti,fra,vase que rico,3,0,1,final
2026-04-22,bathroomgraffiti,fra,vase que rico,4.2,1,4,final
2026-04-23,bathroomgraffiti,fra,vase que rico,3,0,1,final
2026-04-24,bathroomgraffiti,fra,vase que rico,5,0,3,final
2026-04-25,bathroomgraffiti,fra,vase que rico,4,0,3,final
2026-04-26,bathroomgraffiti,fra,vase que rico,4,0,5,final
2026-04-27,bathroomgraffiti,fra,vase que rico,2.5,0,2,final
2026-04-28,bathroomgraffiti,fra,vase que rico,5,0,1,final
2026-04-29,bathroomgraffiti,fra,vase que rico,2.5,0,2,final
2026-05-01,bathroomgraffiti,fra,vase que rico,5,0,2,final
2026-05-02,bathroomgraffiti,fra,vase que rico,5,0,1,final
2026-05-03,bathroomgraffiti,fra,vase que rico,4.2,0,4,final
2026-05-04,bathroomgraffiti,fra,vase que rico,5,0,1,final
2026-05-05,bathroomgraffiti,fra,vase que rico,5,0,1,final
2026-05-06,bathroomgraffiti,fra,vase que rico,4,0,3,final
2026-05-07,bathroomgraffiti,fra,vase que rico,3,0,3,final
2026-05-08,bathroomgraffiti,fra,vase que rico,5.7,0,3,final
2026-05-09,bathroomgraffiti,fra,vase que rico,5.7,0,3,final
2026-05-11,bathroomgraffiti,fra,vase que rico,4.3,1,3,final
2026-05-12,bathroomgraffiti,fra,vase que rico,1,0,1,final
2026-05-13,bathroomgraffiti,fra,vase que rico,4.8,0,6,final
2026-05-14,bathroomgraffiti,fra,vase que rico,5,0,4,final
2026-05-15,bathroomgraffiti,fra,vase que rico,4.8,0,4,final
2026-05-17,bathroomgraffiti,fra,vase que rico,3.2,0,5,final
2026-05-18,bathroomgraffiti,fra,vase que rico,3.3,0,3,final
2026-05-19,bathroomgraffiti,fra,vase que rico,5,0,2,final
2026-05-20,bathroomgraffiti,fra,vase que rico,3.5,0,4,final
2026-05-21,bathroomgraffiti,fra,vase que rico,2,0,1,final
2026-05-22,bathroomgraffiti,fra,vase que rico,2.5,0,4,final
2026-05-23,bathroomgraffiti,fra,vase que rico,3,0,1,final
2026-05-24,bathroomgraffiti,fra,vase que rico,1.5,0,2,final
2026-05-26,bathroomgraffiti,fra,vase que rico,4,0,3,final
2026-05-27,bathroomgraffiti,fra,vase que rico,3,0,2,final
2026-05-28,bathroomgraffiti,fra,vase que rico,3.4,0,5,final
2026-05-29,bathroomgraffiti,fra,vase que rico,3.5,0,2,final
2026-05-30,bathroomgraffiti,fra,vase que rico,2.3,1,3,final
2026-05-31,bathroomgraffiti,fra,vase que rico,3.4,2,5,final
2026-06-01,bathroomgraffiti,fra,vase que rico,3,1,2,final
2026-06-02,bathroomgraffiti,fra,vase que rico,4,0,1,final
2026-06-03,bathroomgraffiti,fra,vase que rico,4,0,1,final
2026-06-06,bathroomgraffiti,fra,vase que rico,5.2,0,4,final
2026-06-07,bathroomgraffiti,fra,vase que rico,4.8,0,4,final
2026-06-08,bathroomgraffiti,fra,vase que rico,2,0,1,final
2026-06-10,bathroomgraffiti,fra,vase que rico,3.7,0,3,final
2026-06-11,bathroomgraffiti,fra,vase que rico,4.8,0,4,final
2026-06-12,bathroomgraffiti,fra,vase que rico,5.3,0,3,final
2026-06-13,bathroomgraffiti,fra,vase que rico,3.7,0,3,final
2026-06-14,bathroomgraffiti,fra,vase que rico,1.5,0,4,final
2026-06-15,bathroomgraffiti,fra,vase que rico,3,0,1,final
2026-06-16,bathroomgraffiti,fra,vase que rico,4,0,1,final
2026-06-17,bathroomgraffiti,fra,vase que rico,6.5,0,2,final
2026-06-18,bathroomgraffiti,fra,vase que rico,5,0,1,final
2026-06-20,bathroomgraffiti,fra,vase que rico,4,0,5,final
2026-06-21,bathroomgraffiti,fra,vase que rico,5.7,0,3,final
2026-06-23,bathroomgraffiti,fra,vase que rico,3.5,0,6,final
2026-06-25,bathroomgraffiti,fra,vase que rico,2,0,1,final
2026-06-26,bathroomgraffiti,fra,vase que rico,3.5,1,2,final
2026-06-27,bathroomgraffiti,fra,vase que rico,8,0,1,final
2026-06-29,bathroomgraffiti,fra,vase que rico,3.5,0,2,final
2026-07-01,bathroomgraffiti,fra,vase que rico,4.7,2,23,final
2026-07-04,bathroomgraffiti,fra,vase que rico,2,1,3,final
2026-07-05,bathroomgraffiti,fra,vase que rico,2,2,4,final
2026-07-06,bathroomgraffiti,fra,vase que rico,2.2,4,16,final
2026-07-08,bathroomgraffiti,fra,vase que rico,3.2,1,5,final
2026-07-09,bathroomgraffiti,fra,vase que rico,2.5,1,6,final
2026-07-10,bathroomgraffiti,fra,vase que rico,4,1,1,final
2026-07-11,bathroomgraffiti,fra,vase que rico,3,1,1,final
2026-07-12,bathroomgraffiti,fra,vase que rico,7.7,0,3,final
2026-07-13,bathroomgraffiti,fra,vase que rico,2,0,2,final
2026-07-15,bathroomgraffiti,fra,vase que rico,3.5,0,2,final
2026-07-16,bathroomgraffiti,fra,vase que rico,2.2,1,5,final
2026-07-17,bathroomgraffiti,fra,vase que rico,2,0,3,final
2026-07-18,bathroomgraffiti,fra,vase que rico,2.2,1,5,final
2026-07-21,bathroomgraffiti,fra,vase que rico,2,0,3,final
2026-07-22,bathroomgraffiti,fra,vase que rico,2,0,1,final
2026-07-24,bathroomgraffiti,fra,vase que rico,4.2,0,4,final
2026-07-25,bathroomgraffiti,fra,vase que rico,1.5,0,2,final
2026-07-27,bathroomgraffiti,fra,vase que rico,1.7,0,3,final
2026-07-28,bathroomgraffiti,fra,vase que rico,2,0,2,final
2026-07-29,bathroomgraffiti,fra,vase que rico,2,2,6,final
2026-07-31,bathroomgraffiti,fra,vase que rico,1,0,1,final
2026-08-01,bathroomgraffiti,fra,vase que rico,2.5,0,2,final
2026-08-02,bathroomgraffiti,fra,vase que rico,1.6,1,7,final
2026-08-03,bathroomgraffiti,fra,vase que rico,2,0,2,final
2026-08-05,bathroomgraffiti,fra,vase que rico,1.8,0,4,final
2026-08-06,bathroomgraffiti,fra,vase que rico,2,0,1,final
2026-08-07,bathroomgraffiti,fra,vase que rico,2,0,1,final
2026-08-08,bathroomgraffiti,fra,vase que rico,2.5,0,2,final
2026-08-09,bathroomgraffiti,fra,vase que rico,1,0,3,final
2026-08-10,bathroomgraffiti,fra,vase que rico,4,1,1,final
2026-08-11,bathroomgraffiti,fra,vase que rico,1.6,2,5,final
2026-08-12,bathroomgraffiti,fra,vase que rico,4,0,2,final
2026-08-14,bathroomgraffiti,fra,vase que rico,1.3,1,3,final
2026-08-15,bathroomgraffiti,fra,vase que rico,2,0,2,final
2026-08-16,bathroomgraffiti,fra,vase que rico,1,0,1,final
2026-08-17,bathroomgraffiti,fra,vase que rico,3,0,1,final
2026-08-18,bathroomgraffiti,fra,vase que rico,2,0,1,final
2026-08-19,bathroomgraffiti,fra,vase que rico,1,1,1,final
2026-08-20,bathroomgraffiti,fra,vase que rico,2.5,0,2,final
2026-08-21,bathroomgraffiti,fra,vase que rico,3,0,1,final
2026-08-23,bathroomgraffiti,fra,vase que rico,2.5,0,4,final
2026-08-24,bathroomgraffiti,fra,vase que rico,2,0,2,final
2026-08-25,bathroomgraffiti,fra,vase que rico,2,0,2,final
2026-08-26,bathroomgraffiti,fra,vase que rico,2.3,0,3,final
2026-08-27,bathroomgraffiti,fra,vase que rico,2,1,2,final
2026-08-28,bathroomgraffiti,fra,vase que rico,2,0,4,final
2026-08-29,bathroomgraffiti,fra,vase que rico,2.3,1,3,final
2026-08-30,bathroomgraffiti,fra,vase que rico,2,0,1,final
2026-08-31,bathroomgraffiti,fra,vase que rico,2,0,5,final
2026-09-01,bathroomgraffiti,fra,vase que rico,3.6,1,5,final
2026-09-02,bathroomgraffiti,fra,vase que rico,2,0,2,final
2026-09-04,bathroomgraffiti,fra,vase que rico,2.7,1,3,final
2026-09-05,bathroomgraffiti,fra,vase que rico,1,1,1,final
2026-09-06,bathroomgraffiti,fra,vase que rico,2,0,1,final
2026-09-07,bathroomgraffiti,fra,vase que rico,2,0,1,final
2026-09-09,bathroomgraffiti,fra,vase que rico,2.5,0,2,final
2026-09-10,bathroomgraffiti,fra,vase que rico,2,0,1,final
2026-09-11,bathroomgraffiti,fra,vase que rico,2.8,0,4,final
2026-09-12,bathroomgraffiti,fra,vase que rico,4,0,1,final
2026-09-13,bathroomgraffiti,fra,vase que rico,2.2,0,5,final
2026-09-14,bathroomgraffiti,fra,vase que rico,2,0,1,final
2026-09-16,bathroomgraffiti,fra,vase que rico,2.5,1,2,final
2026-09-17,bathroomgraffiti,fra,vase que rico,3,0,1,final
2026-09-18,bathroomgraffiti,fra,vase que rico,4,0,1,final
2026-09-19,bathroomgraffiti,fra,vase que rico,2.1,1,7,final
2026-09-20,bathroomgraffiti,fra,vase que rico,2,0,1,final
2026-09-21,bathroomgraffiti,fra,vase que rico,2.5,0,2,final
2026-09-22,bathroomgraffiti,fra,vase que rico,2,0,1,final
2026-09-23,bathroomgraffiti,fra,vase que rico,2.5,0,4,final
2026-09-24,bathroomgraffiti,fra,vase que rico,4,0,2,final
2026-09-25,bathroomgraffiti,fra,vase que rico,2.7,0,3,final
2026-09-27,bathroomgraffiti,fra,vase que rico,2,0,2,final
2026-09-28,bathroomgraffiti,fra,vase que rico,3,0,2,final
2026-09-30,bathroomgraffiti,fra,vase que rico,2,0,2,final
2026-10-01,bathroomgraffiti,fra,vase que rico,3.3,1,3,final
2026-10-02,bathroomgraffiti,fra,vase que rico,2,0,4,final
2026-10-03,bathroomgraffiti,fra,vase que rico,1.2,1,6,final
2026-10-04,bathroomgraffiti,fra,vase que rico,2.2,0,4,fresh
2026-10-05,bathroomgraffiti,fra,vase que rico,3,0,1,fresh
