date,site,country,query,page,position,clicks,impressions
2026-09-11,bathroomgraffiti,all,assouline judaisme,https://bathroomgraffiti.com/products/livre-assouline-symbols-of-judaism,4.4,1,5
2026-09-12,bathroomgraffiti,all,assouline judaisme,https://bathroomgraffiti.com/products/livre-assouline-symbols-of-judaism,3.2,1,4
2026-09-13,bathroomgraffiti,all,assouline judaisme,https://bathroomgraffiti.com/products/livre-assouline-symbols-of-judaism,4.5,0,6
2026-09-14,bathroomgraffiti,all,assouline judaisme,https://bathroomgraffiti.com/products/livre-assouline-symbols-of-judaism,3.8,2,12
2026-09-15,bathroomgraffiti,all,assouline judaisme,https://bathroomgraffiti.com/products/livre-assouline-symbols-of-judaism,4.6,1,14
2026-09-16,bathroomgraffiti,all,assouline judaisme,https://bathroomgraffiti.com/products/livre-assouline-symbols-of-judaism,2.7,1,24
2026-09-17,bathroomgraffiti,all,assouline judaisme,https://bathroomgraffiti.com/products/livre-assouline-symbols-of-judaism,3.2,2,9
2026-09-18,bathroomgraffiti,all,assouline judaisme,https://bathroomgraffiti.com/products/livre-assouline-symbols-of-judaism,3.4,0,5
2026-09-19,bathroomgraffiti,all,assouline judaisme,https://bathroomgraffiti.com/products/livre-assouline-symbols-of-judaism,5,0,6
2026-09-20,bathroomgraffiti,all,assouline judaisme,https://bathroomgraffiti.com/products/livre-assouline-symbols-of-judaism,3.2,0,8
2026-09-21,bathroomgraffiti,all,assouline judaisme,https://bathroomgraffiti.com/products/livre-assouline-symbols-of-judaism,2.7,0,3
2026-09-22,bathroomgraffiti,all,assouline judaisme,https://bathroomgraffiti.com/products/livre-assouline-symbols-of-judaism,3,1,10
2026-09-23,bathroomgraffiti,all,assouline judaisme,https://bathroomgraffiti.com/products/livre-assouline-symbols-of-judaism,3.1,0,14
2026-09-24,bathroomgraffiti,all,assouline judaisme,https://bathroomgraffiti.com/products/livre-assouline-symbols-of-judaism,3.2,0,4
2026-09-25,bathroomgraffiti,all,assouline judaisme,https://bathroomgraffiti.com/products/livre-assouline-symbols-of-judaism,5.3,0,14
2026-09-26,bathroomgraffiti,all,assouline judaisme,https://bathroomgraffiti.com/products/livre-assouline-symbols-of-judaism,9,0,2
2026-09-27,bathroomgraffiti,all,assouline judaisme,https://bathroomgraffiti.com/products/livre-assouline-symbols-of-judaism,5.6,0,7
2026-09-28,bathroomgraffiti,all,assouline judaisme,https://bathroomgraffiti.com/products/livre-assouline-symbols-of-judaism,6.7,0,3
2026-09-29,bathroomgraffiti,all,assouline judaisme,https://bathroomgraffiti.com/products/livre-assouline-symbols-of-judaism,7.2,1,4
2026-09-30,bathroomgraffiti,all,assouline judaisme,https://bathroomgraffiti.com/products/livre-assouline-symbols-of-judaism,7.4,0,5
2026-10-01,bathroomgraffiti,all,assouline judaisme,https://bathroomgraffiti.com/products/livre-assouline-symbols-of-judaism,9.4,0,7
2026-10-02,bathroomgraffiti,all,assouline judaisme,https://bathroomgraffiti.com/products/livre-assouline-symbols-of-judaism,9.8,0,4
2026-09-12,bathroomgraffiti,all,assouline tel aviv,https://bathroomgraffiti.com/products/livre-assouline-tel-aviv-spirit,5.8,3,18
2026-09-13,bathroomgraffiti,all,assouline tel aviv,https://bathroomgraffiti.com/products/livre-assouline-tel-aviv-spirit,4.3,1,28
2026-09-14,bathroomgraffiti,all,assouline tel aviv,https://bathroomgraffiti.com/products/livre-assouline-tel-aviv-spirit,4.4,2,49
2026-09-15,bathroomgraffiti,all,assouline tel aviv,https://bathroomgraffiti.com/products/livre-assouline-tel-aviv-spirit,4.6,2,39
2026-09-16,bathroomgraffiti,all,assouline tel aviv,https://bathroomgraffiti.com/products/livre-assouline-tel-aviv-spirit,4.2,1,20
2026-09-17,bathroomgraffiti,all,assouline tel aviv,https://bathroomgraffiti.com/products/livre-assouline-tel-aviv-spirit,6.1,0,18
2026-09-18,bathroomgraffiti,all,assouline tel aviv,https://bathroomgraffiti.com/products/livre-assouline-tel-aviv-spirit,7.7,0,14
2026-09-19,bathroomgraffiti,all,assouline tel aviv,https://bathroomgraffiti.com/products/livre-assouline-tel-aviv-spirit,6.9,0,17
2026-09-20,bathroomgraffiti,all,assouline tel aviv,https://bathroomgraffiti.com/products/livre-assouline-tel-aviv-spirit,11,0,4
2026-09-21,bathroomgraffiti,all,assouline tel aviv,https://bathroomgraffiti.com/products/livre-assouline-tel-aviv-spirit,7,0,9
2026-09-22,bathroomgraffiti,all,assouline tel aviv,https://bathroomgraffiti.com/products/livre-assouline-tel-aviv-spirit,5.8,1,9
2026-09-23,bathroomgraffiti,all,assouline tel aviv,https://bathroomgraffiti.com/products/livre-assouline-tel-aviv-spirit,6.3,0,10
2026-09-24,bathroomgraffiti,all,assouline tel aviv,https://bathroomgraffiti.com/products/livre-assouline-tel-aviv-spirit,5.9,0,21
2026-09-25,bathroomgraffiti,all,assouline tel aviv,https://bathroomgraffiti.com/products/livre-assouline-tel-aviv-spirit,5.8,0,12
2026-09-26,bathroomgraffiti,all,assouline tel aviv,https://bathroomgraffiti.com/products/livre-assouline-tel-aviv-spirit,8.7,0,20
2026-09-27,bathroomgraffiti,all,assouline tel aviv,https://bathroomgraffiti.com/products/livre-assouline-tel-aviv-spirit,8.2,0,13
2026-09-28,bathroomgraffiti,all,assouline tel aviv,https://bathroomgraffiti.com/products/livre-assouline-tel-aviv-spirit,7.2,0,8
2026-09-29,bathroomgraffiti,all,assouline tel aviv,https://bathroomgraffiti.com/products/livre-assouline-tel-aviv-spirit,5.8,0,4
2026-09-30,bathroomgraffiti,all,assouline tel aviv,https://bathroomgraffiti.com/products/livre-assouline-tel-aviv-spirit,4.3,0,3
2026-10-01,bathroomgraffiti,all,assouline tel aviv,https://bathroomgraffiti.com/products/livre-assouline-tel-aviv-spirit,7.1,1,7
2026-10-02,bathroomgraffiti,all,assouline tel aviv,https://bathroomgraffiti.com/products/livre-assouline-tel-aviv-spirit,8.2,0,8
2026-09-11,bathroomgraffiti,all,bathroom graffitti,http://www.bathroomgraffiti.com/,2,0,2
2026-09-11,bathroomgraffiti,all,bathroom graffitti,https://bathroomgraffiti.com/,1,1,2
2026-09-11,bathroomgraffiti,all,bathroom graffitti,https://bathroomgraffiti.com/collections,1,0,2
2026-09-11,bathroomgraffiti,all,bathroom graffitti,https://bathroomgraffiti.com/collections/cuisine-et-bain,1,0,2
2026-09-11,bathroomgraffiti,all,bathroom graffitti,https://bathroomgraffiti.com/collections/deco,1,0,2
2026-09-11,bathroomgraffiti,all,bathroom graffitti,https://bathroomgraffiti.com/collections/idees-cadeaux,1,0,2
2026-09-11,bathroomgraffiti,all,bathroom graffitti,https://bathroomgraffiti.com/pages/nos-boutiques,1,1,2
2026-09-11,bathroomgraffiti,all,bathroom graffitti,https://bathroomgraffiti.com/pages/notre-histoire,1,0,2
2026-09-13,bathroomgraffiti,all,bathroom graffitti,https://bathroomgraffiti.com/,1,2,2
2026-09-13,bathroomgraffiti,all,bathroom graffitti,https://bathroomgraffiti.com/collections/cuisine-et-bain,1,0,2
2026-09-13,bathroomgraffiti,all,bathroom graffitti,https://bathroomgraffiti.com/collections/deco,1,0,2
2026-09-13,bathroomgraffiti,all,bathroom graffitti,https://bathroomgraffiti.com/collections/idees-cadeaux,1,0,2
2026-09-13,bathroomgraffiti,all,bathroom graffitti,https://bathroomgraffiti.com/pages/nos-boutiques,1,0,2
2026-09-13,bathroomgraffiti,all,bathroom graffitti,https://bathroomgraffiti.com/pages/notre-histoire,1,0,2
2026-09-29,bathroomgraffiti,all,bathroom graffitti,https://bathroomgraffiti.com/,1.5,1,2
2026-09-28,bathroomgraffiti,all,bathroom graffity,https://bathroomgraffiti.com/,1,2,2
2026-09-28,bathroomgraffiti,all,bathroom graffity,https://bathroomgraffiti.com/collections/cuisine-et-bain,1,0,2
2026-09-28,bathroomgraffiti,all,bathroom graffity,https://bathroomgraffiti.com/collections/deco,1,0,2
2026-09-28,bathroomgraffiti,all,bathroom graffity,https://bathroomgraffiti.com/collections/idees-cadeaux,1,0,2
2026-09-28,bathroomgraffiti,all,bathroom graffity,https://bathroomgraffiti.com/pages/nos-boutiques,1,0,2
2026-09-28,bathroomgraffiti,all,bathroom graffity,https://bathroomgraffiti.com/pages/notre-histoire,1,0,2
2026-09-28,bathroomgraffiti,all,bathroom graffity,https://bathroomgraffiti.com/products/carte-cadeau-bathroom-graffiti,3.5,0,2
2026-07-07,bathroomgraffiti,all,bathroom grafitti,https://bathroomgraffiti.com/,4,0,2
2026-07-08,bathroomgraffiti,all,bathroom grafitti,http://www.bathroomgraffiti.com/,2.5,0,2
2026-07-08,bathroomgraffiti,all,bathroom grafitti,https://bathroomgraffiti.com/,1,2,2
2026-07-08,bathroomgraffiti,all,bathroom grafitti,https://bathroomgraffiti.com/collections/cuisine-et-bain,1,0,2
2026-07-08,bathroomgraffiti,all,bathroom grafitti,https://bathroomgraffiti.com/collections/deco,1,0,2
2026-07-08,bathroomgraffiti,all,bathroom grafitti,https://bathroomgraffiti.com/collections/idees-cadeaux,1,0,2
2026-07-08,bathroomgraffiti,all,bathroom grafitti,https://bathroomgraffiti.com/pages/nos-boutiques,1,0,2
2026-07-08,bathroomgraffiti,all,bathroom grafitti,https://bathroomgraffiti.com/pages/notre-histoire,1,0,2
2026-07-09,bathroomgraffiti,all,bathroom grafitti,https://bathroomgraffiti.com/,2,1,2
2026-07-14,bathroomgraffiti,all,bathroom grafitti,http://www.bathroomgraffiti.com/,2.5,0,2
2026-07-14,bathroomgraffiti,all,bathroom grafitti,https://bathroomgraffiti.com/,4,2,3
2026-07-14,bathroomgraffiti,all,bathroom grafitti,https://bathroomgraffiti.com/collections/cuisine-et-bain,1,0,2
2026-07-14,bathroomgraffiti,all,bathroom grafitti,https://bathroomgraffiti.com/collections/deco,1,0,2
2026-07-14,bathroomgraffiti,all,bathroom grafitti,https://bathroomgraffiti.com/collections/idees-cadeaux,1,0,2
2026-07-14,bathroomgraffiti,all,bathroom grafitti,https://bathroomgraffiti.com/collections/sonny-angel,1,0,2
2026-07-14,bathroomgraffiti,all,bathroom grafitti,https://bathroomgraffiti.com/collections/verres,1,0,2
2026-07-14,bathroomgraffiti,all,bathroom grafitti,https://bathroomgraffiti.com/pages/nos-boutiques,1,0,2
2026-07-16,bathroomgraffiti,all,bathroom grafitti,http://www.bathroomgraffiti.com/,2,1,2
2026-07-16,bathroomgraffiti,all,bathroom grafitti,https://bathroomgraffiti.com/,4,1,3
2026-07-16,bathroomgraffiti,all,bathroom grafitti,https://bathroomgraffiti.com/collections/cuisine-et-bain,1,0,2
2026-07-16,bathroomgraffiti,all,bathroom grafitti,https://bathroomgraffiti.com/collections/deco,1,0,2
2026-07-16,bathroomgraffiti,all,bathroom grafitti,https://bathroomgraffiti.com/collections/idees-cadeaux,1,0,2
2026-07-16,bathroomgraffiti,all,bathroom grafitti,https://bathroomgraffiti.com/collections/lifestyle,1,0,2
2026-07-16,bathroomgraffiti,all,bathroom grafitti,https://bathroomgraffiti.com/collections/soldes,1,0,2
2026-07-16,bathroomgraffiti,all,bathroom grafitti,https://bathroomgraffiti.com/pages/nos-boutiques,1,0,2
2026-07-16,bathroomgraffiti,all,bathroom grafitti,https://bathroomgraffiti.com/pages/notre-histoire,3,0,2
2026-07-20,bathroomgraffiti,all,bathroom grafitti,https://bathroomgraffiti.com/,5.5,1,2
2026-07-23,bathroomgraffiti,all,bathroom grafitti,https://bathroomgraffiti.com/,5.5,1,2
2026-07-27,bathroomgraffiti,all,bathroom grafitti,https://bathroomgraffiti.com/,5,0,2
2026-07-28,bathroomgraffiti,all,bathroom grafitti,https://bathroomgraffiti.com/,1,2,2
2026-07-28,bathroomgraffiti,all,bathroom grafitti,https://bathroomgraffiti.com/collections/cuisine-et-bain,1,0,2
2026-07-28,bathroomgraffiti,all,bathroom grafitti,https://bathroomgraffiti.com/collections/deco,1,0,2
2026-07-28,bathroomgraffiti,all,bathroom grafitti,https://bathroomgraffiti.com/collections/idees-cadeaux,1,0,2
2026-07-28,bathroomgraffiti,all,bathroom grafitti,https://bathroomgraffiti.com/collections/sonny-angel,1,0,2
2026-07-28,bathroomgraffiti,all,bathroom grafitti,https://bathroomgraffiti.com/pages/nos-boutiques,1,0,2
2026-07-28,bathroomgraffiti,all,bathroom grafitti,https://bathroomgraffiti.com/pages/notre-histoire,1.5,0,2
2026-07-30,bathroomgraffiti,all,bathroom grafitti,http://www.bathroomgraffiti.com/,2,0,4
2026-07-30,bathroomgraffiti,all,bathroom grafitti,https://bathroomgraffiti.com/,2,3,4
2026-07-30,bathroomgraffiti,all,bathroom grafitti,https://bathroomgraffiti.com/collections/cuisine-et-bain,1,0,3
2026-07-30,bathroomgraffiti,all,bathroom grafitti,https://bathroomgraffiti.com/collections/deco,1,0,3
2026-07-30,bathroomgraffiti,all,bathroom grafitti,https://bathroomgraffiti.com/collections/idees-cadeaux,1,0,3
2026-07-30,bathroomgraffiti,all,bathroom grafitti,https://bathroomgraffiti.com/collections/sonny-angel,1,0,3
2026-07-30,bathroomgraffiti,all,bathroom grafitti,https://bathroomgraffiti.com/pages/nos-boutiques,1,0,3
2026-07-30,bathroomgraffiti,all,bathroom grafitti,https://bathroomgraffiti.com/pages/notre-histoire,1,0,2
2026-08-01,bathroomgraffiti,all,bathroom grafitti,http://www.bathroomgraffiti.com/,1.5,0,2
2026-08-01,bathroomgraffiti,all,bathroom grafitti,https://bathroomgraffiti.com/,2,2,2
2026-08-01,bathroomgraffiti,all,bathroom grafitti,https://bathroomgraffiti.com/collections/cuisine-et-bain,2,0,2
2026-08-01,bathroomgraffiti,all,bathroom grafitti,https://bathroomgraffiti.com/collections/deco,2,0,2
2026-08-01,bathroomgraffiti,all,bathroom grafitti,https://bathroomgraffiti.com/collections/idees-cadeaux,2,0,2
2026-08-01,bathroomgraffiti,all,bathroom grafitti,https://bathroomgraffiti.com/pages/nos-boutiques,2,0,2
2026-08-01,bathroomgraffiti,all,bathroom grafitti,https://bathroomgraffiti.com/pages/notre-histoire,3.5,0,2
2026-08-03,bathroomgraffiti,all,bathroom grafitti,http://www.bathroomgraffiti.com/,1.3,0,3
2026-08-03,bathroomgraffiti,all,bathroom grafitti,https://bathroomgraffiti.com/,5,1,2
2026-08-04,bathroomgraffiti,all,bathroom grafitti,http://www.bathroomgraffiti.com/,4.3,1,3
2026-08-04,bathroomgraffiti,all,bathroom grafitti,https://bathroomgraffiti.com/,1.3,2,3
2026-08-04,bathroomgraffiti,all,bathroom grafitti,https://bathroomgraffiti.com/collections/cuisine-et-bain,1,0,2
2026-08-04,bathroomgraffiti,all,bathroom grafitti,https://bathroomgraffiti.com/collections/deco,1,0,2
2026-08-04,bathroomgraffiti,all,bathroom grafitti,https://bathroomgraffiti.com/collections/idees-cadeaux,1,0,2
2026-08-04,bathroomgraffiti,all,bathroom grafitti,https://bathroomgraffiti.com/collections/sonny-angel,1,0,2
2026-08-04,bathroomgraffiti,all,bathroom grafitti,https://bathroomgraffiti.com/pages/nos-boutiques,1,0,2
2026-08-05,bathroomgraffiti,all,bathroom grafitti,http://www.bathroomgraffiti.com/,2,0,4
2026-08-05,bathroomgraffiti,all,bathroom grafitti,https://bathroomgraffiti.com/,1,4,4
2026-08-05,bathroomgraffiti,all,bathroom grafitti,https://bathroomgraffiti.com/collections/cuisine-et-bain,1,0,3
2026-08-05,bathroomgraffiti,all,bathroom grafitti,https://bathroomgraffiti.com/collections/deco,1,0,3
2026-08-05,bathroomgraffiti,all,bathroom grafitti,https://bathroomgraffiti.com/collections/idees-cadeaux,1,0,3
2026-08-05,bathroomgraffiti,all,bathroom grafitti,https://bathroomgraffiti.com/collections/sonny-angel,1,0,2
2026-08-05,bathroomgraffiti,all,bathroom grafitti,https://bathroomgraffiti.com/pages/nos-boutiques,1,0,3
2026-08-08,bathroomgraffiti,all,bathroom grafitti,http://www.bathroomgraffiti.com/,2,1,2
2026-08-08,bathroomgraffiti,all,bathroom grafitti,https://bathroomgraffiti.com/,2,0,2
2026-08-10,bathroomgraffiti,all,bathroom grafitti,http://www.bathroomgraffiti.com/,2,0,2
2026-08-10,bathroomgraffiti,all,bathroom grafitti,https://bathroomgraffiti.com/,1,2,2
2026-08-10,bathroomgraffiti,all,bathroom grafitti,https://bathroomgraffiti.com/collections/deco,1,0,2
2026-08-10,bathroomgraffiti,all,bathroom grafitti,https://bathroomgraffiti.com/collections/idees-cadeaux,1,0,2
2026-08-10,bathroomgraffiti,all,bathroom grafitti,https://bathroomgraffiti.com/pages/nos-boutiques,1,0,2
2026-08-10,bathroomgraffiti,all,bathroom grafitti,https://bathroomgraffiti.com/pages/plan-du-site,1,0,2
2026-08-11,bathroomgraffiti,all,bathroom grafitti,http://www.bathroomgraffiti.com/,2,0,2
2026-08-11,bathroomgraffiti,all,bathroom grafitti,https://bathroomgraffiti.com/,1,1,2
2026-08-11,bathroomgraffiti,all,bathroom grafitti,https://bathroomgraffiti.com/collections/cuisine-et-bain,1,0,2
2026-08-11,bathroomgraffiti,all,bathroom grafitti,https://bathroomgraffiti.com/collections/deco,1,0,2
2026-08-11,bathroomgraffiti,all,bathroom grafitti,https://bathroomgraffiti.com/collections/idees-cadeaux,1,0,2
2026-08-11,bathroomgraffiti,all,bathroom grafitti,https://bathroomgraffiti.com/pages/nos-boutiques,1,0,2
2026-08-13,bathroomgraffiti,all,bathroom grafitti,http://www.bathroomgraffiti.com/,5,0,2
2026-08-13,bathroomgraffiti,all,bathroom grafitti,https://bathroomgraffiti.com/,3.5,0,2
2026-08-19,bathroomgraffiti,all,bathroom grafitti,http://www.bathroomgraffiti.com/,4.3,0,3
2026-08-19,bathroomgraffiti,all,bathroom grafitti,https://bathroomgraffiti.com/,1,2,3
2026-08-19,bathroomgraffiti,all,bathroom grafitti,https://bathroomgraffiti.com/collections/cuisine-et-bain,1,0,3
2026-08-19,bathroomgraffiti,all,bathroom grafitti,https://bathroomgraffiti.com/collections/deco,1,0,3
2026-08-19,bathroomgraffiti,all,bathroom grafitti,https://bathroomgraffiti.com/collections/idees-cadeaux,1,1,3
2026-08-19,bathroomgraffiti,all,bathroom grafitti,https://bathroomgraffiti.com/pages/nos-boutiques,1,0,3
2026-08-19,bathroomgraffiti,all,bathroom grafitti,https://bathroomgraffiti.com/pages/notre-histoire,1,0,2
2026-08-20,bathroomgraffiti,all,bathroom grafitti,http://www.bathroomgraffiti.com/,3.5,0,4
2026-08-20,bathroomgraffiti,all,bathroom grafitti,https://bathroomgraffiti.com/,1,1,3
2026-08-20,bathroomgraffiti,all,bathroom grafitti,https://bathroomgraffiti.com/collections/cuisine-et-bain,1,0,3
2026-08-20,bathroomgraffiti,all,bathroom grafitti,https://bathroomgraffiti.com/collections/deco,1,1,3
2026-08-20,bathroomgraffiti,all,bathroom grafitti,https://bathroomgraffiti.com/collections/idees-cadeaux,1,0,3
2026-08-20,bathroomgraffiti,all,bathroom grafitti,https://bathroomgraffiti.com/pages/nos-boutiques,1,0,3
2026-08-20,bathroomgraffiti,all,bathroom grafitti,https://bathroomgraffiti.com/pages/notre-histoire,1,0,2
2026-08-21,bathroomgraffiti,all,bathroom grafitti,http://www.bathroomgraffiti.com/,2,0,3
2026-08-21,bathroomgraffiti,all,bathroom grafitti,https://bathroomgraffiti.com/,1,1,4
2026-08-21,bathroomgraffiti,all,bathroom grafitti,https://bathroomgraffiti.com/collections/cuisine-et-bain,1,0,4
2026-08-21,bathroomgraffiti,all,bathroom grafitti,https://bathroomgraffiti.com/collections/deco,1,0,4
2026-08-21,bathroomgraffiti,all,bathroom grafitti,https://bathroomgraffiti.com/collections/idees-cadeaux,1,0,4
2026-08-21,bathroomgraffiti,all,bathroom grafitti,https://bathroomgraffiti.com/collections/verres,1,0,2
2026-08-21,bathroomgraffiti,all,bathroom grafitti,https://bathroomgraffiti.com/pages/nos-boutiques,1,0,4
2026-08-21,bathroomgraffiti,all,bathroom grafitti,https://bathroomgraffiti.com/pages/notre-histoire,1,0,3
2026-08-22,bathroomgraffiti,all,bathroom grafitti,http://www.bathroomgraffiti.com/,2,0,2
2026-08-22,bathroomgraffiti,all,bathroom grafitti,https://bathroomgraffiti.com/,1,1,2
2026-08-22,bathroomgraffiti,all,bathroom grafitti,https://bathroomgraffiti.com/collections/cuisine-et-bain,1,0,2
2026-08-22,bathroomgraffiti,all,bathroom grafitti,https://bathroomgraffiti.com/collections/deco,1,0,2
2026-08-22,bathroomgraffiti,all,bathroom grafitti,https://bathroomgraffiti.com/collections/idees-cadeaux,1,0,2
2026-08-22,bathroomgraffiti,all,bathroom grafitti,https://bathroomgraffiti.com/pages/nos-boutiques,1,0,2
2026-08-22,bathroomgraffiti,all,bathroom grafitti,https://bathroomgraffiti.com/pages/notre-histoire,1,0,2
2026-08-24,bathroomgraffiti,all,bathroom grafitti,http://www.bathroomgraffiti.com/,1,1,3
2026-08-24,bathroomgraffiti,all,bathroom grafitti,https://bathroomgraffiti.com/,4.5,0,4
2026-08-25,bathroomgraffiti,all,bathroom grafitti,https://bathroomgraffiti.com/,1,1,3
2026-08-25,bathroomgraffiti,all,bathroom grafitti,https://bathroomgraffiti.com/collections/cuisine-et-bain,1,0,3
2026-08-25,bathroomgraffiti,all,bathroom grafitti,https://bathroomgraffiti.com/collections/deco,1,0,3
2026-08-25,bathroomgraffiti,all,bathroom grafitti,https://bathroomgraffiti.com/collections/idees-cadeaux,1,1,3
2026-08-25,bathroomgraffiti,all,bathroom grafitti,https://bathroomgraffiti.com/collections/sonny-angel,1,0,2
2026-08-25,bathroomgraffiti,all,bathroom grafitti,https://bathroomgraffiti.com/pages/nos-boutiques,1,1,3
2026-08-25,bathroomgraffiti,all,bathroom grafitti,https://bathroomgraffiti.com/products/coque-le-marais-paris-la-coque-francaise-x-bathroom-graffiti,4,0,2
2026-08-28,bathroomgraffiti,all,bathroom grafitti,http://www.bathroomgraffiti.com/,1,0,2
2026-08-28,bathroomgraffiti,all,bathroom grafitti,https://bathroomgraffiti.com/,2.7,1,3
2026-08-28,bathroomgraffiti,all,bathroom grafitti,https://bathroomgraffiti.com/collections/cuisine-et-bain,1.5,0,2
2026-08-28,bathroomgraffiti,all,bathroom grafitti,https://bathroomgraffiti.com/collections/deco,1.5,0,2
2026-08-28,bathroomgraffiti,all,bathroom grafitti,https://bathroomgraffiti.com/collections/idees-cadeaux,1.5,0,2
2026-08-28,bathroomgraffiti,all,bathroom grafitti,https://bathroomgraffiti.com/pages/nos-boutiques,1.5,0,2
2026-08-28,bathroomgraffiti,all,bathroom grafitti,https://bathroomgraffiti.com/pages/notre-histoire,1.5,0,2
2026-08-28,bathroomgraffiti,all,bathroom grafitti,https://bathroomgraffiti.com/pages/plan-du-site,1.5,0,2
2026-08-30,bathroomgraffiti,all,bathroom grafitti,https://bathroomgraffiti.com/,5.7,1,3
2026-08-31,bathroomgraffiti,all,bathroom grafitti,http://www.bathroomgraffiti.com/,2,0,2
2026-08-31,bathroomgraffiti,all,bathroom grafitti,https://bathroomgraffiti.com/,2.8,2,5
2026-08-31,bathroomgraffiti,all,bathroom grafitti,https://bathroomgraffiti.com/collections/cuisine-et-bain,1,0,4
2026-08-31,bathroomgraffiti,all,bathroom grafitti,https://bathroomgraffiti.com/collections/deco,1,0,4
2026-08-31,bathroomgraffiti,all,bathroom grafitti,https://bathroomgraffiti.com/collections/idees-cadeaux,1,0,4
2026-08-31,bathroomgraffiti,all,bathroom grafitti,https://bathroomgraffiti.com/pages/nos-boutiques,1,0,4
2026-08-31,bathroomgraffiti,all,bathroom grafitti,https://bathroomgraffiti.com/pages/notre-histoire,1,0,3
2026-08-31,bathroomgraffiti,all,bathroom grafitti,https://bathroomgraffiti.com/pages/plan-du-site,1,0,4
2026-09-01,bathroomgraffiti,all,bathroom grafitti,https://bathroomgraffiti.com/,1,2,2
2026-09-01,bathroomgraffiti,all,bathroom grafitti,https://bathroomgraffiti.com/collections/cuisine-et-bain,1,0,2
2026-09-01,bathroomgraffiti,all,bathroom grafitti,https://bathroomgraffiti.com/collections/deco,1,0,2
2026-09-01,bathroomgraffiti,all,bathroom grafitti,https://bathroomgraffiti.com/collections/idees-cadeaux,1,0,2
2026-09-01,bathroomgraffiti,all,bathroom grafitti,https://bathroomgraffiti.com/pages/nos-boutiques,1,0,2
2026-09-01,bathroomgraffiti,all,bathroom grafitti,https://bathroomgraffiti.com/pages/plan-du-site,1,0,2
2026-09-04,bathroomgraffiti,all,bathroom grafitti,http://www.bathroomgraffiti.com/,2,0,2
2026-09-04,bathroomgraffiti,all,bathroom grafitti,https://bathroomgraffiti.com/,1,2,2
2026-09-04,bathroomgraffiti,all,bathroom grafitti,https://bathroomgraffiti.com/collections/assiettes-plats,1,0,2
2026-09-04,bathroomgraffiti,all,bathroom grafitti,https://bathroomgraffiti.com/collections/cuisine-et-bain,1,0,2
2026-09-04,bathroomgraffiti,all,bathroom grafitti,https://bathroomgraffiti.com/collections/deco,1,0,2
2026-09-04,bathroomgraffiti,all,bathroom grafitti,https://bathroomgraffiti.com/collections/idees-cadeaux,1,0,2
2026-09-04,bathroomgraffiti,all,bathroom grafitti,https://bathroomgraffiti.com/pages/nos-boutiques,1,0,2
2026-09-06,bathroomgraffiti,all,bathroom grafitti,http://www.bathroomgraffiti.com/,2.5,0,2
2026-09-06,bathroomgraffiti,all,bathroom grafitti,https://bathroomgraffiti.com/,1,1,2
2026-09-06,bathroomgraffiti,all,bathroom grafitti,https://bathroomgraffiti.com/collections/cuisine-et-bain,1,0,2
2026-09-06,bathroomgraffiti,all,bathroom grafitti,https://bathroomgraffiti.com/collections/deco,1,0,2
2026-09-06,bathroomgraffiti,all,bathroom grafitti,https://bathroomgraffiti.com/collections/idees-cadeaux,1,0,2
2026-09-06,bathroomgraffiti,all,bathroom grafitti,https://bathroomgraffiti.com/pages/nos-boutiques,1,0,2
2026-09-06,bathroomgraffiti,all,bathroom grafitti,https://bathroomgraffiti.com/search,1,0,2
2026-09-07,bathroomgraffiti,all,bathroom grafitti,http://www.bathroomgraffiti.com/,4.5,0,2
2026-09-08,bathroomgraffiti,all,bathroom grafitti,https://bathroomgraffiti.com/,1,1,3
2026-09-08,bathroomgraffiti,all,bathroom grafitti,https://bathroomgraffiti.com/collections/cuisine-et-bain,1,0,3
2026-09-08,bathroomgraffiti,all,bathroom grafitti,https://bathroomgraffiti.com/collections/deco,1,0,3
2026-09-08,bathroomgraffiti,all,bathroom grafitti,https://bathroomgraffiti.com/collections/idees-cadeaux,1,0,3
2026-09-08,bathroomgraffiti,all,bathroom grafitti,https://bathroomgraffiti.com/pages/nos-boutiques,1,0,3
2026-09-08,bathroomgraffiti,all,bathroom grafitti,https://bathroomgraffiti.com/pages/notre-histoire,1,0,3
2026-09-09,bathroomgraffiti,all,bathroom grafitti,http://www.bathroomgraffiti.com/,2.5,0,2
2026-09-09,bathroomgraffiti,all,bathroom grafitti,https://bathroomgraffiti.com/,1,0,2
2026-09-09,bathroomgraffiti,all,bathroom grafitti,https://bathroomgraffiti.com/collections/cuisine-et-bain,1,0,2
2026-09-09,bathroomgraffiti,all,bathroom grafitti,https://bathroomgraffiti.com/collections/deco,1,0,2
2026-09-09,bathroomgraffiti,all,bathroom grafitti,https://bathroomgraffiti.com/collections/idees-cadeaux,1,0,2
2026-09-09,bathroomgraffiti,all,bathroom grafitti,https://bathroomgraffiti.com/pages/nos-boutiques,1,0,2
2026-09-09,bathroomgraffiti,all,bathroom grafitti,https://bathroomgraffiti.com/pages/notre-histoire,1,0,2
2026-09-14,bathroomgraffiti,all,bathroom grafitti,http://www.bathroomgraffiti.com/,2,0,2
2026-09-14,bathroomgraffiti,all,bathroom grafitti,https://bathroomgraffiti.com/,1,2,3
2026-09-14,bathroomgraffiti,all,bathroom grafitti,https://bathroomgraffiti.com/collections,1,0,3
2026-09-14,bathroomgraffiti,all,bathroom grafitti,https://bathroomgraffiti.com/collections/cuisine-et-bain,1,0,3
2026-09-14,bathroomgraffiti,all,bathroom grafitti,https://bathroomgraffiti.com/collections/deco,1,0,3
2026-09-14,bathroomgraffiti,all,bathroom grafitti,https://bathroomgraffiti.com/collections/idees-cadeaux,1,0,3
2026-09-14,bathroomgraffiti,all,bathroom grafitti,https://bathroomgraffiti.com/pages/nos-boutiques,1,0,3
2026-09-14,bathroomgraffiti,all,bathroom grafitti,https://bathroomgraffiti.com/pages/notre-histoire,1,0,3
2026-09-15,bathroomgraffiti,all,bathroom grafitti,http://www.bathroomgraffiti.com/,3.5,0,2
2026-09-16,bathroomgraffiti,all,bathroom grafitti,http://www.bathroomgraffiti.com/,2,0,2
2026-09-16,bathroomgraffiti,all,bathroom grafitti,https://bathroomgraffiti.com/,1,2,2
2026-09-16,bathroomgraffiti,all,bathroom grafitti,https://bathroomgraffiti.com/collections/cuisine-et-bain,1,0,2
2026-09-16,bathroomgraffiti,all,bathroom grafitti,https://bathroomgraffiti.com/collections/deco,1,0,2
2026-09-16,bathroomgraffiti,all,bathroom grafitti,https://bathroomgraffiti.com/collections/idees-cadeaux,1,0,2
2026-09-16,bathroomgraffiti,all,bathroom grafitti,https://bathroomgraffiti.com/pages/nos-boutiques,1,0,2
2026-09-19,bathroomgraffiti,all,bathroom grafitti,http://www.bathroomgraffiti.com/,3,0,2
2026-09-19,bathroomgraffiti,all,bathroom grafitti,https://bathroomgraffiti.com/,1,1,2
2026-09-19,bathroomgraffiti,all,bathroom grafitti,https://bathroomgraffiti.com/collections,1,0,2
2026-09-19,bathroomgraffiti,all,bathroom grafitti,https://bathroomgraffiti.com/collections/cuisine-et-bain,1,0,2
2026-09-19,bathroomgraffiti,all,bathroom grafitti,https://bathroomgraffiti.com/collections/deco,1,0,2
2026-09-19,bathroomgraffiti,all,bathroom grafitti,https://bathroomgraffiti.com/collections/idees-cadeaux,1,0,2
2026-09-19,bathroomgraffiti,all,bathroom grafitti,https://bathroomgraffiti.com/pages/nos-boutiques,1,0,2
2026-09-24,bathroomgraffiti,all,bathroom grafitti,http://www.bathroomgraffiti.com/,5,1,3
2026-09-24,bathroomgraffiti,all,bathroom grafitti,https://bathroomgraffiti.com/,1.6,1,5
2026-09-24,bathroomgraffiti,all,bathroom grafitti,https://bathroomgraffiti.com/collections/cuisine-et-bain,1,0,2
2026-09-24,bathroomgraffiti,all,bathroom grafitti,https://bathroomgraffiti.com/collections/deco,1,0,2
2026-09-24,bathroomgraffiti,all,bathroom grafitti,https://bathroomgraffiti.com/collections/idees-cadeaux,1,0,3
2026-09-24,bathroomgraffiti,all,bathroom grafitti,https://bathroomgraffiti.com/pages/nos-boutiques,2.8,0,4
2026-09-26,bathroomgraffiti,all,bathroom grafitti,https://bathroomgraffiti.com/,1,0,2
2026-09-26,bathroomgraffiti,all,bathroom grafitti,https://bathroomgraffiti.com/collections/bougies-senteurs,1,0,2
2026-09-26,bathroomgraffiti,all,bathroom grafitti,https://bathroomgraffiti.com/collections/cuisine-et-bain,1,0,2
2026-09-26,bathroomgraffiti,all,bathroom grafitti,https://bathroomgraffiti.com/collections/deco,1,0,2
2026-09-26,bathroomgraffiti,all,bathroom grafitti,https://bathroomgraffiti.com/collections/idees-cadeaux,1,0,2
2026-09-26,bathroomgraffiti,all,bathroom grafitti,https://bathroomgraffiti.com/collections/mugs-bols,1,0,2
2026-09-26,bathroomgraffiti,all,bathroom grafitti,https://bathroomgraffiti.com/pages/nos-boutiques,1,0,2
2026-09-29,bathroomgraffiti,all,bathroom grafitti,http://www.bathroomgraffiti.com/,2,0,2
2026-09-29,bathroomgraffiti,all,bathroom grafitti,https://bathroomgraffiti.com/,1.3,1,3
2026-09-29,bathroomgraffiti,all,bathroom grafitti,https://bathroomgraffiti.com/collections/deco,3,0,2
2026-09-29,bathroomgraffiti,all,bathroom grafitti,https://bathroomgraffiti.com/collections/idees-cadeaux,5,0,2
2026-09-29,bathroomgraffiti,all,bathroom grafitti,https://bathroomgraffiti.com/collections/sonny-angel,11,0,2
2026-09-29,bathroomgraffiti,all,bathroom grafitti,https://bathroomgraffiti.com/pages/nos-boutiques,4,0,2
2026-09-29,bathroomgraffiti,all,bathroom grafitti,https://bathroomgraffiti.com/pages/notre-histoire,10,0,2
2026-10-02,bathroomgraffiti,all,bathroom grafitti,https://bathroomgraffiti.com/,1,1,3
2026-10-02,bathroomgraffiti,all,bathroom grafitti,https://bathroomgraffiti.com/collections/cuisine-et-bain,1,0,2
2026-10-02,bathroomgraffiti,all,bathroom grafitti,https://bathroomgraffiti.com/collections/deco,1,1,2
2026-10-02,bathroomgraffiti,all,bathroom grafitti,https://bathroomgraffiti.com/collections/idees-cadeaux,1,0,2
2026-10-02,bathroomgraffiti,all,bathroom grafitti,https://bathroomgraffiti.com/pages/nos-boutiques,2.3,0,3
2026-10-02,bathroomgraffiti,all,bathroom grafitti,https://bathroomgraffiti.com/pages/notre-histoire,7.5,0,2
2026-10-03,bathroomgraffiti,all,bathroom grafitti,http://www.bathroomgraffiti.com/,1,0,2
2026-10-03,bathroomgraffiti,all,bathroom grafitti,https://bathroomgraffiti.com/,2,0,2
2026-10-03,bathroomgraffiti,all,bathroom grafitti,https://bathroomgraffiti.com/collections/cuisine-et-bain,2,0,2
2026-10-03,bathroomgraffiti,all,bathroom grafitti,https://bathroomgraffiti.com/collections/deco,2,0,2
2026-10-03,bathroomgraffiti,all,bathroom grafitti,https://bathroomgraffiti.com/collections/idees-cadeaux,2,0,2
2026-10-03,bathroomgraffiti,all,bathroom grafitti,https://bathroomgraffiti.com/pages/nos-boutiques,2,0,2
2026-10-03,bathroomgraffiti,all,bathroom grafitti,https://bathroomgraffiti.com/pages/notre-histoire,2,0,2
2026-10-03,bathroomgraffiti,all,bathroom grafitti,https://bathroomgraffiti.com/search,2,0,2
2026-07-24,bathroomgraffiti,all,bathroom graphiti,http://www.bathroomgraffiti.com/,1.5,0,2
2026-07-24,bathroomgraffiti,all,bathroom graphiti,https://bathroomgraffiti.com/,1.5,0,2
2026-07-24,bathroomgraffiti,all,bathroom graphiti,https://bathroomgraffiti.com/collections/cuisine-et-bain,1.5,0,2
2026-07-24,bathroomgraffiti,all,bathroom graphiti,https://bathroomgraffiti.com/collections/deco,1.5,0,2
2026-07-24,bathroomgraffiti,all,bathroom graphiti,https://bathroomgraffiti.com/collections/idees-cadeaux,1.5,0,2
2026-07-24,bathroomgraffiti,all,bathroom graphiti,https://bathroomgraffiti.com/collections/verres,1.5,0,2
2026-07-24,bathroomgraffiti,all,bathroom graphiti,https://bathroomgraffiti.com/pages/nos-boutiques,1.5,0,2
2026-07-24,bathroomgraffiti,all,bathroom graphiti,https://bathroomgraffiti.com/pages/notre-histoire,1.5,0,2
2026-07-30,bathroomgraffiti,all,bathroom graphiti,http://www.bathroomgraffiti.com/,2,0,2
2026-07-30,bathroomgraffiti,all,bathroom graphiti,https://bathroomgraffiti.com/,1,0,2
2026-07-30,bathroomgraffiti,all,bathroom graphiti,https://bathroomgraffiti.com/collections/cuisine-et-bain,1,0,2
2026-07-30,bathroomgraffiti,all,bathroom graphiti,https://bathroomgraffiti.com/collections/deco,1,0,2
2026-07-30,bathroomgraffiti,all,bathroom graphiti,https://bathroomgraffiti.com/collections/idees-cadeaux,1,0,2
2026-07-30,bathroomgraffiti,all,bathroom graphiti,https://bathroomgraffiti.com/pages/nos-boutiques,1,0,2
2026-07-30,bathroomgraffiti,all,bathroom graphiti,https://bathroomgraffiti.com/pages/notre-histoire,1,0,2
2026-08-17,bathroomgraffiti,all,bathroom graphiti,http://www.bathroomgraffiti.com/,2,0,3
2026-08-17,bathroomgraffiti,all,bathroom graphiti,https://bathroomgraffiti.com/,1,1,3
2026-08-17,bathroomgraffiti,all,bathroom graphiti,https://bathroomgraffiti.com/collections/cuisine-et-bain,1,0,3
2026-08-17,bathroomgraffiti,all,bathroom graphiti,https://bathroomgraffiti.com/collections/deco,1,0,3
2026-08-17,bathroomgraffiti,all,bathroom graphiti,https://bathroomgraffiti.com/collections/idees-cadeaux,1,0,3
2026-08-17,bathroomgraffiti,all,bathroom graphiti,https://bathroomgraffiti.com/collections/sonny-angel,1,0,2
2026-08-17,bathroomgraffiti,all,bathroom graphiti,https://bathroomgraffiti.com/pages/nos-boutiques,1,1,3
2026-08-17,bathroomgraffiti,all,bathroom graphiti,https://bathroomgraffiti.com/pages/notre-histoire,1,0,3
2026-08-27,bathroomgraffiti,all,bathroom graphiti,https://bathroomgraffiti.com/,1,2,2
2026-08-27,bathroomgraffiti,all,bathroom graphiti,https://bathroomgraffiti.com/collections/cuisine-et-bain,1,0,2
2026-08-27,bathroomgraffiti,all,bathroom graphiti,https://bathroomgraffiti.com/collections/deco,1,0,2
2026-08-27,bathroomgraffiti,all,bathroom graphiti,https://bathroomgraffiti.com/collections/idees-cadeaux,1,0,2
2026-08-27,bathroomgraffiti,all,bathroom graphiti,https://bathroomgraffiti.com/pages/nos-boutiques,1,0,2
2026-08-27,bathroomgraffiti,all,bathroom graphiti,https://bathroomgraffiti.com/pages/notre-histoire,1,0,2
2026-08-29,bathroomgraffiti,all,bathroom graphiti,https://bathroomgraffiti.com/,1,1,2
2026-08-29,bathroomgraffiti,all,bathroom graphiti,https://bathroomgraffiti.com/collections/cuisine-et-bain,1,0,2
2026-08-29,bathroomgraffiti,all,bathroom graphiti,https://bathroomgraffiti.com/collections/deco,1,0,2
2026-08-29,bathroomgraffiti,all,bathroom graphiti,https://bathroomgraffiti.com/collections/idees-cadeaux,1,0,2
2026-08-29,bathroomgraffiti,all,bathroom graphiti,https://bathroomgraffiti.com/collections/sonny-angel,1,0,2
2026-08-29,bathroomgraffiti,all,bathroom graphiti,https://bathroomgraffiti.com/pages/nos-boutiques,1,0,2
2026-08-29,bathroomgraffiti,all,bathroom graphiti,https://bathroomgraffiti.com/products/coque-le-marais-paris-la-coque-francaise-x-bathroom-graffiti,4.5,0,2
2026-08-30,bathroomgraffiti,all,bathroom graphiti,http://www.bathroomgraffiti.com/,2.5,0,2
2026-08-30,bathroomgraffiti,all,bathroom graphiti,https://bathroomgraffiti.com/,1,2,2
2026-08-30,bathroomgraffiti,all,bathroom graphiti,https://bathroomgraffiti.com/collections/cuisine-et-bain,1,0,2
2026-08-30,bathroomgraffiti,all,bathroom graphiti,https://bathroomgraffiti.com/collections/deco,1,0,2
2026-08-30,bathroomgraffiti,all,bathroom graphiti,https://bathroomgraffiti.com/collections/idees-cadeaux,1,0,2
2026-08-30,bathroomgraffiti,all,bathroom graphiti,https://bathroomgraffiti.com/pages/nos-boutiques,1,0,2
2026-08-30,bathroomgraffiti,all,bathroom graphiti,https://bathroomgraffiti.com/pages/nos-marques,1,0,2
2026-09-15,bathroomgraffiti,all,bathroom graphiti,http://www.bathroomgraffiti.com/,2,0,2
2026-09-15,bathroomgraffiti,all,bathroom graphiti,https://bathroomgraffiti.com/,1,2,2
2026-09-15,bathroomgraffiti,all,bathroom graphiti,https://bathroomgraffiti.com/collections,1,0,2
2026-09-15,bathroomgraffiti,all,bathroom graphiti,https://bathroomgraffiti.com/collections/cuisine-et-bain,1,0,2
2026-09-15,bathroomgraffiti,all,bathroom graphiti,https://bathroomgraffiti.com/collections/deco,1,0,2
2026-09-15,bathroomgraffiti,all,bathroom graphiti,https://bathroomgraffiti.com/collections/idees-cadeaux,1,0,2
2026-09-15,bathroomgraffiti,all,bathroom graphiti,https://bathroomgraffiti.com/pages/nos-boutiques,1,0,2
2026-09-15,bathroomgraffiti,all,bathroom graphiti,https://bathroomgraffiti.com/pages/notre-histoire,1,0,2
2026-09-24,bathroomgraffiti,all,bathroom graphiti,https://bathroomgraffiti.com/,1,1,2
2026-09-24,bathroomgraffiti,all,bathroom graphiti,https://bathroomgraffiti.com/collections/cuisine-et-bain,1,0,2
2026-09-24,bathroomgraffiti,all,bathroom graphiti,https://bathroomgraffiti.com/collections/deco,1,0,2
2026-09-24,bathroomgraffiti,all,bathroom graphiti,https://bathroomgraffiti.com/collections/idees-cadeaux,1,0,2
2026-09-24,bathroomgraffiti,all,bathroom graphiti,https://bathroomgraffiti.com/pages/nos-boutiques,1,0,2
2026-09-24,bathroomgraffiti,all,bathroom graphiti,https://bathroomgraffiti.com/search,1,0,2
2026-09-25,bathroomgraffiti,all,bathroom graphiti,https://bathroomgraffiti.com/,1,1,2
2026-09-25,bathroomgraffiti,all,bathroom graphiti,https://bathroomgraffiti.com/collections/cuisine-et-bain,1,0,2
2026-09-25,bathroomgraffiti,all,bathroom graphiti,https://bathroomgraffiti.com/collections/deco,1,0,2
2026-09-25,bathroomgraffiti,all,bathroom graphiti,https://bathroomgraffiti.com/collections/idees-cadeaux,1,0,2
2026-09-25,bathroomgraffiti,all,bathroom graphiti,https://bathroomgraffiti.com/pages/nos-boutiques,1,0,2
2026-10-04,bathroomgraffiti,all,bathroom graphiti,https://bathroomgraffiti.com/,1,1,2
2026-10-04,bathroomgraffiti,all,bathroom graphiti,https://bathroomgraffiti.com/collections/cuisine-et-bain,1,0,2
2026-10-04,bathroomgraffiti,all,bathroom graphiti,https://bathroomgraffiti.com/collections/deco,1,0,2
2026-10-04,bathroomgraffiti,all,bathroom graphiti,https://bathroomgraffiti.com/collections/idees-cadeaux,1,0,2
2026-10-04,bathroomgraffiti,all,bathroom graphiti,https://bathroomgraffiti.com/pages/nos-boutiques,1,0,2
2026-07-07,bathroomgraffiti,all,bougie anti connard,https://bathroomgraffiti.com/products/bougie-humour-anti-connards,2,1,2
2026-07-08,bathroomgraffiti,all,bougie anti connard,https://bathroomgraffiti.com/products/bougie-humour-anti-connards,2,0,2
2026-07-09,bathroomgraffiti,all,bougie anti connard,https://bathroomgraffiti.com/products/bougie-humour-anti-connards,2,1,3
2026-07-17,bathroomgraffiti,all,bougie anti connard,https://bathroomgraffiti.com/products/bougie-humour-anti-connards,2,0,2
2026-07-18,bathroomgraffiti,all,bougie anti connard,https://bathroomgraffiti.com/products/bougie-humour-anti-connards,2,0,5
2026-07-22,bathroomgraffiti,all,bougie anti connard,https://bathroomgraffiti.com/products/bougie-humour-anti-connards,3.5,0,4
2026-07-24,bathroomgraffiti,all,bougie anti connard,https://bathroomgraffiti.com/products/bougie-humour-anti-connards,2,0,4
2026-07-27,bathroomgraffiti,all,bougie anti connard,https://bathroomgraffiti.com/products/bougie-humour-anti-connards,2,0,3
2026-07-29,bathroomgraffiti,all,bougie anti connard,https://bathroomgraffiti.com/products/bougie-humour-anti-connards,2,0,3
2026-07-30,bathroomgraffiti,all,bougie anti connard,https://bathroomgraffiti.com/products/bougie-humour-anti-connards,2.8,1,4
2026-07-31,bathroomgraffiti,all,bougie anti connard,https://bathroomgraffiti.com/products/bougie-humour-anti-connards,2.8,0,4
2026-08-01,bathroomgraffiti,all,bougie anti connard,https://bathroomgraffiti.com/products/bougie-humour-anti-connards,2,1,2
2026-08-02,bathroomgraffiti,all,bougie anti connard,https://bathroomgraffiti.com/products/bougie-humour-anti-connards,3,0,2
2026-08-03,bathroomgraffiti,all,bougie anti connard,https://bathroomgraffiti.com/products/bougie-humour-anti-connards,2,0,3
2026-08-06,bathroomgraffiti,all,bougie anti connard,https://bathroomgraffiti.com/products/bougie-humour-anti-connards,2,1,3
2026-08-08,bathroomgraffiti,all,bougie anti connard,https://bathroomgraffiti.com/products/bougie-humour-anti-connards,2,0,3
2026-08-09,bathroomgraffiti,all,bougie anti connard,https://bathroomgraffiti.com/products/bougie-humour-anti-connards,2.2,0,5
2026-08-10,bathroomgraffiti,all,bougie anti connard,https://bathroomgraffiti.com/products/bougie-humour-anti-connards,2,1,3
2026-08-12,bathroomgraffiti,all,bougie anti connard,https://bathroomgraffiti.com/products/bougie-humour-anti-connards,2.5,0,2
2026-08-14,bathroomgraffiti,all,bougie anti connard,https://bathroomgraffiti.com/products/bougie-humour-anti-connards,2,0,4
2026-08-18,bathroomgraffiti,all,bougie anti connard,https://bathroomgraffiti.com/products/bougie-humour-anti-connards,2,1,4
2026-08-19,bathroomgraffiti,all,bougie anti connard,https://bathroomgraffiti.com/products/bougie-humour-anti-connards,2,0,2
2026-08-20,bathroomgraffiti,all,bougie anti connard,https://bathroomgraffiti.com/products/bougie-humour-anti-connards,2,1,5
2026-08-22,bathroomgraffiti,all,bougie anti connard,https://bathroomgraffiti.com/products/bougie-humour-anti-connards,1,0,2
2026-08-24,bathroomgraffiti,all,bougie anti connard,https://bathroomgraffiti.com/products/bougie-humour-anti-connards,1.5,1,2
2026-08-26,bathroomgraffiti,all,bougie anti connard,https://bathroomgraffiti.com/products/bougie-humour-anti-connards,1.5,1,2
2026-08-27,bathroomgraffiti,all,bougie anti connard,https://bathroomgraffiti.com/products/bougie-humour-anti-connards,2,0,2
2026-08-28,bathroomgraffiti,all,bougie anti connard,https://bathroomgraffiti.com/products/bougie-humour-anti-connards,1.3,0,3
2026-08-29,bathroomgraffiti,all,bougie anti connard,https://bathroomgraffiti.com/products/bougie-humour-anti-connards,1.8,1,4
2026-08-30,bathroomgraffiti,all,bougie anti connard,https://bathroomgraffiti.com/products/bougie-humour-anti-connards,1.5,0,2
2026-09-01,bathroomgraffiti,all,bougie anti connard,https://bathroomgraffiti.com/products/bougie-humour-anti-connards,1,0,3
2026-09-03,bathroomgraffiti,all,bougie anti connard,https://bathroomgraffiti.com/products/bougie-humour-anti-connards,1,0,2
2026-09-04,bathroomgraffiti,all,bougie anti connard,https://bathroomgraffiti.com/products/bougie-humour-anti-connards,1,0,4
2026-09-05,bathroomgraffiti,all,bougie anti connard,https://bathroomgraffiti.com/products/bougie-humour-anti-connards,1.7,0,3
2026-09-06,bathroomgraffiti,all,bougie anti connard,https://bathroomgraffiti.com/products/bougie-humour-anti-connards,2,1,3
2026-09-07,bathroomgraffiti,all,bougie anti connard,https://bathroomgraffiti.com/products/bougie-humour-anti-connards,1.5,0,2
2026-09-08,bathroomgraffiti,all,bougie anti connard,https://bathroomgraffiti.com/products/bougie-humour-anti-connards,2,0,2
2026-09-09,bathroomgraffiti,all,bougie anti connard,https://bathroomgraffiti.com/products/bougie-humour-anti-connards,2,0,5
2026-09-10,bathroomgraffiti,all,bougie anti connard,https://bathroomgraffiti.com/products/bougie-humour-anti-connards,2,0,2
2026-09-12,bathroomgraffiti,all,bougie anti connard,https://bathroomgraffiti.com/products/bougie-humour-anti-connards,1.8,1,4
2026-09-15,bathroomgraffiti,all,bougie anti connard,https://bathroomgraffiti.com/products/bougie-humour-anti-connards,1.8,2,5
2026-09-17,bathroomgraffiti,all,bougie anti connard,https://bathroomgraffiti.com/products/bougie-humour-anti-connards,2,2,11
2026-09-19,bathroomgraffiti,all,bougie anti connard,https://bathroomgraffiti.com/products/bougie-humour-anti-connards,2,0,4
2026-09-21,bathroomgraffiti,all,bougie anti connard,https://bathroomgraffiti.com/products/bougie-humour-anti-connards,2,0,3
2026-09-22,bathroomgraffiti,all,bougie anti connard,https://bathroomgraffiti.com/products/bougie-humour-anti-connards,2,0,2
2026-09-23,bathroomgraffiti,all,bougie anti connard,https://bathroomgraffiti.com/products/bougie-humour-anti-connards,2.1,0,7
2026-09-25,bathroomgraffiti,all,bougie anti connard,https://bathroomgraffiti.com/products/bougie-humour-anti-connards,2,0,2
2026-09-26,bathroomgraffiti,all,bougie anti connard,https://bathroomgraffiti.com/products/bougie-humour-anti-connards,2.2,0,6
2026-09-27,bathroomgraffiti,all,bougie anti connard,https://bathroomgraffiti.com/products/bougie-humour-anti-connards,2.1,0,8
2026-09-28,bathroomgraffiti,all,bougie anti connard,https://bathroomgraffiti.com/products/bougie-humour-anti-connards,2.2,0,4
2026-09-29,bathroomgraffiti,all,bougie anti connard,https://bathroomgraffiti.com/products/bougie-humour-anti-connards,2.7,0,3
2026-09-30,bathroomgraffiti,all,bougie anti connard,https://bathroomgraffiti.com/products/bougie-humour-anti-connards,4,0,2
2026-10-01,bathroomgraffiti,all,bougie anti connard,https://bathroomgraffiti.com/products/bougie-humour-anti-connards,3.7,0,3
2026-10-03,bathroomgraffiti,all,bougie anti connard,https://bathroomgraffiti.com/products/bougie-humour-anti-connards,3.5,0,4
2026-10-04,bathroomgraffiti,all,bougie anti connard,https://bathroomgraffiti.com/products/bougie-humour-anti-connards,3.3,0,3
2026-07-08,bathroomgraffiti,all,graffiti bathroom,http://www.bathroomgraffiti.com/,2,0,3
2026-07-08,bathroomgraffiti,all,graffiti bathroom,https://bathroomgraffiti.com/,1,0,3
2026-07-08,bathroomgraffiti,all,graffiti bathroom,https://bathroomgraffiti.com/collections/cuisine-et-bain,1,0,3
2026-07-08,bathroomgraffiti,all,graffiti bathroom,https://bathroomgraffiti.com/collections/deco,1,0,3
2026-07-08,bathroomgraffiti,all,graffiti bathroom,https://bathroomgraffiti.com/collections/idees-cadeaux,1,2,3
2026-07-08,bathroomgraffiti,all,graffiti bathroom,https://bathroomgraffiti.com/collections/sonny-angel,1,0,3
2026-07-08,bathroomgraffiti,all,graffiti bathroom,https://bathroomgraffiti.com/pages/nos-boutiques,1,0,3
2026-07-08,bathroomgraffiti,all,graffiti bathroom,https://bathroomgraffiti.com/pages/notre-histoire,1,0,3
2026-07-09,bathroomgraffiti,all,graffiti bathroom,http://www.bathroomgraffiti.com/,2,0,2
2026-07-09,bathroomgraffiti,all,graffiti bathroom,https://bathroomgraffiti.com/,1,0,2
2026-07-09,bathroomgraffiti,all,graffiti bathroom,https://bathroomgraffiti.com/collections/cuisine-et-bain,1,0,2
2026-07-09,bathroomgraffiti,all,graffiti bathroom,https://bathroomgraffiti.com/collections/deco,1,0,2
2026-07-09,bathroomgraffiti,all,graffiti bathroom,https://bathroomgraffiti.com/collections/idees-cadeaux,1,1,2
2026-07-09,bathroomgraffiti,all,graffiti bathroom,https://bathroomgraffiti.com/pages/nos-boutiques,1,0,2
2026-07-09,bathroomgraffiti,all,graffiti bathroom,https://bathroomgraffiti.com/pages/notre-histoire,1,0,2
2026-07-10,bathroomgraffiti,all,graffiti bathroom,http://www.bathroomgraffiti.com/,3,0,3
2026-07-10,bathroomgraffiti,all,graffiti bathroom,https://bathroomgraffiti.com/,1,2,3
2026-07-10,bathroomgraffiti,all,graffiti bathroom,https://bathroomgraffiti.com/collections/cuisine-et-bain,1,0,2
2026-07-10,bathroomgraffiti,all,graffiti bathroom,https://bathroomgraffiti.com/collections/deco,1,0,2
2026-07-10,bathroomgraffiti,all,graffiti bathroom,https://bathroomgraffiti.com/collections/idees-cadeaux,1,1,3
2026-07-10,bathroomgraffiti,all,graffiti bathroom,https://bathroomgraffiti.com/pages/nos-boutiques,1,0,3
2026-07-17,bathroomgraffiti,all,graffiti bathroom,http://www.bathroomgraffiti.com/,2,0,2
2026-07-19,bathroomgraffiti,all,graffiti bathroom,http://www.bathroomgraffiti.com/,2.7,0,3
2026-07-19,bathroomgraffiti,all,graffiti bathroom,https://bathroomgraffiti.com/,1.2,1,4
2026-07-19,bathroomgraffiti,all,graffiti bathroom,https://bathroomgraffiti.com/collections/cuisine-et-bain,1,0,2
2026-07-19,bathroomgraffiti,all,graffiti bathroom,https://bathroomgraffiti.com/collections/deco,1,0,3
2026-07-19,bathroomgraffiti,all,graffiti bathroom,https://bathroomgraffiti.com/collections/idees-cadeaux,1,0,3
2026-07-19,bathroomgraffiti,all,graffiti bathroom,https://bathroomgraffiti.com/collections/salle-de-bain,1,0,2
2026-07-19,bathroomgraffiti,all,graffiti bathroom,https://bathroomgraffiti.com/collections/sonny-angel,1,0,3
2026-07-19,bathroomgraffiti,all,graffiti bathroom,https://bathroomgraffiti.com/pages/nos-boutiques,6.7,0,3
2026-07-26,bathroomgraffiti,all,graffiti bathroom,http://www.bathroomgraffiti.com/,2,0,2
2026-07-26,bathroomgraffiti,all,graffiti bathroom,https://bathroomgraffiti.com/,1,2,2
2026-07-26,bathroomgraffiti,all,graffiti bathroom,https://bathroomgraffiti.com/collections/cuisine-et-bain,1,0,2
2026-07-26,bathroomgraffiti,all,graffiti bathroom,https://bathroomgraffiti.com/collections/deco,1,0,2
2026-07-26,bathroomgraffiti,all,graffiti bathroom,https://bathroomgraffiti.com/collections/idees-cadeaux,1,0,2
2026-07-26,bathroomgraffiti,all,graffiti bathroom,https://bathroomgraffiti.com/collections/sonny-angel,1,0,2
2026-07-26,bathroomgraffiti,all,graffiti bathroom,https://bathroomgraffiti.com/pages/nos-boutiques,1,0,2
2026-07-29,bathroomgraffiti,all,graffiti bathroom,http://www.bathroomgraffiti.com/,2,0,2
2026-07-29,bathroomgraffiti,all,graffiti bathroom,https://bathroomgraffiti.com/,1,1,2
2026-07-29,bathroomgraffiti,all,graffiti bathroom,https://bathroomgraffiti.com/collections/deco,1,0,2
2026-07-29,bathroomgraffiti,all,graffiti bathroom,https://bathroomgraffiti.com/collections/idees-cadeaux,1,0,2
2026-07-29,bathroomgraffiti,all,graffiti bathroom,https://bathroomgraffiti.com/collections/sonny-angel,1,0,2
2026-07-29,bathroomgraffiti,all,graffiti bathroom,https://bathroomgraffiti.com/pages/nos-boutiques,1,0,2
2026-08-02,bathroomgraffiti,all,graffiti bathroom,http://www.bathroomgraffiti.com/,2.5,0,2
2026-08-02,bathroomgraffiti,all,graffiti bathroom,https://bathroomgraffiti.com/,1,1,2
2026-08-02,bathroomgraffiti,all,graffiti bathroom,https://bathroomgraffiti.com/collections/cuisine-et-bain,1,0,2
2026-08-02,bathroomgraffiti,all,graffiti bathroom,https://bathroomgraffiti.com/collections/deco,1,0,2
2026-08-02,bathroomgraffiti,all,graffiti bathroom,https://bathroomgraffiti.com/collections/idees-cadeaux,1,1,2
2026-08-02,bathroomgraffiti,all,graffiti bathroom,https://bathroomgraffiti.com/collections/sonny-angel,1,0,2
2026-08-02,bathroomgraffiti,all,graffiti bathroom,https://bathroomgraffiti.com/pages/nos-boutiques,1,0,2
2026-08-02,bathroomgraffiti,all,graffiti bathroom,https://bathroomgraffiti.com/pages/notre-histoire,1,0,2
2026-08-05,bathroomgraffiti,all,graffiti bathroom,https://bathroomgraffiti.com/,1,1,2
2026-08-05,bathroomgraffiti,all,graffiti bathroom,https://bathroomgraffiti.com/collections/idees-cadeaux,1,0,2
2026-08-05,bathroomgraffiti,all,graffiti bathroom,https://bathroomgraffiti.com/pages/nos-boutiques,1,0,2
2026-08-14,bathroomgraffiti,all,graffiti bathroom,http://www.bathroomgraffiti.com/,1.5,0,2
2026-08-14,bathroomgraffiti,all,graffiti bathroom,https://bathroomgraffiti.com/,2.5,0,2
2026-08-19,bathroomgraffiti,all,graffiti bathroom,https://bathroomgraffiti.com/,8.5,0,2
2026-08-21,bathroomgraffiti,all,graffiti bathroom,http://www.bathroomgraffiti.com/,8,0,3
2026-08-21,bathroomgraffiti,all,graffiti bathroom,https://bathroomgraffiti.com/,1,1,3
2026-08-21,bathroomgraffiti,all,graffiti bathroom,https://bathroomgraffiti.com/collections/cuisine-et-bain,1,0,3
2026-08-21,bathroomgraffiti,all,graffiti bathroom,https://bathroomgraffiti.com/collections/deco,1,0,3
2026-08-21,bathroomgraffiti,all,graffiti bathroom,https://bathroomgraffiti.com/collections/idees-cadeaux,1,0,3
2026-08-21,bathroomgraffiti,all,graffiti bathroom,https://bathroomgraffiti.com/collections/sonny-angel,1,0,3
2026-08-21,bathroomgraffiti,all,graffiti bathroom,https://bathroomgraffiti.com/pages/nos-boutiques,1,0,3
2026-08-28,bathroomgraffiti,all,graffiti bathroom,http://www.bathroomgraffiti.com/,2,0,2
2026-08-28,bathroomgraffiti,all,graffiti bathroom,https://bathroomgraffiti.com/,1,1,3
2026-08-28,bathroomgraffiti,all,graffiti bathroom,https://bathroomgraffiti.com/collections/cuisine-et-bain,1,0,3
2026-08-28,bathroomgraffiti,all,graffiti bathroom,https://bathroomgraffiti.com/collections/deco,1,0,3
2026-08-28,bathroomgraffiti,all,graffiti bathroom,https://bathroomgraffiti.com/collections/idees-cadeaux,1,1,3
2026-08-28,bathroomgraffiti,all,graffiti bathroom,https://bathroomgraffiti.com/collections/sonny-angel,1,0,2
2026-08-28,bathroomgraffiti,all,graffiti bathroom,https://bathroomgraffiti.com/pages/nos-boutiques,1,0,3
2026-08-28,bathroomgraffiti,all,graffiti bathroom,https://bathroomgraffiti.com/pages/notre-histoire,1,0,3
2026-09-01,bathroomgraffiti,all,graffiti bathroom,http://www.bathroomgraffiti.com/,10.5,0,2
2026-09-01,bathroomgraffiti,all,graffiti bathroom,https://bathroomgraffiti.com/,1,2,2
2026-09-01,bathroomgraffiti,all,graffiti bathroom,https://bathroomgraffiti.com/collections/cuisine-et-bain,1,0,2
2026-09-01,bathroomgraffiti,all,graffiti bathroom,https://bathroomgraffiti.com/collections/deco,1,0,2
2026-09-01,bathroomgraffiti,all,graffiti bathroom,https://bathroomgraffiti.com/collections/idees-cadeaux,1,0,2
2026-09-01,bathroomgraffiti,all,graffiti bathroom,https://bathroomgraffiti.com/collections/sonny-angel,1,0,2
2026-09-01,bathroomgraffiti,all,graffiti bathroom,https://bathroomgraffiti.com/pages/nos-boutiques,1,0,2
2026-09-07,bathroomgraffiti,all,graffiti bathroom,http://www.bathroomgraffiti.com/,2,0,2
2026-09-07,bathroomgraffiti,all,graffiti bathroom,https://bathroomgraffiti.com/,1,2,2
2026-09-07,bathroomgraffiti,all,graffiti bathroom,https://bathroomgraffiti.com/collections/cuisine-et-bain,1,0,2
2026-09-07,bathroomgraffiti,all,graffiti bathroom,https://bathroomgraffiti.com/collections/deco,1,0,2
2026-09-07,bathroomgraffiti,all,graffiti bathroom,https://bathroomgraffiti.com/collections/idees-cadeaux,1,0,2
2026-09-07,bathroomgraffiti,all,graffiti bathroom,https://bathroomgraffiti.com/collections/sonny-angel,1,0,2
2026-09-07,bathroomgraffiti,all,graffiti bathroom,https://bathroomgraffiti.com/pages/nos-boutiques,1,0,2
2026-09-12,bathroomgraffiti,all,graffiti bathroom,http://www.bathroomgraffiti.com/,1.5,0,2
2026-09-12,bathroomgraffiti,all,graffiti bathroom,https://bathroomgraffiti.com/,3.5,1,2
2026-09-18,bathroomgraffiti,all,graffiti bathroom,http://www.bathroomgraffiti.com/,2,0,2
2026-09-18,bathroomgraffiti,all,graffiti bathroom,https://bathroomgraffiti.com/,1,0,2
2026-09-18,bathroomgraffiti,all,graffiti bathroom,https://bathroomgraffiti.com/collections/idees-cadeaux,1,0,2
2026-09-18,bathroomgraffiti,all,graffiti bathroom,https://bathroomgraffiti.com/pages/nos-boutiques,1,0,2
2026-09-25,bathroomgraffiti,all,graffiti bathroom,https://bathroomgraffiti.com/,1,1,2
2026-09-30,bathroomgraffiti,all,graffiti bathroom,https://bathroomgraffiti.com/,1,2,2
2026-09-30,bathroomgraffiti,all,graffiti bathroom,https://bathroomgraffiti.com/collections/cuisine-et-bain,1,0,2
2026-09-30,bathroomgraffiti,all,graffiti bathroom,https://bathroomgraffiti.com/collections/deco,1,0,2
2026-09-30,bathroomgraffiti,all,graffiti bathroom,https://bathroomgraffiti.com/collections/idees-cadeaux,1,0,2
2026-09-30,bathroomgraffiti,all,graffiti bathroom,https://bathroomgraffiti.com/collections/sonny-angel,1,0,2
2026-09-30,bathroomgraffiti,all,graffiti bathroom,https://bathroomgraffiti.com/pages/nos-boutiques,1,1,2
2026-10-02,bathroomgraffiti,all,graffiti bathroom,https://bathroomgraffiti.com/,1,2,3
2026-10-02,bathroomgraffiti,all,graffiti bathroom,https://bathroomgraffiti.com/collections/accessoires-de-maison,1,0,3
2026-10-02,bathroomgraffiti,all,graffiti bathroom,https://bathroomgraffiti.com/collections/bougies-senteurs,1,0,2
2026-10-02,bathroomgraffiti,all,graffiti bathroom,https://bathroomgraffiti.com/collections/cuisine-et-bain,1,0,3
2026-10-02,bathroomgraffiti,all,graffiti bathroom,https://bathroomgraffiti.com/collections/deco,1,0,3
2026-10-02,bathroomgraffiti,all,graffiti bathroom,https://bathroomgraffiti.com/collections/idees-cadeaux,1,0,3
2026-10-02,bathroomgraffiti,all,graffiti bathroom,https://bathroomgraffiti.com/pages/nos-boutiques,1,0,3
2026-10-03,bathroomgraffiti,all,graffiti bathroom,https://bathroomgraffiti.com/,1,2,2
2026-10-03,bathroomgraffiti,all,graffiti bathroom,https://bathroomgraffiti.com/collections/accessoires-de-maison,1,0,2
2026-10-03,bathroomgraffiti,all,graffiti bathroom,https://bathroomgraffiti.com/collections/cuisine-et-bain,1,0,2
2026-10-03,bathroomgraffiti,all,graffiti bathroom,https://bathroomgraffiti.com/collections/deco,1,0,2
2026-10-03,bathroomgraffiti,all,graffiti bathroom,https://bathroomgraffiti.com/collections/idees-cadeaux,1,0,2
2026-10-03,bathroomgraffiti,all,graffiti bathroom,https://bathroomgraffiti.com/pages/nos-boutiques,1,0,2
2026-07-07,bathroomgraffiti,all,ichendorf milano,https://bathroomgraffiti.com/collections/ichendorf,8.5,0,13
2026-07-08,bathroomgraffiti,all,ichendorf milano,https://bathroomgraffiti.com/collections/ichendorf,10.8,0,17
2026-07-09,bathroomgraffiti,all,ichendorf milano,https://bathroomgraffiti.com/collections/ichendorf,11.1,0,20
2026-07-10,bathroomgraffiti,all,ichendorf milano,https://bathroomgraffiti.com/collections/ichendorf,6.1,1,26
2026-07-11,bathroomgraffiti,all,ichendorf milano,https://bathroomgraffiti.com/collections/ichendorf,5.2,0,36
2026-07-12,bathroomgraffiti,all,ichendorf milano,https://bathroomgraffiti.com/collections/ichendorf,6.5,0,13
2026-07-13,bathroomgraffiti,all,ichendorf milano,https://bathroomgraffiti.com/collections/ichendorf,5.7,0,24
2026-07-14,bathroomgraffiti,all,ichendorf milano,https://bathroomgraffiti.com/collections/ichendorf,8.5,0,13
2026-07-15,bathroomgraffiti,all,ichendorf milano,https://bathroomgraffiti.com/collections/ichendorf,8.1,0,19
2026-07-16,bathroomgraffiti,all,ichendorf milano,https://bathroomgraffiti.com/collections/ichendorf,7.1,1,15
2026-07-17,bathroomgraffiti,all,ichendorf milano,https://bathroomgraffiti.com/collections/ichendorf,6.9,0,18
2026-07-18,bathroomgraffiti,all,ichendorf milano,https://bathroomgraffiti.com/collections/ichendorf,5.8,0,21
2026-07-19,bathroomgraffiti,all,ichendorf milano,https://bathroomgraffiti.com/collections/ichendorf,6.0,0,21
2026-07-20,bathroomgraffiti,all,ichendorf milano,https://bathroomgraffiti.com/collections/ichendorf,9.4,0,18
2026-07-21,bathroomgraffiti,all,ichendorf milano,https://bathroomgraffiti.com/collections/ichendorf,8,0,14
2026-07-22,bathroomgraffiti,all,ichendorf milano,https://bathroomgraffiti.com/collections/ichendorf,6,0,27
2026-07-23,bathroomgraffiti,all,ichendorf milano,https://bathroomgraffiti.com/collections/ichendorf,5.8,0,24
2026-07-24,bathroomgraffiti,all,ichendorf milano,https://bathroomgraffiti.com/collections/ichendorf,5.1,0,28
2026-07-25,bathroomgraffiti,all,ichendorf milano,https://bathroomgraffiti.com/collections/ichendorf,7.6,0,16
2026-07-26,bathroomgraffiti,all,ichendorf milano,https://bathroomgraffiti.com/collections/ichendorf,5.1,0,32
2026-07-27,bathroomgraffiti,all,ichendorf milano,https://bathroomgraffiti.com/collections/ichendorf,4.4,0,24
2026-07-28,bathroomgraffiti,all,ichendorf milano,https://bathroomgraffiti.com/collections/ichendorf,5.2,0,25
2026-07-29,bathroomgraffiti,all,ichendorf milano,https://bathroomgraffiti.com/collections/ichendorf,6.7,1,23
2026-07-30,bathroomgraffiti,all,ichendorf milano,https://bathroomgraffiti.com/collections/ichendorf,5.7,0,20
2026-07-31,bathroomgraffiti,all,ichendorf milano,https://bathroomgraffiti.com/collections/ichendorf,4.3,1,18
2026-08-01,bathroomgraffiti,all,ichendorf milano,https://bathroomgraffiti.com/collections/ichendorf,2.9,2,27
2026-08-02,bathroomgraffiti,all,ichendorf milano,https://bathroomgraffiti.com/collections/ichendorf,6.6,0,21
2026-08-03,bathroomgraffiti,all,ichendorf milano,https://bathroomgraffiti.com/collections/ichendorf,9.0,0,30
2026-08-04,bathroomgraffiti,all,ichendorf milano,https://bathroomgraffiti.com/collections/ichendorf,6.4,0,25
2026-08-05,bathroomgraffiti,all,ichendorf milano,https://bathroomgraffiti.com/collections/ichendorf,5.9,2,18
2026-08-06,bathroomgraffiti,all,ichendorf milano,https://bathroomgraffiti.com/collections/ichendorf,6,0,30
2026-08-07,bathroomgraffiti,all,ichendorf milano,https://bathroomgraffiti.com/collections/ichendorf,6.5,0,23
2026-08-08,bathroomgraffiti,all,ichendorf milano,https://bathroomgraffiti.com/collections/ichendorf,4.7,0,29
2026-08-09,bathroomgraffiti,all,ichendorf milano,https://bathroomgraffiti.com/collections/ichendorf,5,2,35
2026-08-10,bathroomgraffiti,all,ichendorf milano,https://bathroomgraffiti.com/collections/ichendorf,5.3,1,21
2026-08-11,bathroomgraffiti,all,ichendorf milano,https://bathroomgraffiti.com/collections/ichendorf,4.2,1,31
2026-08-12,bathroomgraffiti,all,ichendorf milano,https://bathroomgraffiti.com/collections/ichendorf,5.4,1,27
2026-08-13,bathroomgraffiti,all,ichendorf milano,https://bathroomgraffiti.com/collections/ichendorf,5.1,0,23
2026-08-14,bathroomgraffiti,all,ichendorf milano,https://bathroomgraffiti.com/collections/ichendorf,5.5,0,20
2026-08-15,bathroomgraffiti,all,ichendorf milano,https://bathroomgraffiti.com/collections/ichendorf,5.9,0,21
2026-08-16,bathroomgraffiti,all,ichendorf milano,https://bathroomgraffiti.com/collections/ichendorf,4.8,0,20
2026-08-17,bathroomgraffiti,all,ichendorf milano,https://bathroomgraffiti.com/collections/ichendorf,5.6,0,23
2026-08-18,bathroomgraffiti,all,ichendorf milano,https://bathroomgraffiti.com/collections/ichendorf,5.2,0,28
2026-08-19,bathroomgraffiti,all,ichendorf milano,https://bathroomgraffiti.com/collections/ichendorf,4.3,0,16
2026-08-20,bathroomgraffiti,all,ichendorf milano,https://bathroomgraffiti.com/collections/ichendorf,5.3,1,29
2026-08-21,bathroomgraffiti,all,ichendorf milano,https://bathroomgraffiti.com/collections/ichendorf,6.9,0,15
2026-08-22,bathroomgraffiti,all,ichendorf milano,https://bathroomgraffiti.com/collections/ichendorf,7.0,0,24
2026-08-23,bathroomgraffiti,all,ichendorf milano,https://bathroomgraffiti.com/collections/ichendorf,5.5,1,20
2026-08-24,bathroomgraffiti,all,ichendorf milano,https://bathroomgraffiti.com/collections/ichendorf,5.6,0,18
2026-08-25,bathroomgraffiti,all,ichendorf milano,https://bathroomgraffiti.com/collections/ichendorf,5.6,1,17
2026-08-26,bathroomgraffiti,all,ichendorf milano,https://bathroomgraffiti.com/collections/ichendorf,5,2,19
2026-08-27,bathroomgraffiti,all,ichendorf milano,https://bathroomgraffiti.com/collections/ichendorf,5.9,0,16
2026-08-28,bathroomgraffiti,all,ichendorf milano,https://bathroomgraffiti.com/collections/ichendorf,6.1,0,18
2026-08-29,bathroomgraffiti,all,ichendorf milano,https://bathroomgraffiti.com/collections/ichendorf,6.2,0,24
2026-08-30,bathroomgraffiti,all,ichendorf milano,https://bathroomgraffiti.com/collections/ichendorf,6.8,2,22
2026-08-31,bathroomgraffiti,all,ichendorf milano,https://bathroomgraffiti.com/collections/ichendorf,6.8,0,18
2026-09-01,bathroomgraffiti,all,ichendorf milano,https://bathroomgraffiti.com/collections/ichendorf,7.2,0,18
2026-09-02,bathroomgraffiti,all,ichendorf milano,https://bathroomgraffiti.com/collections/ichendorf,6.5,0,20
2026-09-03,bathroomgraffiti,all,ichendorf milano,https://bathroomgraffiti.com/collections/ichendorf,5.9,0,24
2026-09-04,bathroomgraffiti,all,ichendorf milano,https://bathroomgraffiti.com/collections/ichendorf,5.7,0,25
2026-09-05,bathroomgraffiti,all,ichendorf milano,https://bathroomgraffiti.com/collections/ichendorf,6.8,0,25
2026-09-06,bathroomgraffiti,all,ichendorf milano,https://bathroomgraffiti.com/collections/ichendorf,6.4,0,27
2026-09-07,bathroomgraffiti,all,ichendorf milano,https://bathroomgraffiti.com/collections/ichendorf,6.4,0,21
2026-09-08,bathroomgraffiti,all,ichendorf milano,https://bathroomgraffiti.com/collections/ichendorf,5.7,1,30
2026-09-09,bathroomgraffiti,all,ichendorf milano,https://bathroomgraffiti.com/collections/ichendorf,7.6,1,19
2026-09-10,bathroomgraffiti,all,ichendorf milano,https://bathroomgraffiti.com/collections/ichendorf,6.3,0,20
2026-09-11,bathroomgraffiti,all,ichendorf milano,https://bathroomgraffiti.com/collections/ichendorf,5.3,0,36
2026-09-12,bathroomgraffiti,all,ichendorf milano,https://bathroomgraffiti.com/collections/ichendorf,5.4,0,27
2026-09-13,bathroomgraffiti,all,ichendorf milano,https://bathroomgraffiti.com/collections/ichendorf,5.1,1,48
2026-09-14,bathroomgraffiti,all,ichendorf milano,https://bathroomgraffiti.com/collections/ichendorf,7.8,0,24
2026-09-15,bathroomgraffiti,all,ichendorf milano,https://bathroomgraffiti.com/collections/ichendorf,7.7,0,13
2026-09-16,bathroomgraffiti,all,ichendorf milano,https://bathroomgraffiti.com/collections/ichendorf,6.3,0,28
2026-09-17,bathroomgraffiti,all,ichendorf milano,https://bathroomgraffiti.com/collections/ichendorf,4.7,0,19
2026-09-18,bathroomgraffiti,all,ichendorf milano,https://bathroomgraffiti.com/collections/ichendorf,10.1,0,17
2026-09-19,bathroomgraffiti,all,ichendorf milano,https://bathroomgraffiti.com/collections/ichendorf,7.1,1,21
2026-09-20,bathroomgraffiti,all,ichendorf milano,https://bathroomgraffiti.com/collections/ichendorf,4.8,0,27
2026-09-21,bathroomgraffiti,all,ichendorf milano,https://bathroomgraffiti.com/collections/ichendorf,4.9,0,25
2026-09-22,bathroomgraffiti,all,ichendorf milano,https://bathroomgraffiti.com/collections/ichendorf,6.5,0,21
2026-09-23,bathroomgraffiti,all,ichendorf milano,https://bathroomgraffiti.com/collections/ichendorf,4.5,0,17
2026-09-24,bathroomgraffiti,all,ichendorf milano,https://bathroomgraffiti.com/collections/ichendorf,5.1,0,21
2026-09-25,bathroomgraffiti,all,ichendorf milano,https://bathroomgraffiti.com/collections/ichendorf,5.7,0,18
2026-09-26,bathroomgraffiti,all,ichendorf milano,https://bathroomgraffiti.com/collections/ichendorf,5.8,0,19
2026-09-27,bathroomgraffiti,all,ichendorf milano,https://bathroomgraffiti.com/collections/ichendorf,8.2,0,16
2026-09-28,bathroomgraffiti,all,ichendorf milano,https://bathroomgraffiti.com/collections/ichendorf,5.2,0,25
2026-09-29,bathroomgraffiti,all,ichendorf milano,https://bathroomgraffiti.com/collections/ichendorf,4,1,11
2026-09-30,bathroomgraffiti,all,ichendorf milano,https://bathroomgraffiti.com/collections/ichendorf,4.5,0,20
2026-10-01,bathroomgraffiti,all,ichendorf milano,https://bathroomgraffiti.com/collections/ichendorf,5,1,25
2026-10-02,bathroomgraffiti,all,ichendorf milano,https://bathroomgraffiti.com/collections/ichendorf,6.7,0,22
2026-10-03,bathroomgraffiti,all,ichendorf milano,https://bathroomgraffiti.com/collections/ichendorf,4.3,0,21
2026-10-04,bathroomgraffiti,all,ichendorf milano,https://bathroomgraffiti.com/collections/ichendorf,5.1,0,24
2026-07-07,bathroomgraffiti,all,livre deco,https://bathroomgraffiti.com/collections/livre-deco,5.3,0,3
2026-07-08,bathroomgraffiti,all,livre deco,https://bathroomgraffiti.com/collections/livre-deco,6,0,10
2026-07-10,bathroomgraffiti,all,livre deco,https://bathroomgraffiti.com/collections/livre-deco,4.8,0,10
2026-07-11,bathroomgraffiti,all,livre deco,https://bathroomgraffiti.com/collections/livre-deco,8,0,5
2026-07-12,bathroomgraffiti,all,livre deco,https://bathroomgraffiti.com/collections/livre-deco,9.7,0,11
2026-07-13,bathroomgraffiti,all,livre deco,https://bathroomgraffiti.com/collections/livre-deco,4.3,0,9
2026-07-14,bathroomgraffiti,all,livre deco,https://bathroomgraffiti.com/collections/livre-deco,6,1,4
2026-07-15,bathroomgraffiti,all,livre deco,https://bathroomgraffiti.com/collections/livre-deco,6.8,0,5
2026-07-16,bathroomgraffiti,all,livre deco,https://bathroomgraffiti.com/collections/livre-deco,9.3,0,15
2026-07-17,bathroomgraffiti,all,livre deco,https://bathroomgraffiti.com/collections/livre-deco,2.8,0,5
2026-07-18,bathroomgraffiti,all,livre deco,https://bathroomgraffiti.com/collections/livre-deco,5.9,0,13
2026-07-19,bathroomgraffiti,all,livre deco,https://bathroomgraffiti.com/collections/livre-deco,6.3,0,19
2026-07-20,bathroomgraffiti,all,livre deco,https://bathroomgraffiti.com/collections/livre-deco,4.8,0,23
2026-07-21,bathroomgraffiti,all,livre deco,https://bathroomgraffiti.com/collections/livre-deco,5.8,0,17
2026-07-22,bathroomgraffiti,all,livre deco,https://bathroomgraffiti.com/collections/livre-deco,8.1,0,15
2026-07-23,bathroomgraffiti,all,livre deco,https://bathroomgraffiti.com/collections/livre-deco,5.1,0,8
2026-07-24,bathroomgraffiti,all,livre deco,https://bathroomgraffiti.com/collections/livre-deco,10.8,0,8
2026-07-25,bathroomgraffiti,all,livre deco,https://bathroomgraffiti.com/collections/livre-deco,7.8,0,14
2026-07-26,bathroomgraffiti,all,livre deco,https://bathroomgraffiti.com/collections/livre-deco,7.9,0,18
2026-07-27,bathroomgraffiti,all,livre deco,https://bathroomgraffiti.com/collections/livre-deco,10.3,0,18
2026-07-28,bathroomgraffiti,all,livre deco,https://bathroomgraffiti.com/collections/livre-deco,8.9,0,15
2026-07-29,bathroomgraffiti,all,livre deco,https://bathroomgraffiti.com/collections/livre-deco,9,0,13
2026-07-30,bathroomgraffiti,all,livre deco,https://bathroomgraffiti.com/collections/livre-deco,8.2,0,15
2026-07-31,bathroomgraffiti,all,livre deco,https://bathroomgraffiti.com/collections/livre-deco,9.7,0,9
2026-08-01,bathroomgraffiti,all,livre deco,https://bathroomgraffiti.com/collections/livre-deco,3.1,0,16
2026-08-02,bathroomgraffiti,all,livre deco,https://bathroomgraffiti.com/collections/livre-deco,5.8,0,18
2026-08-03,bathroomgraffiti,all,livre deco,https://bathroomgraffiti.com/collections/livre-deco,4.2,0,25
2026-08-04,bathroomgraffiti,all,livre deco,https://bathroomgraffiti.com/collections/livre-deco,6.7,0,25
2026-08-05,bathroomgraffiti,all,livre deco,https://bathroomgraffiti.com/collections/livre-deco,4.9,0,26
2026-08-06,bathroomgraffiti,all,livre deco,https://bathroomgraffiti.com/collections/livre-deco,5.3,2,39
2026-08-07,bathroomgraffiti,all,livre deco,https://bathroomgraffiti.com/collections/livre-deco,4.8,0,23
2026-08-08,bathroomgraffiti,all,livre deco,https://bathroomgraffiti.com/collections/livre-deco,5.2,0,28
2026-08-09,bathroomgraffiti,all,livre deco,https://bathroomgraffiti.com/collections/livre-deco,6,0,21
2026-08-10,bathroomgraffiti,all,livre deco,https://bathroomgraffiti.com/collections/livre-deco,6.6,0,27
2026-08-11,bathroomgraffiti,all,livre deco,https://bathroomgraffiti.com/collections/livre-deco,7.3,0,22
2026-08-12,bathroomgraffiti,all,livre deco,https://bathroomgraffiti.com/collections/livre-deco,8.4,0,25
2026-08-13,bathroomgraffiti,all,livre deco,https://bathroomgraffiti.com/collections/livre-deco,6.8,2,19
2026-08-14,bathroomgraffiti,all,livre deco,https://bathroomgraffiti.com/collections/livre-deco,4.2,0,28
2026-08-15,bathroomgraffiti,all,livre deco,https://bathroomgraffiti.com/collections/livre-deco,3.5,1,28
2026-08-16,bathroomgraffiti,all,livre deco,https://bathroomgraffiti.com/collections/livre-deco,3.7,1,18
2026-08-17,bathroomgraffiti,all,livre deco,https://bathroomgraffiti.com/collections/livre-deco,2.7,1,27
2026-08-18,bathroomgraffiti,all,livre deco,https://bathroomgraffiti.com/collections/livre-deco,5.6,1,29
2026-08-19,bathroomgraffiti,all,livre deco,https://bathroomgraffiti.com/collections/livre-deco,4.5,0,40
2026-08-20,bathroomgraffiti,all,livre deco,https://bathroomgraffiti.com/collections/livre-deco,2.8,0,23
2026-08-21,bathroomgraffiti,all,livre deco,https://bathroomgraffiti.com/collections/livre-deco,2.7,1,42
2026-08-22,bathroomgraffiti,all,livre deco,https://bathroomgraffiti.com/collections/livre-deco,3.1,0,22
2026-08-23,bathroomgraffiti,all,livre deco,https://bathroomgraffiti.com/collections/livre-deco,3.4,1,36
2026-08-24,bathroomgraffiti,all,livre deco,https://bathroomgraffiti.com/collections/livre-deco,2.9,1,29
2026-08-25,bathroomgraffiti,all,livre deco,https://bathroomgraffiti.com/collections/livre-deco,2.2,1,34
2026-08-26,bathroomgraffiti,all,livre deco,https://bathroomgraffiti.com/collections/livre-deco,2.8,0,40
2026-08-27,bathroomgraffiti,all,livre deco,https://bathroomgraffiti.com/collections/livre-deco,2.6,1,34
2026-08-28,bathroomgraffiti,all,livre deco,https://bathroomgraffiti.com/collections/livre-deco,2.4,1,34
2026-08-29,bathroomgraffiti,all,livre deco,https://bathroomgraffiti.com/collections/livre-deco,2.4,0,70
2026-08-30,bathroomgraffiti,all,livre deco,https://bathroomgraffiti.com/collections/livre-deco,4.2,2,34
2026-08-31,bathroomgraffiti,all,livre deco,https://bathroomgraffiti.com/collections/livre-deco,6.3,2,15
2026-09-01,bathroomgraffiti,all,livre deco,https://bathroomgraffiti.com/collections/livre-deco,2.2,0,31
2026-09-02,bathroomgraffiti,all,livre deco,https://bathroomgraffiti.com/collections/livre-deco,2.8,0,25
2026-09-03,bathroomgraffiti,all,livre deco,https://bathroomgraffiti.com/collections/livre-deco,4.3,0,25
2026-09-04,bathroomgraffiti,all,livre deco,https://bathroomgraffiti.com/collections/livre-deco,3.6,0,26
2026-09-05,bathroomgraffiti,all,livre deco,https://bathroomgraffiti.com/collections/livre-deco,3.3,0,32
2026-09-06,bathroomgraffiti,all,livre deco,https://bathroomgraffiti.com/collections/livre-deco,3.4,0,30
2026-09-07,bathroomgraffiti,all,livre deco,https://bathroomgraffiti.com/collections/livre-deco,3.5,1,32
2026-09-08,bathroomgraffiti,all,livre deco,https://bathroomgraffiti.com/collections/livre-deco,4.3,1,19
2026-09-09,bathroomgraffiti,all,livre deco,https://bathroomgraffiti.com/collections/livre-deco,3.4,0,29
2026-09-10,bathroomgraffiti,all,livre deco,https://bathroomgraffiti.com/collections/livre-deco,2.6,0,28
2026-09-11,bathroomgraffiti,all,livre deco,https://bathroomgraffiti.com/collections/livre-deco,2.5,1,36
2026-09-12,bathroomgraffiti,all,livre deco,https://bathroomgraffiti.com/collections/livre-deco,2.3,1,30
2026-09-13,bathroomgraffiti,all,livre deco,https://bathroomgraffiti.com/collections/livre-deco,4.3,0,18
2026-09-14,bathroomgraffiti,all,livre deco,https://bathroomgraffiti.com/collections/livre-deco,3.8,0,13
2026-09-15,bathroomgraffiti,all,livre deco,https://bathroomgraffiti.com/collections/livre-deco,4,0,21
2026-09-16,bathroomgraffiti,all,livre deco,https://bathroomgraffiti.com/collections/livre-deco,3.2,0,13
2026-09-17,bathroomgraffiti,all,livre deco,https://bathroomgraffiti.com/collections/livre-deco,3,1,14
2026-09-18,bathroomgraffiti,all,livre deco,https://bathroomgraffiti.com/collections/livre-deco,2.4,0,26
2026-09-19,bathroomgraffiti,all,livre deco,https://bathroomgraffiti.com/collections/livre-deco,3.4,0,25
2026-09-20,bathroomgraffiti,all,livre deco,https://bathroomgraffiti.com/collections/livre-deco,3.8,0,19
2026-09-21,bathroomgraffiti,all,livre deco,https://bathroomgraffiti.com/collections/livre-deco,2.7,1,21
2026-09-22,bathroomgraffiti,all,livre deco,https://bathroomgraffiti.com/collections/livre-deco,3.1,0,20
2026-09-23,bathroomgraffiti,all,livre deco,https://bathroomgraffiti.com/collections/livre-deco,2.5,0,27
2026-09-24,bathroomgraffiti,all,livre deco,https://bathroomgraffiti.com/collections/livre-deco,2.4,1,24
2026-09-25,bathroomgraffiti,all,livre deco,https://bathroomgraffiti.com/collections/livre-deco,3.3,2,41
2026-09-26,bathroomgraffiti,all,livre deco,https://bathroomgraffiti.com/collections/livre-deco,2.7,0,22
2026-09-27,bathroomgraffiti,all,livre deco,https://bathroomgraffiti.com/collections/livre-deco,4.1,1,27
2026-09-28,bathroomgraffiti,all,livre deco,https://bathroomgraffiti.com/collections/livre-deco,4.4,0,11
2026-09-29,bathroomgraffiti,all,livre deco,https://bathroomgraffiti.com/collections/livre-deco,4.1,1,16
2026-09-30,bathroomgraffiti,all,livre deco,https://bathroomgraffiti.com/collections/livre-deco,3.3,0,18
2026-10-01,bathroomgraffiti,all,livre deco,https://bathroomgraffiti.com/collections/livre-deco,2.7,0,11
2026-10-02,bathroomgraffiti,all,livre deco,https://bathroomgraffiti.com/collections/livre-deco,3.5,0,24
2026-10-03,bathroomgraffiti,all,livre deco,https://bathroomgraffiti.com/collections/livre-deco,4.2,0,28
2026-10-04,bathroomgraffiti,all,livre deco,https://bathroomgraffiti.com/collections/livre-deco,4.4,0,17
2026-07-07,bathroomgraffiti,all,livre decoration,https://bathroomgraffiti.com/collections/livre-deco,9.0,0,23
2026-07-08,bathroomgraffiti,all,livre decoration,https://bathroomgraffiti.com/collections/livre-deco,9.0,0,22
2026-07-09,bathroomgraffiti,all,livre decoration,https://bathroomgraffiti.com/collections/livre-deco,8.4,0,9
2026-07-10,bathroomgraffiti,all,livre decoration,https://bathroomgraffiti.com/collections/livre-deco,7.9,1,8
2026-07-11,bathroomgraffiti,all,livre decoration,https://bathroomgraffiti.com/collections/livre-deco,5.4,0,13
2026-07-12,bathroomgraffiti,all,livre decoration,https://bathroomgraffiti.com/collections/livre-deco,8.8,0,20
2026-07-13,bathroomgraffiti,all,livre decoration,https://bathroomgraffiti.com/collections/livre-deco,9.1,0,14
2026-07-14,bathroomgraffiti,all,livre decoration,https://bathroomgraffiti.com/collections/livre-deco,10.3,1,15
2026-07-15,bathroomgraffiti,all,livre decoration,https://bathroomgraffiti.com/collections/livre-deco,6.4,0,9
2026-07-16,bathroomgraffiti,all,livre decoration,https://bathroomgraffiti.com/collections/livre-deco,5.1,1,20
2026-07-17,bathroomgraffiti,all,livre decoration,https://bathroomgraffiti.com/collections/livre-deco,4.5,0,14
2026-07-18,bathroomgraffiti,all,livre decoration,https://bathroomgraffiti.com/collections/livre-deco,5.8,3,21
2026-07-19,bathroomgraffiti,all,livre decoration,https://bathroomgraffiti.com/collections/livre-deco,9.4,1,29
2026-07-20,bathroomgraffiti,all,livre decoration,https://bathroomgraffiti.com/collections/livre-deco,7,0,29
2026-07-21,bathroomgraffiti,all,livre decoration,https://bathroomgraffiti.com/collections/livre-deco,6.9,0,21
2026-07-22,bathroomgraffiti,all,livre decoration,https://bathroomgraffiti.com/collections/livre-deco,7.1,0,13
2026-07-23,bathroomgraffiti,all,livre decoration,https://bathroomgraffiti.com/collections/livre-deco,6.7,0,22
2026-07-24,bathroomgraffiti,all,livre decoration,https://bathroomgraffiti.com/collections/livre-deco,9.1,0,15
2026-07-25,bathroomgraffiti,all,livre decoration,https://bathroomgraffiti.com/collections/livre-deco,7.6,1,14
2026-07-26,bathroomgraffiti,all,livre decoration,https://bathroomgraffiti.com/collections/livre-deco,5.8,1,20
2026-07-27,bathroomgraffiti,all,livre decoration,https://bathroomgraffiti.com/collections/livre-deco,8.3,0,16
2026-07-28,bathroomgraffiti,all,livre decoration,https://bathroomgraffiti.com/collections/livre-deco,8.1,0,10
2026-07-29,bathroomgraffiti,all,livre decoration,https://bathroomgraffiti.com/collections/livre-deco,3.8,2,13
2026-07-30,bathroomgraffiti,all,livre decoration,https://bathroomgraffiti.com/collections/livre-deco,5.4,1,7
2026-07-31,bathroomgraffiti,all,livre decoration,https://bathroomgraffiti.com/collections/livre-deco,6.5,0,8
2026-08-01,bathroomgraffiti,all,livre decoration,https://bathroomgraffiti.com/collections/livre-deco,3.4,0,34
2026-08-02,bathroomgraffiti,all,livre decoration,https://bathroomgraffiti.com/collections/livre-deco,3.7,3,33
2026-08-03,bathroomgraffiti,all,livre decoration,https://bathroomgraffiti.com/collections/livre-deco,4.1,1,28
2026-08-04,bathroomgraffiti,all,livre decoration,https://bathroomgraffiti.com/collections/livre-deco,6,0,37
2026-08-05,bathroomgraffiti,all,livre decoration,https://bathroomgraffiti.com/collections/livre-deco,7.2,0,20
2026-08-06,bathroomgraffiti,all,livre decoration,https://bathroomgraffiti.com/collections/livre-deco,4.3,0,18
2026-08-07,bathroomgraffiti,all,livre decoration,https://bathroomgraffiti.com/collections/livre-deco,6.9,0,15
2026-08-08,bathroomgraffiti,all,livre decoration,https://bathroomgraffiti.com/collections/livre-deco,11.1,0,14
2026-08-09,bathroomgraffiti,all,livre decoration,https://bathroomgraffiti.com/collections/livre-deco,4.3,1,10
2026-08-10,bathroomgraffiti,all,livre decoration,https://bathroomgraffiti.com/collections/livre-deco,9.8,0,17
2026-08-11,bathroomgraffiti,all,livre decoration,https://bathroomgraffiti.com/collections/livre-deco,6.9,1,12
2026-08-12,bathroomgraffiti,all,livre decoration,https://bathroomgraffiti.com/collections/livre-deco,9.1,0,18
2026-08-13,bathroomgraffiti,all,livre decoration,https://bathroomgraffiti.com/collections/livre-deco,10.3,0,22
2026-08-14,bathroomgraffiti,all,livre decoration,https://bathroomgraffiti.com/collections/livre-deco,5.9,0,17
2026-08-15,bathroomgraffiti,all,livre decoration,https://bathroomgraffiti.com/collections/livre-deco,8.9,0,14
2026-08-16,bathroomgraffiti,all,livre decoration,https://bathroomgraffiti.com/collections/livre-deco,7.4,0,12
2026-08-17,bathroomgraffiti,all,livre decoration,https://bathroomgraffiti.com/collections/livre-deco,4.6,0,11
2026-08-18,bathroomgraffiti,all,livre decoration,https://bathroomgraffiti.com/collections/livre-deco,3.9,0,32
2026-08-19,bathroomgraffiti,all,livre decoration,https://bathroomgraffiti.com/collections/livre-deco,4.2,0,52
2026-08-20,bathroomgraffiti,all,livre decoration,https://bathroomgraffiti.com/collections/livre-deco,2.9,0,51
2026-08-21,bathroomgraffiti,all,livre decoration,https://bathroomgraffiti.com/collections/livre-deco,2.8,1,57
2026-08-22,bathroomgraffiti,all,livre decoration,https://bathroomgraffiti.com/collections/livre-deco,3.2,0,48
2026-08-23,bathroomgraffiti,all,livre decoration,https://bathroomgraffiti.com/collections/livre-deco,3.1,1,63
2026-08-24,bathroomgraffiti,all,livre decoration,https://bathroomgraffiti.com/collections/livre-deco,3.1,2,59
2026-08-25,bathroomgraffiti,all,livre decoration,https://bathroomgraffiti.com/collections/livre-deco,3.3,1,61
2026-08-26,bathroomgraffiti,all,livre decoration,https://bathroomgraffiti.com/collections/livre-deco,3.0,0,55
2026-08-27,bathroomgraffiti,all,livre decoration,https://bathroomgraffiti.com/collections/livre-deco,3.5,1,49
2026-08-28,bathroomgraffiti,all,livre decoration,https://bathroomgraffiti.com/collections/livre-deco,3.5,3,49
2026-08-29,bathroomgraffiti,all,livre decoration,https://bathroomgraffiti.com/collections/livre-deco,3.9,1,66
2026-08-30,bathroomgraffiti,all,livre decoration,https://bathroomgraffiti.com/collections/livre-deco,3.5,2,62
2026-08-31,bathroomgraffiti,all,livre decoration,https://bathroomgraffiti.com/collections/livre-deco,4.8,3,50
2026-09-01,bathroomgraffiti,all,livre decoration,https://bathroomgraffiti.com/collections/livre-deco,3.5,1,39
2026-09-02,bathroomgraffiti,all,livre decoration,https://bathroomgraffiti.com/collections/livre-deco,3,2,45
2026-09-03,bathroomgraffiti,all,livre decoration,https://bathroomgraffiti.com/collections/livre-deco,4.7,0,40
2026-09-04,bathroomgraffiti,all,livre decoration,https://bathroomgraffiti.com/collections/livre-deco,3.6,0,50
2026-09-05,bathroomgraffiti,all,livre decoration,https://bathroomgraffiti.com/collections/livre-deco,4.6,0,52
2026-09-06,bathroomgraffiti,all,livre decoration,https://bathroomgraffiti.com/collections/livre-deco,3.8,0,72
2026-09-07,bathroomgraffiti,all,livre decoration,https://bathroomgraffiti.com/collections/livre-deco,4.9,1,47
2026-09-08,bathroomgraffiti,all,livre decoration,https://bathroomgraffiti.com/collections/livre-deco,3.8,0,47
2026-09-09,bathroomgraffiti,all,livre decoration,https://bathroomgraffiti.com/collections/livre-deco,4.1,1,45
2026-09-10,bathroomgraffiti,all,livre decoration,https://bathroomgraffiti.com/collections/livre-deco,3.0,0,34
2026-09-11,bathroomgraffiti,all,livre decoration,https://bathroomgraffiti.com/collections/livre-deco,2.9,0,50
2026-09-12,bathroomgraffiti,all,livre decoration,https://bathroomgraffiti.com/collections/livre-deco,3.9,1,45
2026-09-13,bathroomgraffiti,all,livre decoration,https://bathroomgraffiti.com/collections/livre-deco,3.0,0,47
2026-09-14,bathroomgraffiti,all,livre decoration,https://bathroomgraffiti.com/collections/livre-deco,3.5,0,39
2026-09-15,bathroomgraffiti,all,livre decoration,https://bathroomgraffiti.com/collections/livre-deco,3.2,0,17
2026-09-16,bathroomgraffiti,all,livre decoration,https://bathroomgraffiti.com/collections/livre-deco,5.6,0,18
2026-09-17,bathroomgraffiti,all,livre decoration,https://bathroomgraffiti.com/collections/livre-deco,2.6,0,24
2026-09-18,bathroomgraffiti,all,livre decoration,https://bathroomgraffiti.com/collections/livre-deco,3.7,1,26
2026-09-19,bathroomgraffiti,all,livre decoration,https://bathroomgraffiti.com/collections/livre-deco,5.5,0,31
2026-09-20,bathroomgraffiti,all,livre decoration,https://bathroomgraffiti.com/collections/livre-deco,3.8,0,34
2026-09-21,bathroomgraffiti,all,livre decoration,https://bathroomgraffiti.com/collections/livre-deco,3.7,0,29
2026-09-22,bathroomgraffiti,all,livre decoration,https://bathroomgraffiti.com/collections/livre-deco,4.9,0,34
2026-09-23,bathroomgraffiti,all,livre decoration,https://bathroomgraffiti.com/collections/livre-deco,2.8,0,44
2026-09-24,bathroomgraffiti,all,livre decoration,https://bathroomgraffiti.com/collections/livre-deco,2.8,1,38
2026-09-25,bathroomgraffiti,all,livre decoration,https://bathroomgraffiti.com/collections/livre-deco,3.2,4,35
2026-09-26,bathroomgraffiti,all,livre decoration,https://bathroomgraffiti.com/collections/livre-deco,2.2,1,32
2026-09-27,bathroomgraffiti,all,livre decoration,https://bathroomgraffiti.com/collections/livre-deco,3.0,1,31
2026-09-28,bathroomgraffiti,all,livre decoration,https://bathroomgraffiti.com/collections/livre-deco,4.0,0,23
2026-09-29,bathroomgraffiti,all,livre decoration,https://bathroomgraffiti.com/collections/livre-deco,2.9,1,22
2026-09-30,bathroomgraffiti,all,livre decoration,https://bathroomgraffiti.com/collections/livre-deco,2.6,2,25
2026-10-01,bathroomgraffiti,all,livre decoration,https://bathroomgraffiti.com/collections/livre-deco,3.3,0,23
2026-10-02,bathroomgraffiti,all,livre decoration,https://bathroomgraffiti.com/collections/livre-deco,2.4,0,21
2026-10-03,bathroomgraffiti,all,livre decoration,https://bathroomgraffiti.com/collections/livre-deco,3.1,0,43
2026-10-04,bathroomgraffiti,all,livre decoration,https://bathroomgraffiti.com/collections/livre-deco,2.4,2,50
2026-07-08,bathroomgraffiti,all,peluche sonny angel,https://bathroomgraffiti.com/products/sonny-angel-peluche-lapin-blanc,2,0,3
2026-07-08,bathroomgraffiti,all,peluche sonny angel,https://bathroomgraffiti.com/products/sonny-angel-peluche-lapin-rose,2,0,3
2026-07-09,bathroomgraffiti,all,peluche sonny angel,https://bathroomgraffiti.com/products/sonny-angel-peluche-lapin-blanc,2,0,5
2026-07-09,bathroomgraffiti,all,peluche sonny angel,https://bathroomgraffiti.com/products/sonny-angel-peluche-lapin-rose,2,0,5
2026-07-10,bathroomgraffiti,all,peluche sonny angel,https://bathroomgraffiti.com/products/sonny-angel-peluche-lapin-blanc,2.2,2,13
2026-07-10,bathroomgraffiti,all,peluche sonny angel,https://bathroomgraffiti.com/products/sonny-angel-peluche-lapin-rose,2.2,0,13
2026-07-11,bathroomgraffiti,all,peluche sonny angel,https://bathroomgraffiti.com/products/sonny-angel-peluche-lapin-blanc,2,0,7
2026-07-11,bathroomgraffiti,all,peluche sonny angel,https://bathroomgraffiti.com/products/sonny-angel-peluche-lapin-rose,2,0,7
2026-07-12,bathroomgraffiti,all,peluche sonny angel,https://bathroomgraffiti.com/products/sonny-angel-peluche-lapin-blanc,2,0,7
2026-07-12,bathroomgraffiti,all,peluche sonny angel,https://bathroomgraffiti.com/products/sonny-angel-peluche-lapin-rose,2,0,7
2026-07-13,bathroomgraffiti,all,peluche sonny angel,https://bathroomgraffiti.com/products/sonny-angel-peluche-lapin-blanc,2,1,8
2026-07-13,bathroomgraffiti,all,peluche sonny angel,https://bathroomgraffiti.com/products/sonny-angel-peluche-lapin-rose,2,0,8
2026-07-15,bathroomgraffiti,all,peluche sonny angel,https://bathroomgraffiti.com/products/sonny-angel-peluche-lapin-blanc,2,0,14
2026-07-15,bathroomgraffiti,all,peluche sonny angel,https://bathroomgraffiti.com/products/sonny-angel-peluche-lapin-rose,2,0,14
2026-07-16,bathroomgraffiti,all,peluche sonny angel,https://bathroomgraffiti.com/products/sonny-angel-peluche-lapin-blanc,2,1,10
2026-07-16,bathroomgraffiti,all,peluche sonny angel,https://bathroomgraffiti.com/products/sonny-angel-peluche-lapin-rose,2,0,10
2026-07-17,bathroomgraffiti,all,peluche sonny angel,https://bathroomgraffiti.com/products/sonny-angel-peluche-lapin-blanc,2,0,4
2026-07-17,bathroomgraffiti,all,peluche sonny angel,https://bathroomgraffiti.com/products/sonny-angel-peluche-lapin-rose,2,0,4
2026-07-18,bathroomgraffiti,all,peluche sonny angel,https://bathroomgraffiti.com/products/sonny-angel-peluche-lapin-blanc,2,0,4
2026-07-18,bathroomgraffiti,all,peluche sonny angel,https://bathroomgraffiti.com/products/sonny-angel-peluche-lapin-rose,2,0,4
2026-07-19,bathroomgraffiti,all,peluche sonny angel,https://bathroomgraffiti.com/products/sonny-angel-peluche-lapin-blanc,2.2,0,5
2026-07-19,bathroomgraffiti,all,peluche sonny angel,https://bathroomgraffiti.com/products/sonny-angel-peluche-lapin-rose,2.2,0,5
2026-07-20,bathroomgraffiti,all,peluche sonny angel,https://bathroomgraffiti.com/products/sonny-angel-peluche-lapin-blanc,2.3,0,3
2026-07-20,bathroomgraffiti,all,peluche sonny angel,https://bathroomgraffiti.com/products/sonny-angel-peluche-lapin-rose,2.3,0,3
2026-07-21,bathroomgraffiti,all,peluche sonny angel,https://bathroomgraffiti.com/products/sonny-angel-peluche-lapin-blanc,2,0,3
2026-07-21,bathroomgraffiti,all,peluche sonny angel,https://bathroomgraffiti.com/products/sonny-angel-peluche-lapin-rose,2,0,3
2026-07-22,bathroomgraffiti,all,peluche sonny angel,https://bathroomgraffiti.com/products/sonny-angel-peluche-lapin-blanc,2.7,0,3
2026-07-22,bathroomgraffiti,all,peluche sonny angel,https://bathroomgraffiti.com/products/sonny-angel-peluche-lapin-rose,2.7,0,3
2026-07-23,bathroomgraffiti,all,peluche sonny angel,https://bathroomgraffiti.com/products/sonny-angel-peluche-lapin-blanc,2.2,0,10
2026-07-23,bathroomgraffiti,all,peluche sonny angel,https://bathroomgraffiti.com/products/sonny-angel-peluche-lapin-rose,2.1,0,10
2026-07-24,bathroomgraffiti,all,peluche sonny angel,https://bathroomgraffiti.com/products/sonny-angel-peluche-lapin-blanc,2.2,0,4
2026-07-24,bathroomgraffiti,all,peluche sonny angel,https://bathroomgraffiti.com/products/sonny-angel-peluche-lapin-rose,2.2,0,4
2026-07-26,bathroomgraffiti,all,peluche sonny angel,https://bathroomgraffiti.com/products/sonny-angel-peluche-lapin-blanc,2.4,0,8
2026-07-26,bathroomgraffiti,all,peluche sonny angel,https://bathroomgraffiti.com/products/sonny-angel-peluche-lapin-rose,2.4,0,8
2026-07-28,bathroomgraffiti,all,peluche sonny angel,https://bathroomgraffiti.com/products/sonny-angel-peluche-lapin-blanc,2,1,2
2026-07-28,bathroomgraffiti,all,peluche sonny angel,https://bathroomgraffiti.com/products/sonny-angel-peluche-lapin-rose,2,0,2
2026-07-29,bathroomgraffiti,all,peluche sonny angel,https://bathroomgraffiti.com/products/sonny-angel-peluche-lapin-blanc,2.4,0,9
2026-07-29,bathroomgraffiti,all,peluche sonny angel,https://bathroomgraffiti.com/products/sonny-angel-peluche-lapin-rose,2.4,0,9
2026-07-30,bathroomgraffiti,all,peluche sonny angel,https://bathroomgraffiti.com/products/sonny-angel-peluche-lapin-blanc,2,0,5
2026-07-30,bathroomgraffiti,all,peluche sonny angel,https://bathroomgraffiti.com/products/sonny-angel-peluche-lapin-rose,2,0,5
2026-07-31,bathroomgraffiti,all,peluche sonny angel,https://bathroomgraffiti.com/products/sonny-angel-peluche-lapin-blanc,2,0,2
2026-07-31,bathroomgraffiti,all,peluche sonny angel,https://bathroomgraffiti.com/products/sonny-angel-peluche-lapin-rose,2,0,2
2026-08-01,bathroomgraffiti,all,peluche sonny angel,https://bathroomgraffiti.com/products/sonny-angel-peluche-lapin-blanc,1.7,0,3
2026-08-02,bathroomgraffiti,all,peluche sonny angel,https://bathroomgraffiti.com/products/sonny-angel-peluche-lapin-blanc,2,0,2
2026-08-03,bathroomgraffiti,all,peluche sonny angel,https://bathroomgraffiti.com/products/sonny-angel-peluche-lapin-blanc,2.2,0,6
2026-08-04,bathroomgraffiti,all,peluche sonny angel,https://bathroomgraffiti.com/products/sonny-angel-peluche-lapin-blanc,2,0,3
2026-08-06,bathroomgraffiti,all,peluche sonny angel,https://bathroomgraffiti.com/products/sonny-angel-peluche-lapin-blanc,2.2,0,6
2026-08-09,bathroomgraffiti,all,peluche sonny angel,https://bathroomgraffiti.com/products/sonny-angel-peluche-lapin-blanc,2,0,2
2026-08-10,bathroomgraffiti,all,peluche sonny angel,https://bathroomgraffiti.com/products/sonny-angel-peluche-lapin-blanc,1.9,0,7
2026-08-10,bathroomgraffiti,all,peluche sonny angel,https://bathroomgraffiti.com/products/sonny-angel-peluche-lapin-rose,6.5,0,2
2026-08-11,bathroomgraffiti,all,peluche sonny angel,https://bathroomgraffiti.com/products/sonny-angel-peluche-lapin-blanc,2.1,1,17
2026-08-12,bathroomgraffiti,all,peluche sonny angel,https://bathroomgraffiti.com/products/sonny-angel-peluche-lapin-blanc,2.3,0,3
2026-08-13,bathroomgraffiti,all,peluche sonny angel,https://bathroomgraffiti.com/products/sonny-angel-peluche-lapin-blanc,2.5,0,4
2026-08-14,bathroomgraffiti,all,peluche sonny angel,https://bathroomgraffiti.com/products/sonny-angel-peluche-lapin-blanc,2,0,2
2026-08-15,bathroomgraffiti,all,peluche sonny angel,https://bathroomgraffiti.com/products/sonny-angel-peluche-lapin-blanc,2.5,0,2
2026-08-16,bathroomgraffiti,all,peluche sonny angel,https://bathroomgraffiti.com/products/sonny-angel-peluche-lapin-blanc,2,0,2
2026-08-18,bathroomgraffiti,all,peluche sonny angel,https://bathroomgraffiti.com/products/sonny-angel-peluche-lapin-blanc,1.8,0,5
2026-08-19,bathroomgraffiti,all,peluche sonny angel,https://bathroomgraffiti.com/products/sonny-angel-peluche-lapin-blanc,2,0,2
2026-08-20,bathroomgraffiti,all,peluche sonny angel,https://bathroomgraffiti.com/products/sonny-angel-peluche-lapin-blanc,3,0,2
2026-08-21,bathroomgraffiti,all,peluche sonny angel,https://bathroomgraffiti.com/products/sonny-angel-peluche-lapin-blanc,2.4,1,5
2026-08-22,bathroomgraffiti,all,peluche sonny angel,https://bathroomgraffiti.com/products/sonny-angel-peluche-lapin-blanc,2.8,0,4
2026-08-23,bathroomgraffiti,all,peluche sonny angel,https://bathroomgraffiti.com/products/sonny-angel-peluche-lapin-blanc,2.4,0,5
2026-09-02,bathroomgraffiti,all,peluche sonny angel,https://bathroomgraffiti.com/products/sonny-angel-peluche-lapin-rose,2,0,3
2026-09-08,bathroomgraffiti,all,peluche sonny angel,https://bathroomgraffiti.com/products/sonny-angel-peluche-lapin-rose,1.5,0,2
2026-09-10,bathroomgraffiti,all,peluche sonny angel,https://bathroomgraffiti.com/products/sonny-angel-peluche-lapin-rose,2,0,5
2026-09-12,bathroomgraffiti,all,peluche sonny angel,https://bathroomgraffiti.com/products/sonny-angel-peluche-lapin-rose,2,0,2
2026-09-13,bathroomgraffiti,all,peluche sonny angel,https://bathroomgraffiti.com/products/sonny-angel-peluche-lapin-blanc,2.5,1,2
2026-09-13,bathroomgraffiti,all,peluche sonny angel,https://bathroomgraffiti.com/products/sonny-angel-peluche-lapin-rose,2.5,1,4
2026-09-14,bathroomgraffiti,all,peluche sonny angel,https://bathroomgraffiti.com/products/sonny-angel-peluche-lapin-blanc,2,0,3
2026-09-14,bathroomgraffiti,all,peluche sonny angel,https://bathroomgraffiti.com/products/sonny-angel-peluche-lapin-rose,2,0,3
2026-09-15,bathroomgraffiti,all,peluche sonny angel,https://bathroomgraffiti.com/products/sonny-angel-peluche-lapin-rose,1.5,0,2
2026-09-18,bathroomgraffiti,all,peluche sonny angel,https://bathroomgraffiti.com/products/sonny-angel-peluche-lapin-blanc,2,0,2
2026-09-18,bathroomgraffiti,all,peluche sonny angel,https://bathroomgraffiti.com/products/sonny-angel-peluche-lapin-rose,2,0,2
2026-09-24,bathroomgraffiti,all,peluche sonny angel,https://bathroomgraffiti.com/products/sonny-angel-peluche-lapin-blanc,2,0,4
2026-09-24,bathroomgraffiti,all,peluche sonny angel,https://bathroomgraffiti.com/products/sonny-angel-peluche-lapin-rose,2,0,4
2026-09-25,bathroomgraffiti,all,peluche sonny angel,https://bathroomgraffiti.com/products/sonny-angel-peluche-lapin-blanc,2,0,4
2026-09-25,bathroomgraffiti,all,peluche sonny angel,https://bathroomgraffiti.com/products/sonny-angel-peluche-lapin-rose,2,0,4
2026-09-26,bathroomgraffiti,all,peluche sonny angel,https://bathroomgraffiti.com/products/sonny-angel-peluche-lapin-blanc,2,1,3
2026-09-26,bathroomgraffiti,all,peluche sonny angel,https://bathroomgraffiti.com/products/sonny-angel-peluche-lapin-rose,1.8,1,4
2026-09-29,bathroomgraffiti,all,peluche sonny angel,https://bathroomgraffiti.com/products/sonny-angel-peluche-lapin-blanc,2,0,3
2026-09-29,bathroomgraffiti,all,peluche sonny angel,https://bathroomgraffiti.com/products/sonny-angel-peluche-lapin-rose,2,0,3
2026-09-30,bathroomgraffiti,all,peluche sonny angel,https://bathroomgraffiti.com/products/sonny-angel-peluche-lapin-blanc,2,0,2
2026-09-30,bathroomgraffiti,all,peluche sonny angel,https://bathroomgraffiti.com/products/sonny-angel-peluche-lapin-rose,2,0,2
2026-10-02,bathroomgraffiti,all,peluche sonny angel,https://bathroomgraffiti.com/products/sonny-angel-peluche-lapin-blanc,2,0,5
2026-10-02,bathroomgraffiti,all,peluche sonny angel,https://bathroomgraffiti.com/products/sonny-angel-peluche-lapin-rose,2,2,5
2026-10-04,bathroomgraffiti,all,peluche sonny angel,https://bathroomgraffiti.com/products/sonny-angel-peluche-lapin-blanc,2,0,3
2026-10-04,bathroomgraffiti,all,peluche sonny angel,https://bathroomgraffiti.com/products/sonny-angel-peluche-lapin-rose,2,0,3
2026-07-07,bathroomgraffiti,all,plateau bazar de luxe,https://bathroomgraffiti.com/collections/plateaux,2.8,0,5
2026-07-08,bathroomgraffiti,all,plateau bazar de luxe,https://bathroomgraffiti.com/collections/plateaux,2.2,0,5
2026-07-09,bathroomgraffiti,all,plateau bazar de luxe,https://bathroomgraffiti.com/collections/plateaux,2.2,0,5
2026-07-10,bathroomgraffiti,all,plateau bazar de luxe,https://bathroomgraffiti.com/collections/plateaux,3,0,3
2026-07-11,bathroomgraffiti,all,plateau bazar de luxe,https://bathroomgraffiti.com/collections/plateaux,2.2,0,6
2026-07-12,bathroomgraffiti,all,plateau bazar de luxe,https://bathroomgraffiti.com/collections/plateaux,3.1,0,10
2026-07-12,bathroomgraffiti,all,plateau bazar de luxe,https://bathroomgraffiti.com/products/plateau-berbere-o-45-cm-nude?variant=46153525821671&country=FR&currency=EUR&utm_medium=product_sync&utm_source=google&utm_content=sag_organic&utm_campaign=sag_organic,4,0,2
2026-07-13,bathroomgraffiti,all,plateau bazar de luxe,https://bathroomgraffiti.com/collections/plateaux,1.7,1,3
2026-07-14,bathroomgraffiti,all,plateau bazar de luxe,https://bathroomgraffiti.com/collections/plateaux,2.5,1,6
2026-07-15,bathroomgraffiti,all,plateau bazar de luxe,https://bathroomgraffiti.com/collections/plateaux,2.4,0,9
2026-07-16,bathroomgraffiti,all,plateau bazar de luxe,https://bathroomgraffiti.com/collections/plateaux,5.5,0,4
2026-07-17,bathroomgraffiti,all,plateau bazar de luxe,https://bathroomgraffiti.com/collections/plateaux,3.5,1,4
2026-07-18,bathroomgraffiti,all,plateau bazar de luxe,https://bathroomgraffiti.com/collections/plateaux,2.6,0,5
2026-07-19,bathroomgraffiti,all,plateau bazar de luxe,https://bathroomgraffiti.com/collections/plateaux,3,0,2
2026-07-21,bathroomgraffiti,all,plateau bazar de luxe,https://bathroomgraffiti.com/collections/plateaux,3.5,0,4
2026-07-22,bathroomgraffiti,all,plateau bazar de luxe,https://bathroomgraffiti.com/collections/plateaux,2.5,0,4
2026-07-23,bathroomgraffiti,all,plateau bazar de luxe,https://bathroomgraffiti.com/collections/plateaux,4.5,0,4
2026-07-24,bathroomgraffiti,all,plateau bazar de luxe,https://bathroomgraffiti.com/collections/plateaux,8,1,6
2026-07-25,bathroomgraffiti,all,plateau bazar de luxe,https://bathroomgraffiti.com/collections/plateaux,3.2,0,12
2026-07-26,bathroomgraffiti,all,plateau bazar de luxe,https://bathroomgraffiti.com/collections/plateaux,2,0,3
2026-07-27,bathroomgraffiti,all,plateau bazar de luxe,https://bathroomgraffiti.com/collections/plateaux,2.3,0,6
2026-07-28,bathroomgraffiti,all,plateau bazar de luxe,https://bathroomgraffiti.com/collections/plateaux,2.5,0,2
2026-07-29,bathroomgraffiti,all,plateau bazar de luxe,https://bathroomgraffiti.com/collections/plateaux,2.2,2,5
2026-07-30,bathroomgraffiti,all,plateau bazar de luxe,https://bathroomgraffiti.com/collections/plateaux,2.5,0,4
2026-07-31,bathroomgraffiti,all,plateau bazar de luxe,https://bathroomgraffiti.com/collections/plateaux,4,0,5
2026-08-01,bathroomgraffiti,all,plateau bazar de luxe,https://bathroomgraffiti.com/collections/plateaux,4,0,3
2026-08-02,bathroomgraffiti,all,plateau bazar de luxe,https://bathroomgraffiti.com/collections/plateaux,6.3,0,3
2026-08-03,bathroomgraffiti,all,plateau bazar de luxe,https://bathroomgraffiti.com/collections/plateaux,3,0,5
2026-08-04,bathroomgraffiti,all,plateau bazar de luxe,https://bathroomgraffiti.com/collections/plateaux,5,0,4
2026-08-05,bathroomgraffiti,all,plateau bazar de luxe,https://bathroomgraffiti.com/collections/plateaux,3.8,1,9
2026-08-06,bathroomgraffiti,all,plateau bazar de luxe,https://bathroomgraffiti.com/collections/plateaux,2.1,1,8
2026-08-07,bathroomgraffiti,all,plateau bazar de luxe,https://bathroomgraffiti.com/collections/plateaux,2.8,0,5
2026-08-08,bathroomgraffiti,all,plateau bazar de luxe,https://bathroomgraffiti.com/collections/plateaux,2.8,1,11
2026-08-09,bathroomgraffiti,all,plateau bazar de luxe,https://bathroomgraffiti.com/collections/plateaux,3.2,2,5
2026-08-10,bathroomgraffiti,all,plateau bazar de luxe,https://bathroomgraffiti.com/collections/plateaux,2,0,4
2026-08-11,bathroomgraffiti,all,plateau bazar de luxe,https://bathroomgraffiti.com/collections/plateaux,2.4,1,7
2026-08-12,bathroomgraffiti,all,plateau bazar de luxe,https://bathroomgraffiti.com/collections/plateaux,3.9,0,8
2026-08-13,bathroomgraffiti,all,plateau bazar de luxe,https://bathroomgraffiti.com/collections/plateaux,3.9,2,7
2026-08-14,bathroomgraffiti,all,plateau bazar de luxe,https://bathroomgraffiti.com/collections/plateaux,4,0,4
2026-08-15,bathroomgraffiti,all,plateau bazar de luxe,https://bathroomgraffiti.com/collections/plateaux,2,1,3
2026-08-16,bathroomgraffiti,all,plateau bazar de luxe,https://bathroomgraffiti.com/collections/plateaux,3.6,2,12
2026-08-17,bathroomgraffiti,all,plateau bazar de luxe,https://bathroomgraffiti.com/collections/plateaux,6.4,1,5
2026-08-18,bathroomgraffiti,all,plateau bazar de luxe,https://bathroomgraffiti.com/collections/plateaux,6.2,0,6
2026-08-19,bathroomgraffiti,all,plateau bazar de luxe,https://bathroomgraffiti.com/collections/plateaux,4.9,0,7
2026-08-20,bathroomgraffiti,all,plateau bazar de luxe,https://bathroomgraffiti.com/collections/plateaux,4,0,3
2026-08-21,bathroomgraffiti,all,plateau bazar de luxe,https://bathroomgraffiti.com/collections/plateaux,6,0,2
2026-08-22,bathroomgraffiti,all,plateau bazar de luxe,https://bathroomgraffiti.com/collections/plateaux,3,0,7
2026-08-23,bathroomgraffiti,all,plateau bazar de luxe,https://bathroomgraffiti.com/collections/plateaux,4.1,1,7
2026-08-28,bathroomgraffiti,all,plateau bazar de luxe,https://bathroomgraffiti.com/collections/plateaux,6.4,0,8
2026-08-29,bathroomgraffiti,all,plateau bazar de luxe,https://bathroomgraffiti.com/collections/plateaux,2.5,0,4
2026-08-30,bathroomgraffiti,all,plateau bazar de luxe,https://bathroomgraffiti.com/collections/plateaux,4.2,0,4
2026-08-31,bathroomgraffiti,all,plateau bazar de luxe,https://bathroomgraffiti.com/collections/plateaux,5,0,2
2026-09-02,bathroomgraffiti,all,plateau bazar de luxe,https://bathroomgraffiti.com/collections/plateaux,5.3,0,6
2026-09-04,bathroomgraffiti,all,plateau bazar de luxe,https://bathroomgraffiti.com/collections/plateaux,5.8,0,4
2026-09-05,bathroomgraffiti,all,plateau bazar de luxe,https://bathroomgraffiti.com/collections/plateaux,2,0,2
2026-09-07,bathroomgraffiti,all,plateau bazar de luxe,https://bathroomgraffiti.com/collections/plateaux,2.4,0,5
2026-09-08,bathroomgraffiti,all,plateau bazar de luxe,https://bathroomgraffiti.com/collections/plateaux,2.6,2,5
2026-09-09,bathroomgraffiti,all,plateau bazar de luxe,https://bathroomgraffiti.com/collections/plateaux,5.6,0,7
2026-09-10,bathroomgraffiti,all,plateau bazar de luxe,https://bathroomgraffiti.com/collections/plateaux,4,0,4
2026-09-11,bathroomgraffiti,all,plateau bazar de luxe,https://bathroomgraffiti.com/collections/plateaux,3.5,0,2
2026-09-12,bathroomgraffiti,all,plateau bazar de luxe,https://bathroomgraffiti.com/collections/plateaux,5.5,0,4
2026-09-13,bathroomgraffiti,all,plateau bazar de luxe,https://bathroomgraffiti.com/collections/plateaux,4.6,0,8
2026-09-15,bathroomgraffiti,all,plateau bazar de luxe,https://bathroomgraffiti.com/collections/plateaux,3,0,2
2026-09-16,bathroomgraffiti,all,plateau bazar de luxe,https://bathroomgraffiti.com/collections/plateaux,2.5,0,2
2026-09-17,bathroomgraffiti,all,plateau bazar de luxe,https://bathroomgraffiti.com/collections/plateaux,2,2,2
2026-09-18,bathroomgraffiti,all,plateau bazar de luxe,https://bathroomgraffiti.com/collections/plateaux,2,0,2
2026-09-19,bathroomgraffiti,all,plateau bazar de luxe,https://bathroomgraffiti.com/collections/plateaux,3,0,2
2026-09-20,bathroomgraffiti,all,plateau bazar de luxe,https://bathroomgraffiti.com/collections/plateaux,5,0,5
2026-09-21,bathroomgraffiti,all,plateau bazar de luxe,https://bathroomgraffiti.com/collections/plateaux,2.3,1,7
2026-09-22,bathroomgraffiti,all,plateau bazar de luxe,https://bathroomgraffiti.com/collections/plateaux,2.3,0,3
2026-09-23,bathroomgraffiti,all,plateau bazar de luxe,https://bathroomgraffiti.com/collections/plateaux,7.8,0,4
2026-09-25,bathroomgraffiti,all,plateau bazar de luxe,https://bathroomgraffiti.com/collections/plateaux,6.3,0,3
2026-09-26,bathroomgraffiti,all,plateau bazar de luxe,https://bathroomgraffiti.com/collections/plateaux,3.3,1,3
2026-09-27,bathroomgraffiti,all,plateau bazar de luxe,https://bathroomgraffiti.com/collections/plateaux,3.5,0,4
2026-10-02,bathroomgraffiti,all,plateau bazar de luxe,https://bathroomgraffiti.com/collections/plateaux,6,0,3
2026-10-03,bathroomgraffiti,all,plateau bazar de luxe,https://bathroomgraffiti.com/collections/plateaux,3.7,0,3
2026-10-04,bathroomgraffiti,all,plateau bazar de luxe,https://bathroomgraffiti.com/collections/plateaux,3.2,1,5
2026-07-07,bathroomgraffiti,all,plateau berbere,https://bathroomgraffiti.com/collections/plateaux,3.8,0,6
2026-07-08,bathroomgraffiti,all,plateau berbere,https://bathroomgraffiti.com/collections/plateaux,5.3,0,13
2026-07-09,bathroomgraffiti,all,plateau berbere,https://bathroomgraffiti.com/collections/plateaux,5.1,1,15
2026-07-10,bathroomgraffiti,all,plateau berbere,https://bathroomgraffiti.com/collections/plateaux,4.9,1,10
2026-07-11,bathroomgraffiti,all,plateau berbere,https://bathroomgraffiti.com/collections/plateaux,4.9,0,11
2026-07-12,bathroomgraffiti,all,plateau berbere,https://bathroomgraffiti.com/collections/plateaux,7.5,1,8
2026-07-13,bathroomgraffiti,all,plateau berbere,https://bathroomgraffiti.com/collections/plateaux,3.7,0,10
2026-07-14,bathroomgraffiti,all,plateau berbere,https://bathroomgraffiti.com/collections/plateaux,3.9,1,11
2026-07-15,bathroomgraffiti,all,plateau berbere,https://bathroomgraffiti.com/collections/plateaux,4.2,0,5
2026-07-16,bathroomgraffiti,all,plateau berbere,https://bathroomgraffiti.com/collections/plateaux,2,0,6
2026-07-17,bathroomgraffiti,all,plateau berbere,https://bathroomgraffiti.com/collections/plateaux,3.9,1,9
2026-07-18,bathroomgraffiti,all,plateau berbere,https://bathroomgraffiti.com/collections/plateaux,5.2,1,12
2026-07-19,bathroomgraffiti,all,plateau berbere,https://bathroomgraffiti.com/collections/plateaux,4.7,1,15
2026-07-20,bathroomgraffiti,all,plateau berbere,https://bathroomgraffiti.com/collections/plateaux,5.4,0,8
2026-07-21,bathroomgraffiti,all,plateau berbere,https://bathroomgraffiti.com/collections/plateaux,3.5,0,12
2026-07-22,bathroomgraffiti,all,plateau berbere,https://bathroomgraffiti.com/collections/plateaux,3.7,1,9
2026-07-23,bathroomgraffiti,all,plateau berbere,https://bathroomgraffiti.com/collections/plateaux,3.5,0,6
2026-07-24,bathroomgraffiti,all,plateau berbere,https://bathroomgraffiti.com/collections/plateaux,2.3,0,10
2026-07-25,bathroomgraffiti,all,plateau berbere,https://bathroomgraffiti.com/collections/plateaux,2.7,2,15
2026-07-26,bathroomgraffiti,all,plateau berbere,https://bathroomgraffiti.com/collections/plateaux,3.6,1,8
2026-07-27,bathroomgraffiti,all,plateau berbere,https://bathroomgraffiti.com/collections/plateaux,4,0,11
2026-07-28,bathroomgraffiti,all,plateau berbere,https://bathroomgraffiti.com/collections/plateaux,4.4,0,7
2026-07-29,bathroomgraffiti,all,plateau berbere,https://bathroomgraffiti.com/collections/plateaux,3.8,1,10
2026-07-30,bathroomgraffiti,all,plateau berbere,https://bathroomgraffiti.com/collections/plateaux,6.4,0,9
2026-07-31,bathroomgraffiti,all,plateau berbere,https://bathroomgraffiti.com/collections/plateaux,7.8,1,15
2026-08-01,bathroomgraffiti,all,plateau berbere,https://bathroomgraffiti.com/collections/plateaux,6.5,0,4
2026-08-02,bathroomgraffiti,all,plateau berbere,https://bathroomgraffiti.com/collections/plateaux,5.6,0,11
2026-08-03,bathroomgraffiti,all,plateau berbere,https://bathroomgraffiti.com/collections/plateaux,6.2,1,6
2026-08-04,bathroomgraffiti,all,plateau berbere,https://bathroomgraffiti.com/collections/plateaux,4.4,0,9
2026-08-05,bathroomgraffiti,all,plateau berbere,https://bathroomgraffiti.com/collections/plateaux,5.2,1,4
2026-08-06,bathroomgraffiti,all,plateau berbere,https://bathroomgraffiti.com/collections/plateaux,4.2,1,13
2026-08-07,bathroomgraffiti,all,plateau berbere,https://bathroomgraffiti.com/collections/plateaux,6.2,1,13
2026-08-08,bathroomgraffiti,all,plateau berbere,https://bathroomgraffiti.com/collections/plateaux,7.7,0,11
2026-08-09,bathroomgraffiti,all,plateau berbere,https://bathroomgraffiti.com/collections/plateaux,6.8,1,12
2026-08-11,bathroomgraffiti,all,plateau berbere,https://bathroomgraffiti.com/collections/plateaux,8.4,1,5
2026-08-12,bathroomgraffiti,all,plateau berbere,https://bathroomgraffiti.com/collections/plateaux,8.1,0,8
2026-08-13,bathroomgraffiti,all,plateau berbere,https://bathroomgraffiti.com/collections/plateaux,8,0,9
2026-08-14,bathroomgraffiti,all,plateau berbere,https://bathroomgraffiti.com/collections/plateaux,6.7,0,7
2026-08-15,bathroomgraffiti,all,plateau berbere,https://bathroomgraffiti.com/collections/plateaux,6.8,1,9
2026-08-16,bathroomgraffiti,all,plateau berbere,https://bathroomgraffiti.com/collections/plateaux,8.1,0,10
2026-08-17,bathroomgraffiti,all,plateau berbere,https://bathroomgraffiti.com/collections/plateaux,8.2,0,6
2026-08-18,bathroomgraffiti,all,plateau berbere,https://bathroomgraffiti.com/collections/plateaux,7.5,1,15
2026-08-18,bathroomgraffiti,all,plateau berbere,https://bathroomgraffiti.com/products/plateau-berbere-o-45-cm-mastic?variant=47294252712278&country=FR&currency=EUR&utm_medium=product_sync&utm_source=google&utm_content=sag_organic&utm_campaign=sag_organic,3.5,0,2
2026-08-19,bathroomgraffiti,all,plateau berbere,https://bathroomgraffiti.com/collections/plateaux,6.3,0,17
2026-08-19,bathroomgraffiti,all,plateau berbere,https://bathroomgraffiti.com/products/plateau-berbere-o-60-cm-amande?variant=54064505880918&country=FR&currency=EUR&utm_medium=product_sync&utm_source=google&utm_content=sag_organic&utm_campaign=sag_organic,8.5,0,2
2026-08-20,bathroomgraffiti,all,plateau berbere,https://bathroomgraffiti.com/collections/plateaux,5.8,0,10
2026-08-21,bathroomgraffiti,all,plateau berbere,https://bathroomgraffiti.com/collections/plateaux,5,0,11
2026-08-22,bathroomgraffiti,all,plateau berbere,https://bathroomgraffiti.com/collections/plateaux,5.6,0,26
2026-08-23,bathroomgraffiti,all,plateau berbere,https://bathroomgraffiti.com/collections/plateaux,5.3,2,41
2026-08-24,bathroomgraffiti,all,plateau berbere,https://bathroomgraffiti.com/collections/plateaux,5.0,0,25
2026-08-25,bathroomgraffiti,all,plateau berbere,https://bathroomgraffiti.com/collections/plateaux,5.8,0,10
2026-08-26,bathroomgraffiti,all,plateau berbere,https://bathroomgraffiti.com/collections/plateaux,3.7,1,11
2026-08-27,bathroomgraffiti,all,plateau berbere,https://bathroomgraffiti.com/collections/plateaux,6.6,0,12
2026-08-28,bathroomgraffiti,all,plateau berbere,https://bathroomgraffiti.com/collections/plateaux,5,0,15
2026-08-29,bathroomgraffiti,all,plateau berbere,https://bathroomgraffiti.com/collections/plateaux,6,1,17
2026-08-30,bathroomgraffiti,all,plateau berbere,https://bathroomgraffiti.com/collections/plateaux,6,0,10
2026-08-31,bathroomgraffiti,all,plateau berbere,https://bathroomgraffiti.com/collections/plateaux,6.3,0,6
2026-09-01,bathroomgraffiti,all,plateau berbere,https://bathroomgraffiti.com/collections/plateaux,5.3,0,9
2026-09-02,bathroomgraffiti,all,plateau berbere,https://bathroomgraffiti.com/collections/plateaux,5,0,10
2026-09-03,bathroomgraffiti,all,plateau berbere,https://bathroomgraffiti.com/collections/plateaux,4.8,0,9
2026-09-04,bathroomgraffiti,all,plateau berbere,https://bathroomgraffiti.com/collections/plateaux,3.8,0,5
2026-09-05,bathroomgraffiti,all,plateau berbere,https://bathroomgraffiti.com/collections/plateaux,4.2,3,17
2026-09-06,bathroomgraffiti,all,plateau berbere,https://bathroomgraffiti.com/collections/plateaux,4.4,0,11
2026-09-07,bathroomgraffiti,all,plateau berbere,https://bathroomgraffiti.com/collections/plateaux,4.8,0,11
2026-09-08,bathroomgraffiti,all,plateau berbere,https://bathroomgraffiti.com/collections/plateaux,4.7,0,7
2026-09-09,bathroomgraffiti,all,plateau berbere,https://bathroomgraffiti.com/collections/plateaux,4,0,6
2026-09-10,bathroomgraffiti,all,plateau berbere,https://bathroomgraffiti.com/collections/plateaux,3.1,0,8
2026-09-11,bathroomgraffiti,all,plateau berbere,https://bathroomgraffiti.com/collections/plateaux,2.5,0,6
2026-09-12,bathroomgraffiti,all,plateau berbere,https://bathroomgraffiti.com/collections/plateaux,5.4,0,5
2026-09-13,bathroomgraffiti,all,plateau berbere,https://bathroomgraffiti.com/collections/plateaux,3.5,0,4
2026-09-14,bathroomgraffiti,all,plateau berbere,https://bathroomgraffiti.com/collections/plateaux,4.3,0,7
2026-09-16,bathroomgraffiti,all,plateau berbere,https://bathroomgraffiti.com/collections/plateaux,2.4,0,7
2026-09-17,bathroomgraffiti,all,plateau berbere,https://bathroomgraffiti.com/collections/plateaux,4,0,6
2026-09-18,bathroomgraffiti,all,plateau berbere,https://bathroomgraffiti.com/collections/plateaux,3,0,2
2026-09-19,bathroomgraffiti,all,plateau berbere,https://bathroomgraffiti.com/collections/plateaux,4,2,13
2026-09-20,bathroomgraffiti,all,plateau berbere,https://bathroomgraffiti.com/collections/plateaux,1.7,0,3
2026-09-21,bathroomgraffiti,all,plateau berbere,https://bathroomgraffiti.com/collections/plateaux,2.8,0,10
2026-09-22,bathroomgraffiti,all,plateau berbere,https://bathroomgraffiti.com/collections/plateaux,4.5,0,2
2026-09-23,bathroomgraffiti,all,plateau berbere,https://bathroomgraffiti.com/collections/plateaux,5.9,0,7
2026-09-24,bathroomgraffiti,all,plateau berbere,https://bathroomgraffiti.com/collections/plateaux,5,1,11
2026-09-25,bathroomgraffiti,all,plateau berbere,https://bathroomgraffiti.com/collections/plateaux,3.5,1,6
2026-09-26,bathroomgraffiti,all,plateau berbere,https://bathroomgraffiti.com/collections/plateaux,4.2,0,4
2026-09-27,bathroomgraffiti,all,plateau berbere,https://bathroomgraffiti.com/collections/plateaux,6,0,3
2026-09-28,bathroomgraffiti,all,plateau berbere,https://bathroomgraffiti.com/collections/plateaux,3.4,0,8
2026-09-29,bathroomgraffiti,all,plateau berbere,https://bathroomgraffiti.com/collections/plateaux,3.5,0,10
2026-09-30,bathroomgraffiti,all,plateau berbere,https://bathroomgraffiti.com/collections/plateaux,3.6,0,5
2026-10-01,bathroomgraffiti,all,plateau berbere,https://bathroomgraffiti.com/collections/plateaux,3.4,0,5
2026-10-02,bathroomgraffiti,all,plateau berbere,https://bathroomgraffiti.com/collections/plateaux,2.1,0,7
2026-10-03,bathroomgraffiti,all,plateau berbere,https://bathroomgraffiti.com/collections/plateaux,1.9,1,7
2026-10-04,bathroomgraffiti,all,plateau berbere,https://bathroomgraffiti.com/collections/plateaux,2.3,0,7
2026-07-07,bathroomgraffiti,all,reveil design,https://bathroomgraffiti.com/collections/reveils,4.6,0,7
2026-07-08,bathroomgraffiti,all,reveil design,https://bathroomgraffiti.com/collections/reveils,5.1,0,20
2026-07-09,bathroomgraffiti,all,reveil design,https://bathroomgraffiti.com/collections/reveils,5.0,0,23
2026-07-10,bathroomgraffiti,all,reveil design,https://bathroomgraffiti.com/collections/reveils,6.3,0,6
2026-07-11,bathroomgraffiti,all,reveil design,https://bathroomgraffiti.com/collections/reveils,5.5,0,16
2026-07-12,bathroomgraffiti,all,reveil design,https://bathroomgraffiti.com/collections/reveils,6.1,1,15
2026-07-13,bathroomgraffiti,all,reveil design,https://bathroomgraffiti.com/collections/reveils,5.3,0,15
2026-07-14,bathroomgraffiti,all,reveil design,https://bathroomgraffiti.com/collections/reveils,6.3,0,12
2026-07-15,bathroomgraffiti,all,reveil design,https://bathroomgraffiti.com/collections/reveils,9.3,0,14
2026-07-16,bathroomgraffiti,all,reveil design,https://bathroomgraffiti.com/collections/reveils,7,0,24
2026-07-17,bathroomgraffiti,all,reveil design,https://bathroomgraffiti.com/collections/reveils,5.5,0,16
2026-07-18,bathroomgraffiti,all,reveil design,https://bathroomgraffiti.com/collections/reveils,4.9,0,18
2026-07-19,bathroomgraffiti,all,reveil design,https://bathroomgraffiti.com/collections/reveils,6,0,15
2026-07-20,bathroomgraffiti,all,reveil design,https://bathroomgraffiti.com/collections/reveils,5.7,0,15
2026-07-21,bathroomgraffiti,all,reveil design,https://bathroomgraffiti.com/collections/reveils,5.6,0,15
2026-07-22,bathroomgraffiti,all,reveil design,https://bathroomgraffiti.com/collections/reveils,5.5,0,21
2026-07-23,bathroomgraffiti,all,reveil design,https://bathroomgraffiti.com/collections/reveils,4.9,0,22
2026-07-24,bathroomgraffiti,all,reveil design,https://bathroomgraffiti.com/collections/reveils,4.8,1,13
2026-07-25,bathroomgraffiti,all,reveil design,https://bathroomgraffiti.com/collections/reveils,5.9,0,14
2026-07-26,bathroomgraffiti,all,reveil design,https://bathroomgraffiti.com/collections/reveils,6.0,0,24
2026-07-27,bathroomgraffiti,all,reveil design,https://bathroomgraffiti.com/collections/reveils,5.9,0,26
2026-07-28,bathroomgraffiti,all,reveil design,https://bathroomgraffiti.com/collections/reveils,6.4,0,33
2026-07-29,bathroomgraffiti,all,reveil design,https://bathroomgraffiti.com/collections/reveils,5.1,0,22
2026-07-30,bathroomgraffiti,all,reveil design,https://bathroomgraffiti.com/collections/reveils,5.2,0,24
2026-07-31,bathroomgraffiti,all,reveil design,https://bathroomgraffiti.com/collections/reveils,5.7,1,27
2026-08-01,bathroomgraffiti,all,reveil design,https://bathroomgraffiti.com/collections/reveils,4.6,0,13
2026-08-02,bathroomgraffiti,all,reveil design,https://bathroomgraffiti.com/collections/reveils,5.0,1,27
2026-08-03,bathroomgraffiti,all,reveil design,https://bathroomgraffiti.com/collections/reveils,5.1,0,20
2026-08-04,bathroomgraffiti,all,reveil design,https://bathroomgraffiti.com/collections/reveils,6.0,0,23
2026-08-05,bathroomgraffiti,all,reveil design,https://bathroomgraffiti.com/collections/reveils,13.9,0,11
2026-08-06,bathroomgraffiti,all,reveil design,https://bathroomgraffiti.com/collections/reveils,12.8,0,13
2026-08-07,bathroomgraffiti,all,reveil design,https://bathroomgraffiti.com/collections/reveils,12.7,0,6
2026-08-08,bathroomgraffiti,all,reveil design,https://bathroomgraffiti.com/collections/reveils,10.9,0,15
2026-08-09,bathroomgraffiti,all,reveil design,https://bathroomgraffiti.com/collections/reveils,5.4,0,25
2026-08-10,bathroomgraffiti,all,reveil design,https://bathroomgraffiti.com/collections/reveils,5.5,0,27
2026-08-11,bathroomgraffiti,all,reveil design,https://bathroomgraffiti.com/collections/reveils,5.9,0,23
2026-08-12,bathroomgraffiti,all,reveil design,https://bathroomgraffiti.com/collections/reveils,9.1,0,22
2026-08-13,bathroomgraffiti,all,reveil design,https://bathroomgraffiti.com/collections/reveils,9.7,0,15
2026-08-14,bathroomgraffiti,all,reveil design,https://bathroomgraffiti.com/collections/reveils,6.9,0,17
2026-08-15,bathroomgraffiti,all,reveil design,https://bathroomgraffiti.com/collections/reveils,8,0,9
2026-08-16,bathroomgraffiti,all,reveil design,https://bathroomgraffiti.com/collections/reveils,6.4,0,14
2026-08-17,bathroomgraffiti,all,reveil design,https://bathroomgraffiti.com/collections/reveils,9.2,0,27
2026-08-18,bathroomgraffiti,all,reveil design,https://bathroomgraffiti.com/collections/reveils,7.0,1,22
2026-08-19,bathroomgraffiti,all,reveil design,https://bathroomgraffiti.com/collections/reveils,7.8,0,18
2026-08-20,bathroomgraffiti,all,reveil design,https://bathroomgraffiti.com/collections/reveils,7.9,1,30
2026-08-21,bathroomgraffiti,all,reveil design,https://bathroomgraffiti.com/collections/reveils,8.3,0,15
2026-08-22,bathroomgraffiti,all,reveil design,https://bathroomgraffiti.com/collections/reveils,12.5,1,20
2026-08-23,bathroomgraffiti,all,reveil design,https://bathroomgraffiti.com/collections/reveils,12.0,0,21
2026-08-24,bathroomgraffiti,all,reveil design,https://bathroomgraffiti.com/collections/reveils,8.4,0,41
2026-08-25,bathroomgraffiti,all,reveil design,https://bathroomgraffiti.com/collections/reveils,9.1,0,20
2026-08-26,bathroomgraffiti,all,reveil design,https://bathroomgraffiti.com/collections/reveils,10.4,0,22
2026-08-27,bathroomgraffiti,all,reveil design,https://bathroomgraffiti.com/collections/reveils,7.8,0,19
2026-08-28,bathroomgraffiti,all,reveil design,https://bathroomgraffiti.com/collections/reveils,10.5,0,24
2026-08-29,bathroomgraffiti,all,reveil design,https://bathroomgraffiti.com/collections/reveils,9.4,0,27
2026-08-30,bathroomgraffiti,all,reveil design,https://bathroomgraffiti.com/collections/reveils,9.7,0,42
2026-08-31,bathroomgraffiti,all,reveil design,https://bathroomgraffiti.com/collections/reveils,11.2,0,32
2026-09-01,bathroomgraffiti,all,reveil design,https://bathroomgraffiti.com/collections/reveils,12.8,0,27
2026-09-02,bathroomgraffiti,all,reveil design,https://bathroomgraffiti.com/collections/reveils,13.7,0,23
2026-09-03,bathroomgraffiti,all,reveil design,https://bathroomgraffiti.com/collections/reveils,11.5,0,21
2026-09-04,bathroomgraffiti,all,reveil design,https://bathroomgraffiti.com/collections/reveils,11.9,0,20
2026-09-05,bathroomgraffiti,all,reveil design,https://bathroomgraffiti.com/collections/reveils,10.8,0,19
2026-09-06,bathroomgraffiti,all,reveil design,https://bathroomgraffiti.com/collections/reveils,12.5,0,20
2026-09-07,bathroomgraffiti,all,reveil design,https://bathroomgraffiti.com/collections/reveils,12.5,0,24
2026-09-08,bathroomgraffiti,all,reveil design,https://bathroomgraffiti.com/collections/reveils,12.8,2,26
2026-09-09,bathroomgraffiti,all,reveil design,https://bathroomgraffiti.com/collections/reveils,9.6,0,22
2026-09-10,bathroomgraffiti,all,reveil design,https://bathroomgraffiti.com/collections/reveils,7.8,0,24
2026-09-11,bathroomgraffiti,all,reveil design,https://bathroomgraffiti.com/collections/reveils,10.3,0,16
2026-09-12,bathroomgraffiti,all,reveil design,https://bathroomgraffiti.com/collections/reveils,10.3,0,16
2026-09-13,bathroomgraffiti,all,reveil design,https://bathroomgraffiti.com/collections/reveils,9.0,0,29
2026-09-14,bathroomgraffiti,all,reveil design,https://bathroomgraffiti.com/collections/reveils,10.5,0,19
2026-09-15,bathroomgraffiti,all,reveil design,https://bathroomgraffiti.com/collections/reveils,6.6,1,25
2026-09-16,bathroomgraffiti,all,reveil design,https://bathroomgraffiti.com/collections/reveils,8.4,0,23
2026-09-17,bathroomgraffiti,all,reveil design,https://bathroomgraffiti.com/collections/reveils,8.5,0,21
2026-09-18,bathroomgraffiti,all,reveil design,https://bathroomgraffiti.com/collections/reveils,8.8,0,26
2026-09-19,bathroomgraffiti,all,reveil design,https://bathroomgraffiti.com/collections/reveils,7.8,0,28
2026-09-20,bathroomgraffiti,all,reveil design,https://bathroomgraffiti.com/collections/reveils,7.8,1,28
2026-09-21,bathroomgraffiti,all,reveil design,https://bathroomgraffiti.com/collections/reveils,7.9,0,13
2026-09-22,bathroomgraffiti,all,reveil design,https://bathroomgraffiti.com/collections/reveils,8.5,0,23
2026-09-23,bathroomgraffiti,all,reveil design,https://bathroomgraffiti.com/collections/reveils,8.1,0,16
2026-09-24,bathroomgraffiti,all,reveil design,https://bathroomgraffiti.com/collections/reveils,7.6,0,17
2026-09-25,bathroomgraffiti,all,reveil design,https://bathroomgraffiti.com/collections/reveils,7.8,0,17
2026-09-26,bathroomgraffiti,all,reveil design,https://bathroomgraffiti.com/collections/reveils,8.2,0,18
2026-09-27,bathroomgraffiti,all,reveil design,https://bathroomgraffiti.com/collections/reveils,7.6,1,36
2026-09-28,bathroomgraffiti,all,reveil design,https://bathroomgraffiti.com/collections/reveils,9.6,0,16
2026-09-29,bathroomgraffiti,all,reveil design,https://bathroomgraffiti.com/collections/reveils,7.4,1,19
2026-09-30,bathroomgraffiti,all,reveil design,https://bathroomgraffiti.com/collections/reveils,6.9,0,22
2026-10-01,bathroomgraffiti,all,reveil design,https://bathroomgraffiti.com/collections/reveils,7.0,0,20
2026-10-02,bathroomgraffiti,all,reveil design,https://bathroomgraffiti.com/collections/reveils,8,0,25
2026-10-03,bathroomgraffiti,all,reveil design,https://bathroomgraffiti.com/collections/reveils,9.6,0,8
2026-10-04,bathroomgraffiti,all,reveil design,https://bathroomgraffiti.com/collections/reveils,7.7,0,39
2026-07-10,bathroomgraffiti,all,sonny angel halloween,https://bathroomgraffiti.com/products/figurine-sonny-angel-halloween,5,0,3
2026-07-11,bathroomgraffiti,all,sonny angel halloween,https://bathroomgraffiti.com/products/figurine-sonny-angel-halloween,9.5,0,2
2026-07-13,bathroomgraffiti,all,sonny angel halloween,https://bathroomgraffiti.com/products/figurine-sonny-angel-halloween,1,0,2
2026-07-15,bathroomgraffiti,all,sonny angel halloween,https://bathroomgraffiti.com/products/figurine-sonny-angel-serie-halloween,3,0,2
2026-07-16,bathroomgraffiti,all,sonny angel halloween,https://bathroomgraffiti.com/products/figurine-sonny-angel-serie-halloween,1,0,4
2026-07-17,bathroomgraffiti,all,sonny angel halloween,https://bathroomgraffiti.com/products/figurine-sonny-angel-serie-halloween,2,0,3
2026-07-18,bathroomgraffiti,all,sonny angel halloween,https://bathroomgraffiti.com/products/figurine-sonny-angel-serie-halloween,1,0,2
2026-07-19,bathroomgraffiti,all,sonny angel halloween,https://bathroomgraffiti.com/products/figurine-sonny-angel-serie-halloween,1.5,0,4
2026-07-20,bathroomgraffiti,all,sonny angel halloween,https://bathroomgraffiti.com/products/figurine-sonny-angel-serie-halloween,1,0,3
2026-07-21,bathroomgraffiti,all,sonny angel halloween,https://bathroomgraffiti.com/products/figurine-sonny-angel-serie-halloween,1,0,6
2026-07-23,bathroomgraffiti,all,sonny angel halloween,https://bathroomgraffiti.com/products/figurine-sonny-angel-serie-halloween,1,0,3
2026-07-24,bathroomgraffiti,all,sonny angel halloween,https://bathroomgraffiti.com/products/figurine-sonny-angel-serie-halloween,1,0,7
2026-07-27,bathroomgraffiti,all,sonny angel halloween,https://bathroomgraffiti.com/products/figurine-sonny-angel-serie-halloween,1,0,4
2026-07-28,bathroomgraffiti,all,sonny angel halloween,https://bathroomgraffiti.com/products/figurine-sonny-angel-serie-halloween,2,0,4
2026-07-29,bathroomgraffiti,all,sonny angel halloween,https://bathroomgraffiti.com/products/figurine-sonny-angel-serie-halloween,1,1,5
2026-07-30,bathroomgraffiti,all,sonny angel halloween,https://bathroomgraffiti.com/products/figurine-sonny-angel-serie-halloween,2,0,2
2026-08-01,bathroomgraffiti,all,sonny angel halloween,https://bathroomgraffiti.com/products/figurine-sonny-angel-serie-halloween,1,0,3
2026-08-02,bathroomgraffiti,all,sonny angel halloween,https://bathroomgraffiti.com/products/figurine-sonny-angel-serie-halloween,1,0,2
2026-08-04,bathroomgraffiti,all,sonny angel halloween,https://bathroomgraffiti.com/products/figurine-sonny-angel-serie-halloween,1.5,0,4
2026-08-05,bathroomgraffiti,all,sonny angel halloween,https://bathroomgraffiti.com/products/figurine-sonny-angel-serie-halloween,1.5,0,2
2026-08-06,bathroomgraffiti,all,sonny angel halloween,https://bathroomgraffiti.com/products/figurine-sonny-angel-serie-halloween,1.2,0,10
2026-08-07,bathroomgraffiti,all,sonny angel halloween,https://bathroomgraffiti.com/products/figurine-sonny-angel-serie-halloween,1.5,0,6
2026-08-08,bathroomgraffiti,all,sonny angel halloween,https://bathroomgraffiti.com/products/figurine-sonny-angel-halloween?variant=51439174025558&country=FR&currency=EUR&utm_medium=product_sync&utm_source=google&utm_content=sag_organic&utm_campaign=sag_organic,4,0,2
2026-08-08,bathroomgraffiti,all,sonny angel halloween,https://bathroomgraffiti.com/products/figurine-sonny-angel-serie-halloween,1,0,5
2026-08-09,bathroomgraffiti,all,sonny angel halloween,https://bathroomgraffiti.com/products/figurine-sonny-angel-serie-halloween,1,0,5
2026-08-10,bathroomgraffiti,all,sonny angel halloween,https://bathroomgraffiti.com/products/figurine-sonny-angel-serie-halloween,1,1,5
2026-08-11,bathroomgraffiti,all,sonny angel halloween,https://bathroomgraffiti.com/products/figurine-sonny-angel-halloween,19,0,2
2026-08-11,bathroomgraffiti,all,sonny angel halloween,https://bathroomgraffiti.com/products/figurine-sonny-angel-serie-halloween,1.1,1,13
2026-08-12,bathroomgraffiti,all,sonny angel halloween,https://bathroomgraffiti.com/products/figurine-sonny-angel-serie-halloween,1,0,2
2026-08-13,bathroomgraffiti,all,sonny angel halloween,https://bathroomgraffiti.com/products/figurine-sonny-angel-serie-halloween,1,0,5
2026-08-14,bathroomgraffiti,all,sonny angel halloween,https://bathroomgraffiti.com/products/figurine-sonny-angel-serie-halloween,1,0,3
2026-08-15,bathroomgraffiti,all,sonny angel halloween,https://bathroomgraffiti.com/products/figurine-sonny-angel-serie-halloween,1,0,5
2026-08-18,bathroomgraffiti,all,sonny angel halloween,https://bathroomgraffiti.com/products/figurine-sonny-angel-serie-halloween,1,0,5
2026-08-19,bathroomgraffiti,all,sonny angel halloween,https://bathroomgraffiti.com/products/figurine-sonny-angel-serie-halloween,1,0,7
2026-08-20,bathroomgraffiti,all,sonny angel halloween,https://bathroomgraffiti.com/products/figurine-sonny-angel-serie-halloween,1.4,0,8
2026-08-21,bathroomgraffiti,all,sonny angel halloween,https://bathroomgraffiti.com/products/figurine-sonny-angel-serie-halloween,1.6,0,10
2026-08-22,bathroomgraffiti,all,sonny angel halloween,https://bathroomgraffiti.com/products/figurine-sonny-angel-serie-halloween,1.2,0,13
2026-08-23,bathroomgraffiti,all,sonny angel halloween,https://bathroomgraffiti.com/products/figurine-sonny-angel-serie-halloween,1,0,6
2026-08-24,bathroomgraffiti,all,sonny angel halloween,https://bathroomgraffiti.com/products/figurine-sonny-angel-serie-halloween,1.3,0,3
2026-08-25,bathroomgraffiti,all,sonny angel halloween,https://bathroomgraffiti.com/products/figurine-sonny-angel-halloween,1,0,2
2026-08-25,bathroomgraffiti,all,sonny angel halloween,https://bathroomgraffiti.com/products/figurine-sonny-angel-serie-halloween,1.1,0,10
2026-08-26,bathroomgraffiti,all,sonny angel halloween,https://bathroomgraffiti.com/products/figurine-sonny-angel-serie-halloween,1,0,10
2026-08-27,bathroomgraffiti,all,sonny angel halloween,https://bathroomgraffiti.com/products/figurine-sonny-angel-serie-halloween,1,0,4
2026-08-28,bathroomgraffiti,all,sonny angel halloween,https://bathroomgraffiti.com/products/figurine-sonny-angel-serie-halloween,1,1,8
2026-08-29,bathroomgraffiti,all,sonny angel halloween,https://bathroomgraffiti.com/products/figurine-sonny-angel-serie-halloween,1,0,5
2026-08-30,bathroomgraffiti,all,sonny angel halloween,https://bathroomgraffiti.com/products/figurine-sonny-angel-serie-halloween,1.1,0,8
2026-08-31,bathroomgraffiti,all,sonny angel halloween,https://bathroomgraffiti.com/products/figurine-sonny-angel-serie-halloween,1.1,0,9
2026-09-01,bathroomgraffiti,all,sonny angel halloween,https://bathroomgraffiti.com/products/figurine-sonny-angel-serie-halloween,1.1,0,7
2026-09-02,bathroomgraffiti,all,sonny angel halloween,https://bathroomgraffiti.com/products/figurine-sonny-angel-serie-halloween,1,0,5
2026-09-03,bathroomgraffiti,all,sonny angel halloween,https://bathroomgraffiti.com/products/figurine-sonny-angel-serie-halloween,1,0,5
2026-09-04,bathroomgraffiti,all,sonny angel halloween,https://bathroomgraffiti.com/products/figurine-sonny-angel-serie-halloween,1.4,0,15
2026-09-05,bathroomgraffiti,all,sonny angel halloween,https://bathroomgraffiti.com/products/figurine-sonny-angel-serie-halloween,1.2,0,4
2026-09-06,bathroomgraffiti,all,sonny angel halloween,https://bathroomgraffiti.com/products/figurine-sonny-angel-serie-halloween,1.5,0,19
2026-09-07,bathroomgraffiti,all,sonny angel halloween,https://bathroomgraffiti.com/products/figurine-sonny-angel-halloween,12.5,0,2
2026-09-07,bathroomgraffiti,all,sonny angel halloween,https://bathroomgraffiti.com/products/figurine-sonny-angel-serie-halloween,1.4,1,7
2026-09-08,bathroomgraffiti,all,sonny angel halloween,https://bathroomgraffiti.com/products/figurine-sonny-angel-serie-halloween,3.4,1,16
2026-09-09,bathroomgraffiti,all,sonny angel halloween,https://bathroomgraffiti.com/products/figurine-sonny-angel-serie-halloween,2.1,0,14
2026-09-10,bathroomgraffiti,all,sonny angel halloween,https://bathroomgraffiti.com/products/figurine-sonny-angel-serie-halloween,2.2,0,12
2026-09-11,bathroomgraffiti,all,sonny angel halloween,https://bathroomgraffiti.com/products/figurine-sonny-angel-serie-halloween,1.6,0,11
2026-09-12,bathroomgraffiti,all,sonny angel halloween,https://bathroomgraffiti.com/products/figurine-sonny-angel-serie-halloween,1.9,0,10
2026-09-13,bathroomgraffiti,all,sonny angel halloween,https://bathroomgraffiti.com/products/figurine-sonny-angel-serie-halloween,1.6,0,13
2026-09-14,bathroomgraffiti,all,sonny angel halloween,https://bathroomgraffiti.com/products/figurine-sonny-angel-serie-halloween,1.6,0,11
2026-09-15,bathroomgraffiti,all,sonny angel halloween,https://bathroomgraffiti.com/products/figurine-sonny-angel-serie-halloween,1.9,0,11
2026-09-16,bathroomgraffiti,all,sonny angel halloween,https://bathroomgraffiti.com/products/figurine-sonny-angel-serie-halloween,2.2,0,16
2026-09-17,bathroomgraffiti,all,sonny angel halloween,https://bathroomgraffiti.com/products/figurine-sonny-angel-serie-halloween,1.9,0,15
2026-09-18,bathroomgraffiti,all,sonny angel halloween,https://bathroomgraffiti.com/products/figurine-sonny-angel-serie-halloween,1.8,1,16
2026-09-19,bathroomgraffiti,all,sonny angel halloween,https://bathroomgraffiti.com/products/figurine-sonny-angel-serie-halloween,1.6,0,14
2026-09-20,bathroomgraffiti,all,sonny angel halloween,https://bathroomgraffiti.com/products/figurine-sonny-angel-halloween,2,0,7
2026-09-20,bathroomgraffiti,all,sonny angel halloween,https://bathroomgraffiti.com/products/figurine-sonny-angel-serie-halloween,2.0,0,22
2026-09-21,bathroomgraffiti,all,sonny angel halloween,https://bathroomgraffiti.com/products/figurine-sonny-angel-halloween,2.3,0,29
2026-09-21,bathroomgraffiti,all,sonny angel halloween,https://bathroomgraffiti.com/products/figurine-sonny-angel-serie-halloween,2.3,0,31
2026-09-22,bathroomgraffiti,all,sonny angel halloween,https://bathroomgraffiti.com/products/figurine-sonny-angel-serie-halloween,1.6,1,13
2026-09-23,bathroomgraffiti,all,sonny angel halloween,https://bathroomgraffiti.com/products/figurine-sonny-angel-halloween,1.8,0,12
2026-09-23,bathroomgraffiti,all,sonny angel halloween,https://bathroomgraffiti.com/products/figurine-sonny-angel-serie-halloween,1.8,0,12
2026-09-24,bathroomgraffiti,all,sonny angel halloween,https://bathroomgraffiti.com/products/figurine-sonny-angel-halloween,2,0,9
2026-09-24,bathroomgraffiti,all,sonny angel halloween,https://bathroomgraffiti.com/products/figurine-sonny-angel-serie-halloween,2,0,9
2026-09-25,bathroomgraffiti,all,sonny angel halloween,https://bathroomgraffiti.com/products/figurine-sonny-angel-halloween,1.5,0,15
2026-09-25,bathroomgraffiti,all,sonny angel halloween,https://bathroomgraffiti.com/products/figurine-sonny-angel-serie-halloween,1.6,1,16
2026-09-26,bathroomgraffiti,all,sonny angel halloween,https://bathroomgraffiti.com/products/figurine-sonny-angel-halloween,1.5,0,14
2026-09-26,bathroomgraffiti,all,sonny angel halloween,https://bathroomgraffiti.com/products/figurine-sonny-angel-serie-halloween,1.4,0,16
2026-09-27,bathroomgraffiti,all,sonny angel halloween,https://bathroomgraffiti.com/products/figurine-sonny-angel-halloween,1.5,0,24
2026-09-27,bathroomgraffiti,all,sonny angel halloween,https://bathroomgraffiti.com/products/figurine-sonny-angel-serie-halloween,1.5,2,38
2026-09-28,bathroomgraffiti,all,sonny angel halloween,https://bathroomgraffiti.com/products/figurine-sonny-angel-halloween,1.2,0,9
2026-09-29,bathroomgraffiti,all,sonny angel halloween,https://bathroomgraffiti.com/products/figurine-sonny-angel-halloween,2.1,0,26
2026-09-30,bathroomgraffiti,all,sonny angel halloween,https://bathroomgraffiti.com/products/figurine-sonny-angel-halloween,1.2,0,18
2026-10-01,bathroomgraffiti,all,sonny angel halloween,https://bathroomgraffiti.com/products/figurine-sonny-angel-halloween,1.2,0,20
2026-10-02,bathroomgraffiti,all,sonny angel halloween,https://bathroomgraffiti.com/products/figurine-sonny-angel-halloween,1.1,1,17
2026-10-02,bathroomgraffiti,all,sonny angel halloween,https://bathroomgraffiti.com/products/figurine-sonny-angel-serie-halloween,1,0,3
2026-10-04,bathroomgraffiti,all,sonny angel halloween,https://bathroomgraffiti.com/products/figurine-sonny-angel-halloween,1.1,0,33
2026-07-07,bathroomgraffiti,all,speks,https://bathroomgraffiti.com/products/jeu-billes-magnetiques-speks-unwind,5.1,1,8
2026-07-08,bathroomgraffiti,all,speks,https://bathroomgraffiti.com/products/jeu-billes-magnetiques-speks-inspire,6.8,1,5
2026-07-08,bathroomgraffiti,all,speks,https://bathroomgraffiti.com/products/jeu-billes-magnetiques-speks-rainbow,9,0,3
2026-07-08,bathroomgraffiti,all,speks,https://bathroomgraffiti.com/products/jeu-billes-magnetiques-speks-unwind,4.4,0,16
2026-07-09,bathroomgraffiti,all,speks,https://bathroomgraffiti.com/products/jeu-billes-magnetiques-speks-unwind,6.2,0,4
2026-07-10,bathroomgraffiti,all,speks,https://bathroomgraffiti.com/products/jeu-billes-magnetiques-speks-inspire,4.2,0,4
2026-07-10,bathroomgraffiti,all,speks,https://bathroomgraffiti.com/products/jeu-billes-magnetiques-speks-rainbow,18,0,2
2026-07-10,bathroomgraffiti,all,speks,https://bathroomgraffiti.com/products/jeu-billes-magnetiques-speks-unwind,4,0,6
2026-07-11,bathroomgraffiti,all,speks,https://bathroomgraffiti.com/products/jeu-billes-magnetiques-speks-inspire,8.2,0,6
2026-07-11,bathroomgraffiti,all,speks,https://bathroomgraffiti.com/products/jeu-billes-magnetiques-speks-unwind,6.2,0,16
2026-07-12,bathroomgraffiti,all,speks,https://bathroomgraffiti.com/products/jeu-billes-magnetiques-speks-inspire,9.7,0,7
2026-07-12,bathroomgraffiti,all,speks,https://bathroomgraffiti.com/products/jeu-billes-magnetiques-speks-rainbow,11,0,3
2026-07-12,bathroomgraffiti,all,speks,https://bathroomgraffiti.com/products/jeu-billes-magnetiques-speks-unwind,6.9,0,16
2026-07-13,bathroomgraffiti,all,speks,https://bathroomgraffiti.com/products/jeu-billes-magnetiques-speks-inspire,12.8,0,5
2026-07-13,bathroomgraffiti,all,speks,https://bathroomgraffiti.com/products/jeu-billes-magnetiques-speks-rainbow,11,0,7
2026-07-13,bathroomgraffiti,all,speks,https://bathroomgraffiti.com/products/jeu-billes-magnetiques-speks-rose,5,0,2
2026-07-13,bathroomgraffiti,all,speks,https://bathroomgraffiti.com/products/jeu-billes-magnetiques-speks-unwind,5.2,0,17
2026-07-14,bathroomgraffiti,all,speks,https://bathroomgraffiti.com/products/jeu-billes-magnetiques-speks-inspire,8.3,0,7
2026-07-14,bathroomgraffiti,all,speks,https://bathroomgraffiti.com/products/jeu-billes-magnetiques-speks-rainbow,11,0,4
2026-07-14,bathroomgraffiti,all,speks,https://bathroomgraffiti.com/products/jeu-billes-magnetiques-speks-unwind,5.1,0,10
2026-07-15,bathroomgraffiti,all,speks,https://bathroomgraffiti.com/products/jeu-billes-magnetiques-speks-unwind,4.4,0,13
2026-07-16,bathroomgraffiti,all,speks,https://bathroomgraffiti.com/products/jeu-billes-magnetiques-speks-inspire,8,0,8
2026-07-16,bathroomgraffiti,all,speks,https://bathroomgraffiti.com/products/jeu-billes-magnetiques-speks-rainbow,7.3,0,3
2026-07-16,bathroomgraffiti,all,speks,https://bathroomgraffiti.com/products/jeu-billes-magnetiques-speks-unwind,3.9,0,15
2026-07-17,bathroomgraffiti,all,speks,https://bathroomgraffiti.com/products/jeu-billes-magnetiques-speks-deep-end,7,0,2
2026-07-17,bathroomgraffiti,all,speks,https://bathroomgraffiti.com/products/jeu-billes-magnetiques-speks-inspire,7.3,0,15
2026-07-17,bathroomgraffiti,all,speks,https://bathroomgraffiti.com/products/jeu-billes-magnetiques-speks-rainbow,7.3,0,6
2026-07-17,bathroomgraffiti,all,speks,https://bathroomgraffiti.com/products/jeu-billes-magnetiques-speks-soothe,7,0,2
2026-07-17,bathroomgraffiti,all,speks,https://bathroomgraffiti.com/products/jeu-billes-magnetiques-speks-unwind,3.7,0,11
2026-07-18,bathroomgraffiti,all,speks,https://bathroomgraffiti.com/products/jeu-billes-magnetiques-speks-inspire,6.3,1,21
2026-07-18,bathroomgraffiti,all,speks,https://bathroomgraffiti.com/products/jeu-billes-magnetiques-speks-rainbow,10.7,0,9
2026-07-18,bathroomgraffiti,all,speks,https://bathroomgraffiti.com/products/jeu-billes-magnetiques-speks-unwind,7.6,0,7
2026-07-19,bathroomgraffiti,all,speks,https://bathroomgraffiti.com/products/jeu-billes-magnetiques-speks-inspire,5.8,0,9
2026-07-19,bathroomgraffiti,all,speks,https://bathroomgraffiti.com/products/jeu-billes-magnetiques-speks-unwind,4.9,1,9
2026-07-20,bathroomgraffiti,all,speks,https://bathroomgraffiti.com/products/jeu-billes-magnetiques-speks-inspire,4.7,0,7
2026-07-20,bathroomgraffiti,all,speks,https://bathroomgraffiti.com/products/jeu-billes-magnetiques-speks-rainbow,9,0,2
2026-07-20,bathroomgraffiti,all,speks,https://bathroomgraffiti.com/products/jeu-billes-magnetiques-speks-unwind,4.5,0,8
2026-07-21,bathroomgraffiti,all,speks,https://bathroomgraffiti.com/products/jeu-billes-magnetiques-speks-inspire,4.9,0,8
2026-07-21,bathroomgraffiti,all,speks,https://bathroomgraffiti.com/products/jeu-billes-magnetiques-speks-unwind,6.3,0,7
2026-07-22,bathroomgraffiti,all,speks,https://bathroomgraffiti.com/products/jeu-billes-magnetiques-speks-inspire,5,0,11
2026-07-22,bathroomgraffiti,all,speks,https://bathroomgraffiti.com/products/jeu-billes-magnetiques-speks-unwind,5.6,0,12
2026-07-23,bathroomgraffiti,all,speks,https://bathroomgraffiti.com/products/jeu-billes-magnetiques-speks-inspire,4.6,0,12
2026-07-23,bathroomgraffiti,all,speks,https://bathroomgraffiti.com/products/jeu-billes-magnetiques-speks-unwind,6.5,0,11
2026-07-24,bathroomgraffiti,all,speks,https://bathroomgraffiti.com/products/jeu-billes-magnetiques-speks-inspire,4.4,0,8
2026-07-24,bathroomgraffiti,all,speks,https://bathroomgraffiti.com/products/jeu-billes-magnetiques-speks-rainbow,8.7,0,3
2026-07-24,bathroomgraffiti,all,speks,https://bathroomgraffiti.com/products/jeu-billes-magnetiques-speks-unwind,5.9,0,15
2026-07-25,bathroomgraffiti,all,speks,https://bathroomgraffiti.com/products/jeu-billes-magnetiques-speks-inspire,4,0,15
2026-07-25,bathroomgraffiti,all,speks,https://bathroomgraffiti.com/products/jeu-billes-magnetiques-speks-unwind,6.2,0,13
2026-07-26,bathroomgraffiti,all,speks,https://bathroomgraffiti.com/products/jeu-billes-magnetiques-speks-inspire,4.1,0,15
2026-07-26,bathroomgraffiti,all,speks,https://bathroomgraffiti.com/products/jeu-billes-magnetiques-speks-unwind,5.9,0,18
2026-07-27,bathroomgraffiti,all,speks,https://bathroomgraffiti.com/products/jeu-billes-magnetiques-speks-inspire,4.5,1,18
2026-07-27,bathroomgraffiti,all,speks,https://bathroomgraffiti.com/products/jeu-billes-magnetiques-speks-unwind,6.5,1,21
2026-07-28,bathroomgraffiti,all,speks,https://bathroomgraffiti.com/products/jeu-billes-magnetiques-speks-inspire,5.5,0,4
2026-07-28,bathroomgraffiti,all,speks,https://bathroomgraffiti.com/products/jeu-billes-magnetiques-speks-rainbow,10,0,2
2026-07-28,bathroomgraffiti,all,speks,https://bathroomgraffiti.com/products/jeu-billes-magnetiques-speks-unwind,5.2,0,17
2026-07-29,bathroomgraffiti,all,speks,https://bathroomgraffiti.com/products/jeu-billes-magnetiques-speks-inspire,5.6,0,16
2026-07-29,bathroomgraffiti,all,speks,https://bathroomgraffiti.com/products/jeu-billes-magnetiques-speks-unwind,6.2,0,11
2026-07-30,bathroomgraffiti,all,speks,https://bathroomgraffiti.com/products/jeu-billes-magnetiques-speks-inspire,5.1,0,18
2026-07-30,bathroomgraffiti,all,speks,https://bathroomgraffiti.com/products/jeu-billes-magnetiques-speks-unwind,6,0,2
2026-07-31,bathroomgraffiti,all,speks,https://bathroomgraffiti.com/products/jeu-billes-magnetiques-speks-deep-end,6,0,3
2026-07-31,bathroomgraffiti,all,speks,https://bathroomgraffiti.com/products/jeu-billes-magnetiques-speks-inspire,5.6,0,19
2026-07-31,bathroomgraffiti,all,speks,https://bathroomgraffiti.com/products/jeu-billes-magnetiques-speks-unwind,4.2,0,13
2026-08-01,bathroomgraffiti,all,speks,https://bathroomgraffiti.com/products/jeu-billes-magnetiques-speks-inspire,4.8,0,17
2026-08-01,bathroomgraffiti,all,speks,https://bathroomgraffiti.com/products/jeu-billes-magnetiques-speks-unwind,4.8,0,13
2026-08-02,bathroomgraffiti,all,speks,https://bathroomgraffiti.com/products/jeu-billes-magnetiques-speks-inspire,5.1,0,14
2026-08-02,bathroomgraffiti,all,speks,https://bathroomgraffiti.com/products/jeu-billes-magnetiques-speks-unwind,6.2,0,4
2026-08-03,bathroomgraffiti,all,speks,https://bathroomgraffiti.com/products/jeu-billes-magnetiques-speks-inspire,4.7,0,23
2026-08-03,bathroomgraffiti,all,speks,https://bathroomgraffiti.com/products/jeu-billes-magnetiques-speks-unwind,7.3,0,11
2026-08-04,bathroomgraffiti,all,speks,https://bathroomgraffiti.com/products/jeu-billes-magnetiques-speks-inspire,5.6,0,24
2026-08-04,bathroomgraffiti,all,speks,https://bathroomgraffiti.com/products/jeu-billes-magnetiques-speks-unwind,6.1,0,17
2026-08-05,bathroomgraffiti,all,speks,https://bathroomgraffiti.com/products/jeu-billes-magnetiques-speks-deep-end,6.5,0,2
2026-08-05,bathroomgraffiti,all,speks,https://bathroomgraffiti.com/products/jeu-billes-magnetiques-speks-inspire,7.6,0,16
2026-08-05,bathroomgraffiti,all,speks,https://bathroomgraffiti.com/products/jeu-billes-magnetiques-speks-unwind,5.5,1,27
2026-08-06,bathroomgraffiti,all,speks,https://bathroomgraffiti.com/products/jeu-billes-magnetiques-speks-inspire,6.9,0,18
2026-08-06,bathroomgraffiti,all,speks,https://bathroomgraffiti.com/products/jeu-billes-magnetiques-speks-unwind,4.4,0,28
2026-08-07,bathroomgraffiti,all,speks,https://bathroomgraffiti.com/products/jeu-billes-magnetiques-speks-inspire,6.4,0,11
2026-08-07,bathroomgraffiti,all,speks,https://bathroomgraffiti.com/products/jeu-billes-magnetiques-speks-rainbow,5.5,0,2
2026-08-07,bathroomgraffiti,all,speks,https://bathroomgraffiti.com/products/jeu-billes-magnetiques-speks-unwind,5,1,16
2026-08-08,bathroomgraffiti,all,speks,https://bathroomgraffiti.com/products/jeu-billes-magnetiques-speks-inspire,6.9,0,8
2026-08-08,bathroomgraffiti,all,speks,https://bathroomgraffiti.com/products/jeu-billes-magnetiques-speks-unwind,3.6,0,14
2026-08-09,bathroomgraffiti,all,speks,https://bathroomgraffiti.com/products/jeu-billes-magnetiques-speks-inspire,7.5,0,4
2026-08-09,bathroomgraffiti,all,speks,https://bathroomgraffiti.com/products/jeu-billes-magnetiques-speks-unwind,4.5,0,20
2026-08-10,bathroomgraffiti,all,speks,https://bathroomgraffiti.com/products/jeu-billes-magnetiques-speks-inspire,6.4,0,12
2026-08-10,bathroomgraffiti,all,speks,https://bathroomgraffiti.com/products/jeu-billes-magnetiques-speks-unwind,4.5,0,22
2026-08-11,bathroomgraffiti,all,speks,https://bathroomgraffiti.com/products/jeu-billes-magnetiques-speks-inspire,6.3,0,7
2026-08-11,bathroomgraffiti,all,speks,https://bathroomgraffiti.com/products/jeu-billes-magnetiques-speks-unwind,5.1,0,23
2026-08-12,bathroomgraffiti,all,speks,https://bathroomgraffiti.com/products/jeu-billes-magnetiques-speks-unwind,3.6,0,17
2026-08-13,bathroomgraffiti,all,speks,https://bathroomgraffiti.com/products/jeu-billes-magnetiques-speks-unwind,3.9,0,16
2026-08-14,bathroomgraffiti,all,speks,https://bathroomgraffiti.com/products/jeu-billes-magnetiques-speks-unwind,3.8,0,13
2026-08-15,bathroomgraffiti,all,speks,https://bathroomgraffiti.com/products/jeu-billes-magnetiques-speks-unwind,4.1,0,16
2026-08-16,bathroomgraffiti,all,speks,https://bathroomgraffiti.com/products/jeu-billes-magnetiques-speks-unwind,4.3,1,23
2026-08-17,bathroomgraffiti,all,speks,https://bathroomgraffiti.com/products/jeu-billes-magnetiques-speks-inspire,8,0,2
2026-08-17,bathroomgraffiti,all,speks,https://bathroomgraffiti.com/products/jeu-billes-magnetiques-speks-unwind,4.1,2,18
2026-08-18,bathroomgraffiti,all,speks,https://bathroomgraffiti.com/products/jeu-billes-magnetiques-speks-inspire,4.8,0,4
2026-08-18,bathroomgraffiti,all,speks,https://bathroomgraffiti.com/products/jeu-billes-magnetiques-speks-unwind,3.6,0,19
2026-08-19,bathroomgraffiti,all,speks,https://bathroomgraffiti.com/products/jeu-billes-magnetiques-speks-inspire,4.3,1,25
2026-08-20,bathroomgraffiti,all,speks,https://bathroomgraffiti.com/products/jeu-billes-magnetiques-speks-inspire,5.6,0,25
2026-08-21,bathroomgraffiti,all,speks,https://bathroomgraffiti.com/products/jeu-billes-magnetiques-speks-inspire,5.6,1,21
2026-08-21,bathroomgraffiti,all,speks,https://bathroomgraffiti.com/products/jeu-billes-magnetiques-speks-soothe,5,0,2
2026-08-22,bathroomgraffiti,all,speks,https://bathroomgraffiti.com/products/jeu-billes-magnetiques-speks-inspire,5.6,0,23
2026-08-22,bathroomgraffiti,all,speks,https://bathroomgraffiti.com/products/jeu-billes-magnetiques-speks-soothe,4.7,0,3
2026-08-23,bathroomgraffiti,all,speks,https://bathroomgraffiti.com/products/jeu-billes-magnetiques-speks-inspire,5.4,0,15
2026-08-23,bathroomgraffiti,all,speks,https://bathroomgraffiti.com/products/jeu-billes-magnetiques-speks-soothe,4,0,2
2026-08-24,bathroomgraffiti,all,speks,https://bathroomgraffiti.com/products/jeu-billes-magnetiques-speks-inspire,5.7,0,24
2026-08-24,bathroomgraffiti,all,speks,https://bathroomgraffiti.com/products/jeu-billes-magnetiques-speks-soothe,6,0,2
2026-08-25,bathroomgraffiti,all,speks,https://bathroomgraffiti.com/products/jeu-billes-magnetiques-speks-inspire,7.5,0,17
2026-08-26,bathroomgraffiti,all,speks,https://bathroomgraffiti.com/products/jeu-billes-magnetiques-speks-inspire,8.7,2,10
2026-08-26,bathroomgraffiti,all,speks,https://bathroomgraffiti.com/products/jeu-billes-magnetiques-speks-soothe,5.2,0,6
2026-08-27,bathroomgraffiti,all,speks,https://bathroomgraffiti.com/products/jeu-billes-magnetiques-speks-inspire,8.4,0,20
2026-08-27,bathroomgraffiti,all,speks,https://bathroomgraffiti.com/products/jeu-billes-magnetiques-speks-soothe,3,0,7
2026-08-27,bathroomgraffiti,all,speks,https://bathroomgraffiti.com/products/jeu-billes-magnetiques-speks-unwind,7.7,0,3
2026-08-28,bathroomgraffiti,all,speks,https://bathroomgraffiti.com/products/jeu-billes-magnetiques-speks-inspire,4.5,0,20
2026-08-28,bathroomgraffiti,all,speks,https://bathroomgraffiti.com/products/jeu-billes-magnetiques-speks-soothe,4,0,4
2026-08-29,bathroomgraffiti,all,speks,https://bathroomgraffiti.com/products/jeu-billes-magnetiques-speks-inspire,7.4,0,11
2026-08-30,bathroomgraffiti,all,speks,https://bathroomgraffiti.com/products/jeu-billes-magnetiques-speks-inspire,9.4,0,7
2026-08-31,bathroomgraffiti,all,speks,https://bathroomgraffiti.com/products/jeu-billes-magnetiques-speks-inspire,7.8,0,5
2026-09-01,bathroomgraffiti,all,speks,https://bathroomgraffiti.com/products/jeu-billes-magnetiques-speks-ignite,9,0,2
2026-09-02,bathroomgraffiti,all,speks,https://bathroomgraffiti.com/products/jeu-billes-magnetiques-speks-inspire,8.7,1,10
2026-09-03,bathroomgraffiti,all,speks,https://bathroomgraffiti.com/products/jeu-billes-magnetiques-speks-inspire,18,0,2
2026-09-03,bathroomgraffiti,all,speks,https://bathroomgraffiti.com/products/jeu-billes-magnetiques-speks-unwind,16.7,0,3
2026-09-04,bathroomgraffiti,all,speks,https://bathroomgraffiti.com/products/jeu-billes-magnetiques-speks-unwind,12,0,2
2026-09-05,bathroomgraffiti,all,speks,https://bathroomgraffiti.com/products/jeu-billes-magnetiques-speks-soothe,9,0,2
2026-09-06,bathroomgraffiti,all,speks,https://bathroomgraffiti.com/products/jeu-billes-magnetiques-speks-inspire,7,0,2
2026-09-06,bathroomgraffiti,all,speks,https://bathroomgraffiti.com/products/jeu-billes-magnetiques-speks-soothe,8.7,0,7
2026-09-07,bathroomgraffiti,all,speks,https://bathroomgraffiti.com/products/jeu-billes-magnetiques-speks-soothe,8.3,0,3
2026-09-08,bathroomgraffiti,all,speks,https://bathroomgraffiti.com/collections/speks,7.8,0,10
2026-09-08,bathroomgraffiti,all,speks,https://bathroomgraffiti.com/products/jeu-billes-magnetiques-speks-inspire,10.8,0,4
2026-09-09,bathroomgraffiti,all,speks,https://bathroomgraffiti.com/collections/speks,6.6,2,11
2026-09-09,bathroomgraffiti,all,speks,https://bathroomgraffiti.com/products/jeu-billes-magnetiques-speks-inspire,8.7,1,21
2026-09-10,bathroomgraffiti,all,speks,https://bathroomgraffiti.com/products/jeu-billes-magnetiques-speks-inspire,7.5,0,4
2026-09-10,bathroomgraffiti,all,speks,https://bathroomgraffiti.com/products/jeu-billes-magnetiques-speks-rainbow,7.8,0,4
2026-09-11,bathroomgraffiti,all,speks,https://bathroomgraffiti.com/products/jeu-billes-magnetiques-speks-inspire,7.1,0,16
2026-09-11,bathroomgraffiti,all,speks,https://bathroomgraffiti.com/products/jeu-billes-magnetiques-speks-rainbow,9,0,2
2026-09-12,bathroomgraffiti,all,speks,https://bathroomgraffiti.com/products/jeu-billes-magnetiques-speks-inspire,5.4,0,27
2026-09-12,bathroomgraffiti,all,speks,https://bathroomgraffiti.com/products/jeu-billes-magnetiques-speks-original,6,0,3
2026-09-12,bathroomgraffiti,all,speks,https://bathroomgraffiti.com/products/jeu-billes-magnetiques-speks-rainbow,8.3,0,10
2026-09-12,bathroomgraffiti,all,speks,https://bathroomgraffiti.com/products/jeu-billes-magnetiques-speks-unwind,7.8,0,4
2026-09-13,bathroomgraffiti,all,speks,https://bathroomgraffiti.com/products/jeu-billes-magnetiques-speks-inspire,5.2,0,21
2026-09-13,bathroomgraffiti,all,speks,https://bathroomgraffiti.com/products/jeu-billes-magnetiques-speks-unwind,7.9,0,14
2026-09-14,bathroomgraffiti,all,speks,https://bathroomgraffiti.com/products/jeu-billes-magnetiques-speks-inspire,7,0,28
2026-09-14,bathroomgraffiti,all,speks,https://bathroomgraffiti.com/products/jeu-billes-magnetiques-speks-rainbow,6.5,0,2
2026-09-14,bathroomgraffiti,all,speks,https://bathroomgraffiti.com/products/jeu-billes-magnetiques-speks-unwind,8.6,0,16
2026-09-15,bathroomgraffiti,all,speks,https://bathroomgraffiti.com/products/jeu-billes-magnetiques-speks-inspire,6.4,0,22
2026-09-15,bathroomgraffiti,all,speks,https://bathroomgraffiti.com/products/jeu-billes-magnetiques-speks-unwind,7,0,3
2026-09-16,bathroomgraffiti,all,speks,https://bathroomgraffiti.com/products/jeu-billes-magnetiques-speks-inspire,3.7,0,7
2026-09-17,bathroomgraffiti,all,speks,https://bathroomgraffiti.com/products/jeu-billes-magnetiques-speks-inspire,5.3,0,7
2026-09-18,bathroomgraffiti,all,speks,https://bathroomgraffiti.com/products/jeu-billes-magnetiques-speks-inspire,4.8,0,14
2026-09-20,bathroomgraffiti,all,speks,https://bathroomgraffiti.com/products/jeu-billes-magnetiques-speks-inspire,3,0,2
2026-09-21,bathroomgraffiti,all,speks,https://bathroomgraffiti.com/products/jeu-billes-magnetiques-speks-inspire,6.8,0,6
2026-09-22,bathroomgraffiti,all,speks,https://bathroomgraffiti.com/products/jeu-billes-magnetiques-speks-inspire,8,1,16
2026-09-22,bathroomgraffiti,all,speks,https://bathroomgraffiti.com/products/jeu-billes-magnetiques-speks-rainbow,37,0,2
2026-09-23,bathroomgraffiti,all,speks,https://bathroomgraffiti.com/products/jeu-billes-magnetiques-speks-inspire,5.7,0,3
2026-09-24,bathroomgraffiti,all,speks,https://bathroomgraffiti.com/products/jeu-billes-magnetiques-speks-inspire,7,0,8
2026-09-25,bathroomgraffiti,all,speks,https://bathroomgraffiti.com/products/jeu-billes-magnetiques-speks-inspire,11.2,0,4
2026-09-25,bathroomgraffiti,all,speks,https://bathroomgraffiti.com/products/jeu-billes-magnetiques-speks-rainbow,20,0,2
2026-09-26,bathroomgraffiti,all,speks,https://bathroomgraffiti.com/collections/speks,5.6,0,14
2026-09-27,bathroomgraffiti,all,speks,https://bathroomgraffiti.com/collections/speks,5.0,0,42
2026-09-28,bathroomgraffiti,all,speks,https://bathroomgraffiti.com/collections/speks,4.8,0,19
2026-09-29,bathroomgraffiti,all,speks,https://bathroomgraffiti.com/collections/speks,4.6,0,21
2026-09-29,bathroomgraffiti,all,speks,https://bathroomgraffiti.com/products/jeu-billes-magnetiques-speks-inspire,11.5,0,2
2026-09-30,bathroomgraffiti,all,speks,https://bathroomgraffiti.com/collections/speks,4.8,0,24
2026-10-01,bathroomgraffiti,all,speks,https://bathroomgraffiti.com/collections/speks,4.2,1,21
2026-10-02,bathroomgraffiti,all,speks,https://bathroomgraffiti.com/collections/speks,5.6,0,14
2026-10-02,bathroomgraffiti,all,speks,https://bathroomgraffiti.com/products/jeu-billes-magnetiques-speks-inspire,32,0,2
2026-10-02,bathroomgraffiti,all,speks,https://bathroomgraffiti.com/products/jeu-billes-magnetiques-speks-rainbow,32,0,2
2026-10-03,bathroomgraffiti,all,speks,https://bathroomgraffiti.com/collections/speks,5.2,1,33
2026-10-04,bathroomgraffiti,all,speks,https://bathroomgraffiti.com/collections/speks,5.6,1,16
2026-07-10,bathroomgraffiti,all,speks france,https://bathroomgraffiti.com/products/jeu-billes-magnetiques-speks-unwind,5.5,0,2
2026-07-12,bathroomgraffiti,all,speks france,https://bathroomgraffiti.com/products/jeu-billes-magnetiques-speks-unwind,2.2,1,4
2026-07-14,bathroomgraffiti,all,speks france,https://bathroomgraffiti.com/products/jeu-billes-magnetiques-speks-unwind,2.5,1,2
2026-07-15,bathroomgraffiti,all,speks france,https://bathroomgraffiti.com/products/jeu-billes-magnetiques-speks-unwind,2.7,0,3
2026-07-16,bathroomgraffiti,all,speks france,https://bathroomgraffiti.com/products/jeu-billes-magnetiques-speks-unwind,3.3,1,6
2026-07-23,bathroomgraffiti,all,speks france,https://bathroomgraffiti.com/products/jeu-billes-magnetiques-speks-inspire,3,1,4
2026-07-25,bathroomgraffiti,all,speks france,https://bathroomgraffiti.com/products/jeu-billes-magnetiques-speks-inspire,2,1,3
2026-07-26,bathroomgraffiti,all,speks france,https://bathroomgraffiti.com/products/jeu-billes-magnetiques-speks-inspire,2.6,2,7
2026-07-27,bathroomgraffiti,all,speks france,https://bathroomgraffiti.com/products/jeu-billes-magnetiques-speks-inspire,4,0,2
2026-07-27,bathroomgraffiti,all,speks france,https://bathroomgraffiti.com/products/jeu-billes-magnetiques-speks-unwind,4.5,0,2
2026-07-28,bathroomgraffiti,all,speks france,https://bathroomgraffiti.com/products/jeu-billes-magnetiques-speks-inspire,2,0,5
2026-07-29,bathroomgraffiti,all,speks france,https://bathroomgraffiti.com/products/jeu-billes-magnetiques-speks-inspire,2.8,0,4
2026-07-30,bathroomgraffiti,all,speks france,https://bathroomgraffiti.com/products/jeu-billes-magnetiques-speks-inspire,2,0,2
2026-07-31,bathroomgraffiti,all,speks france,https://bathroomgraffiti.com/products/jeu-billes-magnetiques-speks-inspire,2.3,0,3
2026-08-02,bathroomgraffiti,all,speks france,https://bathroomgraffiti.com/products/jeu-billes-magnetiques-speks-inspire,2,0,3
2026-08-03,bathroomgraffiti,all,speks france,https://bathroomgraffiti.com/products/jeu-billes-magnetiques-speks-inspire,8.2,0,5
2026-08-04,bathroomgraffiti,all,speks france,https://bathroomgraffiti.com/products/jeu-billes-magnetiques-speks-inspire,2,1,5
2026-08-08,bathroomgraffiti,all,speks france,https://bathroomgraffiti.com/products/jeu-billes-magnetiques-speks-inspire,2.8,0,4
2026-08-11,bathroomgraffiti,all,speks france,https://bathroomgraffiti.com/products/jeu-billes-magnetiques-speks-unwind,4.7,0,3
2026-08-12,bathroomgraffiti,all,speks france,https://bathroomgraffiti.com/products/jeu-billes-magnetiques-speks-unwind,2,0,3
2026-08-18,bathroomgraffiti,all,speks france,https://bathroomgraffiti.com/products/jeu-billes-magnetiques-speks-inspire,3.5,0,2
2026-08-20,bathroomgraffiti,all,speks france,https://bathroomgraffiti.com/products/jeu-billes-magnetiques-speks-inspire,2.5,0,2
2026-08-22,bathroomgraffiti,all,speks france,https://bathroomgraffiti.com/products/jeu-billes-magnetiques-speks-inspire,3.7,0,3
2026-08-22,bathroomgraffiti,all,speks france,https://bathroomgraffiti.com/products/jeu-billes-magnetiques-speks-unwind,3.3,0,3
2026-08-23,bathroomgraffiti,all,speks france,https://bathroomgraffiti.com/products/jeu-billes-magnetiques-speks-inspire,2,0,2
2026-08-25,bathroomgraffiti,all,speks france,https://bathroomgraffiti.com/products/jeu-billes-magnetiques-speks-unwind,2.5,0,2
2026-08-26,bathroomgraffiti,all,speks france,https://bathroomgraffiti.com/products/jeu-billes-magnetiques-speks-unwind,3,0,2
2026-08-27,bathroomgraffiti,all,speks france,https://bathroomgraffiti.com/products/jeu-billes-magnetiques-speks-inspire,6.3,0,3
2026-08-27,bathroomgraffiti,all,speks france,https://bathroomgraffiti.com/products/jeu-billes-magnetiques-speks-unwind,2.5,0,4
2026-08-28,bathroomgraffiti,all,speks france,https://bathroomgraffiti.com/products/jeu-billes-magnetiques-speks-unwind,2.5,0,2
2026-08-29,bathroomgraffiti,all,speks france,https://bathroomgraffiti.com/products/jeu-billes-magnetiques-speks-unwind,3,0,2
2026-08-30,bathroomgraffiti,all,speks france,https://bathroomgraffiti.com/products/jeu-billes-magnetiques-speks-unwind,3.3,0,3
2026-08-31,bathroomgraffiti,all,speks france,https://bathroomgraffiti.com/products/jeu-billes-magnetiques-speks-inspire,8.5,0,2
2026-08-31,bathroomgraffiti,all,speks france,https://bathroomgraffiti.com/products/jeu-billes-magnetiques-speks-unwind,3.3,1,3
2026-09-01,bathroomgraffiti,all,speks france,https://bathroomgraffiti.com/products/jeu-billes-magnetiques-speks-unwind,2.7,0,3
2026-09-02,bathroomgraffiti,all,speks france,https://bathroomgraffiti.com/products/jeu-billes-magnetiques-speks-unwind,2,0,2
2026-09-03,bathroomgraffiti,all,speks france,https://bathroomgraffiti.com/products/jeu-billes-magnetiques-speks-inspire,7,0,2
2026-09-03,bathroomgraffiti,all,speks france,https://bathroomgraffiti.com/products/jeu-billes-magnetiques-speks-unwind,3.3,0,3
2026-09-04,bathroomgraffiti,all,speks france,https://bathroomgraffiti.com/products/jeu-billes-magnetiques-speks-unwind,3,0,3
2026-09-05,bathroomgraffiti,all,speks france,https://bathroomgraffiti.com/products/jeu-billes-magnetiques-speks-unwind,2.5,0,6
2026-09-07,bathroomgraffiti,all,speks france,https://bathroomgraffiti.com/products/jeu-billes-magnetiques-speks-unwind,4.2,0,4
2026-09-09,bathroomgraffiti,all,speks france,https://bathroomgraffiti.com/products/jeu-billes-magnetiques-speks-unwind,3.2,0,6
2026-09-11,bathroomgraffiti,all,speks france,https://bathroomgraffiti.com/products/jeu-billes-magnetiques-speks-unwind,3,0,3
2026-09-12,bathroomgraffiti,all,speks france,https://bathroomgraffiti.com/products/jeu-billes-magnetiques-speks-unwind,4,1,5
2026-09-13,bathroomgraffiti,all,speks france,https://bathroomgraffiti.com/products/jeu-billes-magnetiques-speks-unwind,2,0,2
2026-09-14,bathroomgraffiti,all,speks france,https://bathroomgraffiti.com/products/jeu-billes-magnetiques-speks-unwind,2,0,2
2026-09-15,bathroomgraffiti,all,speks france,https://bathroomgraffiti.com/products/jeu-billes-magnetiques-speks-unwind,4.2,1,4
2026-09-16,bathroomgraffiti,all,speks france,https://bathroomgraffiti.com/products/jeu-billes-magnetiques-speks-unwind,6,0,4
2026-09-17,bathroomgraffiti,all,speks france,https://bathroomgraffiti.com/products/jeu-billes-magnetiques-speks-unwind,2.7,0,3
2026-09-18,bathroomgraffiti,all,speks france,https://bathroomgraffiti.com/products/jeu-billes-magnetiques-speks-unwind,3.7,0,3
2026-09-19,bathroomgraffiti,all,speks france,https://bathroomgraffiti.com/products/jeu-billes-magnetiques-speks-unwind,3.5,0,2
2026-09-20,bathroomgraffiti,all,speks france,https://bathroomgraffiti.com/products/jeu-billes-magnetiques-speks-unwind,4.9,1,7
2026-09-21,bathroomgraffiti,all,speks france,https://bathroomgraffiti.com/,4.5,0,2
2026-09-21,bathroomgraffiti,all,speks france,https://bathroomgraffiti.com/products/jeu-billes-magnetiques-speks-unwind,4.3,0,3
2026-09-23,bathroomgraffiti,all,speks france,https://bathroomgraffiti.com/products/jeu-billes-magnetiques-speks-unwind,6.7,0,3
2026-09-25,bathroomgraffiti,all,speks france,https://bathroomgraffiti.com/products/jeu-billes-magnetiques-speks-unwind,5.3,0,3
2026-09-26,bathroomgraffiti,all,speks france,https://bathroomgraffiti.com/collections/speks,2.8,3,6
2026-09-29,bathroomgraffiti,all,speks france,https://bathroomgraffiti.com/,5,0,4
2026-09-29,bathroomgraffiti,all,speks france,https://bathroomgraffiti.com/collections/speks,3.7,0,6
2026-09-30,bathroomgraffiti,all,speks france,https://bathroomgraffiti.com/collections/speks,3.5,2,2
2026-10-01,bathroomgraffiti,all,speks france,https://bathroomgraffiti.com/collections/speks,3.5,0,2
2026-10-02,bathroomgraffiti,all,speks france,https://bathroomgraffiti.com/collections/speks,3.5,0,2
2026-10-03,bathroomgraffiti,all,speks france,https://bathroomgraffiti.com/collections/speks,3.7,1,3
2026-07-08,bathroomgraffiti,all,squishy dumpling,https://bathroomgraffiti.com/products/mini-lucky-bao-mystere,1,0,2
2026-07-09,bathroomgraffiti,all,squishy dumpling,https://bathroomgraffiti.com/products/balle-anti-stress-boulette?variant=49397743223126&country=FR&currency=EUR&utm_medium=product_sync&utm_source=google&utm_content=sag_organic&utm_campaign=sag_organic,3,0,2
2026-07-09,bathroomgraffiti,all,squishy dumpling,https://bathroomgraffiti.com/products/mini-lucky-bao-mystere?variant=53411551838550&country=FR&currency=EUR&utm_medium=product_sync&utm_source=google&utm_content=sag_organic&utm_campaign=sag_organic,1,0,3
2026-07-29,bathroomgraffiti,all,squishy dumpling,https://bathroomgraffiti.com/products/mini-lucky-bao-mystere?variant=53411551838550&country=AE&currency=EUR&utm_medium=product_sync&utm_source=google&utm_content=sag_organic&utm_campaign=sag_organic,2,0,2
2026-07-31,bathroomgraffiti,all,squishy dumpling,https://bathroomgraffiti.com/products/mini-lucky-bao-mystere,3.8,0,11
2026-07-31,bathroomgraffiti,all,squishy dumpling,https://bathroomgraffiti.com/products/mini-lucky-bao-mystere?variant=53411551838550&country=FR&currency=EUR&utm_medium=product_sync&utm_source=google&utm_content=sag_organic&utm_campaign=sag_organic,3.4,4,16
2026-08-02,bathroomgraffiti,all,squishy dumpling,https://bathroomgraffiti.com/products/mini-lucky-bao-mystere?variant=53411551838550&country=FR&currency=EUR&utm_medium=product_sync&utm_source=google&utm_content=sag_organic&utm_campaign=sag_organic,5.8,0,5
2026-08-03,bathroomgraffiti,all,squishy dumpling,https://bathroomgraffiti.com/products/mini-lucky-bao-mystere,3.3,1,7
2026-08-03,bathroomgraffiti,all,squishy dumpling,https://bathroomgraffiti.com/products/mini-lucky-bao-mystere?variant=53411551838550&country=AE&currency=EUR&utm_medium=product_sync&utm_source=google&utm_content=sag_organic&utm_campaign=sag_organic,1,0,2
2026-08-03,bathroomgraffiti,all,squishy dumpling,https://bathroomgraffiti.com/products/mini-lucky-bao-mystere?variant=53411551838550&country=FR&currency=EUR&utm_medium=product_sync&utm_source=google&utm_content=sag_organic&utm_campaign=sag_organic,3,1,10
2026-08-04,bathroomgraffiti,all,squishy dumpling,https://bathroomgraffiti.com/products/mini-lucky-bao-mystere?variant=53411551838550&country=AE&currency=EUR&utm_medium=product_sync&utm_source=google&utm_content=sag_organic&utm_campaign=sag_organic,3,0,2
2026-08-04,bathroomgraffiti,all,squishy dumpling,https://bathroomgraffiti.com/products/mini-lucky-bao-mystere?variant=53411551838550&country=FR&currency=EUR&utm_medium=product_sync&utm_source=google&utm_content=sag_organic&utm_campaign=sag_organic,3,0,5
2026-08-05,bathroomgraffiti,all,squishy dumpling,https://bathroomgraffiti.com/products/mini-lucky-bao-mystere,5.8,0,10
2026-08-05,bathroomgraffiti,all,squishy dumpling,https://bathroomgraffiti.com/products/mini-lucky-bao-mystere?variant=53411551838550&country=AE&currency=EUR&utm_medium=product_sync&utm_source=google&utm_content=sag_organic&utm_campaign=sag_organic,5,0,3
2026-08-05,bathroomgraffiti,all,squishy dumpling,https://bathroomgraffiti.com/products/mini-lucky-bao-mystere?variant=53411551838550&country=FR&currency=EUR&utm_medium=product_sync&utm_source=google&utm_content=sag_organic&utm_campaign=sag_organic,4.0,0,46
2026-08-06,bathroomgraffiti,all,squishy dumpling,https://bathroomgraffiti.com/products/mini-lucky-bao-mystere,4.4,0,7
2026-08-06,bathroomgraffiti,all,squishy dumpling,https://bathroomgraffiti.com/products/mini-lucky-bao-mystere?variant=53411551838550&country=AE&currency=EUR&utm_medium=product_sync&utm_source=google&utm_content=sag_organic&utm_campaign=sag_organic,2.4,0,7
2026-08-06,bathroomgraffiti,all,squishy dumpling,https://bathroomgraffiti.com/products/mini-lucky-bao-mystere?variant=53411551838550&country=FR&currency=EUR&utm_medium=product_sync&utm_source=google&utm_content=sag_organic&utm_campaign=sag_organic,3.3,0,15
2026-08-07,bathroomgraffiti,all,squishy dumpling,https://bathroomgraffiti.com/products/mini-lucky-bao-mystere,8,0,2
2026-08-07,bathroomgraffiti,all,squishy dumpling,https://bathroomgraffiti.com/products/mini-lucky-bao-mystere?variant=53411551838550&country=AE&currency=EUR&utm_medium=product_sync&utm_source=google&utm_content=sag_organic&utm_campaign=sag_organic,2,0,5
2026-08-07,bathroomgraffiti,all,squishy dumpling,https://bathroomgraffiti.com/products/mini-lucky-bao-mystere?variant=53411551838550&country=FR&currency=EUR&utm_medium=product_sync&utm_source=google&utm_content=sag_organic&utm_campaign=sag_organic,4.5,0,4
2026-08-08,bathroomgraffiti,all,squishy dumpling,https://bathroomgraffiti.com/products/mini-lucky-bao-mystere,4.7,0,10
2026-08-08,bathroomgraffiti,all,squishy dumpling,https://bathroomgraffiti.com/products/mini-lucky-bao-mystere?variant=53411551838550&country=AE&currency=EUR&utm_medium=product_sync&utm_source=google&utm_content=sag_organic&utm_campaign=sag_organic,1.8,0,4
2026-08-08,bathroomgraffiti,all,squishy dumpling,https://bathroomgraffiti.com/products/mini-lucky-bao-mystere?variant=53411551838550&country=FR&currency=EUR&utm_medium=product_sync&utm_source=google&utm_content=sag_organic&utm_campaign=sag_organic,3.8,2,16
2026-08-09,bathroomgraffiti,all,squishy dumpling,https://bathroomgraffiti.com/products/mini-lucky-bao-mystere,4.9,0,9
2026-08-09,bathroomgraffiti,all,squishy dumpling,https://bathroomgraffiti.com/products/mini-lucky-bao-mystere?variant=53411551838550&country=AE&currency=EUR&utm_medium=product_sync&utm_source=google&utm_content=sag_organic&utm_campaign=sag_organic,2.2,0,6
2026-08-09,bathroomgraffiti,all,squishy dumpling,https://bathroomgraffiti.com/products/mini-lucky-bao-mystere?variant=53411551838550&country=FR&currency=EUR&utm_medium=product_sync&utm_source=google&utm_content=sag_organic&utm_campaign=sag_organic,5,3,12
2026-08-10,bathroomgraffiti,all,squishy dumpling,https://bathroomgraffiti.com/products/mini-lucky-bao-mystere,8.7,0,3
2026-08-10,bathroomgraffiti,all,squishy dumpling,https://bathroomgraffiti.com/products/mini-lucky-bao-mystere?variant=53411551838550&country=AE&currency=EUR&utm_medium=product_sync&utm_source=google&utm_content=sag_organic&utm_campaign=sag_organic,1.1,0,8
2026-08-10,bathroomgraffiti,all,squishy dumpling,https://bathroomgraffiti.com/products/mini-lucky-bao-mystere?variant=53411551838550&country=FR&currency=EUR&utm_medium=product_sync&utm_source=google&utm_content=sag_organic&utm_campaign=sag_organic,4,4,10
2026-08-11,bathroomgraffiti,all,squishy dumpling,https://bathroomgraffiti.com/products/mini-lucky-bao-mystere,7,0,2
2026-08-11,bathroomgraffiti,all,squishy dumpling,https://bathroomgraffiti.com/products/mini-lucky-bao-mystere?variant=53411551838550&country=AE&currency=EUR&utm_medium=product_sync&utm_source=google&utm_content=sag_organic&utm_campaign=sag_organic,2,0,5
2026-08-11,bathroomgraffiti,all,squishy dumpling,https://bathroomgraffiti.com/products/mini-lucky-bao-mystere?variant=53411551838550&country=FR&currency=EUR&utm_medium=product_sync&utm_source=google&utm_content=sag_organic&utm_campaign=sag_organic,4.8,0,4
2026-08-12,bathroomgraffiti,all,squishy dumpling,https://bathroomgraffiti.com/products/mini-lucky-bao-mystere,4.5,0,4
2026-08-12,bathroomgraffiti,all,squishy dumpling,https://bathroomgraffiti.com/products/mini-lucky-bao-mystere?variant=53411551838550&country=AE&currency=EUR&utm_medium=product_sync&utm_source=google&utm_content=sag_organic&utm_campaign=sag_organic,4,0,2
2026-08-12,bathroomgraffiti,all,squishy dumpling,https://bathroomgraffiti.com/products/mini-lucky-bao-mystere?variant=53411551838550&country=FR&currency=EUR&utm_medium=product_sync&utm_source=google&utm_content=sag_organic&utm_campaign=sag_organic,4.5,1,4
2026-08-13,bathroomgraffiti,all,squishy dumpling,https://bathroomgraffiti.com/products/mini-lucky-bao-mystere?variant=53411551838550&country=AE&currency=EUR&utm_medium=product_sync&utm_source=google&utm_content=sag_organic&utm_campaign=sag_organic,2,0,3
2026-08-13,bathroomgraffiti,all,squishy dumpling,https://bathroomgraffiti.com/products/mini-lucky-bao-mystere?variant=53411551838550&country=FR&currency=EUR&utm_medium=product_sync&utm_source=google&utm_content=sag_organic&utm_campaign=sag_organic,5.2,0,4
2026-08-14,bathroomgraffiti,all,squishy dumpling,https://bathroomgraffiti.com/products/mini-lucky-bao-mystere,13.5,0,2
2026-08-14,bathroomgraffiti,all,squishy dumpling,https://bathroomgraffiti.com/products/mini-lucky-bao-mystere?variant=53411551838550&country=FR&currency=EUR&utm_medium=product_sync&utm_source=google&utm_content=sag_organic&utm_campaign=sag_organic,10,2,3
2026-08-15,bathroomgraffiti,all,squishy dumpling,https://bathroomgraffiti.com/products/mini-lucky-bao-mystere,1.5,0,2
2026-08-15,bathroomgraffiti,all,squishy dumpling,https://bathroomgraffiti.com/products/mini-lucky-bao-mystere?variant=53411551838550&country=FR&currency=EUR&utm_medium=product_sync&utm_source=google&utm_content=sag_organic&utm_campaign=sag_organic,1.7,0,3
2026-08-16,bathroomgraffiti,all,squishy dumpling,https://bathroomgraffiti.com/products/mini-lucky-bao-mystere,1.9,0,35
2026-08-16,bathroomgraffiti,all,squishy dumpling,https://bathroomgraffiti.com/products/mini-lucky-bao-mystere?variant=53411551838550&country=FR&currency=EUR&utm_medium=product_sync&utm_source=google&utm_content=sag_organic&utm_campaign=sag_organic,1.9,1,39
2026-08-17,bathroomgraffiti,all,squishy dumpling,https://bathroomgraffiti.com/products/mini-lucky-bao-mystere,2.6,0,16
2026-08-17,bathroomgraffiti,all,squishy dumpling,https://bathroomgraffiti.com/products/mini-lucky-bao-mystere?variant=53411551838550&country=FR&currency=EUR&utm_medium=product_sync&utm_source=google&utm_content=sag_organic&utm_campaign=sag_organic,2.6,0,22
2026-08-18,bathroomgraffiti,all,squishy dumpling,https://bathroomgraffiti.com/products/mini-lucky-bao-mystere,1.9,1,21
2026-08-18,bathroomgraffiti,all,squishy dumpling,https://bathroomgraffiti.com/products/mini-lucky-bao-mystere?variant=53411551838550&country=AE&currency=EUR&utm_medium=product_sync&utm_source=google&utm_content=sag_organic&utm_campaign=sag_organic,2,0,3
2026-08-18,bathroomgraffiti,all,squishy dumpling,https://bathroomgraffiti.com/products/mini-lucky-bao-mystere?variant=53411551838550&country=FR&currency=EUR&utm_medium=product_sync&utm_source=google&utm_content=sag_organic&utm_campaign=sag_organic,2,2,28
2026-08-19,bathroomgraffiti,all,squishy dumpling,https://bathroomgraffiti.com/products/mini-lucky-bao-mystere,2.3,0,9
2026-08-19,bathroomgraffiti,all,squishy dumpling,https://bathroomgraffiti.com/products/mini-lucky-bao-mystere?variant=53411551838550&country=AE&currency=EUR&utm_medium=product_sync&utm_source=google&utm_content=sag_organic&utm_campaign=sag_organic,4,0,2
2026-08-19,bathroomgraffiti,all,squishy dumpling,https://bathroomgraffiti.com/products/mini-lucky-bao-mystere?variant=53411551838550&country=FR&currency=EUR&utm_medium=product_sync&utm_source=google&utm_content=sag_organic&utm_campaign=sag_organic,2.3,0,18
2026-08-20,bathroomgraffiti,all,squishy dumpling,https://bathroomgraffiti.com/products/mini-lucky-bao-mystere,2.4,1,20
2026-08-20,bathroomgraffiti,all,squishy dumpling,https://bathroomgraffiti.com/products/mini-lucky-bao-mystere?variant=53411551838550&country=AE&currency=EUR&utm_medium=product_sync&utm_source=google&utm_content=sag_organic&utm_campaign=sag_organic,3.3,0,3
2026-08-20,bathroomgraffiti,all,squishy dumpling,https://bathroomgraffiti.com/products/mini-lucky-bao-mystere?variant=53411551838550&country=FR&currency=EUR&utm_medium=product_sync&utm_source=google&utm_content=sag_organic&utm_campaign=sag_organic,2.0,2,29
2026-08-21,bathroomgraffiti,all,squishy dumpling,https://bathroomgraffiti.com/products/mini-lucky-bao-mystere,1.5,0,2
2026-08-21,bathroomgraffiti,all,squishy dumpling,https://bathroomgraffiti.com/products/mini-lucky-bao-mystere?variant=53411551838550&country=FR&currency=EUR&utm_medium=product_sync&utm_source=google&utm_content=sag_organic&utm_campaign=sag_organic,2.7,2,12
2026-08-22,bathroomgraffiti,all,squishy dumpling,https://bathroomgraffiti.com/products/mini-lucky-bao-mystere?variant=53411551838550&country=AE&currency=EUR&utm_medium=product_sync&utm_source=google&utm_content=sag_organic&utm_campaign=sag_organic,2,0,3
2026-08-22,bathroomgraffiti,all,squishy dumpling,https://bathroomgraffiti.com/products/mini-lucky-bao-mystere?variant=53411551838550&country=FR&currency=EUR&utm_medium=product_sync&utm_source=google&utm_content=sag_organic&utm_campaign=sag_organic,3,1,6
2026-08-23,bathroomgraffiti,all,squishy dumpling,https://bathroomgraffiti.com/products/mini-lucky-bao-mystere?variant=53411551838550&country=AE&currency=EUR&utm_medium=product_sync&utm_source=google&utm_content=sag_organic&utm_campaign=sag_organic,3.7,0,3
2026-08-23,bathroomgraffiti,all,squishy dumpling,https://bathroomgraffiti.com/products/mini-lucky-bao-mystere?variant=53411551838550&country=FR&currency=EUR&utm_medium=product_sync&utm_source=google&utm_content=sag_organic&utm_campaign=sag_organic,5.8,3,8
2026-08-24,bathroomgraffiti,all,squishy dumpling,https://bathroomgraffiti.com/products/mini-lucky-bao-mystere?variant=53411551838550&country=AE&currency=EUR&utm_medium=product_sync&utm_source=google&utm_content=sag_organic&utm_campaign=sag_organic,2.2,0,4
2026-08-24,bathroomgraffiti,all,squishy dumpling,https://bathroomgraffiti.com/products/mini-lucky-bao-mystere?variant=53411551838550&country=FR&currency=EUR&utm_medium=product_sync&utm_source=google&utm_content=sag_organic&utm_campaign=sag_organic,2.8,1,4
2026-08-25,bathroomgraffiti,all,squishy dumpling,https://bathroomgraffiti.com/products/mini-lucky-bao-mystere?variant=53411551838550&country=AE&currency=EUR&utm_medium=product_sync&utm_source=google&utm_content=sag_organic&utm_campaign=sag_organic,3,0,3
2026-08-25,bathroomgraffiti,all,squishy dumpling,https://bathroomgraffiti.com/products/mini-lucky-bao-mystere?variant=53411551838550&country=FR&currency=EUR&utm_medium=product_sync&utm_source=google&utm_content=sag_organic&utm_campaign=sag_organic,4.1,1,7
2026-08-26,bathroomgraffiti,all,squishy dumpling,https://bathroomgraffiti.com/products/mini-lucky-bao-mystere?variant=53411551838550&country=AE&currency=EUR&utm_medium=product_sync&utm_source=google&utm_content=sag_organic&utm_campaign=sag_organic,4,0,3
2026-08-26,bathroomgraffiti,all,squishy dumpling,https://bathroomgraffiti.com/products/mini-lucky-bao-mystere?variant=53411551838550&country=FR&currency=EUR&utm_medium=product_sync&utm_source=google&utm_content=sag_organic&utm_campaign=sag_organic,2,2,5
2026-08-27,bathroomgraffiti,all,squishy dumpling,https://bathroomgraffiti.com/products/mini-lucky-bao-mystere?variant=53411551838550&country=AE&currency=EUR&utm_medium=product_sync&utm_source=google&utm_content=sag_organic&utm_campaign=sag_organic,4,0,8
2026-08-27,bathroomgraffiti,all,squishy dumpling,https://bathroomgraffiti.com/products/mini-lucky-bao-mystere?variant=53411551838550&country=FR&currency=EUR&utm_medium=product_sync&utm_source=google&utm_content=sag_organic&utm_campaign=sag_organic,2,1,2
2026-08-28,bathroomgraffiti,all,squishy dumpling,https://bathroomgraffiti.com/products/mini-lucky-bao-mystere?variant=53411551838550&country=AE&currency=EUR&utm_medium=product_sync&utm_source=google&utm_content=sag_organic&utm_campaign=sag_organic,3.2,0,4
2026-08-28,bathroomgraffiti,all,squishy dumpling,https://bathroomgraffiti.com/products/mini-lucky-bao-mystere?variant=53411551838550&country=FR&currency=EUR&utm_medium=product_sync&utm_source=google&utm_content=sag_organic&utm_campaign=sag_organic,5,0,3
2026-08-29,bathroomgraffiti,all,squishy dumpling,https://bathroomgraffiti.com/products/mini-lucky-bao-mystere?variant=53411551838550&country=AE&currency=EUR&utm_medium=product_sync&utm_source=google&utm_content=sag_organic&utm_campaign=sag_organic,2.2,0,9
2026-08-29,bathroomgraffiti,all,squishy dumpling,https://bathroomgraffiti.com/products/mini-lucky-bao-mystere?variant=53411551838550&country=FR&currency=EUR&utm_medium=product_sync&utm_source=google&utm_content=sag_organic&utm_campaign=sag_organic,3.7,1,7
2026-08-30,bathroomgraffiti,all,squishy dumpling,https://bathroomgraffiti.com/products/mini-lucky-bao-mystere?variant=53411551838550&country=AE&currency=EUR&utm_medium=product_sync&utm_source=google&utm_content=sag_organic&utm_campaign=sag_organic,2,0,7
2026-08-30,bathroomgraffiti,all,squishy dumpling,https://bathroomgraffiti.com/products/mini-lucky-bao-mystere?variant=53411551838550&country=FR&currency=EUR&utm_medium=product_sync&utm_source=google&utm_content=sag_organic&utm_campaign=sag_organic,2,0,2
2026-08-31,bathroomgraffiti,all,squishy dumpling,https://bathroomgraffiti.com/products/mini-lucky-bao-mystere?variant=53411551838550&country=AE&currency=EUR&utm_medium=product_sync&utm_source=google&utm_content=sag_organic&utm_campaign=sag_organic,2.2,0,8
2026-08-31,bathroomgraffiti,all,squishy dumpling,https://bathroomgraffiti.com/products/mini-lucky-bao-mystere?variant=53411551838550&country=FR&currency=EUR&utm_medium=product_sync&utm_source=google&utm_content=sag_organic&utm_campaign=sag_organic,3.6,2,5
2026-09-01,bathroomgraffiti,all,squishy dumpling,https://bathroomgraffiti.com/products/mini-lucky-bao-mystere?variant=53411551838550&country=AE&currency=EUR&utm_medium=product_sync&utm_source=google&utm_content=sag_organic&utm_campaign=sag_organic,2.5,0,2
2026-09-01,bathroomgraffiti,all,squishy dumpling,https://bathroomgraffiti.com/products/mini-lucky-bao-mystere?variant=53411551838550&country=FR&currency=EUR&utm_medium=product_sync&utm_source=google&utm_content=sag_organic&utm_campaign=sag_organic,4,0,4
2026-09-02,bathroomgraffiti,all,squishy dumpling,https://bathroomgraffiti.com/products/mini-lucky-bao-mystere?variant=53411551838550&country=AE&currency=EUR&utm_medium=product_sync&utm_source=google&utm_content=sag_organic&utm_campaign=sag_organic,3.1,0,10
2026-09-02,bathroomgraffiti,all,squishy dumpling,https://bathroomgraffiti.com/products/mini-lucky-bao-mystere?variant=53411551838550&country=FR&currency=EUR&utm_medium=product_sync&utm_source=google&utm_content=sag_organic&utm_campaign=sag_organic,5,1,5
2026-09-03,bathroomgraffiti,all,squishy dumpling,https://bathroomgraffiti.com/products/mini-lucky-bao-mystere?variant=53411551838550&country=AE&currency=EUR&utm_medium=product_sync&utm_source=google&utm_content=sag_organic&utm_campaign=sag_organic,4.2,0,9
2026-09-03,bathroomgraffiti,all,squishy dumpling,https://bathroomgraffiti.com/products/mini-lucky-bao-mystere?variant=53411551838550&country=FR&currency=EUR&utm_medium=product_sync&utm_source=google&utm_content=sag_organic&utm_campaign=sag_organic,3,0,2
2026-09-04,bathroomgraffiti,all,squishy dumpling,https://bathroomgraffiti.com/products/mini-lucky-bao-mystere,2.5,0,2
2026-09-04,bathroomgraffiti,all,squishy dumpling,https://bathroomgraffiti.com/products/mini-lucky-bao-mystere?variant=53411551838550&country=AE&currency=EUR&utm_medium=product_sync&utm_source=google&utm_content=sag_organic&utm_campaign=sag_organic,2.5,0,11
2026-09-05,bathroomgraffiti,all,squishy dumpling,https://bathroomgraffiti.com/products/mini-lucky-bao-mystere?variant=53411551838550&country=AE&currency=EUR&utm_medium=product_sync&utm_source=google&utm_content=sag_organic&utm_campaign=sag_organic,2.7,0,7
2026-09-05,bathroomgraffiti,all,squishy dumpling,https://bathroomgraffiti.com/products/mini-lucky-bao-mystere?variant=53411551838550&country=FR&currency=EUR&utm_medium=product_sync&utm_source=google&utm_content=sag_organic&utm_campaign=sag_organic,2.6,1,7
2026-09-06,bathroomgraffiti,all,squishy dumpling,https://bathroomgraffiti.com/products/mini-lucky-bao-mystere,2.4,0,5
2026-09-06,bathroomgraffiti,all,squishy dumpling,https://bathroomgraffiti.com/products/mini-lucky-bao-mystere?variant=53411551838550&country=AE&currency=EUR&utm_medium=product_sync&utm_source=google&utm_content=sag_organic&utm_campaign=sag_organic,2.8,0,10
2026-09-06,bathroomgraffiti,all,squishy dumpling,https://bathroomgraffiti.com/products/mini-lucky-bao-mystere?variant=53411551838550&country=FR&currency=EUR&utm_medium=product_sync&utm_source=google&utm_content=sag_organic&utm_campaign=sag_organic,4.3,1,6
2026-09-07,bathroomgraffiti,all,squishy dumpling,https://bathroomgraffiti.com/products/mini-lucky-bao-mystere,2.5,0,2
2026-09-07,bathroomgraffiti,all,squishy dumpling,https://bathroomgraffiti.com/products/mini-lucky-bao-mystere?variant=53411551838550&country=AE&currency=EUR&utm_medium=product_sync&utm_source=google&utm_content=sag_organic&utm_campaign=sag_organic,3.2,0,6
2026-09-07,bathroomgraffiti,all,squishy dumpling,https://bathroomgraffiti.com/products/mini-lucky-bao-mystere?variant=53411551838550&country=FR&currency=EUR&utm_medium=product_sync&utm_source=google&utm_content=sag_organic&utm_campaign=sag_organic,2.5,0,2
2026-09-08,bathroomgraffiti,all,squishy dumpling,https://bathroomgraffiti.com/products/mini-lucky-bao-mystere,4.2,0,4
2026-09-08,bathroomgraffiti,all,squishy dumpling,https://bathroomgraffiti.com/products/mini-lucky-bao-mystere?variant=53411551838550&country=AE&currency=EUR&utm_medium=product_sync&utm_source=google&utm_content=sag_organic&utm_campaign=sag_organic,3.3,0,3
2026-09-08,bathroomgraffiti,all,squishy dumpling,https://bathroomgraffiti.com/products/mini-lucky-bao-mystere?variant=53411551838550&country=FR&currency=EUR&utm_medium=product_sync&utm_source=google&utm_content=sag_organic&utm_campaign=sag_organic,3.6,0,5
2026-09-09,bathroomgraffiti,all,squishy dumpling,https://bathroomgraffiti.com/products/mini-lucky-bao-mystere,1.5,0,2
2026-09-09,bathroomgraffiti,all,squishy dumpling,https://bathroomgraffiti.com/products/mini-lucky-bao-mystere?variant=53411551838550&country=FR&currency=EUR&utm_medium=product_sync&utm_source=google&utm_content=sag_organic&utm_campaign=sag_organic,3,0,18
2026-09-10,bathroomgraffiti,all,squishy dumpling,https://bathroomgraffiti.com/products/mini-lucky-bao-mystere?variant=53411551838550&country=FR&currency=EUR&utm_medium=product_sync&utm_source=google&utm_content=sag_organic&utm_campaign=sag_organic,3.8,0,8
2026-09-11,bathroomgraffiti,all,squishy dumpling,https://bathroomgraffiti.com/products/mini-lucky-bao-mystere,2,0,6
2026-09-11,bathroomgraffiti,all,squishy dumpling,https://bathroomgraffiti.com/products/mini-lucky-bao-mystere?variant=53411551838550&country=FR&currency=EUR&utm_medium=product_sync&utm_source=google&utm_content=sag_organic&utm_campaign=sag_organic,2.6,0,11
2026-09-12,bathroomgraffiti,all,squishy dumpling,https://bathroomgraffiti.com/products/mini-lucky-bao-mystere,3,0,5
2026-09-12,bathroomgraffiti,all,squishy dumpling,https://bathroomgraffiti.com/products/mini-lucky-bao-mystere?variant=53411551838550&country=FR&currency=EUR&utm_medium=product_sync&utm_source=google&utm_content=sag_organic&utm_campaign=sag_organic,3.2,0,23
2026-09-13,bathroomgraffiti,all,squishy dumpling,https://bathroomgraffiti.com/products/mini-lucky-bao-mystere,2,0,4
2026-09-13,bathroomgraffiti,all,squishy dumpling,https://bathroomgraffiti.com/products/mini-lucky-bao-mystere?variant=53411551838550&country=AE&currency=EUR&utm_medium=product_sync&utm_source=google&utm_content=sag_organic&utm_campaign=sag_organic,1.5,0,2
2026-09-13,bathroomgraffiti,all,squishy dumpling,https://bathroomgraffiti.com/products/mini-lucky-bao-mystere?variant=53411551838550&country=FR&currency=EUR&utm_medium=product_sync&utm_source=google&utm_content=sag_organic&utm_campaign=sag_organic,3.7,0,23
2026-09-14,bathroomgraffiti,all,squishy dumpling,https://bathroomgraffiti.com/products/mini-lucky-bao-mystere,4.3,0,3
2026-09-14,bathroomgraffiti,all,squishy dumpling,https://bathroomgraffiti.com/products/mini-lucky-bao-mystere?variant=53411551838550&country=AE&currency=EUR&utm_medium=product_sync&utm_source=google&utm_content=sag_organic&utm_campaign=sag_organic,5,1,2
2026-09-14,bathroomgraffiti,all,squishy dumpling,https://bathroomgraffiti.com/products/mini-lucky-bao-mystere?variant=53411551838550&country=FR&currency=EUR&utm_medium=product_sync&utm_source=google&utm_content=sag_organic&utm_campaign=sag_organic,4.1,1,19
2026-09-15,bathroomgraffiti,all,squishy dumpling,https://bathroomgraffiti.com/products/mini-lucky-bao-mystere?variant=53411551838550&country=AE&currency=EUR&utm_medium=product_sync&utm_source=google&utm_content=sag_organic&utm_campaign=sag_organic,2.2,0,5
2026-09-15,bathroomgraffiti,all,squishy dumpling,https://bathroomgraffiti.com/products/mini-lucky-bao-mystere?variant=53411551838550&country=FR&currency=EUR&utm_medium=product_sync&utm_source=google&utm_content=sag_organic&utm_campaign=sag_organic,3.5,0,8
2026-09-16,bathroomgraffiti,all,squishy dumpling,https://bathroomgraffiti.com/products/mini-lucky-bao-mystere,1.5,0,2
2026-09-16,bathroomgraffiti,all,squishy dumpling,https://bathroomgraffiti.com/products/mini-lucky-bao-mystere?variant=53411551838550&country=AE&currency=EUR&utm_medium=product_sync&utm_source=google&utm_content=sag_organic&utm_campaign=sag_organic,2.5,0,2
2026-09-16,bathroomgraffiti,all,squishy dumpling,https://bathroomgraffiti.com/products/mini-lucky-bao-mystere?variant=53411551838550&country=FR&currency=EUR&utm_medium=product_sync&utm_source=google&utm_content=sag_organic&utm_campaign=sag_organic,3.4,1,14
2026-09-17,bathroomgraffiti,all,squishy dumpling,https://bathroomgraffiti.com/products/mini-lucky-bao-mystere?variant=53411551838550&country=AE&currency=EUR&utm_medium=product_sync&utm_source=google&utm_content=sag_organic&utm_campaign=sag_organic,3.3,0,3
2026-09-18,bathroomgraffiti,all,squishy dumpling,https://bathroomgraffiti.com/products/mini-lucky-bao-mystere?variant=53411551838550&country=AE&currency=EUR&utm_medium=product_sync&utm_source=google&utm_content=sag_organic&utm_campaign=sag_organic,2.5,0,6
2026-09-18,bathroomgraffiti,all,squishy dumpling,https://bathroomgraffiti.com/products/mini-lucky-bao-mystere?variant=53411551838550&country=FR&currency=EUR&utm_medium=product_sync&utm_source=google&utm_content=sag_organic&utm_campaign=sag_organic,5,1,3
2026-09-19,bathroomgraffiti,all,squishy dumpling,https://bathroomgraffiti.com/products/mini-lucky-bao-mystere?variant=53411551838550&country=FR&currency=EUR&utm_medium=product_sync&utm_source=google&utm_content=sag_organic&utm_campaign=sag_organic,6,0,3
2026-09-20,bathroomgraffiti,all,squishy dumpling,https://bathroomgraffiti.com/products/mini-lucky-bao-mystere?variant=53411551838550&country=FR&currency=EUR&utm_medium=product_sync&utm_source=google&utm_content=sag_organic&utm_campaign=sag_organic,6,0,2
2026-09-24,bathroomgraffiti,all,squishy dumpling,https://bathroomgraffiti.com/products/mini-lucky-bao-mystere?variant=53411551838550&country=FR&currency=EUR&utm_medium=product_sync&utm_source=google&utm_content=sag_organic&utm_campaign=sag_organic,6,1,3
2026-09-25,bathroomgraffiti,all,squishy dumpling,https://bathroomgraffiti.com/products/mini-lucky-bao-mystere?variant=53411551838550&country=FR&currency=EUR&utm_medium=product_sync&utm_source=google&utm_content=sag_organic&utm_campaign=sag_organic,5.5,0,2
2026-09-27,bathroomgraffiti,all,squishy dumpling,https://bathroomgraffiti.com/products/mini-lucky-bao-mystere?variant=53411551838550&country=AE&currency=EUR&utm_medium=product_sync&utm_source=google&utm_content=sag_organic&utm_campaign=sag_organic,3,0,2
2026-09-30,bathroomgraffiti,all,squishy dumpling,https://bathroomgraffiti.com/products/mini-lucky-bao-mystere?variant=53411551838550&country=FR&currency=EUR&utm_medium=product_sync&utm_source=google&utm_content=sag_organic&utm_campaign=sag_organic,3.7,0,3
2026-10-02,bathroomgraffiti,all,squishy dumpling,https://bathroomgraffiti.com/products/mini-lucky-bao-mystere?variant=53411551838550&country=AE&currency=EUR&utm_medium=product_sync&utm_source=google&utm_content=sag_organic&utm_campaign=sag_organic,3.5,0,2
2026-10-02,bathroomgraffiti,all,squishy dumpling,https://bathroomgraffiti.com/products/mini-lucky-bao-mystere?variant=53411551838550&country=FR&currency=EUR&utm_medium=product_sync&utm_source=google&utm_content=sag_organic&utm_campaign=sag_organic,8,0,2
2026-10-03,bathroomgraffiti,all,squishy dumpling,https://bathroomgraffiti.com/products/mini-lucky-bao-mystere,3.5,0,2
2026-10-03,bathroomgraffiti,all,squishy dumpling,https://bathroomgraffiti.com/products/mini-lucky-bao-mystere?variant=53411551838550&country=FR&currency=EUR&utm_medium=product_sync&utm_source=google&utm_content=sag_organic&utm_campaign=sag_organic,3.5,0,2
2026-10-04,bathroomgraffiti,all,squishy dumpling,https://bathroomgraffiti.com/products/mini-lucky-bao-mystere,2.3,0,3
2026-10-04,bathroomgraffiti,all,squishy dumpling,https://bathroomgraffiti.com/products/mini-lucky-bao-mystere?variant=53411551838550&country=FR&currency=EUR&utm_medium=product_sync&utm_source=google&utm_content=sag_organic&utm_campaign=sag_organic,2.3,0,3
2026-07-08,bathroomgraffiti,all,vase que rico,https://bathroomgraffiti.com/collections/que-rico,3.2,1,5
2026-07-09,bathroomgraffiti,all,vase que rico,https://bathroomgraffiti.com/collections/que-rico,2.5,1,6
2026-07-12,bathroomgraffiti,all,vase que rico,https://bathroomgraffiti.com/collections/que-rico,8.2,0,4
2026-07-13,bathroomgraffiti,all,vase que rico,https://bathroomgraffiti.com/collections/que-rico,2.3,1,3
2026-07-15,bathroomgraffiti,all,vase que rico,https://bathroomgraffiti.com/collections/que-rico,3,0,3
2026-07-16,bathroomgraffiti,all,vase que rico,https://bathroomgraffiti.com/collections/que-rico,2.2,1,5
2026-07-17,bathroomgraffiti,all,vase que rico,https://bathroomgraffiti.com/collections/que-rico,4,0,4
2026-07-18,bathroomgraffiti,all,vase que rico,https://bathroomgraffiti.com/collections/que-rico,2.2,1,6
2026-07-21,bathroomgraffiti,all,vase que rico,https://bathroomgraffiti.com/collections/que-rico,2,0,3
2026-07-22,bathroomgraffiti,all,vase que rico,https://bathroomgraffiti.com/collections/que-rico,5,0,2
2026-07-24,bathroomgraffiti,all,vase que rico,https://bathroomgraffiti.com/collections/que-rico,4.2,0,4
2026-07-25,bathroomgraffiti,all,vase que rico,https://bathroomgraffiti.com/collections/que-rico,1.5,0,2
2026-07-27,bathroomgraffiti,all,vase que rico,https://bathroomgraffiti.com/collections/que-rico,1.7,0,3
2026-07-28,bathroomgraffiti,all,vase que rico,https://bathroomgraffiti.com/collections/que-rico,2,0,2
2026-07-29,bathroomgraffiti,all,vase que rico,https://bathroomgraffiti.com/collections/que-rico,2,2,6
2026-07-31,bathroomgraffiti,all,vase que rico,https://bathroomgraffiti.com/collections/que-rico,1,0,2
2026-08-01,bathroomgraffiti,all,vase que rico,https://bathroomgraffiti.com/collections/que-rico,4.7,0,3
2026-08-02,bathroomgraffiti,all,vase que rico,https://bathroomgraffiti.com/collections/que-rico,1.6,1,7
2026-08-03,bathroomgraffiti,all,vase que rico,https://bathroomgraffiti.com/collections/que-rico,2,0,2
2026-08-05,bathroomgraffiti,all,vase que rico,https://bathroomgraffiti.com/collections/que-rico,1.8,0,4
2026-08-07,bathroomgraffiti,all,vase que rico,https://bathroomgraffiti.com/collections/que-rico,5,0,2
2026-08-08,bathroomgraffiti,all,vase que rico,https://bathroomgraffiti.com/collections/que-rico,2.5,0,2
2026-08-09,bathroomgraffiti,all,vase que rico,https://bathroomgraffiti.com/collections/que-rico,1,0,3
2026-08-11,bathroomgraffiti,all,vase que rico,https://bathroomgraffiti.com/collections/que-rico,1.7,2,7
2026-08-12,bathroomgraffiti,all,vase que rico,https://bathroomgraffiti.com/collections/que-rico,5.3,0,3
2026-08-14,bathroomgraffiti,all,vase que rico,https://bathroomgraffiti.com/collections/que-rico,1.3,1,3
2026-08-15,bathroomgraffiti,all,vase que rico,https://bathroomgraffiti.com/collections/que-rico,2,0,2
2026-08-19,bathroomgraffiti,all,vase que rico,https://bathroomgraffiti.com/collections/que-rico,4.5,1,2
2026-08-20,bathroomgraffiti,all,vase que rico,https://bathroomgraffiti.com/collections/que-rico,2.5,0,2
2026-08-23,bathroomgraffiti,all,vase que rico,https://bathroomgraffiti.com/collections/que-rico,4.2,0,6
2026-08-24,bathroomgraffiti,all,vase que rico,https://bathroomgraffiti.com/collections/que-rico,2,0,2
2026-08-25,bathroomgraffiti,all,vase que rico,https://bathroomgraffiti.com/collections/que-rico,2,0,2
2026-08-26,bathroomgraffiti,all,vase que rico,https://bathroomgraffiti.com/collections/que-rico,3.2,0,4
2026-08-27,bathroomgraffiti,all,vase que rico,https://bathroomgraffiti.com/collections/que-rico,2,1,2
2026-08-28,bathroomgraffiti,all,vase que rico,https://bathroomgraffiti.com/collections/que-rico,2,0,4
2026-08-29,bathroomgraffiti,all,vase que rico,https://bathroomgraffiti.com/collections/que-rico,2.3,1,3
2026-08-31,bathroomgraffiti,all,vase que rico,https://bathroomgraffiti.com/collections/que-rico,2,0,5
2026-09-01,bathroomgraffiti,all,vase que rico,https://bathroomgraffiti.com/collections/que-rico,3.6,1,5
2026-09-02,bathroomgraffiti,all,vase que rico,https://bathroomgraffiti.com/collections/que-rico,2,0,3
2026-09-04,bathroomgraffiti,all,vase que rico,https://bathroomgraffiti.com/collections/que-rico,2.7,1,3
2026-09-09,bathroomgraffiti,all,vase que rico,https://bathroomgraffiti.com/collections/que-rico,5,1,3
2026-09-11,bathroomgraffiti,all,vase que rico,https://bathroomgraffiti.com/collections/que-rico,2.8,0,4
2026-09-13,bathroomgraffiti,all,vase que rico,https://bathroomgraffiti.com/collections/que-rico,3.7,0,6
2026-09-16,bathroomgraffiti,all,vase que rico,https://bathroomgraffiti.com/collections/que-rico,2.7,1,3
2026-09-19,bathroomgraffiti,all,vase que rico,https://bathroomgraffiti.com/collections/que-rico,3,1,9
2026-09-21,bathroomgraffiti,all,vase que rico,https://bathroomgraffiti.com/collections/que-rico,3.3,0,3
2026-09-23,bathroomgraffiti,all,vase que rico,https://bathroomgraffiti.com/collections/que-rico,2.5,0,4
2026-09-24,bathroomgraffiti,all,vase que rico,https://bathroomgraffiti.com/collections/que-rico,4,0,2
2026-09-25,bathroomgraffiti,all,vase que rico,https://bathroomgraffiti.com/collections/que-rico,2.7,0,3
2026-09-27,bathroomgraffiti,all,vase que rico,https://bathroomgraffiti.com/collections/que-rico,4,0,3
2026-09-28,bathroomgraffiti,all,vase que rico,https://bathroomgraffiti.com/collections/que-rico,4.3,0,3
2026-09-30,bathroomgraffiti,all,vase que rico,https://bathroomgraffiti.com/collections/que-rico,2,1,3
2026-10-01,bathroomgraffiti,all,vase que rico,https://bathroomgraffiti.com/collections/que-rico,3.3,1,3
2026-10-02,bathroomgraffiti,all,vase que rico,https://bathroomgraffiti.com/collections/que-rico,2,0,4
2026-10-03,bathroomgraffiti,all,vase que rico,https://bathroomgraffiti.com/collections/que-rico,1.2,1,6
2026-10-04,bathroomgraffiti,all,vase que rico,https://bathroomgraffiti.com/collections/que-rico,2.2,0,4
2026-09-11,bathroomgraffiti,fra,assouline judaisme,https://bathroomgraffiti.com/products/livre-assouline-symbols-of-judaism,3,0,4
2026-09-12,bathroomgraffiti,fra,assouline judaisme,https://bathroomgraffiti.com/products/livre-assouline-symbols-of-judaism,2.7,1,3
2026-09-13,bathroomgraffiti,fra,assouline judaisme,https://bathroomgraffiti.com/products/livre-assouline-symbols-of-judaism,3.8,0,4
2026-09-14,bathroomgraffiti,fra,assouline judaisme,https://bathroomgraffiti.com/products/livre-assouline-symbols-of-judaism,3.2,2,10
2026-09-15,bathroomgraffiti,fra,assouline judaisme,https://bathroomgraffiti.com/products/livre-assouline-symbols-of-judaism,3.6,1,8
2026-09-16,bathroomgraffiti,fra,assouline judaisme,https://bathroomgraffiti.com/products/livre-assouline-symbols-of-judaism,2.3,1,22
2026-09-17,bathroomgraffiti,fra,assouline judaisme,https://bathroomgraffiti.com/products/livre-assouline-symbols-of-judaism,2.6,2,8
2026-09-18,bathroomgraffiti,fra,assouline judaisme,https://bathroomgraffiti.com/products/livre-assouline-symbols-of-judaism,2.2,0,4
2026-09-19,bathroomgraffiti,fra,assouline judaisme,https://bathroomgraffiti.com/products/livre-assouline-symbols-of-judaism,3.8,0,4
2026-09-20,bathroomgraffiti,fra,assouline judaisme,https://bathroomgraffiti.com/products/livre-assouline-symbols-of-judaism,3.2,0,8
2026-09-21,bathroomgraffiti,fra,assouline judaisme,https://bathroomgraffiti.com/products/livre-assouline-symbols-of-judaism,2.7,0,3
2026-09-22,bathroomgraffiti,fra,assouline judaisme,https://bathroomgraffiti.com/products/livre-assouline-symbols-of-judaism,3,1,10
2026-09-23,bathroomgraffiti,fra,assouline judaisme,https://bathroomgraffiti.com/products/livre-assouline-symbols-of-judaism,3.1,0,14
2026-09-24,bathroomgraffiti,fra,assouline judaisme,https://bathroomgraffiti.com/products/livre-assouline-symbols-of-judaism,3.2,0,4
2026-09-25,bathroomgraffiti,fra,assouline judaisme,https://bathroomgraffiti.com/products/livre-assouline-symbols-of-judaism,5.3,0,14
2026-09-26,bathroomgraffiti,fra,assouline judaisme,https://bathroomgraffiti.com/products/livre-assouline-symbols-of-judaism,9,0,2
2026-09-27,bathroomgraffiti,fra,assouline judaisme,https://bathroomgraffiti.com/products/livre-assouline-symbols-of-judaism,5.6,0,7
2026-09-28,bathroomgraffiti,fra,assouline judaisme,https://bathroomgraffiti.com/products/livre-assouline-symbols-of-judaism,6.7,0,3
2026-09-29,bathroomgraffiti,fra,assouline judaisme,https://bathroomgraffiti.com/products/livre-assouline-symbols-of-judaism,6.3,1,3
2026-09-30,bathroomgraffiti,fra,assouline judaisme,https://bathroomgraffiti.com/products/livre-assouline-symbols-of-judaism,7.4,0,5
2026-10-01,bathroomgraffiti,fra,assouline judaisme,https://bathroomgraffiti.com/products/livre-assouline-symbols-of-judaism,9.7,0,6
2026-10-02,bathroomgraffiti,fra,assouline judaisme,https://bathroomgraffiti.com/products/livre-assouline-symbols-of-judaism,10.3,0,3
2026-09-12,bathroomgraffiti,fra,assouline tel aviv,https://bathroomgraffiti.com/products/livre-assouline-tel-aviv-spirit,2.8,3,12
2026-09-13,bathroomgraffiti,fra,assouline tel aviv,https://bathroomgraffiti.com/products/livre-assouline-tel-aviv-spirit,4.1,1,26
2026-09-14,bathroomgraffiti,fra,assouline tel aviv,https://bathroomgraffiti.com/products/livre-assouline-tel-aviv-spirit,3.6,2,45
2026-09-15,bathroomgraffiti,fra,assouline tel aviv,https://bathroomgraffiti.com/products/livre-assouline-tel-aviv-spirit,4.2,2,34
2026-09-16,bathroomgraffiti,fra,assouline tel aviv,https://bathroomgraffiti.com/products/livre-assouline-tel-aviv-spirit,4.2,1,17
2026-09-17,bathroomgraffiti,fra,assouline tel aviv,https://bathroomgraffiti.com/products/livre-assouline-tel-aviv-spirit,6.2,0,16
2026-09-18,bathroomgraffiti,fra,assouline tel aviv,https://bathroomgraffiti.com/products/livre-assouline-tel-aviv-spirit,7.6,0,13
2026-09-19,bathroomgraffiti,fra,assouline tel aviv,https://bathroomgraffiti.com/products/livre-assouline-tel-aviv-spirit,6.8,0,16
2026-09-20,bathroomgraffiti,fra,assouline tel aviv,https://bathroomgraffiti.com/products/livre-assouline-tel-aviv-spirit,7,0,3
2026-09-21,bathroomgraffiti,fra,assouline tel aviv,https://bathroomgraffiti.com/products/livre-assouline-tel-aviv-spirit,7,0,9
2026-09-22,bathroomgraffiti,fra,assouline tel aviv,https://bathroomgraffiti.com/products/livre-assouline-tel-aviv-spirit,5.8,1,9
2026-09-23,bathroomgraffiti,fra,assouline tel aviv,https://bathroomgraffiti.com/products/livre-assouline-tel-aviv-spirit,6.3,0,10
2026-09-24,bathroomgraffiti,fra,assouline tel aviv,https://bathroomgraffiti.com/products/livre-assouline-tel-aviv-spirit,5.5,0,18
2026-09-25,bathroomgraffiti,fra,assouline tel aviv,https://bathroomgraffiti.com/products/livre-assouline-tel-aviv-spirit,5.8,0,12
2026-09-26,bathroomgraffiti,fra,assouline tel aviv,https://bathroomgraffiti.com/products/livre-assouline-tel-aviv-spirit,8.7,0,19
2026-09-27,bathroomgraffiti,fra,assouline tel aviv,https://bathroomgraffiti.com/products/livre-assouline-tel-aviv-spirit,8.2,0,13
2026-09-28,bathroomgraffiti,fra,assouline tel aviv,https://bathroomgraffiti.com/products/livre-assouline-tel-aviv-spirit,7,0,7
2026-09-29,bathroomgraffiti,fra,assouline tel aviv,https://bathroomgraffiti.com/products/livre-assouline-tel-aviv-spirit,5.8,0,4
2026-09-30,bathroomgraffiti,fra,assouline tel aviv,https://bathroomgraffiti.com/products/livre-assouline-tel-aviv-spirit,4.3,0,3
2026-10-01,bathroomgraffiti,fra,assouline tel aviv,https://bathroomgraffiti.com/products/livre-assouline-tel-aviv-spirit,7.2,1,6
2026-10-02,bathroomgraffiti,fra,assouline tel aviv,https://bathroomgraffiti.com/products/livre-assouline-tel-aviv-spirit,8.1,0,7
2026-09-11,bathroomgraffiti,fra,bathroom graffitti,http://www.bathroomgraffiti.com/,2,0,2
2026-09-11,bathroomgraffiti,fra,bathroom graffitti,https://bathroomgraffiti.com/,1,1,2
2026-09-11,bathroomgraffiti,fra,bathroom graffitti,https://bathroomgraffiti.com/collections,1,0,2
2026-09-11,bathroomgraffiti,fra,bathroom graffitti,https://bathroomgraffiti.com/collections/cuisine-et-bain,1,0,2
2026-09-11,bathroomgraffiti,fra,bathroom graffitti,https://bathroomgraffiti.com/collections/deco,1,0,2
2026-09-11,bathroomgraffiti,fra,bathroom graffitti,https://bathroomgraffiti.com/collections/idees-cadeaux,1,0,2
2026-09-11,bathroomgraffiti,fra,bathroom graffitti,https://bathroomgraffiti.com/pages/nos-boutiques,1,1,2
2026-09-11,bathroomgraffiti,fra,bathroom graffitti,https://bathroomgraffiti.com/pages/notre-histoire,1,0,2
2026-09-13,bathroomgraffiti,fra,bathroom graffitti,https://bathroomgraffiti.com/,1,2,2
2026-09-13,bathroomgraffiti,fra,bathroom graffitti,https://bathroomgraffiti.com/collections/cuisine-et-bain,1,0,2
2026-09-13,bathroomgraffiti,fra,bathroom graffitti,https://bathroomgraffiti.com/collections/deco,1,0,2
2026-09-13,bathroomgraffiti,fra,bathroom graffitti,https://bathroomgraffiti.com/collections/idees-cadeaux,1,0,2
2026-09-13,bathroomgraffiti,fra,bathroom graffitti,https://bathroomgraffiti.com/pages/nos-boutiques,1,0,2
2026-09-13,bathroomgraffiti,fra,bathroom graffitti,https://bathroomgraffiti.com/pages/notre-histoire,1,0,2
2026-09-28,bathroomgraffiti,fra,bathroom graffity,https://bathroomgraffiti.com/,1,2,2
2026-09-28,bathroomgraffiti,fra,bathroom graffity,https://bathroomgraffiti.com/collections/cuisine-et-bain,1,0,2
2026-09-28,bathroomgraffiti,fra,bathroom graffity,https://bathroomgraffiti.com/collections/deco,1,0,2
2026-09-28,bathroomgraffiti,fra,bathroom graffity,https://bathroomgraffiti.com/collections/idees-cadeaux,1,0,2
2026-09-28,bathroomgraffiti,fra,bathroom graffity,https://bathroomgraffiti.com/pages/nos-boutiques,1,0,2
2026-09-28,bathroomgraffiti,fra,bathroom graffity,https://bathroomgraffiti.com/pages/notre-histoire,1,0,2
2026-09-28,bathroomgraffiti,fra,bathroom graffity,https://bathroomgraffiti.com/products/carte-cadeau-bathroom-graffiti,3.5,0,2
2026-07-08,bathroomgraffiti,fra,bathroom grafitti,http://www.bathroomgraffiti.com/,2.5,0,2
2026-07-08,bathroomgraffiti,fra,bathroom grafitti,https://bathroomgraffiti.com/,1,2,2
2026-07-08,bathroomgraffiti,fra,bathroom grafitti,https://bathroomgraffiti.com/collections/cuisine-et-bain,1,0,2
2026-07-08,bathroomgraffiti,fra,bathroom grafitti,https://bathroomgraffiti.com/collections/deco,1,0,2
2026-07-08,bathroomgraffiti,fra,bathroom grafitti,https://bathroomgraffiti.com/collections/idees-cadeaux,1,0,2
2026-07-08,bathroomgraffiti,fra,bathroom grafitti,https://bathroomgraffiti.com/pages/nos-boutiques,1,0,2
2026-07-08,bathroomgraffiti,fra,bathroom grafitti,https://bathroomgraffiti.com/pages/notre-histoire,1,0,2
2026-07-14,bathroomgraffiti,fra,bathroom grafitti,http://www.bathroomgraffiti.com/,2.5,0,2
2026-07-14,bathroomgraffiti,fra,bathroom grafitti,https://bathroomgraffiti.com/,1,2,2
2026-07-14,bathroomgraffiti,fra,bathroom grafitti,https://bathroomgraffiti.com/collections/cuisine-et-bain,1,0,2
2026-07-14,bathroomgraffiti,fra,bathroom grafitti,https://bathroomgraffiti.com/collections/deco,1,0,2
2026-07-14,bathroomgraffiti,fra,bathroom grafitti,https://bathroomgraffiti.com/collections/idees-cadeaux,1,0,2
2026-07-14,bathroomgraffiti,fra,bathroom grafitti,https://bathroomgraffiti.com/collections/sonny-angel,1,0,2
2026-07-14,bathroomgraffiti,fra,bathroom grafitti,https://bathroomgraffiti.com/collections/verres,1,0,2
2026-07-14,bathroomgraffiti,fra,bathroom grafitti,https://bathroomgraffiti.com/pages/nos-boutiques,1,0,2
2026-07-16,bathroomgraffiti,fra,bathroom grafitti,http://www.bathroomgraffiti.com/,2,1,2
2026-07-16,bathroomgraffiti,fra,bathroom grafitti,https://bathroomgraffiti.com/,1,1,2
2026-07-16,bathroomgraffiti,fra,bathroom grafitti,https://bathroomgraffiti.com/collections/cuisine-et-bain,1,0,2
2026-07-16,bathroomgraffiti,fra,bathroom grafitti,https://bathroomgraffiti.com/collections/deco,1,0,2
2026-07-16,bathroomgraffiti,fra,bathroom grafitti,https://bathroomgraffiti.com/collections/idees-cadeaux,1,0,2
2026-07-16,bathroomgraffiti,fra,bathroom grafitti,https://bathroomgraffiti.com/collections/lifestyle,1,0,2
2026-07-16,bathroomgraffiti,fra,bathroom grafitti,https://bathroomgraffiti.com/collections/soldes,1,0,2
2026-07-16,bathroomgraffiti,fra,bathroom grafitti,https://bathroomgraffiti.com/pages/nos-boutiques,1,0,2
2026-07-16,bathroomgraffiti,fra,bathroom grafitti,https://bathroomgraffiti.com/pages/notre-histoire,3,0,2
2026-07-28,bathroomgraffiti,fra,bathroom grafitti,https://bathroomgraffiti.com/,1,2,2
2026-07-28,bathroomgraffiti,fra,bathroom grafitti,https://bathroomgraffiti.com/collections/cuisine-et-bain,1,0,2
2026-07-28,bathroomgraffiti,fra,bathroom grafitti,https://bathroomgraffiti.com/collections/deco,1,0,2
2026-07-28,bathroomgraffiti,fra,bathroom grafitti,https://bathroomgraffiti.com/collections/idees-cadeaux,1,0,2
2026-07-28,bathroomgraffiti,fra,bathroom grafitti,https://bathroomgraffiti.com/collections/sonny-angel,1,0,2
2026-07-28,bathroomgraffiti,fra,bathroom grafitti,https://bathroomgraffiti.com/pages/nos-boutiques,1,0,2
2026-07-28,bathroomgraffiti,fra,bathroom grafitti,https://bathroomgraffiti.com/pages/notre-histoire,1.5,0,2
2026-07-30,bathroomgraffiti,fra,bathroom grafitti,http://www.bathroomgraffiti.com/,2.3,0,3
2026-07-30,bathroomgraffiti,fra,bathroom grafitti,https://bathroomgraffiti.com/,1,2,3
2026-07-30,bathroomgraffiti,fra,bathroom grafitti,https://bathroomgraffiti.com/collections/cuisine-et-bain,1,0,3
2026-07-30,bathroomgraffiti,fra,bathroom grafitti,https://bathroomgraffiti.com/collections/deco,1,0,3
2026-07-30,bathroomgraffiti,fra,bathroom grafitti,https://bathroomgraffiti.com/collections/idees-cadeaux,1,0,3
2026-07-30,bathroomgraffiti,fra,bathroom grafitti,https://bathroomgraffiti.com/collections/sonny-angel,1,0,3
2026-07-30,bathroomgraffiti,fra,bathroom grafitti,https://bathroomgraffiti.com/pages/nos-boutiques,1,0,3
2026-07-30,bathroomgraffiti,fra,bathroom grafitti,https://bathroomgraffiti.com/pages/notre-histoire,1,0,2
2026-08-01,bathroomgraffiti,fra,bathroom grafitti,http://www.bathroomgraffiti.com/,1.5,0,2
2026-08-01,bathroomgraffiti,fra,bathroom grafitti,https://bathroomgraffiti.com/,2,2,2
2026-08-01,bathroomgraffiti,fra,bathroom grafitti,https://bathroomgraffiti.com/collections/cuisine-et-bain,2,0,2
2026-08-01,bathroomgraffiti,fra,bathroom grafitti,https://bathroomgraffiti.com/collections/deco,2,0,2
2026-08-01,bathroomgraffiti,fra,bathroom grafitti,https://bathroomgraffiti.com/collections/idees-cadeaux,2,0,2
2026-08-01,bathroomgraffiti,fra,bathroom grafitti,https://bathroomgraffiti.com/pages/nos-boutiques,2,0,2
2026-08-01,bathroomgraffiti,fra,bathroom grafitti,https://bathroomgraffiti.com/pages/notre-histoire,3.5,0,2
2026-08-03,bathroomgraffiti,fra,bathroom grafitti,http://www.bathroomgraffiti.com/,1.5,0,2
2026-08-03,bathroomgraffiti,fra,bathroom grafitti,https://bathroomgraffiti.com/,5,1,2
2026-08-04,bathroomgraffiti,fra,bathroom grafitti,http://www.bathroomgraffiti.com/,6,0,2
2026-08-04,bathroomgraffiti,fra,bathroom grafitti,https://bathroomgraffiti.com/,1,2,2
2026-08-04,bathroomgraffiti,fra,bathroom grafitti,https://bathroomgraffiti.com/collections/cuisine-et-bain,1,0,2
2026-08-04,bathroomgraffiti,fra,bathroom grafitti,https://bathroomgraffiti.com/collections/deco,1,0,2
2026-08-04,bathroomgraffiti,fra,bathroom grafitti,https://bathroomgraffiti.com/collections/idees-cadeaux,1,0,2
2026-08-04,bathroomgraffiti,fra,bathroom grafitti,https://bathroomgraffiti.com/collections/sonny-angel,1,0,2
2026-08-04,bathroomgraffiti,fra,bathroom grafitti,https://bathroomgraffiti.com/pages/nos-boutiques,1,0,2
2026-08-05,bathroomgraffiti,fra,bathroom grafitti,http://www.bathroomgraffiti.com/,2,0,2
2026-08-05,bathroomgraffiti,fra,bathroom grafitti,https://bathroomgraffiti.com/,1,2,2
2026-08-05,bathroomgraffiti,fra,bathroom grafitti,https://bathroomgraffiti.com/collections/cuisine-et-bain,1,0,2
2026-08-05,bathroomgraffiti,fra,bathroom grafitti,https://bathroomgraffiti.com/collections/deco,1,0,2
2026-08-05,bathroomgraffiti,fra,bathroom grafitti,https://bathroomgraffiti.com/collections/idees-cadeaux,1,0,2
2026-08-05,bathroomgraffiti,fra,bathroom grafitti,https://bathroomgraffiti.com/collections/sonny-angel,1,0,2
2026-08-05,bathroomgraffiti,fra,bathroom grafitti,https://bathroomgraffiti.com/pages/nos-boutiques,1,0,2
2026-08-10,bathroomgraffiti,fra,bathroom grafitti,http://www.bathroomgraffiti.com/,2,0,2
2026-08-10,bathroomgraffiti,fra,bathroom grafitti,https://bathroomgraffiti.com/,1,2,2
2026-08-10,bathroomgraffiti,fra,bathroom grafitti,https://bathroomgraffiti.com/collections/deco,1,0,2
2026-08-10,bathroomgraffiti,fra,bathroom grafitti,https://bathroomgraffiti.com/collections/idees-cadeaux,1,0,2
2026-08-10,bathroomgraffiti,fra,bathroom grafitti,https://bathroomgraffiti.com/pages/nos-boutiques,1,0,2
2026-08-10,bathroomgraffiti,fra,bathroom grafitti,https://bathroomgraffiti.com/pages/plan-du-site,1,0,2
2026-08-11,bathroomgraffiti,fra,bathroom grafitti,http://www.bathroomgraffiti.com/,2,0,2
2026-08-11,bathroomgraffiti,fra,bathroom grafitti,https://bathroomgraffiti.com/,1,1,2
2026-08-11,bathroomgraffiti,fra,bathroom grafitti,https://bathroomgraffiti.com/collections/cuisine-et-bain,1,0,2
2026-08-11,bathroomgraffiti,fra,bathroom grafitti,https://bathroomgraffiti.com/collections/deco,1,0,2
2026-08-11,bathroomgraffiti,fra,bathroom grafitti,https://bathroomgraffiti.com/collections/idees-cadeaux,1,0,2
2026-08-11,bathroomgraffiti,fra,bathroom grafitti,https://bathroomgraffiti.com/pages/nos-boutiques,1,0,2
2026-08-19,bathroomgraffiti,fra,bathroom grafitti,http://www.bathroomgraffiti.com/,4.3,0,3
2026-08-19,bathroomgraffiti,fra,bathroom grafitti,https://bathroomgraffiti.com/,1,2,3
2026-08-19,bathroomgraffiti,fra,bathroom grafitti,https://bathroomgraffiti.com/collections/cuisine-et-bain,1,0,3
2026-08-19,bathroomgraffiti,fra,bathroom grafitti,https://bathroomgraffiti.com/collections/deco,1,0,3
2026-08-19,bathroomgraffiti,fra,bathroom grafitti,https://bathroomgraffiti.com/collections/idees-cadeaux,1,1,3
2026-08-19,bathroomgraffiti,fra,bathroom grafitti,https://bathroomgraffiti.com/pages/nos-boutiques,1,0,3
2026-08-19,bathroomgraffiti,fra,bathroom grafitti,https://bathroomgraffiti.com/pages/notre-histoire,1,0,2
2026-08-20,bathroomgraffiti,fra,bathroom grafitti,http://www.bathroomgraffiti.com/,4.3,0,3
2026-08-20,bathroomgraffiti,fra,bathroom grafitti,https://bathroomgraffiti.com/,1,1,3
2026-08-20,bathroomgraffiti,fra,bathroom grafitti,https://bathroomgraffiti.com/collections/cuisine-et-bain,1,0,3
2026-08-20,bathroomgraffiti,fra,bathroom grafitti,https://bathroomgraffiti.com/collections/deco,1,1,3
2026-08-20,bathroomgraffiti,fra,bathroom grafitti,https://bathroomgraffiti.com/collections/idees-cadeaux,1,0,3
2026-08-20,bathroomgraffiti,fra,bathroom grafitti,https://bathroomgraffiti.com/pages/nos-boutiques,1,0,3
2026-08-20,bathroomgraffiti,fra,bathroom grafitti,https://bathroomgraffiti.com/pages/notre-histoire,1,0,2
2026-08-21,bathroomgraffiti,fra,bathroom grafitti,http://www.bathroomgraffiti.com/,2,0,3
2026-08-21,bathroomgraffiti,fra,bathroom grafitti,https://bathroomgraffiti.com/,1,1,4
2026-08-21,bathroomgraffiti,fra,bathroom grafitti,https://bathroomgraffiti.com/collections/cuisine-et-bain,1,0,4
2026-08-21,bathroomgraffiti,fra,bathroom grafitti,https://bathroomgraffiti.com/collections/deco,1,0,4
2026-08-21,bathroomgraffiti,fra,bathroom grafitti,https://bathroomgraffiti.com/collections/idees-cadeaux,1,0,4
2026-08-21,bathroomgraffiti,fra,bathroom grafitti,https://bathroomgraffiti.com/collections/verres,1,0,2
2026-08-21,bathroomgraffiti,fra,bathroom grafitti,https://bathroomgraffiti.com/pages/nos-boutiques,1,0,4
2026-08-21,bathroomgraffiti,fra,bathroom grafitti,https://bathroomgraffiti.com/pages/notre-histoire,1,0,3
2026-08-22,bathroomgraffiti,fra,bathroom grafitti,http://www.bathroomgraffiti.com/,2,0,2
2026-08-22,bathroomgraffiti,fra,bathroom grafitti,https://bathroomgraffiti.com/,1,1,2
2026-08-22,bathroomgraffiti,fra,bathroom grafitti,https://bathroomgraffiti.com/collections/cuisine-et-bain,1,0,2
2026-08-22,bathroomgraffiti,fra,bathroom grafitti,https://bathroomgraffiti.com/collections/deco,1,0,2
2026-08-22,bathroomgraffiti,fra,bathroom grafitti,https://bathroomgraffiti.com/collections/idees-cadeaux,1,0,2
2026-08-22,bathroomgraffiti,fra,bathroom grafitti,https://bathroomgraffiti.com/pages/nos-boutiques,1,0,2
2026-08-22,bathroomgraffiti,fra,bathroom grafitti,https://bathroomgraffiti.com/pages/notre-histoire,1,0,2
2026-08-25,bathroomgraffiti,fra,bathroom grafitti,https://bathroomgraffiti.com/,1,1,3
2026-08-25,bathroomgraffiti,fra,bathroom grafitti,https://bathroomgraffiti.com/collections/cuisine-et-bain,1,0,3
2026-08-25,bathroomgraffiti,fra,bathroom grafitti,https://bathroomgraffiti.com/collections/deco,1,0,3
2026-08-25,bathroomgraffiti,fra,bathroom grafitti,https://bathroomgraffiti.com/collections/idees-cadeaux,1,1,3
2026-08-25,bathroomgraffiti,fra,bathroom grafitti,https://bathroomgraffiti.com/collections/sonny-angel,1,0,2
2026-08-25,bathroomgraffiti,fra,bathroom grafitti,https://bathroomgraffiti.com/pages/nos-boutiques,1,1,3
2026-08-25,bathroomgraffiti,fra,bathroom grafitti,https://bathroomgraffiti.com/products/coque-le-marais-paris-la-coque-francaise-x-bathroom-graffiti,4,0,2
2026-08-28,bathroomgraffiti,fra,bathroom grafitti,https://bathroomgraffiti.com/,1.5,1,2
2026-08-28,bathroomgraffiti,fra,bathroom grafitti,https://bathroomgraffiti.com/collections/cuisine-et-bain,1.5,0,2
2026-08-28,bathroomgraffiti,fra,bathroom grafitti,https://bathroomgraffiti.com/collections/deco,1.5,0,2
2026-08-28,bathroomgraffiti,fra,bathroom grafitti,https://bathroomgraffiti.com/collections/idees-cadeaux,1.5,0,2
2026-08-28,bathroomgraffiti,fra,bathroom grafitti,https://bathroomgraffiti.com/pages/nos-boutiques,1.5,0,2
2026-08-28,bathroomgraffiti,fra,bathroom grafitti,https://bathroomgraffiti.com/pages/notre-histoire,1.5,0,2
2026-08-28,bathroomgraffiti,fra,bathroom grafitti,https://bathroomgraffiti.com/pages/plan-du-site,1.5,0,2
2026-08-31,bathroomgraffiti,fra,bathroom grafitti,http://www.bathroomgraffiti.com/,2,0,2
2026-08-31,bathroomgraffiti,fra,bathroom grafitti,https://bathroomgraffiti.com/,1,2,4
2026-08-31,bathroomgraffiti,fra,bathroom grafitti,https://bathroomgraffiti.com/collections/cuisine-et-bain,1,0,4
2026-08-31,bathroomgraffiti,fra,bathroom grafitti,https://bathroomgraffiti.com/collections/deco,1,0,4
2026-08-31,bathroomgraffiti,fra,bathroom grafitti,https://bathroomgraffiti.com/collections/idees-cadeaux,1,0,4
2026-08-31,bathroomgraffiti,fra,bathroom grafitti,https://bathroomgraffiti.com/pages/nos-boutiques,1,0,4
2026-08-31,bathroomgraffiti,fra,bathroom grafitti,https://bathroomgraffiti.com/pages/notre-histoire,1,0,3
2026-08-31,bathroomgraffiti,fra,bathroom grafitti,https://bathroomgraffiti.com/pages/plan-du-site,1,0,4
2026-09-01,bathroomgraffiti,fra,bathroom grafitti,https://bathroomgraffiti.com/,1,2,2
2026-09-01,bathroomgraffiti,fra,bathroom grafitti,https://bathroomgraffiti.com/collections/cuisine-et-bain,1,0,2
2026-09-01,bathroomgraffiti,fra,bathroom grafitti,https://bathroomgraffiti.com/collections/deco,1,0,2
2026-09-01,bathroomgraffiti,fra,bathroom grafitti,https://bathroomgraffiti.com/collections/idees-cadeaux,1,0,2
2026-09-01,bathroomgraffiti,fra,bathroom grafitti,https://bathroomgraffiti.com/pages/nos-boutiques,1,0,2
2026-09-01,bathroomgraffiti,fra,bathroom grafitti,https://bathroomgraffiti.com/pages/plan-du-site,1,0,2
2026-09-04,bathroomgraffiti,fra,bathroom grafitti,http://www.bathroomgraffiti.com/,2,0,2
2026-09-04,bathroomgraffiti,fra,bathroom grafitti,https://bathroomgraffiti.com/,1,2,2
2026-09-04,bathroomgraffiti,fra,bathroom grafitti,https://bathroomgraffiti.com/collections/assiettes-plats,1,0,2
2026-09-04,bathroomgraffiti,fra,bathroom grafitti,https://bathroomgraffiti.com/collections/cuisine-et-bain,1,0,2
2026-09-04,bathroomgraffiti,fra,bathroom grafitti,https://bathroomgraffiti.com/collections/deco,1,0,2
2026-09-04,bathroomgraffiti,fra,bathroom grafitti,https://bathroomgraffiti.com/collections/idees-cadeaux,1,0,2
2026-09-04,bathroomgraffiti,fra,bathroom grafitti,https://bathroomgraffiti.com/pages/nos-boutiques,1,0,2
2026-09-06,bathroomgraffiti,fra,bathroom grafitti,http://www.bathroomgraffiti.com/,2.5,0,2
2026-09-06,bathroomgraffiti,fra,bathroom grafitti,https://bathroomgraffiti.com/,1,1,2
2026-09-06,bathroomgraffiti,fra,bathroom grafitti,https://bathroomgraffiti.com/collections/cuisine-et-bain,1,0,2
2026-09-06,bathroomgraffiti,fra,bathroom grafitti,https://bathroomgraffiti.com/collections/deco,1,0,2
2026-09-06,bathroomgraffiti,fra,bathroom grafitti,https://bathroomgraffiti.com/collections/idees-cadeaux,1,0,2
2026-09-06,bathroomgraffiti,fra,bathroom grafitti,https://bathroomgraffiti.com/pages/nos-boutiques,1,0,2
2026-09-06,bathroomgraffiti,fra,bathroom grafitti,https://bathroomgraffiti.com/search,1,0,2
2026-09-08,bathroomgraffiti,fra,bathroom grafitti,https://bathroomgraffiti.com/,1,1,3
2026-09-08,bathroomgraffiti,fra,bathroom grafitti,https://bathroomgraffiti.com/collections/cuisine-et-bain,1,0,3
2026-09-08,bathroomgraffiti,fra,bathroom grafitti,https://bathroomgraffiti.com/collections/deco,1,0,3
2026-09-08,bathroomgraffiti,fra,bathroom grafitti,https://bathroomgraffiti.com/collections/idees-cadeaux,1,0,3
2026-09-08,bathroomgraffiti,fra,bathroom grafitti,https://bathroomgraffiti.com/pages/nos-boutiques,1,0,3
2026-09-08,bathroomgraffiti,fra,bathroom grafitti,https://bathroomgraffiti.com/pages/notre-histoire,1,0,3
2026-09-09,bathroomgraffiti,fra,bathroom grafitti,http://www.bathroomgraffiti.com/,2.5,0,2
2026-09-09,bathroomgraffiti,fra,bathroom grafitti,https://bathroomgraffiti.com/,1,0,2
2026-09-09,bathroomgraffiti,fra,bathroom grafitti,https://bathroomgraffiti.com/collections/cuisine-et-bain,1,0,2
2026-09-09,bathroomgraffiti,fra,bathroom grafitti,https://bathroomgraffiti.com/collections/deco,1,0,2
2026-09-09,bathroomgraffiti,fra,bathroom grafitti,https://bathroomgraffiti.com/collections/idees-cadeaux,1,0,2
2026-09-09,bathroomgraffiti,fra,bathroom grafitti,https://bathroomgraffiti.com/pages/nos-boutiques,1,0,2
2026-09-09,bathroomgraffiti,fra,bathroom grafitti,https://bathroomgraffiti.com/pages/notre-histoire,1,0,2
2026-09-14,bathroomgraffiti,fra,bathroom grafitti,http://www.bathroomgraffiti.com/,2,0,2
2026-09-14,bathroomgraffiti,fra,bathroom grafitti,https://bathroomgraffiti.com/,1,2,3
2026-09-14,bathroomgraffiti,fra,bathroom grafitti,https://bathroomgraffiti.com/collections,1,0,3
2026-09-14,bathroomgraffiti,fra,bathroom grafitti,https://bathroomgraffiti.com/collections/cuisine-et-bain,1,0,3
2026-09-14,bathroomgraffiti,fra,bathroom grafitti,https://bathroomgraffiti.com/collections/deco,1,0,3
2026-09-14,bathroomgraffiti,fra,bathroom grafitti,https://bathroomgraffiti.com/collections/idees-cadeaux,1,0,3
2026-09-14,bathroomgraffiti,fra,bathroom grafitti,https://bathroomgraffiti.com/pages/nos-boutiques,1,0,3
2026-09-14,bathroomgraffiti,fra,bathroom grafitti,https://bathroomgraffiti.com/pages/notre-histoire,1,0,3
2026-09-16,bathroomgraffiti,fra,bathroom grafitti,http://www.bathroomgraffiti.com/,2,0,2
2026-09-16,bathroomgraffiti,fra,bathroom grafitti,https://bathroomgraffiti.com/,1,2,2
2026-09-16,bathroomgraffiti,fra,bathroom grafitti,https://bathroomgraffiti.com/collections/cuisine-et-bain,1,0,2
2026-09-16,bathroomgraffiti,fra,bathroom grafitti,https://bathroomgraffiti.com/collections/deco,1,0,2
2026-09-16,bathroomgraffiti,fra,bathroom grafitti,https://bathroomgraffiti.com/collections/idees-cadeaux,1,0,2
2026-09-16,bathroomgraffiti,fra,bathroom grafitti,https://bathroomgraffiti.com/pages/nos-boutiques,1,0,2
2026-09-19,bathroomgraffiti,fra,bathroom grafitti,http://www.bathroomgraffiti.com/,3,0,2
2026-09-19,bathroomgraffiti,fra,bathroom grafitti,https://bathroomgraffiti.com/,1,1,2
2026-09-19,bathroomgraffiti,fra,bathroom grafitti,https://bathroomgraffiti.com/collections,1,0,2
2026-09-19,bathroomgraffiti,fra,bathroom grafitti,https://bathroomgraffiti.com/collections/cuisine-et-bain,1,0,2
2026-09-19,bathroomgraffiti,fra,bathroom grafitti,https://bathroomgraffiti.com/collections/deco,1,0,2
2026-09-19,bathroomgraffiti,fra,bathroom grafitti,https://bathroomgraffiti.com/collections/idees-cadeaux,1,0,2
2026-09-19,bathroomgraffiti,fra,bathroom grafitti,https://bathroomgraffiti.com/pages/nos-boutiques,1,0,2
2026-09-24,bathroomgraffiti,fra,bathroom grafitti,http://www.bathroomgraffiti.com/,5,1,3
2026-09-24,bathroomgraffiti,fra,bathroom grafitti,https://bathroomgraffiti.com/,1,1,4
2026-09-24,bathroomgraffiti,fra,bathroom grafitti,https://bathroomgraffiti.com/collections/cuisine-et-bain,1,0,2
2026-09-24,bathroomgraffiti,fra,bathroom grafitti,https://bathroomgraffiti.com/collections/deco,1,0,2
2026-09-24,bathroomgraffiti,fra,bathroom grafitti,https://bathroomgraffiti.com/collections/idees-cadeaux,1,0,3
2026-09-24,bathroomgraffiti,fra,bathroom grafitti,https://bathroomgraffiti.com/pages/nos-boutiques,2.8,0,4
2026-09-26,bathroomgraffiti,fra,bathroom grafitti,https://bathroomgraffiti.com/,1,0,2
2026-09-26,bathroomgraffiti,fra,bathroom grafitti,https://bathroomgraffiti.com/collections/bougies-senteurs,1,0,2
2026-09-26,bathroomgraffiti,fra,bathroom grafitti,https://bathroomgraffiti.com/collections/cuisine-et-bain,1,0,2
2026-09-26,bathroomgraffiti,fra,bathroom grafitti,https://bathroomgraffiti.com/collections/deco,1,0,2
2026-09-26,bathroomgraffiti,fra,bathroom grafitti,https://bathroomgraffiti.com/collections/idees-cadeaux,1,0,2
2026-09-26,bathroomgraffiti,fra,bathroom grafitti,https://bathroomgraffiti.com/collections/mugs-bols,1,0,2
2026-09-26,bathroomgraffiti,fra,bathroom grafitti,https://bathroomgraffiti.com/pages/nos-boutiques,1,0,2
2026-09-29,bathroomgraffiti,fra,bathroom grafitti,http://www.bathroomgraffiti.com/,2,0,2
2026-09-29,bathroomgraffiti,fra,bathroom grafitti,https://bathroomgraffiti.com/,1,1,2
2026-09-29,bathroomgraffiti,fra,bathroom grafitti,https://bathroomgraffiti.com/collections/deco,3,0,2
2026-09-29,bathroomgraffiti,fra,bathroom grafitti,https://bathroomgraffiti.com/collections/idees-cadeaux,5,0,2
2026-09-29,bathroomgraffiti,fra,bathroom grafitti,https://bathroomgraffiti.com/collections/sonny-angel,11,0,2
2026-09-29,bathroomgraffiti,fra,bathroom grafitti,https://bathroomgraffiti.com/pages/nos-boutiques,4,0,2
2026-09-29,bathroomgraffiti,fra,bathroom grafitti,https://bathroomgraffiti.com/pages/notre-histoire,10,0,2
2026-10-02,bathroomgraffiti,fra,bathroom grafitti,https://bathroomgraffiti.com/,1,1,3
2026-10-02,bathroomgraffiti,fra,bathroom grafitti,https://bathroomgraffiti.com/collections/cuisine-et-bain,1,0,2
2026-10-02,bathroomgraffiti,fra,bathroom grafitti,https://bathroomgraffiti.com/collections/deco,1,1,2
2026-10-02,bathroomgraffiti,fra,bathroom grafitti,https://bathroomgraffiti.com/collections/idees-cadeaux,1,0,2
2026-10-02,bathroomgraffiti,fra,bathroom grafitti,https://bathroomgraffiti.com/pages/nos-boutiques,2.3,0,3
2026-10-02,bathroomgraffiti,fra,bathroom grafitti,https://bathroomgraffiti.com/pages/notre-histoire,7.5,0,2
2026-10-03,bathroomgraffiti,fra,bathroom grafitti,http://www.bathroomgraffiti.com/,1,0,2
2026-10-03,bathroomgraffiti,fra,bathroom grafitti,https://bathroomgraffiti.com/,2,0,2
2026-10-03,bathroomgraffiti,fra,bathroom grafitti,https://bathroomgraffiti.com/collections/cuisine-et-bain,2,0,2
2026-10-03,bathroomgraffiti,fra,bathroom grafitti,https://bathroomgraffiti.com/collections/deco,2,0,2
2026-10-03,bathroomgraffiti,fra,bathroom grafitti,https://bathroomgraffiti.com/collections/idees-cadeaux,2,0,2
2026-10-03,bathroomgraffiti,fra,bathroom grafitti,https://bathroomgraffiti.com/pages/nos-boutiques,2,0,2
2026-10-03,bathroomgraffiti,fra,bathroom grafitti,https://bathroomgraffiti.com/pages/notre-histoire,2,0,2
2026-10-03,bathroomgraffiti,fra,bathroom grafitti,https://bathroomgraffiti.com/search,2,0,2
2026-07-24,bathroomgraffiti,fra,bathroom graphiti,http://www.bathroomgraffiti.com/,1.5,0,2
2026-07-24,bathroomgraffiti,fra,bathroom graphiti,https://bathroomgraffiti.com/,1.5,0,2
2026-07-24,bathroomgraffiti,fra,bathroom graphiti,https://bathroomgraffiti.com/collections/cuisine-et-bain,1.5,0,2
2026-07-24,bathroomgraffiti,fra,bathroom graphiti,https://bathroomgraffiti.com/collections/deco,1.5,0,2
2026-07-24,bathroomgraffiti,fra,bathroom graphiti,https://bathroomgraffiti.com/collections/idees-cadeaux,1.5,0,2
2026-07-24,bathroomgraffiti,fra,bathroom graphiti,https://bathroomgraffiti.com/collections/verres,1.5,0,2
2026-07-24,bathroomgraffiti,fra,bathroom graphiti,https://bathroomgraffiti.com/pages/nos-boutiques,1.5,0,2
2026-07-24,bathroomgraffiti,fra,bathroom graphiti,https://bathroomgraffiti.com/pages/notre-histoire,1.5,0,2
2026-07-30,bathroomgraffiti,fra,bathroom graphiti,http://www.bathroomgraffiti.com/,2,0,2
2026-07-30,bathroomgraffiti,fra,bathroom graphiti,https://bathroomgraffiti.com/,1,0,2
2026-07-30,bathroomgraffiti,fra,bathroom graphiti,https://bathroomgraffiti.com/collections/cuisine-et-bain,1,0,2
2026-07-30,bathroomgraffiti,fra,bathroom graphiti,https://bathroomgraffiti.com/collections/deco,1,0,2
2026-07-30,bathroomgraffiti,fra,bathroom graphiti,https://bathroomgraffiti.com/collections/idees-cadeaux,1,0,2
2026-07-30,bathroomgraffiti,fra,bathroom graphiti,https://bathroomgraffiti.com/pages/nos-boutiques,1,0,2
2026-07-30,bathroomgraffiti,fra,bathroom graphiti,https://bathroomgraffiti.com/pages/notre-histoire,1,0,2
2026-08-17,bathroomgraffiti,fra,bathroom graphiti,http://www.bathroomgraffiti.com/,2,0,3
2026-08-17,bathroomgraffiti,fra,bathroom graphiti,https://bathroomgraffiti.com/,1,1,3
2026-08-17,bathroomgraffiti,fra,bathroom graphiti,https://bathroomgraffiti.com/collections/cuisine-et-bain,1,0,3
2026-08-17,bathroomgraffiti,fra,bathroom graphiti,https://bathroomgraffiti.com/collections/deco,1,0,3
2026-08-17,bathroomgraffiti,fra,bathroom graphiti,https://bathroomgraffiti.com/collections/idees-cadeaux,1,0,3
2026-08-17,bathroomgraffiti,fra,bathroom graphiti,https://bathroomgraffiti.com/collections/sonny-angel,1,0,2
2026-08-17,bathroomgraffiti,fra,bathroom graphiti,https://bathroomgraffiti.com/pages/nos-boutiques,1,1,3
2026-08-17,bathroomgraffiti,fra,bathroom graphiti,https://bathroomgraffiti.com/pages/notre-histoire,1,0,3
2026-08-27,bathroomgraffiti,fra,bathroom graphiti,https://bathroomgraffiti.com/,1,2,2
2026-08-27,bathroomgraffiti,fra,bathroom graphiti,https://bathroomgraffiti.com/collections/cuisine-et-bain,1,0,2
2026-08-27,bathroomgraffiti,fra,bathroom graphiti,https://bathroomgraffiti.com/collections/deco,1,0,2
2026-08-27,bathroomgraffiti,fra,bathroom graphiti,https://bathroomgraffiti.com/collections/idees-cadeaux,1,0,2
2026-08-27,bathroomgraffiti,fra,bathroom graphiti,https://bathroomgraffiti.com/pages/nos-boutiques,1,0,2
2026-08-27,bathroomgraffiti,fra,bathroom graphiti,https://bathroomgraffiti.com/pages/notre-histoire,1,0,2
2026-08-29,bathroomgraffiti,fra,bathroom graphiti,https://bathroomgraffiti.com/,1,1,2
2026-08-29,bathroomgraffiti,fra,bathroom graphiti,https://bathroomgraffiti.com/collections/cuisine-et-bain,1,0,2
2026-08-29,bathroomgraffiti,fra,bathroom graphiti,https://bathroomgraffiti.com/collections/deco,1,0,2
2026-08-29,bathroomgraffiti,fra,bathroom graphiti,https://bathroomgraffiti.com/collections/idees-cadeaux,1,0,2
2026-08-29,bathroomgraffiti,fra,bathroom graphiti,https://bathroomgraffiti.com/collections/sonny-angel,1,0,2
2026-08-29,bathroomgraffiti,fra,bathroom graphiti,https://bathroomgraffiti.com/pages/nos-boutiques,1,0,2
2026-08-29,bathroomgraffiti,fra,bathroom graphiti,https://bathroomgraffiti.com/products/coque-le-marais-paris-la-coque-francaise-x-bathroom-graffiti,4.5,0,2
2026-08-30,bathroomgraffiti,fra,bathroom graphiti,http://www.bathroomgraffiti.com/,2.5,0,2
2026-08-30,bathroomgraffiti,fra,bathroom graphiti,https://bathroomgraffiti.com/,1,2,2
2026-08-30,bathroomgraffiti,fra,bathroom graphiti,https://bathroomgraffiti.com/collections/cuisine-et-bain,1,0,2
2026-08-30,bathroomgraffiti,fra,bathroom graphiti,https://bathroomgraffiti.com/collections/deco,1,0,2
2026-08-30,bathroomgraffiti,fra,bathroom graphiti,https://bathroomgraffiti.com/collections/idees-cadeaux,1,0,2
2026-08-30,bathroomgraffiti,fra,bathroom graphiti,https://bathroomgraffiti.com/pages/nos-boutiques,1,0,2
2026-08-30,bathroomgraffiti,fra,bathroom graphiti,https://bathroomgraffiti.com/pages/nos-marques,1,0,2
2026-09-15,bathroomgraffiti,fra,bathroom graphiti,http://www.bathroomgraffiti.com/,2,0,2
2026-09-15,bathroomgraffiti,fra,bathroom graphiti,https://bathroomgraffiti.com/,1,2,2
2026-09-15,bathroomgraffiti,fra,bathroom graphiti,https://bathroomgraffiti.com/collections,1,0,2
2026-09-15,bathroomgraffiti,fra,bathroom graphiti,https://bathroomgraffiti.com/collections/cuisine-et-bain,1,0,2
2026-09-15,bathroomgraffiti,fra,bathroom graphiti,https://bathroomgraffiti.com/collections/deco,1,0,2
2026-09-15,bathroomgraffiti,fra,bathroom graphiti,https://bathroomgraffiti.com/collections/idees-cadeaux,1,0,2
2026-09-15,bathroomgraffiti,fra,bathroom graphiti,https://bathroomgraffiti.com/pages/nos-boutiques,1,0,2
2026-09-15,bathroomgraffiti,fra,bathroom graphiti,https://bathroomgraffiti.com/pages/notre-histoire,1,0,2
2026-09-24,bathroomgraffiti,fra,bathroom graphiti,https://bathroomgraffiti.com/,1,1,2
2026-09-24,bathroomgraffiti,fra,bathroom graphiti,https://bathroomgraffiti.com/collections/cuisine-et-bain,1,0,2
2026-09-24,bathroomgraffiti,fra,bathroom graphiti,https://bathroomgraffiti.com/collections/deco,1,0,2
2026-09-24,bathroomgraffiti,fra,bathroom graphiti,https://bathroomgraffiti.com/collections/idees-cadeaux,1,0,2
2026-09-24,bathroomgraffiti,fra,bathroom graphiti,https://bathroomgraffiti.com/pages/nos-boutiques,1,0,2
2026-09-24,bathroomgraffiti,fra,bathroom graphiti,https://bathroomgraffiti.com/search,1,0,2
2026-09-25,bathroomgraffiti,fra,bathroom graphiti,https://bathroomgraffiti.com/,1,1,2
2026-09-25,bathroomgraffiti,fra,bathroom graphiti,https://bathroomgraffiti.com/collections/cuisine-et-bain,1,0,2
2026-09-25,bathroomgraffiti,fra,bathroom graphiti,https://bathroomgraffiti.com/collections/deco,1,0,2
2026-09-25,bathroomgraffiti,fra,bathroom graphiti,https://bathroomgraffiti.com/collections/idees-cadeaux,1,0,2
2026-09-25,bathroomgraffiti,fra,bathroom graphiti,https://bathroomgraffiti.com/pages/nos-boutiques,1,0,2
2026-10-04,bathroomgraffiti,fra,bathroom graphiti,https://bathroomgraffiti.com/,1,1,2
2026-10-04,bathroomgraffiti,fra,bathroom graphiti,https://bathroomgraffiti.com/collections/cuisine-et-bain,1,0,2
2026-10-04,bathroomgraffiti,fra,bathroom graphiti,https://bathroomgraffiti.com/collections/deco,1,0,2
2026-10-04,bathroomgraffiti,fra,bathroom graphiti,https://bathroomgraffiti.com/collections/idees-cadeaux,1,0,2
2026-10-04,bathroomgraffiti,fra,bathroom graphiti,https://bathroomgraffiti.com/pages/nos-boutiques,1,0,2
2026-07-07,bathroomgraffiti,fra,bougie anti connard,https://bathroomgraffiti.com/products/bougie-humour-anti-connards,2,1,2
2026-07-08,bathroomgraffiti,fra,bougie anti connard,https://bathroomgraffiti.com/products/bougie-humour-anti-connards,2,0,2
2026-07-09,bathroomgraffiti,fra,bougie anti connard,https://bathroomgraffiti.com/products/bougie-humour-anti-connards,2,1,3
2026-07-17,bathroomgraffiti,fra,bougie anti connard,https://bathroomgraffiti.com/products/bougie-humour-anti-connards,2,0,2
2026-07-18,bathroomgraffiti,fra,bougie anti connard,https://bathroomgraffiti.com/products/bougie-humour-anti-connards,2,0,5
2026-07-22,bathroomgraffiti,fra,bougie anti connard,https://bathroomgraffiti.com/products/bougie-humour-anti-connards,2,0,2
2026-07-24,bathroomgraffiti,fra,bougie anti connard,https://bathroomgraffiti.com/products/bougie-humour-anti-connards,2,0,4
2026-07-27,bathroomgraffiti,fra,bougie anti connard,https://bathroomgraffiti.com/products/bougie-humour-anti-connards,2,0,3
2026-07-30,bathroomgraffiti,fra,bougie anti connard,https://bathroomgraffiti.com/products/bougie-humour-anti-connards,2,1,3
2026-07-31,bathroomgraffiti,fra,bougie anti connard,https://bathroomgraffiti.com/products/bougie-humour-anti-connards,2,0,3
2026-08-01,bathroomgraffiti,fra,bougie anti connard,https://bathroomgraffiti.com/products/bougie-humour-anti-connards,2,1,2
2026-08-02,bathroomgraffiti,fra,bougie anti connard,https://bathroomgraffiti.com/products/bougie-humour-anti-connards,3,0,2
2026-08-03,bathroomgraffiti,fra,bougie anti connard,https://bathroomgraffiti.com/products/bougie-humour-anti-connards,2,0,3
2026-08-06,bathroomgraffiti,fra,bougie anti connard,https://bathroomgraffiti.com/products/bougie-humour-anti-connards,2,1,3
2026-08-08,bathroomgraffiti,fra,bougie anti connard,https://bathroomgraffiti.com/products/bougie-humour-anti-connards,2,0,3
2026-08-09,bathroomgraffiti,fra,bougie anti connard,https://bathroomgraffiti.com/products/bougie-humour-anti-connards,2.2,0,5
2026-08-10,bathroomgraffiti,fra,bougie anti connard,https://bathroomgraffiti.com/products/bougie-humour-anti-connards,2,1,3
2026-08-14,bathroomgraffiti,fra,bougie anti connard,https://bathroomgraffiti.com/products/bougie-humour-anti-connards,2,0,4
2026-08-18,bathroomgraffiti,fra,bougie anti connard,https://bathroomgraffiti.com/products/bougie-humour-anti-connards,2,1,4
2026-08-19,bathroomgraffiti,fra,bougie anti connard,https://bathroomgraffiti.com/products/bougie-humour-anti-connards,2,0,2
2026-08-20,bathroomgraffiti,fra,bougie anti connard,https://bathroomgraffiti.com/products/bougie-humour-anti-connards,2,1,4
2026-08-24,bathroomgraffiti,fra,bougie anti connard,https://bathroomgraffiti.com/products/bougie-humour-anti-connards,1.5,1,2
2026-08-26,bathroomgraffiti,fra,bougie anti connard,https://bathroomgraffiti.com/products/bougie-humour-anti-connards,1.5,1,2
2026-08-27,bathroomgraffiti,fra,bougie anti connard,https://bathroomgraffiti.com/products/bougie-humour-anti-connards,2,0,2
2026-08-28,bathroomgraffiti,fra,bougie anti connard,https://bathroomgraffiti.com/products/bougie-humour-anti-connards,1.5,0,2
2026-08-29,bathroomgraffiti,fra,bougie anti connard,https://bathroomgraffiti.com/products/bougie-humour-anti-connards,1.8,1,4
2026-08-30,bathroomgraffiti,fra,bougie anti connard,https://bathroomgraffiti.com/products/bougie-humour-anti-connards,1.5,0,2
2026-09-01,bathroomgraffiti,fra,bougie anti connard,https://bathroomgraffiti.com/products/bougie-humour-anti-connards,1,0,3
2026-09-03,bathroomgraffiti,fra,bougie anti connard,https://bathroomgraffiti.com/products/bougie-humour-anti-connards,1,0,2
2026-09-05,bathroomgraffiti,fra,bougie anti connard,https://bathroomgraffiti.com/products/bougie-humour-anti-connards,1.7,0,3
2026-09-06,bathroomgraffiti,fra,bougie anti connard,https://bathroomgraffiti.com/products/bougie-humour-anti-connards,2,1,3
2026-09-07,bathroomgraffiti,fra,bougie anti connard,https://bathroomgraffiti.com/products/bougie-humour-anti-connards,1.5,0,2
2026-09-08,bathroomgraffiti,fra,bougie anti connard,https://bathroomgraffiti.com/products/bougie-humour-anti-connards,2,0,2
2026-09-09,bathroomgraffiti,fra,bougie anti connard,https://bathroomgraffiti.com/products/bougie-humour-anti-connards,2,0,5
2026-09-10,bathroomgraffiti,fra,bougie anti connard,https://bathroomgraffiti.com/products/bougie-humour-anti-connards,2,0,2
2026-09-12,bathroomgraffiti,fra,bougie anti connard,https://bathroomgraffiti.com/products/bougie-humour-anti-connards,2,1,3
2026-09-15,bathroomgraffiti,fra,bougie anti connard,https://bathroomgraffiti.com/products/bougie-humour-anti-connards,2,1,4
2026-09-17,bathroomgraffiti,fra,bougie anti connard,https://bathroomgraffiti.com/products/bougie-humour-anti-connards,2,2,11
2026-09-19,bathroomgraffiti,fra,bougie anti connard,https://bathroomgraffiti.com/products/bougie-humour-anti-connards,2,0,4
2026-09-21,bathroomgraffiti,fra,bougie anti connard,https://bathroomgraffiti.com/products/bougie-humour-anti-connards,2,0,3
2026-09-22,bathroomgraffiti,fra,bougie anti connard,https://bathroomgraffiti.com/products/bougie-humour-anti-connards,2,0,2
2026-09-23,bathroomgraffiti,fra,bougie anti connard,https://bathroomgraffiti.com/products/bougie-humour-anti-connards,2,0,6
2026-09-25,bathroomgraffiti,fra,bougie anti connard,https://bathroomgraffiti.com/products/bougie-humour-anti-connards,2,0,2
2026-09-26,bathroomgraffiti,fra,bougie anti connard,https://bathroomgraffiti.com/products/bougie-humour-anti-connards,2.2,0,6
2026-09-27,bathroomgraffiti,fra,bougie anti connard,https://bathroomgraffiti.com/products/bougie-humour-anti-connards,2.1,0,8
2026-09-28,bathroomgraffiti,fra,bougie anti connard,https://bathroomgraffiti.com/products/bougie-humour-anti-connards,2,0,3
2026-09-29,bathroomgraffiti,fra,bougie anti connard,https://bathroomgraffiti.com/products/bougie-humour-anti-connards,2.7,0,3
2026-09-30,bathroomgraffiti,fra,bougie anti connard,https://bathroomgraffiti.com/products/bougie-humour-anti-connards,4,0,2
2026-10-01,bathroomgraffiti,fra,bougie anti connard,https://bathroomgraffiti.com/products/bougie-humour-anti-connards,3.5,0,2
2026-10-03,bathroomgraffiti,fra,bougie anti connard,https://bathroomgraffiti.com/products/bougie-humour-anti-connards,3.7,0,3
2026-07-08,bathroomgraffiti,fra,graffiti bathroom,http://www.bathroomgraffiti.com/,2,0,3
2026-07-08,bathroomgraffiti,fra,graffiti bathroom,https://bathroomgraffiti.com/,1,0,3
2026-07-08,bathroomgraffiti,fra,graffiti bathroom,https://bathroomgraffiti.com/collections/cuisine-et-bain,1,0,3
2026-07-08,bathroomgraffiti,fra,graffiti bathroom,https://bathroomgraffiti.com/collections/deco,1,0,3
2026-07-08,bathroomgraffiti,fra,graffiti bathroom,https://bathroomgraffiti.com/collections/idees-cadeaux,1,2,3
2026-07-08,bathroomgraffiti,fra,graffiti bathroom,https://bathroomgraffiti.com/collections/sonny-angel,1,0,3
2026-07-08,bathroomgraffiti,fra,graffiti bathroom,https://bathroomgraffiti.com/pages/nos-boutiques,1,0,3
2026-07-08,bathroomgraffiti,fra,graffiti bathroom,https://bathroomgraffiti.com/pages/notre-histoire,1,0,3
2026-07-09,bathroomgraffiti,fra,graffiti bathroom,http://www.bathroomgraffiti.com/,2,0,2
2026-07-09,bathroomgraffiti,fra,graffiti bathroom,https://bathroomgraffiti.com/,1,0,2
2026-07-09,bathroomgraffiti,fra,graffiti bathroom,https://bathroomgraffiti.com/collections/cuisine-et-bain,1,0,2
2026-07-09,bathroomgraffiti,fra,graffiti bathroom,https://bathroomgraffiti.com/collections/deco,1,0,2
2026-07-09,bathroomgraffiti,fra,graffiti bathroom,https://bathroomgraffiti.com/collections/idees-cadeaux,1,1,2
2026-07-09,bathroomgraffiti,fra,graffiti bathroom,https://bathroomgraffiti.com/pages/nos-boutiques,1,0,2
2026-07-09,bathroomgraffiti,fra,graffiti bathroom,https://bathroomgraffiti.com/pages/notre-histoire,1,0,2
2026-07-10,bathroomgraffiti,fra,graffiti bathroom,http://www.bathroomgraffiti.com/,3,0,3
2026-07-10,bathroomgraffiti,fra,graffiti bathroom,https://bathroomgraffiti.com/,1,2,3
2026-07-10,bathroomgraffiti,fra,graffiti bathroom,https://bathroomgraffiti.com/collections/cuisine-et-bain,1,0,2
2026-07-10,bathroomgraffiti,fra,graffiti bathroom,https://bathroomgraffiti.com/collections/deco,1,0,2
2026-07-10,bathroomgraffiti,fra,graffiti bathroom,https://bathroomgraffiti.com/collections/idees-cadeaux,1,1,3
2026-07-10,bathroomgraffiti,fra,graffiti bathroom,https://bathroomgraffiti.com/pages/nos-boutiques,1,0,3
2026-07-17,bathroomgraffiti,fra,graffiti bathroom,http://www.bathroomgraffiti.com/,2,0,2
2026-07-19,bathroomgraffiti,fra,graffiti bathroom,http://www.bathroomgraffiti.com/,3,0,2
2026-07-19,bathroomgraffiti,fra,graffiti bathroom,https://bathroomgraffiti.com/,1,0,2
2026-07-19,bathroomgraffiti,fra,graffiti bathroom,https://bathroomgraffiti.com/collections/cuisine-et-bain,1,0,2
2026-07-19,bathroomgraffiti,fra,graffiti bathroom,https://bathroomgraffiti.com/collections/deco,1,0,2
2026-07-19,bathroomgraffiti,fra,graffiti bathroom,https://bathroomgraffiti.com/collections/idees-cadeaux,1,0,2
2026-07-19,bathroomgraffiti,fra,graffiti bathroom,https://bathroomgraffiti.com/collections/salle-de-bain,1,0,2
2026-07-19,bathroomgraffiti,fra,graffiti bathroom,https://bathroomgraffiti.com/collections/sonny-angel,1,0,2
2026-07-19,bathroomgraffiti,fra,graffiti bathroom,https://bathroomgraffiti.com/pages/nos-boutiques,1,0,2
2026-07-26,bathroomgraffiti,fra,graffiti bathroom,http://www.bathroomgraffiti.com/,2,0,2
2026-07-26,bathroomgraffiti,fra,graffiti bathroom,https://bathroomgraffiti.com/,1,2,2
2026-07-26,bathroomgraffiti,fra,graffiti bathroom,https://bathroomgraffiti.com/collections/cuisine-et-bain,1,0,2
2026-07-26,bathroomgraffiti,fra,graffiti bathroom,https://bathroomgraffiti.com/collections/deco,1,0,2
2026-07-26,bathroomgraffiti,fra,graffiti bathroom,https://bathroomgraffiti.com/collections/idees-cadeaux,1,0,2
2026-07-26,bathroomgraffiti,fra,graffiti bathroom,https://bathroomgraffiti.com/collections/sonny-angel,1,0,2
2026-07-26,bathroomgraffiti,fra,graffiti bathroom,https://bathroomgraffiti.com/pages/nos-boutiques,1,0,2
2026-07-29,bathroomgraffiti,fra,graffiti bathroom,http://www.bathroomgraffiti.com/,2,0,2
2026-07-29,bathroomgraffiti,fra,graffiti bathroom,https://bathroomgraffiti.com/,1,1,2
2026-07-29,bathroomgraffiti,fra,graffiti bathroom,https://bathroomgraffiti.com/collections/deco,1,0,2
2026-07-29,bathroomgraffiti,fra,graffiti bathroom,https://bathroomgraffiti.com/collections/idees-cadeaux,1,0,2
2026-07-29,bathroomgraffiti,fra,graffiti bathroom,https://bathroomgraffiti.com/collections/sonny-angel,1,0,2
2026-07-29,bathroomgraffiti,fra,graffiti bathroom,https://bathroomgraffiti.com/pages/nos-boutiques,1,0,2
2026-08-02,bathroomgraffiti,fra,graffiti bathroom,http://www.bathroomgraffiti.com/,2.5,0,2
2026-08-02,bathroomgraffiti,fra,graffiti bathroom,https://bathroomgraffiti.com/,1,1,2
2026-08-02,bathroomgraffiti,fra,graffiti bathroom,https://bathroomgraffiti.com/collections/cuisine-et-bain,1,0,2
2026-08-02,bathroomgraffiti,fra,graffiti bathroom,https://bathroomgraffiti.com/collections/deco,1,0,2
2026-08-02,bathroomgraffiti,fra,graffiti bathroom,https://bathroomgraffiti.com/collections/idees-cadeaux,1,1,2
2026-08-02,bathroomgraffiti,fra,graffiti bathroom,https://bathroomgraffiti.com/collections/sonny-angel,1,0,2
2026-08-02,bathroomgraffiti,fra,graffiti bathroom,https://bathroomgraffiti.com/pages/nos-boutiques,1,0,2
2026-08-02,bathroomgraffiti,fra,graffiti bathroom,https://bathroomgraffiti.com/pages/notre-histoire,1,0,2
2026-08-05,bathroomgraffiti,fra,graffiti bathroom,https://bathroomgraffiti.com/,1,1,2
2026-08-05,bathroomgraffiti,fra,graffiti bathroom,https://bathroomgraffiti.com/collections/idees-cadeaux,1,0,2
2026-08-05,bathroomgraffiti,fra,graffiti bathroom,https://bathroomgraffiti.com/pages/nos-boutiques,1,0,2
2026-08-14,bathroomgraffiti,fra,graffiti bathroom,http://www.bathroomgraffiti.com/,1.5,0,2
2026-08-14,bathroomgraffiti,fra,graffiti bathroom,https://bathroomgraffiti.com/,2.5,0,2
2026-08-21,bathroomgraffiti,fra,graffiti bathroom,http://www.bathroomgraffiti.com/,8,0,3
2026-08-21,bathroomgraffiti,fra,graffiti bathroom,https://bathroomgraffiti.com/,1,1,3
2026-08-21,bathroomgraffiti,fra,graffiti bathroom,https://bathroomgraffiti.com/collections/cuisine-et-bain,1,0,3
2026-08-21,bathroomgraffiti,fra,graffiti bathroom,https://bathroomgraffiti.com/collections/deco,1,0,3
2026-08-21,bathroomgraffiti,fra,graffiti bathroom,https://bathroomgraffiti.com/collections/idees-cadeaux,1,0,3
2026-08-21,bathroomgraffiti,fra,graffiti bathroom,https://bathroomgraffiti.com/collections/sonny-angel,1,0,3
2026-08-21,bathroomgraffiti,fra,graffiti bathroom,https://bathroomgraffiti.com/pages/nos-boutiques,1,0,3
2026-08-28,bathroomgraffiti,fra,graffiti bathroom,http://www.bathroomgraffiti.com/,2,0,2
2026-08-28,bathroomgraffiti,fra,graffiti bathroom,https://bathroomgraffiti.com/,1,1,3
2026-08-28,bathroomgraffiti,fra,graffiti bathroom,https://bathroomgraffiti.com/collections/cuisine-et-bain,1,0,3
2026-08-28,bathroomgraffiti,fra,graffiti bathroom,https://bathroomgraffiti.com/collections/deco,1,0,3
2026-08-28,bathroomgraffiti,fra,graffiti bathroom,https://bathroomgraffiti.com/collections/idees-cadeaux,1,1,3
2026-08-28,bathroomgraffiti,fra,graffiti bathroom,https://bathroomgraffiti.com/collections/sonny-angel,1,0,2
2026-08-28,bathroomgraffiti,fra,graffiti bathroom,https://bathroomgraffiti.com/pages/nos-boutiques,1,0,3
2026-08-28,bathroomgraffiti,fra,graffiti bathroom,https://bathroomgraffiti.com/pages/notre-histoire,1,0,3
2026-09-01,bathroomgraffiti,fra,graffiti bathroom,http://www.bathroomgraffiti.com/,10.5,0,2
2026-09-01,bathroomgraffiti,fra,graffiti bathroom,https://bathroomgraffiti.com/,1,2,2
2026-09-01,bathroomgraffiti,fra,graffiti bathroom,https://bathroomgraffiti.com/collections/cuisine-et-bain,1,0,2
2026-09-01,bathroomgraffiti,fra,graffiti bathroom,https://bathroomgraffiti.com/collections/deco,1,0,2
2026-09-01,bathroomgraffiti,fra,graffiti bathroom,https://bathroomgraffiti.com/collections/idees-cadeaux,1,0,2
2026-09-01,bathroomgraffiti,fra,graffiti bathroom,https://bathroomgraffiti.com/collections/sonny-angel,1,0,2
2026-09-01,bathroomgraffiti,fra,graffiti bathroom,https://bathroomgraffiti.com/pages/nos-boutiques,1,0,2
2026-09-07,bathroomgraffiti,fra,graffiti bathroom,http://www.bathroomgraffiti.com/,2,0,2
2026-09-07,bathroomgraffiti,fra,graffiti bathroom,https://bathroomgraffiti.com/,1,2,2
2026-09-07,bathroomgraffiti,fra,graffiti bathroom,https://bathroomgraffiti.com/collections/cuisine-et-bain,1,0,2
2026-09-07,bathroomgraffiti,fra,graffiti bathroom,https://bathroomgraffiti.com/collections/deco,1,0,2
2026-09-07,bathroomgraffiti,fra,graffiti bathroom,https://bathroomgraffiti.com/collections/idees-cadeaux,1,0,2
2026-09-07,bathroomgraffiti,fra,graffiti bathroom,https://bathroomgraffiti.com/collections/sonny-angel,1,0,2
2026-09-07,bathroomgraffiti,fra,graffiti bathroom,https://bathroomgraffiti.com/pages/nos-boutiques,1,0,2
2026-09-18,bathroomgraffiti,fra,graffiti bathroom,http://www.bathroomgraffiti.com/,2,0,2
2026-09-18,bathroomgraffiti,fra,graffiti bathroom,https://bathroomgraffiti.com/,1,0,2
2026-09-18,bathroomgraffiti,fra,graffiti bathroom,https://bathroomgraffiti.com/collections/idees-cadeaux,1,0,2
2026-09-18,bathroomgraffiti,fra,graffiti bathroom,https://bathroomgraffiti.com/pages/nos-boutiques,1,0,2
2026-09-25,bathroomgraffiti,fra,graffiti bathroom,https://bathroomgraffiti.com/,1,1,2
2026-09-30,bathroomgraffiti,fra,graffiti bathroom,https://bathroomgraffiti.com/,1,2,2
2026-09-30,bathroomgraffiti,fra,graffiti bathroom,https://bathroomgraffiti.com/collections/cuisine-et-bain,1,0,2
2026-09-30,bathroomgraffiti,fra,graffiti bathroom,https://bathroomgraffiti.com/collections/deco,1,0,2
2026-09-30,bathroomgraffiti,fra,graffiti bathroom,https://bathroomgraffiti.com/collections/idees-cadeaux,1,0,2
2026-09-30,bathroomgraffiti,fra,graffiti bathroom,https://bathroomgraffiti.com/collections/sonny-angel,1,0,2
2026-09-30,bathroomgraffiti,fra,graffiti bathroom,https://bathroomgraffiti.com/pages/nos-boutiques,1,1,2
2026-10-02,bathroomgraffiti,fra,graffiti bathroom,https://bathroomgraffiti.com/,1,2,3
2026-10-02,bathroomgraffiti,fra,graffiti bathroom,https://bathroomgraffiti.com/collections/accessoires-de-maison,1,0,3
2026-10-02,bathroomgraffiti,fra,graffiti bathroom,https://bathroomgraffiti.com/collections/bougies-senteurs,1,0,2
2026-10-02,bathroomgraffiti,fra,graffiti bathroom,https://bathroomgraffiti.com/collections/cuisine-et-bain,1,0,3
2026-10-02,bathroomgraffiti,fra,graffiti bathroom,https://bathroomgraffiti.com/collections/deco,1,0,3
2026-10-02,bathroomgraffiti,fra,graffiti bathroom,https://bathroomgraffiti.com/collections/idees-cadeaux,1,0,3
2026-10-02,bathroomgraffiti,fra,graffiti bathroom,https://bathroomgraffiti.com/pages/nos-boutiques,1,0,3
2026-10-03,bathroomgraffiti,fra,graffiti bathroom,https://bathroomgraffiti.com/,1,2,2
2026-10-03,bathroomgraffiti,fra,graffiti bathroom,https://bathroomgraffiti.com/collections/accessoires-de-maison,1,0,2
2026-10-03,bathroomgraffiti,fra,graffiti bathroom,https://bathroomgraffiti.com/collections/cuisine-et-bain,1,0,2
2026-10-03,bathroomgraffiti,fra,graffiti bathroom,https://bathroomgraffiti.com/collections/deco,1,0,2
2026-10-03,bathroomgraffiti,fra,graffiti bathroom,https://bathroomgraffiti.com/collections/idees-cadeaux,1,0,2
2026-10-03,bathroomgraffiti,fra,graffiti bathroom,https://bathroomgraffiti.com/pages/nos-boutiques,1,0,2
2026-07-07,bathroomgraffiti,fra,ichendorf milano,https://bathroomgraffiti.com/collections/ichendorf,4.9,0,7
2026-07-08,bathroomgraffiti,fra,ichendorf milano,https://bathroomgraffiti.com/collections/ichendorf,4,0,12
2026-07-09,bathroomgraffiti,fra,ichendorf milano,https://bathroomgraffiti.com/collections/ichendorf,5.6,0,15
2026-07-10,bathroomgraffiti,fra,ichendorf milano,https://bathroomgraffiti.com/collections/ichendorf,4.5,1,21
2026-07-11,bathroomgraffiti,fra,ichendorf milano,https://bathroomgraffiti.com/collections/ichendorf,3.8,0,31
2026-07-12,bathroomgraffiti,fra,ichendorf milano,https://bathroomgraffiti.com/collections/ichendorf,3.8,0,12
2026-07-13,bathroomgraffiti,fra,ichendorf milano,https://bathroomgraffiti.com/collections/ichendorf,3.9,0,21
2026-07-14,bathroomgraffiti,fra,ichendorf milano,https://bathroomgraffiti.com/collections/ichendorf,4.8,0,6
2026-07-15,bathroomgraffiti,fra,ichendorf milano,https://bathroomgraffiti.com/collections/ichendorf,4.9,0,13
2026-07-16,bathroomgraffiti,fra,ichendorf milano,https://bathroomgraffiti.com/collections/ichendorf,4.6,1,14
2026-07-17,bathroomgraffiti,fra,ichendorf milano,https://bathroomgraffiti.com/collections/ichendorf,4.6,0,14
2026-07-18,bathroomgraffiti,fra,ichendorf milano,https://bathroomgraffiti.com/collections/ichendorf,3.6,0,16
2026-07-19,bathroomgraffiti,fra,ichendorf milano,https://bathroomgraffiti.com/collections/ichendorf,4.1,0,17
2026-07-20,bathroomgraffiti,fra,ichendorf milano,https://bathroomgraffiti.com/collections/ichendorf,3.6,0,15
2026-07-21,bathroomgraffiti,fra,ichendorf milano,https://bathroomgraffiti.com/collections/ichendorf,5,0,11
2026-07-22,bathroomgraffiti,fra,ichendorf milano,https://bathroomgraffiti.com/collections/ichendorf,4.7,0,25
2026-07-23,bathroomgraffiti,fra,ichendorf milano,https://bathroomgraffiti.com/collections/ichendorf,3.9,0,19
2026-07-24,bathroomgraffiti,fra,ichendorf milano,https://bathroomgraffiti.com/collections/ichendorf,3.8,0,26
2026-07-25,bathroomgraffiti,fra,ichendorf milano,https://bathroomgraffiti.com/collections/ichendorf,5.2,0,14
2026-07-26,bathroomgraffiti,fra,ichendorf milano,https://bathroomgraffiti.com/collections/ichendorf,4.5,0,29
2026-07-27,bathroomgraffiti,fra,ichendorf milano,https://bathroomgraffiti.com/collections/ichendorf,4.4,0,24
2026-07-28,bathroomgraffiti,fra,ichendorf milano,https://bathroomgraffiti.com/collections/ichendorf,3.1,0,20
2026-07-29,bathroomgraffiti,fra,ichendorf milano,https://bathroomgraffiti.com/collections/ichendorf,3.5,1,17
2026-07-30,bathroomgraffiti,fra,ichendorf milano,https://bathroomgraffiti.com/collections/ichendorf,4.2,0,17
2026-07-31,bathroomgraffiti,fra,ichendorf milano,https://bathroomgraffiti.com/collections/ichendorf,2.5,1,15
2026-08-01,bathroomgraffiti,fra,ichendorf milano,https://bathroomgraffiti.com/collections/ichendorf,2.7,2,26
2026-08-02,bathroomgraffiti,fra,ichendorf milano,https://bathroomgraffiti.com/collections/ichendorf,2.8,0,17
2026-08-03,bathroomgraffiti,fra,ichendorf milano,https://bathroomgraffiti.com/collections/ichendorf,3.1,0,17
2026-08-04,bathroomgraffiti,fra,ichendorf milano,https://bathroomgraffiti.com/collections/ichendorf,2.8,0,14
2026-08-05,bathroomgraffiti,fra,ichendorf milano,https://bathroomgraffiti.com/collections/ichendorf,2.5,2,14
2026-08-06,bathroomgraffiti,fra,ichendorf milano,https://bathroomgraffiti.com/collections/ichendorf,2.6,0,18
2026-08-07,bathroomgraffiti,fra,ichendorf milano,https://bathroomgraffiti.com/collections/ichendorf,2.4,0,14
2026-08-08,bathroomgraffiti,fra,ichendorf milano,https://bathroomgraffiti.com/collections/ichendorf,2.4,0,21
2026-08-09,bathroomgraffiti,fra,ichendorf milano,https://bathroomgraffiti.com/collections/ichendorf,2.7,2,28
2026-08-10,bathroomgraffiti,fra,ichendorf milano,https://bathroomgraffiti.com/collections/ichendorf,3.5,0,13
2026-08-11,bathroomgraffiti,fra,ichendorf milano,https://bathroomgraffiti.com/collections/ichendorf,3.0,1,22
2026-08-12,bathroomgraffiti,fra,ichendorf milano,https://bathroomgraffiti.com/collections/ichendorf,4.0,1,20
2026-08-13,bathroomgraffiti,fra,ichendorf milano,https://bathroomgraffiti.com/collections/ichendorf,3.8,0,19
2026-08-14,bathroomgraffiti,fra,ichendorf milano,https://bathroomgraffiti.com/collections/ichendorf,3.6,0,14
2026-08-15,bathroomgraffiti,fra,ichendorf milano,https://bathroomgraffiti.com/collections/ichendorf,3.9,0,14
2026-08-16,bathroomgraffiti,fra,ichendorf milano,https://bathroomgraffiti.com/collections/ichendorf,3.1,0,16
2026-08-17,bathroomgraffiti,fra,ichendorf milano,https://bathroomgraffiti.com/collections/ichendorf,2.9,0,14
2026-08-18,bathroomgraffiti,fra,ichendorf milano,https://bathroomgraffiti.com/collections/ichendorf,3.0,0,20
2026-08-19,bathroomgraffiti,fra,ichendorf milano,https://bathroomgraffiti.com/collections/ichendorf,2.5,0,14
2026-08-20,bathroomgraffiti,fra,ichendorf milano,https://bathroomgraffiti.com/collections/ichendorf,3.5,1,23
2026-08-21,bathroomgraffiti,fra,ichendorf milano,https://bathroomgraffiti.com/collections/ichendorf,3.4,0,10
2026-08-22,bathroomgraffiti,fra,ichendorf milano,https://bathroomgraffiti.com/collections/ichendorf,4.8,0,17
2026-08-23,bathroomgraffiti,fra,ichendorf milano,https://bathroomgraffiti.com/collections/ichendorf,3.2,1,14
2026-08-24,bathroomgraffiti,fra,ichendorf milano,https://bathroomgraffiti.com/collections/ichendorf,3.6,0,16
2026-08-25,bathroomgraffiti,fra,ichendorf milano,https://bathroomgraffiti.com/collections/ichendorf,3.3,1,14
2026-08-26,bathroomgraffiti,fra,ichendorf milano,https://bathroomgraffiti.com/collections/ichendorf,3.1,2,17
2026-08-27,bathroomgraffiti,fra,ichendorf milano,https://bathroomgraffiti.com/collections/ichendorf,3.1,0,12
2026-08-28,bathroomgraffiti,fra,ichendorf milano,https://bathroomgraffiti.com/collections/ichendorf,3.9,0,15
2026-08-29,bathroomgraffiti,fra,ichendorf milano,https://bathroomgraffiti.com/collections/ichendorf,4.8,0,22
2026-08-30,bathroomgraffiti,fra,ichendorf milano,https://bathroomgraffiti.com/collections/ichendorf,5.4,2,21
2026-08-31,bathroomgraffiti,fra,ichendorf milano,https://bathroomgraffiti.com/collections/ichendorf,4.7,0,16
2026-09-01,bathroomgraffiti,fra,ichendorf milano,https://bathroomgraffiti.com/collections/ichendorf,4.4,0,14
2026-09-02,bathroomgraffiti,fra,ichendorf milano,https://bathroomgraffiti.com/collections/ichendorf,3.9,0,12
2026-09-03,bathroomgraffiti,fra,ichendorf milano,https://bathroomgraffiti.com/collections/ichendorf,3.3,0,16
2026-09-04,bathroomgraffiti,fra,ichendorf milano,https://bathroomgraffiti.com/collections/ichendorf,3.6,0,19
2026-09-05,bathroomgraffiti,fra,ichendorf milano,https://bathroomgraffiti.com/collections/ichendorf,4.3,0,20
2026-09-06,bathroomgraffiti,fra,ichendorf milano,https://bathroomgraffiti.com/collections/ichendorf,4.6,0,18
2026-09-07,bathroomgraffiti,fra,ichendorf milano,https://bathroomgraffiti.com/collections/ichendorf,4.1,0,15
2026-09-08,bathroomgraffiti,fra,ichendorf milano,https://bathroomgraffiti.com/collections/ichendorf,3.7,1,19
2026-09-09,bathroomgraffiti,fra,ichendorf milano,https://bathroomgraffiti.com/collections/ichendorf,3.2,1,13
2026-09-10,bathroomgraffiti,fra,ichendorf milano,https://bathroomgraffiti.com/collections/ichendorf,3.9,0,15
2026-09-11,bathroomgraffiti,fra,ichendorf milano,https://bathroomgraffiti.com/collections/ichendorf,3.6,0,27
2026-09-12,bathroomgraffiti,fra,ichendorf milano,https://bathroomgraffiti.com/collections/ichendorf,3.7,0,21
2026-09-13,bathroomgraffiti,fra,ichendorf milano,https://bathroomgraffiti.com/collections/ichendorf,3.9,1,38
2026-09-14,bathroomgraffiti,fra,ichendorf milano,https://bathroomgraffiti.com/collections/ichendorf,4.2,0,18
2026-09-15,bathroomgraffiti,fra,ichendorf milano,https://bathroomgraffiti.com/collections/ichendorf,4.9,0,11
2026-09-16,bathroomgraffiti,fra,ichendorf milano,https://bathroomgraffiti.com/collections/ichendorf,4.1,0,19
2026-09-17,bathroomgraffiti,fra,ichendorf milano,https://bathroomgraffiti.com/collections/ichendorf,4.1,0,16
2026-09-18,bathroomgraffiti,fra,ichendorf milano,https://bathroomgraffiti.com/collections/ichendorf,3.6,0,12
2026-09-19,bathroomgraffiti,fra,ichendorf milano,https://bathroomgraffiti.com/collections/ichendorf,4.6,1,18
2026-09-20,bathroomgraffiti,fra,ichendorf milano,https://bathroomgraffiti.com/collections/ichendorf,4.2,0,17
2026-09-21,bathroomgraffiti,fra,ichendorf milano,https://bathroomgraffiti.com/collections/ichendorf,4.2,0,17
2026-09-22,bathroomgraffiti,fra,ichendorf milano,https://bathroomgraffiti.com/collections/ichendorf,3.9,0,18
2026-09-23,bathroomgraffiti,fra,ichendorf milano,https://bathroomgraffiti.com/collections/ichendorf,4.2,0,16
2026-09-24,bathroomgraffiti,fra,ichendorf milano,https://bathroomgraffiti.com/collections/ichendorf,4.5,0,15
2026-09-25,bathroomgraffiti,fra,ichendorf milano,https://bathroomgraffiti.com/collections/ichendorf,4.7,0,11
2026-09-26,bathroomgraffiti,fra,ichendorf milano,https://bathroomgraffiti.com/collections/ichendorf,5.3,0,15
2026-09-27,bathroomgraffiti,fra,ichendorf milano,https://bathroomgraffiti.com/collections/ichendorf,5.4,0,13
2026-09-28,bathroomgraffiti,fra,ichendorf milano,https://bathroomgraffiti.com/collections/ichendorf,4.4,0,18
2026-09-29,bathroomgraffiti,fra,ichendorf milano,https://bathroomgraffiti.com/collections/ichendorf,4,1,11
2026-09-30,bathroomgraffiti,fra,ichendorf milano,https://bathroomgraffiti.com/collections/ichendorf,4.1,0,14
2026-10-01,bathroomgraffiti,fra,ichendorf milano,https://bathroomgraffiti.com/collections/ichendorf,4.7,1,22
2026-10-02,bathroomgraffiti,fra,ichendorf milano,https://bathroomgraffiti.com/collections/ichendorf,4.7,0,19
2026-10-03,bathroomgraffiti,fra,ichendorf milano,https://bathroomgraffiti.com/collections/ichendorf,3.9,0,18
2026-10-04,bathroomgraffiti,fra,ichendorf milano,https://bathroomgraffiti.com/collections/ichendorf,4.6,0,20
2026-07-07,bathroomgraffiti,fra,livre deco,https://bathroomgraffiti.com/collections/livre-deco,5.3,0,3
2026-07-08,bathroomgraffiti,fra,livre deco,https://bathroomgraffiti.com/collections/livre-deco,2.9,0,8
2026-07-10,bathroomgraffiti,fra,livre deco,https://bathroomgraffiti.com/collections/livre-deco,3.3,0,9
2026-07-11,bathroomgraffiti,fra,livre deco,https://bathroomgraffiti.com/collections/livre-deco,8,0,5
2026-07-12,bathroomgraffiti,fra,livre deco,https://bathroomgraffiti.com/collections/livre-deco,9.7,0,11
2026-07-13,bathroomgraffiti,fra,livre deco,https://bathroomgraffiti.com/collections/livre-deco,2.4,0,8
2026-07-14,bathroomgraffiti,fra,livre deco,https://bathroomgraffiti.com/collections/livre-deco,6,1,4
2026-07-15,bathroomgraffiti,fra,livre deco,https://bathroomgraffiti.com/collections/livre-deco,6.8,0,5
2026-07-16,bathroomgraffiti,fra,livre deco,https://bathroomgraffiti.com/collections/livre-deco,9.3,0,15
2026-07-17,bathroomgraffiti,fra,livre deco,https://bathroomgraffiti.com/collections/livre-deco,2.8,0,5
2026-07-18,bathroomgraffiti,fra,livre deco,https://bathroomgraffiti.com/collections/livre-deco,5.1,0,11
2026-07-19,bathroomgraffiti,fra,livre deco,https://bathroomgraffiti.com/collections/livre-deco,6.3,0,19
2026-07-20,bathroomgraffiti,fra,livre deco,https://bathroomgraffiti.com/collections/livre-deco,4.8,0,23
2026-07-21,bathroomgraffiti,fra,livre deco,https://bathroomgraffiti.com/collections/livre-deco,5.4,0,16
2026-07-22,bathroomgraffiti,fra,livre deco,https://bathroomgraffiti.com/collections/livre-deco,8.1,0,15
2026-07-23,bathroomgraffiti,fra,livre deco,https://bathroomgraffiti.com/collections/livre-deco,5.1,0,8
2026-07-24,bathroomgraffiti,fra,livre deco,https://bathroomgraffiti.com/collections/livre-deco,10.8,0,8
2026-07-25,bathroomgraffiti,fra,livre deco,https://bathroomgraffiti.com/collections/livre-deco,7.8,0,14
2026-07-26,bathroomgraffiti,fra,livre deco,https://bathroomgraffiti.com/collections/livre-deco,7.9,0,18
2026-07-27,bathroomgraffiti,fra,livre deco,https://bathroomgraffiti.com/collections/livre-deco,9.8,0,17
2026-07-28,bathroomgraffiti,fra,livre deco,https://bathroomgraffiti.com/collections/livre-deco,8.4,0,14
2026-07-29,bathroomgraffiti,fra,livre deco,https://bathroomgraffiti.com/collections/livre-deco,9,0,13
2026-07-30,bathroomgraffiti,fra,livre deco,https://bathroomgraffiti.com/collections/livre-deco,8.2,0,15
2026-07-31,bathroomgraffiti,fra,livre deco,https://bathroomgraffiti.com/collections/livre-deco,9.7,0,9
2026-08-01,bathroomgraffiti,fra,livre deco,https://bathroomgraffiti.com/collections/livre-deco,3.2,0,15
2026-08-02,bathroomgraffiti,fra,livre deco,https://bathroomgraffiti.com/collections/livre-deco,5.8,0,18
2026-08-03,bathroomgraffiti,fra,livre deco,https://bathroomgraffiti.com/collections/livre-deco,3.9,0,24
2026-08-04,bathroomgraffiti,fra,livre deco,https://bathroomgraffiti.com/collections/livre-deco,6.7,0,25
2026-08-05,bathroomgraffiti,fra,livre deco,https://bathroomgraffiti.com/collections/livre-deco,4.6,0,25
2026-08-06,bathroomgraffiti,fra,livre deco,https://bathroomgraffiti.com/collections/livre-deco,5.3,2,39
2026-08-07,bathroomgraffiti,fra,livre deco,https://bathroomgraffiti.com/collections/livre-deco,4.8,0,23
2026-08-08,bathroomgraffiti,fra,livre deco,https://bathroomgraffiti.com/collections/livre-deco,5.2,0,28
2026-08-09,bathroomgraffiti,fra,livre deco,https://bathroomgraffiti.com/collections/livre-deco,6.2,0,20
2026-08-10,bathroomgraffiti,fra,livre deco,https://bathroomgraffiti.com/collections/livre-deco,6.6,0,27
2026-08-11,bathroomgraffiti,fra,livre deco,https://bathroomgraffiti.com/collections/livre-deco,7.1,0,21
2026-08-12,bathroomgraffiti,fra,livre deco,https://bathroomgraffiti.com/collections/livre-deco,8.8,0,23
2026-08-13,bathroomgraffiti,fra,livre deco,https://bathroomgraffiti.com/collections/livre-deco,6.5,1,18
2026-08-14,bathroomgraffiti,fra,livre deco,https://bathroomgraffiti.com/collections/livre-deco,4.2,0,28
2026-08-15,bathroomgraffiti,fra,livre deco,https://bathroomgraffiti.com/collections/livre-deco,3.2,1,27
2026-08-16,bathroomgraffiti,fra,livre deco,https://bathroomgraffiti.com/collections/livre-deco,3.7,1,18
2026-08-17,bathroomgraffiti,fra,livre deco,https://bathroomgraffiti.com/collections/livre-deco,2.7,1,25
2026-08-18,bathroomgraffiti,fra,livre deco,https://bathroomgraffiti.com/collections/livre-deco,5.6,1,29
2026-08-19,bathroomgraffiti,fra,livre deco,https://bathroomgraffiti.com/collections/livre-deco,4.5,0,40
2026-08-20,bathroomgraffiti,fra,livre deco,https://bathroomgraffiti.com/collections/livre-deco,2.8,0,23
2026-08-21,bathroomgraffiti,fra,livre deco,https://bathroomgraffiti.com/collections/livre-deco,2.8,1,41
2026-08-22,bathroomgraffiti,fra,livre deco,https://bathroomgraffiti.com/collections/livre-deco,3.1,0,22
2026-08-23,bathroomgraffiti,fra,livre deco,https://bathroomgraffiti.com/collections/livre-deco,3.5,0,34
2026-08-24,bathroomgraffiti,fra,livre deco,https://bathroomgraffiti.com/collections/livre-deco,2.9,1,29
2026-08-25,bathroomgraffiti,fra,livre deco,https://bathroomgraffiti.com/collections/livre-deco,2.2,1,34
2026-08-26,bathroomgraffiti,fra,livre deco,https://bathroomgraffiti.com/collections/livre-deco,2.8,0,39
2026-08-27,bathroomgraffiti,fra,livre deco,https://bathroomgraffiti.com/collections/livre-deco,2.6,1,34
2026-08-28,bathroomgraffiti,fra,livre deco,https://bathroomgraffiti.com/collections/livre-deco,2.4,1,33
2026-08-29,bathroomgraffiti,fra,livre deco,https://bathroomgraffiti.com/collections/livre-deco,2.4,0,69
2026-08-30,bathroomgraffiti,fra,livre deco,https://bathroomgraffiti.com/collections/livre-deco,4.2,2,33
2026-08-31,bathroomgraffiti,fra,livre deco,https://bathroomgraffiti.com/collections/livre-deco,6.3,2,15
2026-09-01,bathroomgraffiti,fra,livre deco,https://bathroomgraffiti.com/collections/livre-deco,2.2,0,31
2026-09-02,bathroomgraffiti,fra,livre deco,https://bathroomgraffiti.com/collections/livre-deco,2.8,0,25
2026-09-03,bathroomgraffiti,fra,livre deco,https://bathroomgraffiti.com/collections/livre-deco,4.3,0,25
2026-09-04,bathroomgraffiti,fra,livre deco,https://bathroomgraffiti.com/collections/livre-deco,3.7,0,23
2026-09-05,bathroomgraffiti,fra,livre deco,https://bathroomgraffiti.com/collections/livre-deco,2.8,0,30
2026-09-06,bathroomgraffiti,fra,livre deco,https://bathroomgraffiti.com/collections/livre-deco,3.4,0,30
2026-09-07,bathroomgraffiti,fra,livre deco,https://bathroomgraffiti.com/collections/livre-deco,3.3,1,31
2026-09-08,bathroomgraffiti,fra,livre deco,https://bathroomgraffiti.com/collections/livre-deco,3.9,1,18
2026-09-09,bathroomgraffiti,fra,livre deco,https://bathroomgraffiti.com/collections/livre-deco,3.5,0,28
2026-09-10,bathroomgraffiti,fra,livre deco,https://bathroomgraffiti.com/collections/livre-deco,2.2,0,26
2026-09-11,bathroomgraffiti,fra,livre deco,https://bathroomgraffiti.com/collections/livre-deco,2.5,1,35
2026-09-12,bathroomgraffiti,fra,livre deco,https://bathroomgraffiti.com/collections/livre-deco,2.3,1,30
2026-09-13,bathroomgraffiti,fra,livre deco,https://bathroomgraffiti.com/collections/livre-deco,4.3,0,18
2026-09-14,bathroomgraffiti,fra,livre deco,https://bathroomgraffiti.com/collections/livre-deco,3.8,0,13
2026-09-15,bathroomgraffiti,fra,livre deco,https://bathroomgraffiti.com/collections/livre-deco,4,0,21
2026-09-16,bathroomgraffiti,fra,livre deco,https://bathroomgraffiti.com/collections/livre-deco,3.2,0,13
2026-09-17,bathroomgraffiti,fra,livre deco,https://bathroomgraffiti.com/collections/livre-deco,3,1,14
2026-09-18,bathroomgraffiti,fra,livre deco,https://bathroomgraffiti.com/collections/livre-deco,2.4,0,26
2026-09-19,bathroomgraffiti,fra,livre deco,https://bathroomgraffiti.com/collections/livre-deco,3.4,0,25
2026-09-20,bathroomgraffiti,fra,livre deco,https://bathroomgraffiti.com/collections/livre-deco,3.8,0,19
2026-09-21,bathroomgraffiti,fra,livre deco,https://bathroomgraffiti.com/collections/livre-deco,2.7,1,21
2026-09-22,bathroomgraffiti,fra,livre deco,https://bathroomgraffiti.com/collections/livre-deco,2.8,0,19
2026-09-23,bathroomgraffiti,fra,livre deco,https://bathroomgraffiti.com/collections/livre-deco,2.2,0,26
2026-09-24,bathroomgraffiti,fra,livre deco,https://bathroomgraffiti.com/collections/livre-deco,2.4,1,24
2026-09-25,bathroomgraffiti,fra,livre deco,https://bathroomgraffiti.com/collections/livre-deco,3.3,2,41
2026-09-26,bathroomgraffiti,fra,livre deco,https://bathroomgraffiti.com/collections/livre-deco,2.7,0,22
2026-09-27,bathroomgraffiti,fra,livre deco,https://bathroomgraffiti.com/collections/livre-deco,4.1,1,27
2026-09-28,bathroomgraffiti,fra,livre deco,https://bathroomgraffiti.com/collections/livre-deco,4,0,10
2026-09-29,bathroomgraffiti,fra,livre deco,https://bathroomgraffiti.com/collections/livre-deco,4.1,1,16
2026-09-30,bathroomgraffiti,fra,livre deco,https://bathroomgraffiti.com/collections/livre-deco,3.3,0,18
2026-10-01,bathroomgraffiti,fra,livre deco,https://bathroomgraffiti.com/collections/livre-deco,2.7,0,11
2026-10-02,bathroomgraffiti,fra,livre deco,https://bathroomgraffiti.com/collections/livre-deco,3.2,0,22
2026-10-03,bathroomgraffiti,fra,livre deco,https://bathroomgraffiti.com/collections/livre-deco,3.8,0,26
2026-10-04,bathroomgraffiti,fra,livre deco,https://bathroomgraffiti.com/collections/livre-deco,4.3,0,16
2026-07-07,bathroomgraffiti,fra,livre decoration,https://bathroomgraffiti.com/collections/livre-deco,8.5,0,22
2026-07-08,bathroomgraffiti,fra,livre decoration,https://bathroomgraffiti.com/collections/livre-deco,9.0,0,22
2026-07-09,bathroomgraffiti,fra,livre decoration,https://bathroomgraffiti.com/collections/livre-deco,8.4,0,9
2026-07-10,bathroomgraffiti,fra,livre decoration,https://bathroomgraffiti.com/collections/livre-deco,5,1,7
2026-07-11,bathroomgraffiti,fra,livre decoration,https://bathroomgraffiti.com/collections/livre-deco,5.4,0,13
2026-07-12,bathroomgraffiti,fra,livre decoration,https://bathroomgraffiti.com/collections/livre-deco,8.8,0,20
2026-07-13,bathroomgraffiti,fra,livre decoration,https://bathroomgraffiti.com/collections/livre-deco,9.7,0,12
2026-07-14,bathroomgraffiti,fra,livre decoration,https://bathroomgraffiti.com/collections/livre-deco,9.8,1,14
2026-07-15,bathroomgraffiti,fra,livre decoration,https://bathroomgraffiti.com/collections/livre-deco,6.4,0,9
2026-07-16,bathroomgraffiti,fra,livre decoration,https://bathroomgraffiti.com/collections/livre-deco,5.1,1,20
2026-07-17,bathroomgraffiti,fra,livre decoration,https://bathroomgraffiti.com/collections/livre-deco,4.5,0,14
2026-07-18,bathroomgraffiti,fra,livre decoration,https://bathroomgraffiti.com/collections/livre-deco,5.8,3,21
2026-07-19,bathroomgraffiti,fra,livre decoration,https://bathroomgraffiti.com/collections/livre-deco,9.4,1,29
2026-07-20,bathroomgraffiti,fra,livre decoration,https://bathroomgraffiti.com/collections/livre-deco,6.6,0,27
2026-07-21,bathroomgraffiti,fra,livre decoration,https://bathroomgraffiti.com/collections/livre-deco,6.9,0,19
2026-07-22,bathroomgraffiti,fra,livre decoration,https://bathroomgraffiti.com/collections/livre-deco,5.9,0,12
2026-07-23,bathroomgraffiti,fra,livre decoration,https://bathroomgraffiti.com/collections/livre-deco,6.4,0,21
2026-07-24,bathroomgraffiti,fra,livre decoration,https://bathroomgraffiti.com/collections/livre-deco,8.5,0,12
2026-07-25,bathroomgraffiti,fra,livre decoration,https://bathroomgraffiti.com/collections/livre-deco,7.4,1,13
2026-07-26,bathroomgraffiti,fra,livre decoration,https://bathroomgraffiti.com/collections/livre-deco,5.5,1,19
2026-07-27,bathroomgraffiti,fra,livre decoration,https://bathroomgraffiti.com/collections/livre-deco,7.6,0,15
2026-07-28,bathroomgraffiti,fra,livre decoration,https://bathroomgraffiti.com/collections/livre-deco,8.1,0,10
2026-07-29,bathroomgraffiti,fra,livre decoration,https://bathroomgraffiti.com/collections/livre-deco,3.8,2,13
2026-07-30,bathroomgraffiti,fra,livre decoration,https://bathroomgraffiti.com/collections/livre-deco,5.4,1,7
2026-07-31,bathroomgraffiti,fra,livre decoration,https://bathroomgraffiti.com/collections/livre-deco,5.3,0,7
2026-08-01,bathroomgraffiti,fra,livre decoration,https://bathroomgraffiti.com/collections/livre-deco,3.4,0,34
2026-08-02,bathroomgraffiti,fra,livre decoration,https://bathroomgraffiti.com/collections/livre-deco,3.2,3,32
2026-08-03,bathroomgraffiti,fra,livre decoration,https://bathroomgraffiti.com/collections/livre-deco,4.1,1,28
2026-08-04,bathroomgraffiti,fra,livre decoration,https://bathroomgraffiti.com/collections/livre-deco,5.5,0,34
2026-08-05,bathroomgraffiti,fra,livre decoration,https://bathroomgraffiti.com/collections/livre-deco,6.4,0,19
2026-08-06,bathroomgraffiti,fra,livre decoration,https://bathroomgraffiti.com/collections/livre-deco,4.3,0,18
2026-08-07,bathroomgraffiti,fra,livre decoration,https://bathroomgraffiti.com/collections/livre-deco,6.3,0,14
2026-08-08,bathroomgraffiti,fra,livre decoration,https://bathroomgraffiti.com/collections/livre-deco,10.1,0,13
2026-08-09,bathroomgraffiti,fra,livre decoration,https://bathroomgraffiti.com/collections/livre-deco,3.6,1,9
2026-08-10,bathroomgraffiti,fra,livre decoration,https://bathroomgraffiti.com/collections/livre-deco,9.5,0,16
2026-08-11,bathroomgraffiti,fra,livre decoration,https://bathroomgraffiti.com/collections/livre-deco,6.9,1,12
2026-08-12,bathroomgraffiti,fra,livre decoration,https://bathroomgraffiti.com/collections/livre-deco,9.1,0,18
2026-08-13,bathroomgraffiti,fra,livre decoration,https://bathroomgraffiti.com/collections/livre-deco,9.7,0,21
2026-08-14,bathroomgraffiti,fra,livre decoration,https://bathroomgraffiti.com/collections/livre-deco,6.1,0,16
2026-08-15,bathroomgraffiti,fra,livre decoration,https://bathroomgraffiti.com/collections/livre-deco,8.9,0,14
2026-08-16,bathroomgraffiti,fra,livre decoration,https://bathroomgraffiti.com/collections/livre-deco,5.5,0,11
2026-08-17,bathroomgraffiti,fra,livre decoration,https://bathroomgraffiti.com/collections/livre-deco,4.6,0,11
2026-08-18,bathroomgraffiti,fra,livre decoration,https://bathroomgraffiti.com/collections/livre-deco,3.4,0,30
2026-08-19,bathroomgraffiti,fra,livre decoration,https://bathroomgraffiti.com/collections/livre-deco,4.2,0,51
2026-08-20,bathroomgraffiti,fra,livre decoration,https://bathroomgraffiti.com/collections/livre-deco,2.8,0,49
2026-08-21,bathroomgraffiti,fra,livre decoration,https://bathroomgraffiti.com/collections/livre-deco,2.8,1,57
2026-08-22,bathroomgraffiti,fra,livre decoration,https://bathroomgraffiti.com/collections/livre-deco,3.2,0,47
2026-08-23,bathroomgraffiti,fra,livre decoration,https://bathroomgraffiti.com/collections/livre-deco,3.0,1,62
2026-08-24,bathroomgraffiti,fra,livre decoration,https://bathroomgraffiti.com/collections/livre-deco,2.6,2,56
2026-08-25,bathroomgraffiti,fra,livre decoration,https://bathroomgraffiti.com/collections/livre-deco,3.1,1,60
2026-08-26,bathroomgraffiti,fra,livre decoration,https://bathroomgraffiti.com/collections/livre-deco,3.0,0,55
2026-08-27,bathroomgraffiti,fra,livre decoration,https://bathroomgraffiti.com/collections/livre-deco,3.5,1,49
2026-08-28,bathroomgraffiti,fra,livre decoration,https://bathroomgraffiti.com/collections/livre-deco,3.5,3,49
2026-08-29,bathroomgraffiti,fra,livre decoration,https://bathroomgraffiti.com/collections/livre-deco,3.9,1,66
2026-08-30,bathroomgraffiti,fra,livre decoration,https://bathroomgraffiti.com/collections/livre-deco,3.6,2,60
2026-08-31,bathroomgraffiti,fra,livre decoration,https://bathroomgraffiti.com/collections/livre-deco,4.7,3,49
2026-09-01,bathroomgraffiti,fra,livre decoration,https://bathroomgraffiti.com/collections/livre-deco,3.5,1,39
2026-09-02,bathroomgraffiti,fra,livre decoration,https://bathroomgraffiti.com/collections/livre-deco,3.0,2,44
2026-09-03,bathroomgraffiti,fra,livre decoration,https://bathroomgraffiti.com/collections/livre-deco,4.4,0,38
2026-09-04,bathroomgraffiti,fra,livre decoration,https://bathroomgraffiti.com/collections/livre-deco,3.6,0,50
2026-09-05,bathroomgraffiti,fra,livre decoration,https://bathroomgraffiti.com/collections/livre-deco,4.5,0,51
2026-09-06,bathroomgraffiti,fra,livre decoration,https://bathroomgraffiti.com/collections/livre-deco,3.6,0,69
2026-09-07,bathroomgraffiti,fra,livre decoration,https://bathroomgraffiti.com/collections/livre-deco,4.3,0,44
2026-09-08,bathroomgraffiti,fra,livre decoration,https://bathroomgraffiti.com/collections/livre-deco,3.4,0,45
2026-09-09,bathroomgraffiti,fra,livre decoration,https://bathroomgraffiti.com/collections/livre-deco,4.2,1,43
2026-09-10,bathroomgraffiti,fra,livre decoration,https://bathroomgraffiti.com/collections/livre-deco,3.0,0,34
2026-09-11,bathroomgraffiti,fra,livre decoration,https://bathroomgraffiti.com/collections/livre-deco,2.8,0,48
2026-09-12,bathroomgraffiti,fra,livre decoration,https://bathroomgraffiti.com/collections/livre-deco,3.9,1,45
2026-09-13,bathroomgraffiti,fra,livre decoration,https://bathroomgraffiti.com/collections/livre-deco,3.0,0,47
2026-09-14,bathroomgraffiti,fra,livre decoration,https://bathroomgraffiti.com/collections/livre-deco,3.5,0,39
2026-09-15,bathroomgraffiti,fra,livre decoration,https://bathroomgraffiti.com/collections/livre-deco,3,0,16
2026-09-16,bathroomgraffiti,fra,livre decoration,https://bathroomgraffiti.com/collections/livre-deco,5.6,0,18
2026-09-17,bathroomgraffiti,fra,livre decoration,https://bathroomgraffiti.com/collections/livre-deco,2.6,0,24
2026-09-18,bathroomgraffiti,fra,livre decoration,https://bathroomgraffiti.com/collections/livre-deco,3.4,1,25
2026-09-19,bathroomgraffiti,fra,livre decoration,https://bathroomgraffiti.com/collections/livre-deco,5.5,0,31
2026-09-20,bathroomgraffiti,fra,livre decoration,https://bathroomgraffiti.com/collections/livre-deco,3.8,0,33
2026-09-21,bathroomgraffiti,fra,livre decoration,https://bathroomgraffiti.com/collections/livre-deco,3.7,0,29
2026-09-22,bathroomgraffiti,fra,livre decoration,https://bathroomgraffiti.com/collections/livre-deco,4.9,0,34
2026-09-23,bathroomgraffiti,fra,livre decoration,https://bathroomgraffiti.com/collections/livre-deco,2.8,0,44
2026-09-24,bathroomgraffiti,fra,livre decoration,https://bathroomgraffiti.com/collections/livre-deco,2.8,1,38
2026-09-25,bathroomgraffiti,fra,livre decoration,https://bathroomgraffiti.com/collections/livre-deco,3.2,4,35
2026-09-26,bathroomgraffiti,fra,livre decoration,https://bathroomgraffiti.com/collections/livre-deco,2.3,1,31
2026-09-27,bathroomgraffiti,fra,livre decoration,https://bathroomgraffiti.com/collections/livre-deco,3.0,1,31
2026-09-28,bathroomgraffiti,fra,livre decoration,https://bathroomgraffiti.com/collections/livre-deco,4.0,0,23
2026-09-29,bathroomgraffiti,fra,livre decoration,https://bathroomgraffiti.com/collections/livre-deco,2.9,1,22
2026-09-30,bathroomgraffiti,fra,livre decoration,https://bathroomgraffiti.com/collections/livre-deco,2.6,2,25
2026-10-01,bathroomgraffiti,fra,livre decoration,https://bathroomgraffiti.com/collections/livre-deco,3.0,0,22
2026-10-02,bathroomgraffiti,fra,livre decoration,https://bathroomgraffiti.com/collections/livre-deco,2.4,0,21
2026-10-03,bathroomgraffiti,fra,livre decoration,https://bathroomgraffiti.com/collections/livre-deco,3.1,0,43
2026-10-04,bathroomgraffiti,fra,livre decoration,https://bathroomgraffiti.com/collections/livre-deco,2.4,2,50
2026-07-08,bathroomgraffiti,fra,peluche sonny angel,https://bathroomgraffiti.com/products/sonny-angel-peluche-lapin-blanc,2,0,3
2026-07-08,bathroomgraffiti,fra,peluche sonny angel,https://bathroomgraffiti.com/products/sonny-angel-peluche-lapin-rose,2,0,3
2026-07-09,bathroomgraffiti,fra,peluche sonny angel,https://bathroomgraffiti.com/products/sonny-angel-peluche-lapin-blanc,2,0,5
2026-07-09,bathroomgraffiti,fra,peluche sonny angel,https://bathroomgraffiti.com/products/sonny-angel-peluche-lapin-rose,2,0,5
2026-07-10,bathroomgraffiti,fra,peluche sonny angel,https://bathroomgraffiti.com/products/sonny-angel-peluche-lapin-blanc,2,2,10
2026-07-10,bathroomgraffiti,fra,peluche sonny angel,https://bathroomgraffiti.com/products/sonny-angel-peluche-lapin-rose,2,0,10
2026-07-11,bathroomgraffiti,fra,peluche sonny angel,https://bathroomgraffiti.com/products/sonny-angel-peluche-lapin-blanc,2,0,7
2026-07-11,bathroomgraffiti,fra,peluche sonny angel,https://bathroomgraffiti.com/products/sonny-angel-peluche-lapin-rose,2,0,7
2026-07-12,bathroomgraffiti,fra,peluche sonny angel,https://bathroomgraffiti.com/products/sonny-angel-peluche-lapin-blanc,2,0,7
2026-07-12,bathroomgraffiti,fra,peluche sonny angel,https://bathroomgraffiti.com/products/sonny-angel-peluche-lapin-rose,2,0,7
2026-07-13,bathroomgraffiti,fra,peluche sonny angel,https://bathroomgraffiti.com/products/sonny-angel-peluche-lapin-blanc,2,1,8
2026-07-13,bathroomgraffiti,fra,peluche sonny angel,https://bathroomgraffiti.com/products/sonny-angel-peluche-lapin-rose,2,0,8
2026-07-15,bathroomgraffiti,fra,peluche sonny angel,https://bathroomgraffiti.com/products/sonny-angel-peluche-lapin-blanc,2,0,14
2026-07-15,bathroomgraffiti,fra,peluche sonny angel,https://bathroomgraffiti.com/products/sonny-angel-peluche-lapin-rose,2,0,14
2026-07-16,bathroomgraffiti,fra,peluche sonny angel,https://bathroomgraffiti.com/products/sonny-angel-peluche-lapin-blanc,2,1,9
2026-07-16,bathroomgraffiti,fra,peluche sonny angel,https://bathroomgraffiti.com/products/sonny-angel-peluche-lapin-rose,2,0,9
2026-07-17,bathroomgraffiti,fra,peluche sonny angel,https://bathroomgraffiti.com/products/sonny-angel-peluche-lapin-blanc,2,0,3
2026-07-17,bathroomgraffiti,fra,peluche sonny angel,https://bathroomgraffiti.com/products/sonny-angel-peluche-lapin-rose,2,0,3
2026-07-18,bathroomgraffiti,fra,peluche sonny angel,https://bathroomgraffiti.com/products/sonny-angel-peluche-lapin-blanc,2,0,4
2026-07-18,bathroomgraffiti,fra,peluche sonny angel,https://bathroomgraffiti.com/products/sonny-angel-peluche-lapin-rose,2,0,4
2026-07-19,bathroomgraffiti,fra,peluche sonny angel,https://bathroomgraffiti.com/products/sonny-angel-peluche-lapin-blanc,2.2,0,4
2026-07-19,bathroomgraffiti,fra,peluche sonny angel,https://bathroomgraffiti.com/products/sonny-angel-peluche-lapin-rose,2.2,0,4
2026-07-20,bathroomgraffiti,fra,peluche sonny angel,https://bathroomgraffiti.com/products/sonny-angel-peluche-lapin-blanc,2.3,0,3
2026-07-20,bathroomgraffiti,fra,peluche sonny angel,https://bathroomgraffiti.com/products/sonny-angel-peluche-lapin-rose,2.3,0,3
2026-07-21,bathroomgraffiti,fra,peluche sonny angel,https://bathroomgraffiti.com/products/sonny-angel-peluche-lapin-blanc,2,0,3
2026-07-21,bathroomgraffiti,fra,peluche sonny angel,https://bathroomgraffiti.com/products/sonny-angel-peluche-lapin-rose,2,0,3
2026-07-22,bathroomgraffiti,fra,peluche sonny angel,https://bathroomgraffiti.com/products/sonny-angel-peluche-lapin-blanc,2.7,0,3
2026-07-22,bathroomgraffiti,fra,peluche sonny angel,https://bathroomgraffiti.com/products/sonny-angel-peluche-lapin-rose,2.7,0,3
2026-07-23,bathroomgraffiti,fra,peluche sonny angel,https://bathroomgraffiti.com/products/sonny-angel-peluche-lapin-blanc,2.2,0,10
2026-07-23,bathroomgraffiti,fra,peluche sonny angel,https://bathroomgraffiti.com/products/sonny-angel-peluche-lapin-rose,2.1,0,10
2026-07-24,bathroomgraffiti,fra,peluche sonny angel,https://bathroomgraffiti.com/products/sonny-angel-peluche-lapin-blanc,2.2,0,4
2026-07-24,bathroomgraffiti,fra,peluche sonny angel,https://bathroomgraffiti.com/products/sonny-angel-peluche-lapin-rose,2.2,0,4
2026-07-26,bathroomgraffiti,fra,peluche sonny angel,https://bathroomgraffiti.com/products/sonny-angel-peluche-lapin-blanc,2.4,0,8
2026-07-26,bathroomgraffiti,fra,peluche sonny angel,https://bathroomgraffiti.com/products/sonny-angel-peluche-lapin-rose,2.4,0,8
2026-07-28,bathroomgraffiti,fra,peluche sonny angel,https://bathroomgraffiti.com/products/sonny-angel-peluche-lapin-blanc,2,1,2
2026-07-28,bathroomgraffiti,fra,peluche sonny angel,https://bathroomgraffiti.com/products/sonny-angel-peluche-lapin-rose,2,0,2
2026-07-29,bathroomgraffiti,fra,peluche sonny angel,https://bathroomgraffiti.com/products/sonny-angel-peluche-lapin-blanc,2,0,4
2026-07-29,bathroomgraffiti,fra,peluche sonny angel,https://bathroomgraffiti.com/products/sonny-angel-peluche-lapin-rose,2,0,4
2026-07-30,bathroomgraffiti,fra,peluche sonny angel,https://bathroomgraffiti.com/products/sonny-angel-peluche-lapin-blanc,2,0,5
2026-07-30,bathroomgraffiti,fra,peluche sonny angel,https://bathroomgraffiti.com/products/sonny-angel-peluche-lapin-rose,2,0,5
2026-07-31,bathroomgraffiti,fra,peluche sonny angel,https://bathroomgraffiti.com/products/sonny-angel-peluche-lapin-blanc,2,0,2
2026-07-31,bathroomgraffiti,fra,peluche sonny angel,https://bathroomgraffiti.com/products/sonny-angel-peluche-lapin-rose,2,0,2
2026-08-01,bathroomgraffiti,fra,peluche sonny angel,https://bathroomgraffiti.com/products/sonny-angel-peluche-lapin-blanc,1.7,0,3
2026-08-02,bathroomgraffiti,fra,peluche sonny angel,https://bathroomgraffiti.com/products/sonny-angel-peluche-lapin-blanc,2,0,2
2026-08-03,bathroomgraffiti,fra,peluche sonny angel,https://bathroomgraffiti.com/products/sonny-angel-peluche-lapin-blanc,2.2,0,6
2026-08-04,bathroomgraffiti,fra,peluche sonny angel,https://bathroomgraffiti.com/products/sonny-angel-peluche-lapin-blanc,2,0,2
2026-08-06,bathroomgraffiti,fra,peluche sonny angel,https://bathroomgraffiti.com/products/sonny-angel-peluche-lapin-blanc,2.2,0,5
2026-08-09,bathroomgraffiti,fra,peluche sonny angel,https://bathroomgraffiti.com/products/sonny-angel-peluche-lapin-blanc,2,0,2
2026-08-10,bathroomgraffiti,fra,peluche sonny angel,https://bathroomgraffiti.com/products/sonny-angel-peluche-lapin-blanc,2,0,6
2026-08-10,bathroomgraffiti,fra,peluche sonny angel,https://bathroomgraffiti.com/products/sonny-angel-peluche-lapin-rose,6.5,0,2
2026-08-11,bathroomgraffiti,fra,peluche sonny angel,https://bathroomgraffiti.com/products/sonny-angel-peluche-lapin-blanc,2.1,1,15
2026-08-12,bathroomgraffiti,fra,peluche sonny angel,https://bathroomgraffiti.com/products/sonny-angel-peluche-lapin-blanc,2.3,0,3
2026-08-13,bathroomgraffiti,fra,peluche sonny angel,https://bathroomgraffiti.com/products/sonny-angel-peluche-lapin-blanc,2.5,0,4
2026-08-14,bathroomgraffiti,fra,peluche sonny angel,https://bathroomgraffiti.com/products/sonny-angel-peluche-lapin-blanc,2,0,2
2026-08-15,bathroomgraffiti,fra,peluche sonny angel,https://bathroomgraffiti.com/products/sonny-angel-peluche-lapin-blanc,2.5,0,2
2026-08-18,bathroomgraffiti,fra,peluche sonny angel,https://bathroomgraffiti.com/products/sonny-angel-peluche-lapin-blanc,1.8,0,5
2026-08-19,bathroomgraffiti,fra,peluche sonny angel,https://bathroomgraffiti.com/products/sonny-angel-peluche-lapin-blanc,2,0,2
2026-08-20,bathroomgraffiti,fra,peluche sonny angel,https://bathroomgraffiti.com/products/sonny-angel-peluche-lapin-blanc,3,0,2
2026-08-21,bathroomgraffiti,fra,peluche sonny angel,https://bathroomgraffiti.com/products/sonny-angel-peluche-lapin-blanc,2.4,1,5
2026-08-22,bathroomgraffiti,fra,peluche sonny angel,https://bathroomgraffiti.com/products/sonny-angel-peluche-lapin-blanc,2.7,0,3
2026-08-23,bathroomgraffiti,fra,peluche sonny angel,https://bathroomgraffiti.com/products/sonny-angel-peluche-lapin-blanc,2.4,0,5
2026-09-02,bathroomgraffiti,fra,peluche sonny angel,https://bathroomgraffiti.com/products/sonny-angel-peluche-lapin-rose,2,0,3
2026-09-10,bathroomgraffiti,fra,peluche sonny angel,https://bathroomgraffiti.com/products/sonny-angel-peluche-lapin-rose,2,0,5
2026-09-12,bathroomgraffiti,fra,peluche sonny angel,https://bathroomgraffiti.com/products/sonny-angel-peluche-lapin-rose,2,0,2
2026-09-13,bathroomgraffiti,fra,peluche sonny angel,https://bathroomgraffiti.com/products/sonny-angel-peluche-lapin-blanc,2.5,1,2
2026-09-13,bathroomgraffiti,fra,peluche sonny angel,https://bathroomgraffiti.com/products/sonny-angel-peluche-lapin-rose,2.5,1,4
2026-09-14,bathroomgraffiti,fra,peluche sonny angel,https://bathroomgraffiti.com/products/sonny-angel-peluche-lapin-blanc,2,0,3
2026-09-14,bathroomgraffiti,fra,peluche sonny angel,https://bathroomgraffiti.com/products/sonny-angel-peluche-lapin-rose,2,0,3
2026-09-18,bathroomgraffiti,fra,peluche sonny angel,https://bathroomgraffiti.com/products/sonny-angel-peluche-lapin-blanc,2,0,2
2026-09-18,bathroomgraffiti,fra,peluche sonny angel,https://bathroomgraffiti.com/products/sonny-angel-peluche-lapin-rose,2,0,2
2026-09-24,bathroomgraffiti,fra,peluche sonny angel,https://bathroomgraffiti.com/products/sonny-angel-peluche-lapin-blanc,2,0,4
2026-09-24,bathroomgraffiti,fra,peluche sonny angel,https://bathroomgraffiti.com/products/sonny-angel-peluche-lapin-rose,2,0,4
2026-09-25,bathroomgraffiti,fra,peluche sonny angel,https://bathroomgraffiti.com/products/sonny-angel-peluche-lapin-blanc,2,0,4
2026-09-25,bathroomgraffiti,fra,peluche sonny angel,https://bathroomgraffiti.com/products/sonny-angel-peluche-lapin-rose,2,0,4
2026-09-26,bathroomgraffiti,fra,peluche sonny angel,https://bathroomgraffiti.com/products/sonny-angel-peluche-lapin-blanc,2,1,3
2026-09-26,bathroomgraffiti,fra,peluche sonny angel,https://bathroomgraffiti.com/products/sonny-angel-peluche-lapin-rose,2,1,3
2026-09-29,bathroomgraffiti,fra,peluche sonny angel,https://bathroomgraffiti.com/products/sonny-angel-peluche-lapin-blanc,2,0,3
2026-09-29,bathroomgraffiti,fra,peluche sonny angel,https://bathroomgraffiti.com/products/sonny-angel-peluche-lapin-rose,2,0,3
2026-09-30,bathroomgraffiti,fra,peluche sonny angel,https://bathroomgraffiti.com/products/sonny-angel-peluche-lapin-blanc,2,0,2
2026-09-30,bathroomgraffiti,fra,peluche sonny angel,https://bathroomgraffiti.com/products/sonny-angel-peluche-lapin-rose,2,0,2
2026-10-02,bathroomgraffiti,fra,peluche sonny angel,https://bathroomgraffiti.com/products/sonny-angel-peluche-lapin-blanc,2,0,5
2026-10-02,bathroomgraffiti,fra,peluche sonny angel,https://bathroomgraffiti.com/products/sonny-angel-peluche-lapin-rose,2,2,5
2026-10-04,bathroomgraffiti,fra,peluche sonny angel,https://bathroomgraffiti.com/products/sonny-angel-peluche-lapin-blanc,2,0,3
2026-10-04,bathroomgraffiti,fra,peluche sonny angel,https://bathroomgraffiti.com/products/sonny-angel-peluche-lapin-rose,2,0,3
2026-07-07,bathroomgraffiti,fra,plateau bazar de luxe,https://bathroomgraffiti.com/collections/plateaux,2.8,0,5
2026-07-08,bathroomgraffiti,fra,plateau bazar de luxe,https://bathroomgraffiti.com/collections/plateaux,2.2,0,5
2026-07-09,bathroomgraffiti,fra,plateau bazar de luxe,https://bathroomgraffiti.com/collections/plateaux,2.2,0,5
2026-07-10,bathroomgraffiti,fra,plateau bazar de luxe,https://bathroomgraffiti.com/collections/plateaux,3,0,2
2026-07-11,bathroomgraffiti,fra,plateau bazar de luxe,https://bathroomgraffiti.com/collections/plateaux,2.2,0,6
2026-07-12,bathroomgraffiti,fra,plateau bazar de luxe,https://bathroomgraffiti.com/collections/plateaux,3.1,0,10
2026-07-12,bathroomgraffiti,fra,plateau bazar de luxe,https://bathroomgraffiti.com/products/plateau-berbere-o-45-cm-nude?variant=46153525821671&country=FR&currency=EUR&utm_medium=product_sync&utm_source=google&utm_content=sag_organic&utm_campaign=sag_organic,4,0,2
2026-07-13,bathroomgraffiti,fra,plateau bazar de luxe,https://bathroomgraffiti.com/collections/plateaux,1.7,1,3
2026-07-14,bathroomgraffiti,fra,plateau bazar de luxe,https://bathroomgraffiti.com/collections/plateaux,2.5,1,6
2026-07-15,bathroomgraffiti,fra,plateau bazar de luxe,https://bathroomgraffiti.com/collections/plateaux,2.4,0,9
2026-07-16,bathroomgraffiti,fra,plateau bazar de luxe,https://bathroomgraffiti.com/collections/plateaux,5.5,0,4
2026-07-17,bathroomgraffiti,fra,plateau bazar de luxe,https://bathroomgraffiti.com/collections/plateaux,3.5,1,4
2026-07-18,bathroomgraffiti,fra,plateau bazar de luxe,https://bathroomgraffiti.com/collections/plateaux,2.6,0,5
2026-07-19,bathroomgraffiti,fra,plateau bazar de luxe,https://bathroomgraffiti.com/collections/plateaux,3,0,2
2026-07-21,bathroomgraffiti,fra,plateau bazar de luxe,https://bathroomgraffiti.com/collections/plateaux,3.5,0,4
2026-07-22,bathroomgraffiti,fra,plateau bazar de luxe,https://bathroomgraffiti.com/collections/plateaux,2.5,0,4
2026-07-23,bathroomgraffiti,fra,plateau bazar de luxe,https://bathroomgraffiti.com/collections/plateaux,4.5,0,4
2026-07-24,bathroomgraffiti,fra,plateau bazar de luxe,https://bathroomgraffiti.com/collections/plateaux,8.2,0,5
2026-07-25,bathroomgraffiti,fra,plateau bazar de luxe,https://bathroomgraffiti.com/collections/plateaux,3.2,0,12
2026-07-26,bathroomgraffiti,fra,plateau bazar de luxe,https://bathroomgraffiti.com/collections/plateaux,2,0,3
2026-07-27,bathroomgraffiti,fra,plateau bazar de luxe,https://bathroomgraffiti.com/collections/plateaux,2.3,0,6
2026-07-28,bathroomgraffiti,fra,plateau bazar de luxe,https://bathroomgraffiti.com/collections/plateaux,2.5,0,2
2026-07-29,bathroomgraffiti,fra,plateau bazar de luxe,https://bathroomgraffiti.com/collections/plateaux,2.2,2,5
2026-07-30,bathroomgraffiti,fra,plateau bazar de luxe,https://bathroomgraffiti.com/collections/plateaux,2.5,0,4
2026-07-31,bathroomgraffiti,fra,plateau bazar de luxe,https://bathroomgraffiti.com/collections/plateaux,4,0,5
2026-08-01,bathroomgraffiti,fra,plateau bazar de luxe,https://bathroomgraffiti.com/collections/plateaux,4.5,0,2
2026-08-02,bathroomgraffiti,fra,plateau bazar de luxe,https://bathroomgraffiti.com/collections/plateaux,6.3,0,3
2026-08-03,bathroomgraffiti,fra,plateau bazar de luxe,https://bathroomgraffiti.com/collections/plateaux,3,0,5
2026-08-04,bathroomgraffiti,fra,plateau bazar de luxe,https://bathroomgraffiti.com/collections/plateaux,5,0,4
2026-08-05,bathroomgraffiti,fra,plateau bazar de luxe,https://bathroomgraffiti.com/collections/plateaux,2.8,1,8
2026-08-06,bathroomgraffiti,fra,plateau bazar de luxe,https://bathroomgraffiti.com/collections/plateaux,2.1,1,8
2026-08-07,bathroomgraffiti,fra,plateau bazar de luxe,https://bathroomgraffiti.com/collections/plateaux,2.8,0,5
2026-08-08,bathroomgraffiti,fra,plateau bazar de luxe,https://bathroomgraffiti.com/collections/plateaux,2.8,1,11
2026-08-09,bathroomgraffiti,fra,plateau bazar de luxe,https://bathroomgraffiti.com/collections/plateaux,3.2,2,5
2026-08-10,bathroomgraffiti,fra,plateau bazar de luxe,https://bathroomgraffiti.com/collections/plateaux,2,0,4
2026-08-11,bathroomgraffiti,fra,plateau bazar de luxe,https://bathroomgraffiti.com/collections/plateaux,2.4,1,7
2026-08-12,bathroomgraffiti,fra,plateau bazar de luxe,https://bathroomgraffiti.com/collections/plateaux,3.9,0,8
2026-08-13,bathroomgraffiti,fra,plateau bazar de luxe,https://bathroomgraffiti.com/collections/plateaux,3.9,2,7
2026-08-14,bathroomgraffiti,fra,plateau bazar de luxe,https://bathroomgraffiti.com/collections/plateaux,4,0,4
2026-08-15,bathroomgraffiti,fra,plateau bazar de luxe,https://bathroomgraffiti.com/collections/plateaux,2,1,3
2026-08-16,bathroomgraffiti,fra,plateau bazar de luxe,https://bathroomgraffiti.com/collections/plateaux,3.6,2,12
2026-08-17,bathroomgraffiti,fra,plateau bazar de luxe,https://bathroomgraffiti.com/collections/plateaux,5.5,1,4
2026-08-18,bathroomgraffiti,fra,plateau bazar de luxe,https://bathroomgraffiti.com/collections/plateaux,6.2,0,6
2026-08-19,bathroomgraffiti,fra,plateau bazar de luxe,https://bathroomgraffiti.com/collections/plateaux,4.9,0,7
2026-08-20,bathroomgraffiti,fra,plateau bazar de luxe,https://bathroomgraffiti.com/collections/plateaux,4,0,3
2026-08-21,bathroomgraffiti,fra,plateau bazar de luxe,https://bathroomgraffiti.com/collections/plateaux,6,0,2
2026-08-22,bathroomgraffiti,fra,plateau bazar de luxe,https://bathroomgraffiti.com/collections/plateaux,3,0,7
2026-08-23,bathroomgraffiti,fra,plateau bazar de luxe,https://bathroomgraffiti.com/collections/plateaux,4.1,1,7
2026-08-28,bathroomgraffiti,fra,plateau bazar de luxe,https://bathroomgraffiti.com/collections/plateaux,6.4,0,8
2026-08-29,bathroomgraffiti,fra,plateau bazar de luxe,https://bathroomgraffiti.com/collections/plateaux,2.5,0,4
2026-08-30,bathroomgraffiti,fra,plateau bazar de luxe,https://bathroomgraffiti.com/collections/plateaux,4.2,0,4
2026-08-31,bathroomgraffiti,fra,plateau bazar de luxe,https://bathroomgraffiti.com/collections/plateaux,5,0,2
2026-09-02,bathroomgraffiti,fra,plateau bazar de luxe,https://bathroomgraffiti.com/collections/plateaux,5.3,0,6
2026-09-04,bathroomgraffiti,fra,plateau bazar de luxe,https://bathroomgraffiti.com/collections/plateaux,5.8,0,4
2026-09-05,bathroomgraffiti,fra,plateau bazar de luxe,https://bathroomgraffiti.com/collections/plateaux,2,0,2
2026-09-07,bathroomgraffiti,fra,plateau bazar de luxe,https://bathroomgraffiti.com/collections/plateaux,2.4,0,5
2026-09-08,bathroomgraffiti,fra,plateau bazar de luxe,https://bathroomgraffiti.com/collections/plateaux,2.6,2,5
2026-09-09,bathroomgraffiti,fra,plateau bazar de luxe,https://bathroomgraffiti.com/collections/plateaux,5.6,0,7
2026-09-10,bathroomgraffiti,fra,plateau bazar de luxe,https://bathroomgraffiti.com/collections/plateaux,4,0,4
2026-09-11,bathroomgraffiti,fra,plateau bazar de luxe,https://bathroomgraffiti.com/collections/plateaux,3.5,0,2
2026-09-12,bathroomgraffiti,fra,plateau bazar de luxe,https://bathroomgraffiti.com/collections/plateaux,5.5,0,4
2026-09-13,bathroomgraffiti,fra,plateau bazar de luxe,https://bathroomgraffiti.com/collections/plateaux,4.6,0,8
2026-09-15,bathroomgraffiti,fra,plateau bazar de luxe,https://bathroomgraffiti.com/collections/plateaux,3,0,2
2026-09-16,bathroomgraffiti,fra,plateau bazar de luxe,https://bathroomgraffiti.com/collections/plateaux,2.5,0,2
2026-09-17,bathroomgraffiti,fra,plateau bazar de luxe,https://bathroomgraffiti.com/collections/plateaux,2,2,2
2026-09-18,bathroomgraffiti,fra,plateau bazar de luxe,https://bathroomgraffiti.com/collections/plateaux,2,0,2
2026-09-19,bathroomgraffiti,fra,plateau bazar de luxe,https://bathroomgraffiti.com/collections/plateaux,3,0,2
2026-09-20,bathroomgraffiti,fra,plateau bazar de luxe,https://bathroomgraffiti.com/collections/plateaux,5,0,5
2026-09-21,bathroomgraffiti,fra,plateau bazar de luxe,https://bathroomgraffiti.com/collections/plateaux,2.3,1,7
2026-09-22,bathroomgraffiti,fra,plateau bazar de luxe,https://bathroomgraffiti.com/collections/plateaux,2.3,0,3
2026-09-23,bathroomgraffiti,fra,plateau bazar de luxe,https://bathroomgraffiti.com/collections/plateaux,7.8,0,4
2026-09-25,bathroomgraffiti,fra,plateau bazar de luxe,https://bathroomgraffiti.com/collections/plateaux,6.3,0,3
2026-09-26,bathroomgraffiti,fra,plateau bazar de luxe,https://bathroomgraffiti.com/collections/plateaux,3.3,1,3
2026-09-27,bathroomgraffiti,fra,plateau bazar de luxe,https://bathroomgraffiti.com/collections/plateaux,3.5,0,4
2026-10-02,bathroomgraffiti,fra,plateau bazar de luxe,https://bathroomgraffiti.com/collections/plateaux,6,0,3
2026-10-03,bathroomgraffiti,fra,plateau bazar de luxe,https://bathroomgraffiti.com/collections/plateaux,3.7,0,3
2026-10-04,bathroomgraffiti,fra,plateau bazar de luxe,https://bathroomgraffiti.com/collections/plateaux,3.2,1,5
2026-07-07,bathroomgraffiti,fra,plateau berbere,https://bathroomgraffiti.com/collections/plateaux,3.8,0,6
2026-07-08,bathroomgraffiti,fra,plateau berbere,https://bathroomgraffiti.com/collections/plateaux,5.3,0,13
2026-07-09,bathroomgraffiti,fra,plateau berbere,https://bathroomgraffiti.com/collections/plateaux,4.8,1,14
2026-07-10,bathroomgraffiti,fra,plateau berbere,https://bathroomgraffiti.com/collections/plateaux,5,1,9
2026-07-11,bathroomgraffiti,fra,plateau berbere,https://bathroomgraffiti.com/collections/plateaux,4.9,0,11
2026-07-12,bathroomgraffiti,fra,plateau berbere,https://bathroomgraffiti.com/collections/plateaux,7.7,1,7
2026-07-13,bathroomgraffiti,fra,plateau berbere,https://bathroomgraffiti.com/collections/plateaux,3.9,0,9
2026-07-14,bathroomgraffiti,fra,plateau berbere,https://bathroomgraffiti.com/collections/plateaux,3.9,1,11
2026-07-15,bathroomgraffiti,fra,plateau berbere,https://bathroomgraffiti.com/collections/plateaux,4.2,0,5
2026-07-16,bathroomgraffiti,fra,plateau berbere,https://bathroomgraffiti.com/collections/plateaux,2,0,6
2026-07-17,bathroomgraffiti,fra,plateau berbere,https://bathroomgraffiti.com/collections/plateaux,3.9,1,9
2026-07-18,bathroomgraffiti,fra,plateau berbere,https://bathroomgraffiti.com/collections/plateaux,5.2,1,12
2026-07-19,bathroomgraffiti,fra,plateau berbere,https://bathroomgraffiti.com/collections/plateaux,4.7,1,15
2026-07-20,bathroomgraffiti,fra,plateau berbere,https://bathroomgraffiti.com/collections/plateaux,5.9,0,7
2026-07-21,bathroomgraffiti,fra,plateau berbere,https://bathroomgraffiti.com/collections/plateaux,3.7,0,11
2026-07-22,bathroomgraffiti,fra,plateau berbere,https://bathroomgraffiti.com/collections/plateaux,3.7,1,9
2026-07-23,bathroomgraffiti,fra,plateau berbere,https://bathroomgraffiti.com/collections/plateaux,3.5,0,6
2026-07-24,bathroomgraffiti,fra,plateau berbere,https://bathroomgraffiti.com/collections/plateaux,2.3,0,10
2026-07-25,bathroomgraffiti,fra,plateau berbere,https://bathroomgraffiti.com/collections/plateaux,2.6,2,14
2026-07-26,bathroomgraffiti,fra,plateau berbere,https://bathroomgraffiti.com/collections/plateaux,3.6,1,8
2026-07-27,bathroomgraffiti,fra,plateau berbere,https://bathroomgraffiti.com/collections/plateaux,3.8,0,10
2026-07-28,bathroomgraffiti,fra,plateau berbere,https://bathroomgraffiti.com/collections/plateaux,4.4,0,7
2026-07-29,bathroomgraffiti,fra,plateau berbere,https://bathroomgraffiti.com/collections/plateaux,3.8,1,10
2026-07-30,bathroomgraffiti,fra,plateau berbere,https://bathroomgraffiti.com/collections/plateaux,6.4,0,9
2026-07-31,bathroomgraffiti,fra,plateau berbere,https://bathroomgraffiti.com/collections/plateaux,7.8,1,15
2026-08-01,bathroomgraffiti,fra,plateau berbere,https://bathroomgraffiti.com/collections/plateaux,5,0,3
2026-08-02,bathroomgraffiti,fra,plateau berbere,https://bathroomgraffiti.com/collections/plateaux,5.3,0,9
2026-08-03,bathroomgraffiti,fra,plateau berbere,https://bathroomgraffiti.com/collections/plateaux,6.2,1,6
2026-08-04,bathroomgraffiti,fra,plateau berbere,https://bathroomgraffiti.com/collections/plateaux,4.8,0,8
2026-08-05,bathroomgraffiti,fra,plateau berbere,https://bathroomgraffiti.com/collections/plateaux,5.2,1,4
2026-08-06,bathroomgraffiti,fra,plateau berbere,https://bathroomgraffiti.com/collections/plateaux,4,1,11
2026-08-07,bathroomgraffiti,fra,plateau berbere,https://bathroomgraffiti.com/collections/plateaux,5.8,1,12
2026-08-08,bathroomgraffiti,fra,plateau berbere,https://bathroomgraffiti.com/collections/plateaux,7.7,0,11
2026-08-09,bathroomgraffiti,fra,plateau berbere,https://bathroomgraffiti.com/collections/plateaux,6.8,1,12
2026-08-11,bathroomgraffiti,fra,plateau berbere,https://bathroomgraffiti.com/collections/plateaux,8.4,1,5
2026-08-12,bathroomgraffiti,fra,plateau berbere,https://bathroomgraffiti.com/collections/plateaux,8.1,0,7
2026-08-13,bathroomgraffiti,fra,plateau berbere,https://bathroomgraffiti.com/collections/plateaux,8,0,9
2026-08-14,bathroomgraffiti,fra,plateau berbere,https://bathroomgraffiti.com/collections/plateaux,6.7,0,7
2026-08-15,bathroomgraffiti,fra,plateau berbere,https://bathroomgraffiti.com/collections/plateaux,6.8,1,9
2026-08-16,bathroomgraffiti,fra,plateau berbere,https://bathroomgraffiti.com/collections/plateaux,8.1,0,10
2026-08-17,bathroomgraffiti,fra,plateau berbere,https://bathroomgraffiti.com/collections/plateaux,8.2,0,6
2026-08-18,bathroomgraffiti,fra,plateau berbere,https://bathroomgraffiti.com/collections/plateaux,7.5,1,15
2026-08-18,bathroomgraffiti,fra,plateau berbere,https://bathroomgraffiti.com/products/plateau-berbere-o-45-cm-mastic?variant=47294252712278&country=FR&currency=EUR&utm_medium=product_sync&utm_source=google&utm_content=sag_organic&utm_campaign=sag_organic,3.5,0,2
2026-08-19,bathroomgraffiti,fra,plateau berbere,https://bathroomgraffiti.com/collections/plateaux,6.2,0,16
2026-08-19,bathroomgraffiti,fra,plateau berbere,https://bathroomgraffiti.com/products/plateau-berbere-o-60-cm-amande?variant=54064505880918&country=FR&currency=EUR&utm_medium=product_sync&utm_source=google&utm_content=sag_organic&utm_campaign=sag_organic,8.5,0,2
2026-08-20,bathroomgraffiti,fra,plateau berbere,https://bathroomgraffiti.com/collections/plateaux,5.8,0,10
2026-08-21,bathroomgraffiti,fra,plateau berbere,https://bathroomgraffiti.com/collections/plateaux,5,0,11
2026-08-22,bathroomgraffiti,fra,plateau berbere,https://bathroomgraffiti.com/collections/plateaux,5.6,0,26
2026-08-23,bathroomgraffiti,fra,plateau berbere,https://bathroomgraffiti.com/collections/plateaux,5.2,2,40
2026-08-24,bathroomgraffiti,fra,plateau berbere,https://bathroomgraffiti.com/collections/plateaux,5.0,0,25
2026-08-25,bathroomgraffiti,fra,plateau berbere,https://bathroomgraffiti.com/collections/plateaux,6,0,9
2026-08-26,bathroomgraffiti,fra,plateau berbere,https://bathroomgraffiti.com/collections/plateaux,3.7,1,11
2026-08-27,bathroomgraffiti,fra,plateau berbere,https://bathroomgraffiti.com/collections/plateaux,6.6,0,12
2026-08-28,bathroomgraffiti,fra,plateau berbere,https://bathroomgraffiti.com/collections/plateaux,5,0,15
2026-08-29,bathroomgraffiti,fra,plateau berbere,https://bathroomgraffiti.com/collections/plateaux,6,1,17
2026-08-30,bathroomgraffiti,fra,plateau berbere,https://bathroomgraffiti.com/collections/plateaux,6,0,10
2026-08-31,bathroomgraffiti,fra,plateau berbere,https://bathroomgraffiti.com/collections/plateaux,6.8,0,5
2026-09-01,bathroomgraffiti,fra,plateau berbere,https://bathroomgraffiti.com/collections/plateaux,5.3,0,9
2026-09-02,bathroomgraffiti,fra,plateau berbere,https://bathroomgraffiti.com/collections/plateaux,5,0,9
2026-09-03,bathroomgraffiti,fra,plateau berbere,https://bathroomgraffiti.com/collections/plateaux,5,0,8
2026-09-04,bathroomgraffiti,fra,plateau berbere,https://bathroomgraffiti.com/collections/plateaux,3.5,0,4
2026-09-05,bathroomgraffiti,fra,plateau berbere,https://bathroomgraffiti.com/collections/plateaux,4.2,3,17
2026-09-06,bathroomgraffiti,fra,plateau berbere,https://bathroomgraffiti.com/collections/plateaux,4.4,0,11
2026-09-07,bathroomgraffiti,fra,plateau berbere,https://bathroomgraffiti.com/collections/plateaux,4.2,0,10
2026-09-08,bathroomgraffiti,fra,plateau berbere,https://bathroomgraffiti.com/collections/plateaux,4.7,0,7
2026-09-09,bathroomgraffiti,fra,plateau berbere,https://bathroomgraffiti.com/collections/plateaux,4,0,6
2026-09-10,bathroomgraffiti,fra,plateau berbere,https://bathroomgraffiti.com/collections/plateaux,3.1,0,8
2026-09-11,bathroomgraffiti,fra,plateau berbere,https://bathroomgraffiti.com/collections/plateaux,2.5,0,6
2026-09-12,bathroomgraffiti,fra,plateau berbere,https://bathroomgraffiti.com/collections/plateaux,5.4,0,5
2026-09-13,bathroomgraffiti,fra,plateau berbere,https://bathroomgraffiti.com/collections/plateaux,3.5,0,4
2026-09-14,bathroomgraffiti,fra,plateau berbere,https://bathroomgraffiti.com/collections/plateaux,4.8,0,6
2026-09-16,bathroomgraffiti,fra,plateau berbere,https://bathroomgraffiti.com/collections/plateaux,2.4,0,7
2026-09-17,bathroomgraffiti,fra,plateau berbere,https://bathroomgraffiti.com/collections/plateaux,4,0,6
2026-09-18,bathroomgraffiti,fra,plateau berbere,https://bathroomgraffiti.com/collections/plateaux,3,0,2
2026-09-19,bathroomgraffiti,fra,plateau berbere,https://bathroomgraffiti.com/collections/plateaux,3.7,2,11
2026-09-20,bathroomgraffiti,fra,plateau berbere,https://bathroomgraffiti.com/collections/plateaux,1.7,0,3
2026-09-21,bathroomgraffiti,fra,plateau berbere,https://bathroomgraffiti.com/collections/plateaux,2.8,0,10
2026-09-22,bathroomgraffiti,fra,plateau berbere,https://bathroomgraffiti.com/collections/plateaux,4.5,0,2
2026-09-23,bathroomgraffiti,fra,plateau berbere,https://bathroomgraffiti.com/collections/plateaux,5.9,0,7
2026-09-24,bathroomgraffiti,fra,plateau berbere,https://bathroomgraffiti.com/collections/plateaux,5,1,11
2026-09-25,bathroomgraffiti,fra,plateau berbere,https://bathroomgraffiti.com/collections/plateaux,3,1,5
2026-09-26,bathroomgraffiti,fra,plateau berbere,https://bathroomgraffiti.com/collections/plateaux,4.2,0,4
2026-09-27,bathroomgraffiti,fra,plateau berbere,https://bathroomgraffiti.com/collections/plateaux,6,0,3
2026-09-28,bathroomgraffiti,fra,plateau berbere,https://bathroomgraffiti.com/collections/plateaux,3.4,0,8
2026-09-29,bathroomgraffiti,fra,plateau berbere,https://bathroomgraffiti.com/collections/plateaux,3.5,0,10
2026-09-30,bathroomgraffiti,fra,plateau berbere,https://bathroomgraffiti.com/collections/plateaux,3.6,0,5
2026-10-01,bathroomgraffiti,fra,plateau berbere,https://bathroomgraffiti.com/collections/plateaux,3.4,0,5
2026-10-02,bathroomgraffiti,fra,plateau berbere,https://bathroomgraffiti.com/collections/plateaux,2.1,0,7
2026-10-03,bathroomgraffiti,fra,plateau berbere,https://bathroomgraffiti.com/collections/plateaux,1.9,1,7
2026-10-04,bathroomgraffiti,fra,plateau berbere,https://bathroomgraffiti.com/collections/plateaux,2.3,0,7
2026-07-07,bathroomgraffiti,fra,reveil design,https://bathroomgraffiti.com/collections/reveils,4.6,0,7
2026-07-08,bathroomgraffiti,fra,reveil design,https://bathroomgraffiti.com/collections/reveils,5.1,0,20
2026-07-09,bathroomgraffiti,fra,reveil design,https://bathroomgraffiti.com/collections/reveils,5.0,0,23
2026-07-10,bathroomgraffiti,fra,reveil design,https://bathroomgraffiti.com/collections/reveils,6.3,0,6
2026-07-11,bathroomgraffiti,fra,reveil design,https://bathroomgraffiti.com/collections/reveils,5.5,0,16
2026-07-12,bathroomgraffiti,fra,reveil design,https://bathroomgraffiti.com/collections/reveils,5.9,1,14
2026-07-13,bathroomgraffiti,fra,reveil design,https://bathroomgraffiti.com/collections/reveils,5.3,0,15
2026-07-14,bathroomgraffiti,fra,reveil design,https://bathroomgraffiti.com/collections/reveils,6.3,0,12
2026-07-15,bathroomgraffiti,fra,reveil design,https://bathroomgraffiti.com/collections/reveils,9.3,0,14
2026-07-16,bathroomgraffiti,fra,reveil design,https://bathroomgraffiti.com/collections/reveils,7.2,0,23
2026-07-17,bathroomgraffiti,fra,reveil design,https://bathroomgraffiti.com/collections/reveils,5.5,0,16
2026-07-18,bathroomgraffiti,fra,reveil design,https://bathroomgraffiti.com/collections/reveils,4.9,0,18
2026-07-19,bathroomgraffiti,fra,reveil design,https://bathroomgraffiti.com/collections/reveils,6,0,15
2026-07-20,bathroomgraffiti,fra,reveil design,https://bathroomgraffiti.com/collections/reveils,5.3,0,14
2026-07-21,bathroomgraffiti,fra,reveil design,https://bathroomgraffiti.com/collections/reveils,5.6,0,15
2026-07-22,bathroomgraffiti,fra,reveil design,https://bathroomgraffiti.com/collections/reveils,5.1,0,20
2026-07-23,bathroomgraffiti,fra,reveil design,https://bathroomgraffiti.com/collections/reveils,4.9,0,22
2026-07-24,bathroomgraffiti,fra,reveil design,https://bathroomgraffiti.com/collections/reveils,4.8,1,13
2026-07-25,bathroomgraffiti,fra,reveil design,https://bathroomgraffiti.com/collections/reveils,5.9,0,14
2026-07-26,bathroomgraffiti,fra,reveil design,https://bathroomgraffiti.com/collections/reveils,6.0,0,24
2026-07-27,bathroomgraffiti,fra,reveil design,https://bathroomgraffiti.com/collections/reveils,6.0,0,25
2026-07-28,bathroomgraffiti,fra,reveil design,https://bathroomgraffiti.com/collections/reveils,5.5,0,31
2026-07-29,bathroomgraffiti,fra,reveil design,https://bathroomgraffiti.com/collections/reveils,5.1,0,22
2026-07-30,bathroomgraffiti,fra,reveil design,https://bathroomgraffiti.com/collections/reveils,5.3,0,23
2026-07-31,bathroomgraffiti,fra,reveil design,https://bathroomgraffiti.com/collections/reveils,5.7,1,27
2026-08-01,bathroomgraffiti,fra,reveil design,https://bathroomgraffiti.com/collections/reveils,4.6,0,13
2026-08-02,bathroomgraffiti,fra,reveil design,https://bathroomgraffiti.com/collections/reveils,5.0,1,27
2026-08-03,bathroomgraffiti,fra,reveil design,https://bathroomgraffiti.com/collections/reveils,5.2,0,19
2026-08-04,bathroomgraffiti,fra,reveil design,https://bathroomgraffiti.com/collections/reveils,6.0,0,23
2026-08-05,bathroomgraffiti,fra,reveil design,https://bathroomgraffiti.com/collections/reveils,13.9,0,11
2026-08-06,bathroomgraffiti,fra,reveil design,https://bathroomgraffiti.com/collections/reveils,12.8,0,13
2026-08-07,bathroomgraffiti,fra,reveil design,https://bathroomgraffiti.com/collections/reveils,12.7,0,6
2026-08-08,bathroomgraffiti,fra,reveil design,https://bathroomgraffiti.com/collections/reveils,10.8,0,13
2026-08-09,bathroomgraffiti,fra,reveil design,https://bathroomgraffiti.com/collections/reveils,5.1,0,21
2026-08-10,bathroomgraffiti,fra,reveil design,https://bathroomgraffiti.com/collections/reveils,5.5,0,27
2026-08-11,bathroomgraffiti,fra,reveil design,https://bathroomgraffiti.com/collections/reveils,5.8,0,22
2026-08-12,bathroomgraffiti,fra,reveil design,https://bathroomgraffiti.com/collections/reveils,9.3,0,20
2026-08-13,bathroomgraffiti,fra,reveil design,https://bathroomgraffiti.com/collections/reveils,9.7,0,15
2026-08-14,bathroomgraffiti,fra,reveil design,https://bathroomgraffiti.com/collections/reveils,6.9,0,17
2026-08-15,bathroomgraffiti,fra,reveil design,https://bathroomgraffiti.com/collections/reveils,8,0,7
2026-08-16,bathroomgraffiti,fra,reveil design,https://bathroomgraffiti.com/collections/reveils,5.6,0,12
2026-08-17,bathroomgraffiti,fra,reveil design,https://bathroomgraffiti.com/collections/reveils,8.7,0,25
2026-08-18,bathroomgraffiti,fra,reveil design,https://bathroomgraffiti.com/collections/reveils,7.0,1,22
2026-08-19,bathroomgraffiti,fra,reveil design,https://bathroomgraffiti.com/collections/reveils,7.8,0,18
2026-08-20,bathroomgraffiti,fra,reveil design,https://bathroomgraffiti.com/collections/reveils,7.9,1,30
2026-08-21,bathroomgraffiti,fra,reveil design,https://bathroomgraffiti.com/collections/reveils,8.3,0,15
2026-08-22,bathroomgraffiti,fra,reveil design,https://bathroomgraffiti.com/collections/reveils,12.5,1,19
2026-08-23,bathroomgraffiti,fra,reveil design,https://bathroomgraffiti.com/collections/reveils,11.2,0,17
2026-08-24,bathroomgraffiti,fra,reveil design,https://bathroomgraffiti.com/collections/reveils,8.3,0,40
2026-08-25,bathroomgraffiti,fra,reveil design,https://bathroomgraffiti.com/collections/reveils,9.3,0,19
2026-08-26,bathroomgraffiti,fra,reveil design,https://bathroomgraffiti.com/collections/reveils,8.6,0,19
2026-08-27,bathroomgraffiti,fra,reveil design,https://bathroomgraffiti.com/collections/reveils,7.8,0,19
2026-08-28,bathroomgraffiti,fra,reveil design,https://bathroomgraffiti.com/collections/reveils,9.8,0,20
2026-08-29,bathroomgraffiti,fra,reveil design,https://bathroomgraffiti.com/collections/reveils,9,0,25
2026-08-30,bathroomgraffiti,fra,reveil design,https://bathroomgraffiti.com/collections/reveils,9.6,0,38
2026-08-31,bathroomgraffiti,fra,reveil design,https://bathroomgraffiti.com/collections/reveils,10.7,0,28
2026-09-01,bathroomgraffiti,fra,reveil design,https://bathroomgraffiti.com/collections/reveils,11.9,0,22
2026-09-02,bathroomgraffiti,fra,reveil design,https://bathroomgraffiti.com/collections/reveils,13.3,0,21
2026-09-03,bathroomgraffiti,fra,reveil design,https://bathroomgraffiti.com/collections/reveils,11.4,0,19
2026-09-04,bathroomgraffiti,fra,reveil design,https://bathroomgraffiti.com/collections/reveils,11.8,0,18
2026-09-05,bathroomgraffiti,fra,reveil design,https://bathroomgraffiti.com/collections/reveils,10.6,0,18
2026-09-06,bathroomgraffiti,fra,reveil design,https://bathroomgraffiti.com/collections/reveils,12,0,15
2026-09-07,bathroomgraffiti,fra,reveil design,https://bathroomgraffiti.com/collections/reveils,12.0,0,22
2026-09-08,bathroomgraffiti,fra,reveil design,https://bathroomgraffiti.com/collections/reveils,12.8,2,22
2026-09-09,bathroomgraffiti,fra,reveil design,https://bathroomgraffiti.com/collections/reveils,9.5,0,15
2026-09-10,bathroomgraffiti,fra,reveil design,https://bathroomgraffiti.com/collections/reveils,7.9,0,22
2026-09-11,bathroomgraffiti,fra,reveil design,https://bathroomgraffiti.com/collections/reveils,8.2,0,9
2026-09-12,bathroomgraffiti,fra,reveil design,https://bathroomgraffiti.com/collections/reveils,10.1,0,7
2026-09-13,bathroomgraffiti,fra,reveil design,https://bathroomgraffiti.com/collections/reveils,9.0,0,21
2026-09-14,bathroomgraffiti,fra,reveil design,https://bathroomgraffiti.com/collections/reveils,10.6,0,11
2026-09-15,bathroomgraffiti,fra,reveil design,https://bathroomgraffiti.com/collections/reveils,6.1,1,18
2026-09-16,bathroomgraffiti,fra,reveil design,https://bathroomgraffiti.com/collections/reveils,8,0,17
2026-09-17,bathroomgraffiti,fra,reveil design,https://bathroomgraffiti.com/collections/reveils,8.5,0,18
2026-09-18,bathroomgraffiti,fra,reveil design,https://bathroomgraffiti.com/collections/reveils,8.2,0,18
2026-09-19,bathroomgraffiti,fra,reveil design,https://bathroomgraffiti.com/collections/reveils,7.4,0,14
2026-09-20,bathroomgraffiti,fra,reveil design,https://bathroomgraffiti.com/collections/reveils,7.7,1,23
2026-09-21,bathroomgraffiti,fra,reveil design,https://bathroomgraffiti.com/collections/reveils,8.1,0,7
2026-09-22,bathroomgraffiti,fra,reveil design,https://bathroomgraffiti.com/collections/reveils,8.6,0,14
2026-09-23,bathroomgraffiti,fra,reveil design,https://bathroomgraffiti.com/collections/reveils,8,0,11
2026-09-24,bathroomgraffiti,fra,reveil design,https://bathroomgraffiti.com/collections/reveils,7.9,0,10
2026-09-25,bathroomgraffiti,fra,reveil design,https://bathroomgraffiti.com/collections/reveils,8,0,10
2026-09-26,bathroomgraffiti,fra,reveil design,https://bathroomgraffiti.com/collections/reveils,8.2,0,14
2026-09-27,bathroomgraffiti,fra,reveil design,https://bathroomgraffiti.com/collections/reveils,7.6,1,26
2026-09-28,bathroomgraffiti,fra,reveil design,https://bathroomgraffiti.com/collections/reveils,9,0,13
2026-09-29,bathroomgraffiti,fra,reveil design,https://bathroomgraffiti.com/collections/reveils,7.4,1,16
2026-09-30,bathroomgraffiti,fra,reveil design,https://bathroomgraffiti.com/collections/reveils,6.6,0,17
2026-10-01,bathroomgraffiti,fra,reveil design,https://bathroomgraffiti.com/collections/reveils,6.6,0,18
2026-10-02,bathroomgraffiti,fra,reveil design,https://bathroomgraffiti.com/collections/reveils,8.0,0,22
2026-10-03,bathroomgraffiti,fra,reveil design,https://bathroomgraffiti.com/collections/reveils,8.8,0,6
2026-10-04,bathroomgraffiti,fra,reveil design,https://bathroomgraffiti.com/collections/reveils,7.8,0,34
2026-07-10,bathroomgraffiti,fra,sonny angel halloween,https://bathroomgraffiti.com/products/figurine-sonny-angel-halloween,5,0,3
2026-07-11,bathroomgraffiti,fra,sonny angel halloween,https://bathroomgraffiti.com/products/figurine-sonny-angel-halloween,9.5,0,2
2026-07-13,bathroomgraffiti,fra,sonny angel halloween,https://bathroomgraffiti.com/products/figurine-sonny-angel-halloween,1,0,2
2026-07-15,bathroomgraffiti,fra,sonny angel halloween,https://bathroomgraffiti.com/products/figurine-sonny-angel-serie-halloween,3,0,2
2026-07-16,bathroomgraffiti,fra,sonny angel halloween,https://bathroomgraffiti.com/products/figurine-sonny-angel-serie-halloween,1,0,4
2026-07-17,bathroomgraffiti,fra,sonny angel halloween,https://bathroomgraffiti.com/products/figurine-sonny-angel-serie-halloween,2,0,3
2026-07-18,bathroomgraffiti,fra,sonny angel halloween,https://bathroomgraffiti.com/products/figurine-sonny-angel-serie-halloween,1,0,2
2026-07-19,bathroomgraffiti,fra,sonny angel halloween,https://bathroomgraffiti.com/products/figurine-sonny-angel-serie-halloween,1.5,0,4
2026-07-20,bathroomgraffiti,fra,sonny angel halloween,https://bathroomgraffiti.com/products/figurine-sonny-angel-serie-halloween,1,0,2
2026-07-21,bathroomgraffiti,fra,sonny angel halloween,https://bathroomgraffiti.com/products/figurine-sonny-angel-serie-halloween,1,0,5
2026-07-23,bathroomgraffiti,fra,sonny angel halloween,https://bathroomgraffiti.com/products/figurine-sonny-angel-serie-halloween,1,0,3
2026-07-24,bathroomgraffiti,fra,sonny angel halloween,https://bathroomgraffiti.com/products/figurine-sonny-angel-serie-halloween,1,0,6
2026-07-27,bathroomgraffiti,fra,sonny angel halloween,https://bathroomgraffiti.com/products/figurine-sonny-angel-serie-halloween,1,0,4
2026-07-28,bathroomgraffiti,fra,sonny angel halloween,https://bathroomgraffiti.com/products/figurine-sonny-angel-serie-halloween,2,0,4
2026-07-29,bathroomgraffiti,fra,sonny angel halloween,https://bathroomgraffiti.com/products/figurine-sonny-angel-serie-halloween,1,1,5
2026-07-30,bathroomgraffiti,fra,sonny angel halloween,https://bathroomgraffiti.com/products/figurine-sonny-angel-serie-halloween,2,0,2
2026-08-01,bathroomgraffiti,fra,sonny angel halloween,https://bathroomgraffiti.com/products/figurine-sonny-angel-serie-halloween,1,0,3
2026-08-02,bathroomgraffiti,fra,sonny angel halloween,https://bathroomgraffiti.com/products/figurine-sonny-angel-serie-halloween,1,0,2
2026-08-04,bathroomgraffiti,fra,sonny angel halloween,https://bathroomgraffiti.com/products/figurine-sonny-angel-serie-halloween,1.5,0,4
2026-08-05,bathroomgraffiti,fra,sonny angel halloween,https://bathroomgraffiti.com/products/figurine-sonny-angel-serie-halloween,1.5,0,2
2026-08-06,bathroomgraffiti,fra,sonny angel halloween,https://bathroomgraffiti.com/products/figurine-sonny-angel-serie-halloween,1.2,0,10
2026-08-07,bathroomgraffiti,fra,sonny angel halloween,https://bathroomgraffiti.com/products/figurine-sonny-angel-serie-halloween,1.5,0,6
2026-08-08,bathroomgraffiti,fra,sonny angel halloween,https://bathroomgraffiti.com/products/figurine-sonny-angel-halloween?variant=51439174025558&country=FR&currency=EUR&utm_medium=product_sync&utm_source=google&utm_content=sag_organic&utm_campaign=sag_organic,4,0,2
2026-08-08,bathroomgraffiti,fra,sonny angel halloween,https://bathroomgraffiti.com/products/figurine-sonny-angel-serie-halloween,1,0,4
2026-08-09,bathroomgraffiti,fra,sonny angel halloween,https://bathroomgraffiti.com/products/figurine-sonny-angel-serie-halloween,1,0,5
2026-08-10,bathroomgraffiti,fra,sonny angel halloween,https://bathroomgraffiti.com/products/figurine-sonny-angel-serie-halloween,1,1,5
2026-08-11,bathroomgraffiti,fra,sonny angel halloween,https://bathroomgraffiti.com/products/figurine-sonny-angel-halloween,19,0,2
2026-08-11,bathroomgraffiti,fra,sonny angel halloween,https://bathroomgraffiti.com/products/figurine-sonny-angel-serie-halloween,1.1,1,13
2026-08-12,bathroomgraffiti,fra,sonny angel halloween,https://bathroomgraffiti.com/products/figurine-sonny-angel-serie-halloween,1,0,2
2026-08-13,bathroomgraffiti,fra,sonny angel halloween,https://bathroomgraffiti.com/products/figurine-sonny-angel-serie-halloween,1,0,5
2026-08-14,bathroomgraffiti,fra,sonny angel halloween,https://bathroomgraffiti.com/products/figurine-sonny-angel-serie-halloween,1,0,3
2026-08-15,bathroomgraffiti,fra,sonny angel halloween,https://bathroomgraffiti.com/products/figurine-sonny-angel-serie-halloween,1,0,5
2026-08-18,bathroomgraffiti,fra,sonny angel halloween,https://bathroomgraffiti.com/products/figurine-sonny-angel-serie-halloween,1,0,5
2026-08-19,bathroomgraffiti,fra,sonny angel halloween,https://bathroomgraffiti.com/products/figurine-sonny-angel-serie-halloween,1,0,6
2026-08-20,bathroomgraffiti,fra,sonny angel halloween,https://bathroomgraffiti.com/products/figurine-sonny-angel-serie-halloween,1.4,0,8
2026-08-21,bathroomgraffiti,fra,sonny angel halloween,https://bathroomgraffiti.com/products/figurine-sonny-angel-serie-halloween,1.8,0,8
2026-08-22,bathroomgraffiti,fra,sonny angel halloween,https://bathroomgraffiti.com/products/figurine-sonny-angel-serie-halloween,1.2,0,13
2026-08-23,bathroomgraffiti,fra,sonny angel halloween,https://bathroomgraffiti.com/products/figurine-sonny-angel-serie-halloween,1,0,5
2026-08-24,bathroomgraffiti,fra,sonny angel halloween,https://bathroomgraffiti.com/products/figurine-sonny-angel-serie-halloween,1.3,0,3
2026-08-25,bathroomgraffiti,fra,sonny angel halloween,https://bathroomgraffiti.com/products/figurine-sonny-angel-halloween,1,0,2
2026-08-25,bathroomgraffiti,fra,sonny angel halloween,https://bathroomgraffiti.com/products/figurine-sonny-angel-serie-halloween,1.1,0,10
2026-08-26,bathroomgraffiti,fra,sonny angel halloween,https://bathroomgraffiti.com/products/figurine-sonny-angel-serie-halloween,1,0,10
2026-08-27,bathroomgraffiti,fra,sonny angel halloween,https://bathroomgraffiti.com/products/figurine-sonny-angel-serie-halloween,1,0,4
2026-08-28,bathroomgraffiti,fra,sonny angel halloween,https://bathroomgraffiti.com/products/figurine-sonny-angel-serie-halloween,1,1,8
2026-08-29,bathroomgraffiti,fra,sonny angel halloween,https://bathroomgraffiti.com/products/figurine-sonny-angel-serie-halloween,1,0,5
2026-08-30,bathroomgraffiti,fra,sonny angel halloween,https://bathroomgraffiti.com/products/figurine-sonny-angel-serie-halloween,1.1,0,8
2026-08-31,bathroomgraffiti,fra,sonny angel halloween,https://bathroomgraffiti.com/products/figurine-sonny-angel-serie-halloween,1.1,0,9
2026-09-01,bathroomgraffiti,fra,sonny angel halloween,https://bathroomgraffiti.com/products/figurine-sonny-angel-serie-halloween,1.1,0,7
2026-09-02,bathroomgraffiti,fra,sonny angel halloween,https://bathroomgraffiti.com/products/figurine-sonny-angel-serie-halloween,1,0,5
2026-09-03,bathroomgraffiti,fra,sonny angel halloween,https://bathroomgraffiti.com/products/figurine-sonny-angel-serie-halloween,1,0,5
2026-09-04,bathroomgraffiti,fra,sonny angel halloween,https://bathroomgraffiti.com/products/figurine-sonny-angel-serie-halloween,1.4,0,15
2026-09-05,bathroomgraffiti,fra,sonny angel halloween,https://bathroomgraffiti.com/products/figurine-sonny-angel-serie-halloween,1.2,0,4
2026-09-06,bathroomgraffiti,fra,sonny angel halloween,https://bathroomgraffiti.com/products/figurine-sonny-angel-serie-halloween,1.5,0,19
2026-09-07,bathroomgraffiti,fra,sonny angel halloween,https://bathroomgraffiti.com/products/figurine-sonny-angel-serie-halloween,1.4,1,7
2026-09-08,bathroomgraffiti,fra,sonny angel halloween,https://bathroomgraffiti.com/products/figurine-sonny-angel-serie-halloween,1.7,0,14
2026-09-09,bathroomgraffiti,fra,sonny angel halloween,https://bathroomgraffiti.com/products/figurine-sonny-angel-serie-halloween,2.1,0,14
2026-09-10,bathroomgraffiti,fra,sonny angel halloween,https://bathroomgraffiti.com/products/figurine-sonny-angel-serie-halloween,2.2,0,12
2026-09-11,bathroomgraffiti,fra,sonny angel halloween,https://bathroomgraffiti.com/products/figurine-sonny-angel-serie-halloween,1.6,0,11
2026-09-12,bathroomgraffiti,fra,sonny angel halloween,https://bathroomgraffiti.com/products/figurine-sonny-angel-serie-halloween,1.9,0,10
2026-09-13,bathroomgraffiti,fra,sonny angel halloween,https://bathroomgraffiti.com/products/figurine-sonny-angel-serie-halloween,1.6,0,13
2026-09-14,bathroomgraffiti,fra,sonny angel halloween,https://bathroomgraffiti.com/products/figurine-sonny-angel-serie-halloween,1.6,0,11
2026-09-15,bathroomgraffiti,fra,sonny angel halloween,https://bathroomgraffiti.com/products/figurine-sonny-angel-serie-halloween,1.9,0,11
2026-09-16,bathroomgraffiti,fra,sonny angel halloween,https://bathroomgraffiti.com/products/figurine-sonny-angel-serie-halloween,2.2,0,16
2026-09-17,bathroomgraffiti,fra,sonny angel halloween,https://bathroomgraffiti.com/products/figurine-sonny-angel-serie-halloween,1.9,0,15
2026-09-18,bathroomgraffiti,fra,sonny angel halloween,https://bathroomgraffiti.com/products/figurine-sonny-angel-serie-halloween,1.8,1,16
2026-09-19,bathroomgraffiti,fra,sonny angel halloween,https://bathroomgraffiti.com/products/figurine-sonny-angel-serie-halloween,1.6,0,14
2026-09-20,bathroomgraffiti,fra,sonny angel halloween,https://bathroomgraffiti.com/products/figurine-sonny-angel-halloween,2,0,7
2026-09-20,bathroomgraffiti,fra,sonny angel halloween,https://bathroomgraffiti.com/products/figurine-sonny-angel-serie-halloween,2.0,0,22
2026-09-21,bathroomgraffiti,fra,sonny angel halloween,https://bathroomgraffiti.com/products/figurine-sonny-angel-halloween,2.3,0,29
2026-09-21,bathroomgraffiti,fra,sonny angel halloween,https://bathroomgraffiti.com/products/figurine-sonny-angel-serie-halloween,2.3,0,31
2026-09-22,bathroomgraffiti,fra,sonny angel halloween,https://bathroomgraffiti.com/products/figurine-sonny-angel-serie-halloween,1.7,1,11
2026-09-23,bathroomgraffiti,fra,sonny angel halloween,https://bathroomgraffiti.com/products/figurine-sonny-angel-halloween,1.8,0,12
2026-09-23,bathroomgraffiti,fra,sonny angel halloween,https://bathroomgraffiti.com/products/figurine-sonny-angel-serie-halloween,1.8,0,12
2026-09-24,bathroomgraffiti,fra,sonny angel halloween,https://bathroomgraffiti.com/products/figurine-sonny-angel-halloween,2,0,9
2026-09-24,bathroomgraffiti,fra,sonny angel halloween,https://bathroomgraffiti.com/products/figurine-sonny-angel-serie-halloween,2,0,9
2026-09-25,bathroomgraffiti,fra,sonny angel halloween,https://bathroomgraffiti.com/products/figurine-sonny-angel-halloween,1.5,0,15
2026-09-25,bathroomgraffiti,fra,sonny angel halloween,https://bathroomgraffiti.com/products/figurine-sonny-angel-serie-halloween,1.5,1,15
2026-09-26,bathroomgraffiti,fra,sonny angel halloween,https://bathroomgraffiti.com/products/figurine-sonny-angel-halloween,1.5,0,14
2026-09-26,bathroomgraffiti,fra,sonny angel halloween,https://bathroomgraffiti.com/products/figurine-sonny-angel-serie-halloween,1.4,0,16
2026-09-27,bathroomgraffiti,fra,sonny angel halloween,https://bathroomgraffiti.com/products/figurine-sonny-angel-halloween,1.5,0,24
2026-09-27,bathroomgraffiti,fra,sonny angel halloween,https://bathroomgraffiti.com/products/figurine-sonny-angel-serie-halloween,1.5,2,37
2026-09-28,bathroomgraffiti,fra,sonny angel halloween,https://bathroomgraffiti.com/products/figurine-sonny-angel-halloween,1.2,0,9
2026-09-29,bathroomgraffiti,fra,sonny angel halloween,https://bathroomgraffiti.com/products/figurine-sonny-angel-halloween,2.1,0,26
2026-09-30,bathroomgraffiti,fra,sonny angel halloween,https://bathroomgraffiti.com/products/figurine-sonny-angel-halloween,1.2,0,18
2026-10-01,bathroomgraffiti,fra,sonny angel halloween,https://bathroomgraffiti.com/products/figurine-sonny-angel-halloween,1.2,0,20
2026-10-02,bathroomgraffiti,fra,sonny angel halloween,https://bathroomgraffiti.com/products/figurine-sonny-angel-halloween,1.1,1,17
2026-10-02,bathroomgraffiti,fra,sonny angel halloween,https://bathroomgraffiti.com/products/figurine-sonny-angel-serie-halloween,1,0,3
2026-10-04,bathroomgraffiti,fra,sonny angel halloween,https://bathroomgraffiti.com/products/figurine-sonny-angel-halloween,1.1,0,33
2026-07-07,bathroomgraffiti,fra,speks,https://bathroomgraffiti.com/products/jeu-billes-magnetiques-speks-unwind,5.1,1,8
2026-07-08,bathroomgraffiti,fra,speks,https://bathroomgraffiti.com/products/jeu-billes-magnetiques-speks-inspire,6.8,1,5
2026-07-08,bathroomgraffiti,fra,speks,https://bathroomgraffiti.com/products/jeu-billes-magnetiques-speks-rainbow,9,0,3
2026-07-08,bathroomgraffiti,fra,speks,https://bathroomgraffiti.com/products/jeu-billes-magnetiques-speks-unwind,4.4,0,16
2026-07-09,bathroomgraffiti,fra,speks,https://bathroomgraffiti.com/products/jeu-billes-magnetiques-speks-unwind,6.2,0,4
2026-07-10,bathroomgraffiti,fra,speks,https://bathroomgraffiti.com/products/jeu-billes-magnetiques-speks-inspire,4.2,0,4
2026-07-10,bathroomgraffiti,fra,speks,https://bathroomgraffiti.com/products/jeu-billes-magnetiques-speks-unwind,4,0,6
2026-07-11,bathroomgraffiti,fra,speks,https://bathroomgraffiti.com/products/jeu-billes-magnetiques-speks-inspire,8.2,0,6
2026-07-11,bathroomgraffiti,fra,speks,https://bathroomgraffiti.com/products/jeu-billes-magnetiques-speks-unwind,6.2,0,16
2026-07-12,bathroomgraffiti,fra,speks,https://bathroomgraffiti.com/products/jeu-billes-magnetiques-speks-inspire,9.7,0,7
2026-07-12,bathroomgraffiti,fra,speks,https://bathroomgraffiti.com/products/jeu-billes-magnetiques-speks-rainbow,11,0,3
2026-07-12,bathroomgraffiti,fra,speks,https://bathroomgraffiti.com/products/jeu-billes-magnetiques-speks-unwind,6.9,0,16
2026-07-13,bathroomgraffiti,fra,speks,https://bathroomgraffiti.com/products/jeu-billes-magnetiques-speks-inspire,12.8,0,5
2026-07-13,bathroomgraffiti,fra,speks,https://bathroomgraffiti.com/products/jeu-billes-magnetiques-speks-rainbow,11,0,7
2026-07-13,bathroomgraffiti,fra,speks,https://bathroomgraffiti.com/products/jeu-billes-magnetiques-speks-rose,5,0,2
2026-07-13,bathroomgraffiti,fra,speks,https://bathroomgraffiti.com/products/jeu-billes-magnetiques-speks-unwind,5.2,0,16
2026-07-14,bathroomgraffiti,fra,speks,https://bathroomgraffiti.com/products/jeu-billes-magnetiques-speks-inspire,8.3,0,7
2026-07-14,bathroomgraffiti,fra,speks,https://bathroomgraffiti.com/products/jeu-billes-magnetiques-speks-rainbow,11,0,4
2026-07-14,bathroomgraffiti,fra,speks,https://bathroomgraffiti.com/products/jeu-billes-magnetiques-speks-unwind,5.1,0,10
2026-07-15,bathroomgraffiti,fra,speks,https://bathroomgraffiti.com/products/jeu-billes-magnetiques-speks-unwind,4.4,0,13
2026-07-16,bathroomgraffiti,fra,speks,https://bathroomgraffiti.com/products/jeu-billes-magnetiques-speks-inspire,8,0,7
2026-07-16,bathroomgraffiti,fra,speks,https://bathroomgraffiti.com/products/jeu-billes-magnetiques-speks-rainbow,7.3,0,3
2026-07-16,bathroomgraffiti,fra,speks,https://bathroomgraffiti.com/products/jeu-billes-magnetiques-speks-unwind,3.9,0,14
2026-07-17,bathroomgraffiti,fra,speks,https://bathroomgraffiti.com/products/jeu-billes-magnetiques-speks-deep-end,7,0,2
2026-07-17,bathroomgraffiti,fra,speks,https://bathroomgraffiti.com/products/jeu-billes-magnetiques-speks-inspire,7.3,0,15
2026-07-17,bathroomgraffiti,fra,speks,https://bathroomgraffiti.com/products/jeu-billes-magnetiques-speks-rainbow,7.3,0,6
2026-07-17,bathroomgraffiti,fra,speks,https://bathroomgraffiti.com/products/jeu-billes-magnetiques-speks-soothe,7,0,2
2026-07-17,bathroomgraffiti,fra,speks,https://bathroomgraffiti.com/products/jeu-billes-magnetiques-speks-unwind,3.7,0,10
2026-07-18,bathroomgraffiti,fra,speks,https://bathroomgraffiti.com/products/jeu-billes-magnetiques-speks-inspire,6.3,1,21
2026-07-18,bathroomgraffiti,fra,speks,https://bathroomgraffiti.com/products/jeu-billes-magnetiques-speks-rainbow,10.7,0,9
2026-07-18,bathroomgraffiti,fra,speks,https://bathroomgraffiti.com/products/jeu-billes-magnetiques-speks-unwind,7.6,0,7
2026-07-19,bathroomgraffiti,fra,speks,https://bathroomgraffiti.com/products/jeu-billes-magnetiques-speks-inspire,5.8,0,9
2026-07-19,bathroomgraffiti,fra,speks,https://bathroomgraffiti.com/products/jeu-billes-magnetiques-speks-unwind,4.9,1,9
2026-07-20,bathroomgraffiti,fra,speks,https://bathroomgraffiti.com/products/jeu-billes-magnetiques-speks-inspire,4.7,0,7
2026-07-20,bathroomgraffiti,fra,speks,https://bathroomgraffiti.com/products/jeu-billes-magnetiques-speks-rainbow,9,0,2
2026-07-20,bathroomgraffiti,fra,speks,https://bathroomgraffiti.com/products/jeu-billes-magnetiques-speks-unwind,4.5,0,8
2026-07-21,bathroomgraffiti,fra,speks,https://bathroomgraffiti.com/products/jeu-billes-magnetiques-speks-inspire,4.9,0,8
2026-07-21,bathroomgraffiti,fra,speks,https://bathroomgraffiti.com/products/jeu-billes-magnetiques-speks-unwind,6.3,0,7
2026-07-22,bathroomgraffiti,fra,speks,https://bathroomgraffiti.com/products/jeu-billes-magnetiques-speks-inspire,5,0,11
2026-07-22,bathroomgraffiti,fra,speks,https://bathroomgraffiti.com/products/jeu-billes-magnetiques-speks-unwind,5.6,0,12
2026-07-23,bathroomgraffiti,fra,speks,https://bathroomgraffiti.com/products/jeu-billes-magnetiques-speks-inspire,4.6,0,12
2026-07-23,bathroomgraffiti,fra,speks,https://bathroomgraffiti.com/products/jeu-billes-magnetiques-speks-unwind,6.5,0,11
2026-07-24,bathroomgraffiti,fra,speks,https://bathroomgraffiti.com/products/jeu-billes-magnetiques-speks-inspire,4.4,0,8
2026-07-24,bathroomgraffiti,fra,speks,https://bathroomgraffiti.com/products/jeu-billes-magnetiques-speks-rainbow,8.7,0,3
2026-07-24,bathroomgraffiti,fra,speks,https://bathroomgraffiti.com/products/jeu-billes-magnetiques-speks-unwind,5.9,0,15
2026-07-25,bathroomgraffiti,fra,speks,https://bathroomgraffiti.com/products/jeu-billes-magnetiques-speks-inspire,4,0,15
2026-07-25,bathroomgraffiti,fra,speks,https://bathroomgraffiti.com/products/jeu-billes-magnetiques-speks-unwind,6.2,0,13
2026-07-26,bathroomgraffiti,fra,speks,https://bathroomgraffiti.com/products/jeu-billes-magnetiques-speks-inspire,4.1,0,15
2026-07-26,bathroomgraffiti,fra,speks,https://bathroomgraffiti.com/products/jeu-billes-magnetiques-speks-unwind,5.9,0,17
2026-07-27,bathroomgraffiti,fra,speks,https://bathroomgraffiti.com/products/jeu-billes-magnetiques-speks-inspire,4.5,1,18
2026-07-27,bathroomgraffiti,fra,speks,https://bathroomgraffiti.com/products/jeu-billes-magnetiques-speks-unwind,6.5,1,21
2026-07-28,bathroomgraffiti,fra,speks,https://bathroomgraffiti.com/products/jeu-billes-magnetiques-speks-inspire,5.5,0,4
2026-07-28,bathroomgraffiti,fra,speks,https://bathroomgraffiti.com/products/jeu-billes-magnetiques-speks-unwind,5.2,0,17
2026-07-29,bathroomgraffiti,fra,speks,https://bathroomgraffiti.com/products/jeu-billes-magnetiques-speks-inspire,5.6,0,16
2026-07-29,bathroomgraffiti,fra,speks,https://bathroomgraffiti.com/products/jeu-billes-magnetiques-speks-unwind,6.2,0,11
2026-07-30,bathroomgraffiti,fra,speks,https://bathroomgraffiti.com/products/jeu-billes-magnetiques-speks-inspire,5.1,0,18
2026-07-30,bathroomgraffiti,fra,speks,https://bathroomgraffiti.com/products/jeu-billes-magnetiques-speks-unwind,6,0,2
2026-07-31,bathroomgraffiti,fra,speks,https://bathroomgraffiti.com/products/jeu-billes-magnetiques-speks-deep-end,6,0,3
2026-07-31,bathroomgraffiti,fra,speks,https://bathroomgraffiti.com/products/jeu-billes-magnetiques-speks-inspire,5.6,0,19
2026-07-31,bathroomgraffiti,fra,speks,https://bathroomgraffiti.com/products/jeu-billes-magnetiques-speks-unwind,4.2,0,12
2026-08-01,bathroomgraffiti,fra,speks,https://bathroomgraffiti.com/products/jeu-billes-magnetiques-speks-inspire,4.8,0,17
2026-08-01,bathroomgraffiti,fra,speks,https://bathroomgraffiti.com/products/jeu-billes-magnetiques-speks-unwind,4.8,0,13
2026-08-02,bathroomgraffiti,fra,speks,https://bathroomgraffiti.com/products/jeu-billes-magnetiques-speks-inspire,5.1,0,14
2026-08-02,bathroomgraffiti,fra,speks,https://bathroomgraffiti.com/products/jeu-billes-magnetiques-speks-unwind,6.2,0,4
2026-08-03,bathroomgraffiti,fra,speks,https://bathroomgraffiti.com/products/jeu-billes-magnetiques-speks-inspire,4.7,0,23
2026-08-03,bathroomgraffiti,fra,speks,https://bathroomgraffiti.com/products/jeu-billes-magnetiques-speks-unwind,7.3,0,11
2026-08-04,bathroomgraffiti,fra,speks,https://bathroomgraffiti.com/products/jeu-billes-magnetiques-speks-inspire,5.6,0,24
2026-08-04,bathroomgraffiti,fra,speks,https://bathroomgraffiti.com/products/jeu-billes-magnetiques-speks-unwind,6.1,0,17
2026-08-05,bathroomgraffiti,fra,speks,https://bathroomgraffiti.com/products/jeu-billes-magnetiques-speks-deep-end,6.5,0,2
2026-08-05,bathroomgraffiti,fra,speks,https://bathroomgraffiti.com/products/jeu-billes-magnetiques-speks-inspire,7.6,0,16
2026-08-05,bathroomgraffiti,fra,speks,https://bathroomgraffiti.com/products/jeu-billes-magnetiques-speks-unwind,5.5,1,27
2026-08-06,bathroomgraffiti,fra,speks,https://bathroomgraffiti.com/products/jeu-billes-magnetiques-speks-inspire,6.9,0,18
2026-08-06,bathroomgraffiti,fra,speks,https://bathroomgraffiti.com/products/jeu-billes-magnetiques-speks-unwind,4.4,0,28
2026-08-07,bathroomgraffiti,fra,speks,https://bathroomgraffiti.com/products/jeu-billes-magnetiques-speks-inspire,6.5,0,10
2026-08-07,bathroomgraffiti,fra,speks,https://bathroomgraffiti.com/products/jeu-billes-magnetiques-speks-rainbow,5.5,0,2
2026-08-07,bathroomgraffiti,fra,speks,https://bathroomgraffiti.com/products/jeu-billes-magnetiques-speks-unwind,4.9,1,15
2026-08-08,bathroomgraffiti,fra,speks,https://bathroomgraffiti.com/products/jeu-billes-magnetiques-speks-inspire,6.9,0,8
2026-08-08,bathroomgraffiti,fra,speks,https://bathroomgraffiti.com/products/jeu-billes-magnetiques-speks-unwind,3.6,0,14
2026-08-09,bathroomgraffiti,fra,speks,https://bathroomgraffiti.com/products/jeu-billes-magnetiques-speks-inspire,7.5,0,4
2026-08-09,bathroomgraffiti,fra,speks,https://bathroomgraffiti.com/products/jeu-billes-magnetiques-speks-unwind,4.5,0,20
2026-08-10,bathroomgraffiti,fra,speks,https://bathroomgraffiti.com/products/jeu-billes-magnetiques-speks-inspire,6.4,0,12
2026-08-10,bathroomgraffiti,fra,speks,https://bathroomgraffiti.com/products/jeu-billes-magnetiques-speks-unwind,4.5,0,22
2026-08-11,bathroomgraffiti,fra,speks,https://bathroomgraffiti.com/products/jeu-billes-magnetiques-speks-inspire,6.3,0,7
2026-08-11,bathroomgraffiti,fra,speks,https://bathroomgraffiti.com/products/jeu-billes-magnetiques-speks-unwind,5.1,0,23
2026-08-12,bathroomgraffiti,fra,speks,https://bathroomgraffiti.com/products/jeu-billes-magnetiques-speks-unwind,3.2,0,16
2026-08-13,bathroomgraffiti,fra,speks,https://bathroomgraffiti.com/products/jeu-billes-magnetiques-speks-unwind,3.9,0,16
2026-08-14,bathroomgraffiti,fra,speks,https://bathroomgraffiti.com/products/jeu-billes-magnetiques-speks-unwind,3.6,0,12
2026-08-15,bathroomgraffiti,fra,speks,https://bathroomgraffiti.com/products/jeu-billes-magnetiques-speks-unwind,4.1,0,16
2026-08-16,bathroomgraffiti,fra,speks,https://bathroomgraffiti.com/products/jeu-billes-magnetiques-speks-unwind,4.3,1,22
2026-08-17,bathroomgraffiti,fra,speks,https://bathroomgraffiti.com/products/jeu-billes-magnetiques-speks-inspire,8,0,2
2026-08-17,bathroomgraffiti,fra,speks,https://bathroomgraffiti.com/products/jeu-billes-magnetiques-speks-unwind,4.1,2,18
2026-08-18,bathroomgraffiti,fra,speks,https://bathroomgraffiti.com/products/jeu-billes-magnetiques-speks-inspire,4.8,0,4
2026-08-18,bathroomgraffiti,fra,speks,https://bathroomgraffiti.com/products/jeu-billes-magnetiques-speks-unwind,3.6,0,19
2026-08-19,bathroomgraffiti,fra,speks,https://bathroomgraffiti.com/products/jeu-billes-magnetiques-speks-inspire,4.3,1,25
2026-08-20,bathroomgraffiti,fra,speks,https://bathroomgraffiti.com/products/jeu-billes-magnetiques-speks-inspire,5.6,0,25
2026-08-21,bathroomgraffiti,fra,speks,https://bathroomgraffiti.com/products/jeu-billes-magnetiques-speks-inspire,5.6,1,21
2026-08-21,bathroomgraffiti,fra,speks,https://bathroomgraffiti.com/products/jeu-billes-magnetiques-speks-soothe,5,0,2
2026-08-22,bathroomgraffiti,fra,speks,https://bathroomgraffiti.com/products/jeu-billes-magnetiques-speks-inspire,5.7,0,21
2026-08-22,bathroomgraffiti,fra,speks,https://bathroomgraffiti.com/products/jeu-billes-magnetiques-speks-soothe,4.7,0,3
2026-08-23,bathroomgraffiti,fra,speks,https://bathroomgraffiti.com/products/jeu-billes-magnetiques-speks-inspire,5.4,0,15
2026-08-23,bathroomgraffiti,fra,speks,https://bathroomgraffiti.com/products/jeu-billes-magnetiques-speks-soothe,4,0,2
2026-08-24,bathroomgraffiti,fra,speks,https://bathroomgraffiti.com/products/jeu-billes-magnetiques-speks-inspire,5.6,0,23
2026-08-24,bathroomgraffiti,fra,speks,https://bathroomgraffiti.com/products/jeu-billes-magnetiques-speks-soothe,6,0,2
2026-08-25,bathroomgraffiti,fra,speks,https://bathroomgraffiti.com/products/jeu-billes-magnetiques-speks-inspire,7.5,0,17
2026-08-26,bathroomgraffiti,fra,speks,https://bathroomgraffiti.com/products/jeu-billes-magnetiques-speks-inspire,8.8,2,9
2026-08-26,bathroomgraffiti,fra,speks,https://bathroomgraffiti.com/products/jeu-billes-magnetiques-speks-soothe,5.2,0,6
2026-08-27,bathroomgraffiti,fra,speks,https://bathroomgraffiti.com/products/jeu-billes-magnetiques-speks-inspire,8.4,0,19
2026-08-27,bathroomgraffiti,fra,speks,https://bathroomgraffiti.com/products/jeu-billes-magnetiques-speks-soothe,3,0,7
2026-08-27,bathroomgraffiti,fra,speks,https://bathroomgraffiti.com/products/jeu-billes-magnetiques-speks-unwind,7.7,0,3
2026-08-28,bathroomgraffiti,fra,speks,https://bathroomgraffiti.com/products/jeu-billes-magnetiques-speks-inspire,4.5,0,20
2026-08-28,bathroomgraffiti,fra,speks,https://bathroomgraffiti.com/products/jeu-billes-magnetiques-speks-soothe,4,0,4
2026-08-29,bathroomgraffiti,fra,speks,https://bathroomgraffiti.com/products/jeu-billes-magnetiques-speks-inspire,7.4,0,11
2026-08-30,bathroomgraffiti,fra,speks,https://bathroomgraffiti.com/products/jeu-billes-magnetiques-speks-inspire,9.4,0,7
2026-08-31,bathroomgraffiti,fra,speks,https://bathroomgraffiti.com/products/jeu-billes-magnetiques-speks-inspire,7.8,0,5
2026-09-01,bathroomgraffiti,fra,speks,https://bathroomgraffiti.com/products/jeu-billes-magnetiques-speks-ignite,9,0,2
2026-09-02,bathroomgraffiti,fra,speks,https://bathroomgraffiti.com/products/jeu-billes-magnetiques-speks-inspire,8.7,1,10
2026-09-03,bathroomgraffiti,fra,speks,https://bathroomgraffiti.com/products/jeu-billes-magnetiques-speks-inspire,18,0,2
2026-09-03,bathroomgraffiti,fra,speks,https://bathroomgraffiti.com/products/jeu-billes-magnetiques-speks-unwind,16.7,0,3
2026-09-04,bathroomgraffiti,fra,speks,https://bathroomgraffiti.com/products/jeu-billes-magnetiques-speks-unwind,12,0,2
2026-09-05,bathroomgraffiti,fra,speks,https://bathroomgraffiti.com/products/jeu-billes-magnetiques-speks-soothe,9,0,2
2026-09-06,bathroomgraffiti,fra,speks,https://bathroomgraffiti.com/products/jeu-billes-magnetiques-speks-inspire,7,0,2
2026-09-06,bathroomgraffiti,fra,speks,https://bathroomgraffiti.com/products/jeu-billes-magnetiques-speks-soothe,8.7,0,7
2026-09-07,bathroomgraffiti,fra,speks,https://bathroomgraffiti.com/products/jeu-billes-magnetiques-speks-soothe,8.3,0,3
2026-09-08,bathroomgraffiti,fra,speks,https://bathroomgraffiti.com/collections/speks,7.8,0,10
2026-09-08,bathroomgraffiti,fra,speks,https://bathroomgraffiti.com/products/jeu-billes-magnetiques-speks-inspire,10.8,0,4
2026-09-09,bathroomgraffiti,fra,speks,https://bathroomgraffiti.com/collections/speks,6.6,2,11
2026-09-09,bathroomgraffiti,fra,speks,https://bathroomgraffiti.com/products/jeu-billes-magnetiques-speks-inspire,8.7,1,21
2026-09-10,bathroomgraffiti,fra,speks,https://bathroomgraffiti.com/products/jeu-billes-magnetiques-speks-inspire,7.5,0,4
2026-09-10,bathroomgraffiti,fra,speks,https://bathroomgraffiti.com/products/jeu-billes-magnetiques-speks-rainbow,7.8,0,4
2026-09-11,bathroomgraffiti,fra,speks,https://bathroomgraffiti.com/products/jeu-billes-magnetiques-speks-inspire,7.4,0,15
2026-09-11,bathroomgraffiti,fra,speks,https://bathroomgraffiti.com/products/jeu-billes-magnetiques-speks-rainbow,9,0,2
2026-09-12,bathroomgraffiti,fra,speks,https://bathroomgraffiti.com/products/jeu-billes-magnetiques-speks-inspire,5.4,0,27
2026-09-12,bathroomgraffiti,fra,speks,https://bathroomgraffiti.com/products/jeu-billes-magnetiques-speks-original,6,0,3
2026-09-12,bathroomgraffiti,fra,speks,https://bathroomgraffiti.com/products/jeu-billes-magnetiques-speks-rainbow,8.3,0,10
2026-09-12,bathroomgraffiti,fra,speks,https://bathroomgraffiti.com/products/jeu-billes-magnetiques-speks-unwind,7.8,0,4
2026-09-13,bathroomgraffiti,fra,speks,https://bathroomgraffiti.com/products/jeu-billes-magnetiques-speks-inspire,5.2,0,21
2026-09-13,bathroomgraffiti,fra,speks,https://bathroomgraffiti.com/products/jeu-billes-magnetiques-speks-unwind,7.9,0,14
2026-09-14,bathroomgraffiti,fra,speks,https://bathroomgraffiti.com/products/jeu-billes-magnetiques-speks-inspire,7.0,0,27
2026-09-14,bathroomgraffiti,fra,speks,https://bathroomgraffiti.com/products/jeu-billes-magnetiques-speks-unwind,7.8,0,15
2026-09-15,bathroomgraffiti,fra,speks,https://bathroomgraffiti.com/products/jeu-billes-magnetiques-speks-inspire,6.6,0,20
2026-09-15,bathroomgraffiti,fra,speks,https://bathroomgraffiti.com/products/jeu-billes-magnetiques-speks-unwind,7.5,0,2
2026-09-16,bathroomgraffiti,fra,speks,https://bathroomgraffiti.com/products/jeu-billes-magnetiques-speks-inspire,3.7,0,7
2026-09-17,bathroomgraffiti,fra,speks,https://bathroomgraffiti.com/products/jeu-billes-magnetiques-speks-inspire,5.3,0,7
2026-09-18,bathroomgraffiti,fra,speks,https://bathroomgraffiti.com/products/jeu-billes-magnetiques-speks-inspire,4.8,0,14
2026-09-20,bathroomgraffiti,fra,speks,https://bathroomgraffiti.com/products/jeu-billes-magnetiques-speks-inspire,3,0,2
2026-09-21,bathroomgraffiti,fra,speks,https://bathroomgraffiti.com/products/jeu-billes-magnetiques-speks-inspire,6.8,0,6
2026-09-22,bathroomgraffiti,fra,speks,https://bathroomgraffiti.com/products/jeu-billes-magnetiques-speks-inspire,8,1,16
2026-09-22,bathroomgraffiti,fra,speks,https://bathroomgraffiti.com/products/jeu-billes-magnetiques-speks-rainbow,37,0,2
2026-09-23,bathroomgraffiti,fra,speks,https://bathroomgraffiti.com/products/jeu-billes-magnetiques-speks-inspire,5.7,0,3
2026-09-24,bathroomgraffiti,fra,speks,https://bathroomgraffiti.com/products/jeu-billes-magnetiques-speks-inspire,6.9,0,7
2026-09-25,bathroomgraffiti,fra,speks,https://bathroomgraffiti.com/products/jeu-billes-magnetiques-speks-inspire,11.2,0,4
2026-09-25,bathroomgraffiti,fra,speks,https://bathroomgraffiti.com/products/jeu-billes-magnetiques-speks-rainbow,20,0,2
2026-09-26,bathroomgraffiti,fra,speks,https://bathroomgraffiti.com/collections/speks,5.6,0,14
2026-09-27,bathroomgraffiti,fra,speks,https://bathroomgraffiti.com/collections/speks,5,0,38
2026-09-28,bathroomgraffiti,fra,speks,https://bathroomgraffiti.com/collections/speks,4.8,0,19
2026-09-29,bathroomgraffiti,fra,speks,https://bathroomgraffiti.com/collections/speks,4.6,0,21
2026-09-29,bathroomgraffiti,fra,speks,https://bathroomgraffiti.com/products/jeu-billes-magnetiques-speks-inspire,11.5,0,2
2026-09-30,bathroomgraffiti,fra,speks,https://bathroomgraffiti.com/collections/speks,4.5,0,22
2026-10-01,bathroomgraffiti,fra,speks,https://bathroomgraffiti.com/collections/speks,4.2,1,21
2026-10-02,bathroomgraffiti,fra,speks,https://bathroomgraffiti.com/collections/speks,5.6,0,14
2026-10-02,bathroomgraffiti,fra,speks,https://bathroomgraffiti.com/products/jeu-billes-magnetiques-speks-inspire,32,0,2
2026-10-02,bathroomgraffiti,fra,speks,https://bathroomgraffiti.com/products/jeu-billes-magnetiques-speks-rainbow,32,0,2
2026-10-03,bathroomgraffiti,fra,speks,https://bathroomgraffiti.com/collections/speks,5.2,1,33
2026-10-04,bathroomgraffiti,fra,speks,https://bathroomgraffiti.com/collections/speks,5.6,1,16
2026-07-10,bathroomgraffiti,fra,speks france,https://bathroomgraffiti.com/products/jeu-billes-magnetiques-speks-unwind,5.5,0,2
2026-07-12,bathroomgraffiti,fra,speks france,https://bathroomgraffiti.com/products/jeu-billes-magnetiques-speks-unwind,2.2,1,4
2026-07-14,bathroomgraffiti,fra,speks france,https://bathroomgraffiti.com/products/jeu-billes-magnetiques-speks-unwind,2.5,1,2
2026-07-15,bathroomgraffiti,fra,speks france,https://bathroomgraffiti.com/products/jeu-billes-magnetiques-speks-unwind,2.7,0,3
2026-07-16,bathroomgraffiti,fra,speks france,https://bathroomgraffiti.com/products/jeu-billes-magnetiques-speks-unwind,3.6,1,5
2026-07-23,bathroomgraffiti,fra,speks france,https://bathroomgraffiti.com/products/jeu-billes-magnetiques-speks-inspire,3,1,4
2026-07-25,bathroomgraffiti,fra,speks france,https://bathroomgraffiti.com/products/jeu-billes-magnetiques-speks-inspire,2,1,3
2026-07-26,bathroomgraffiti,fra,speks france,https://bathroomgraffiti.com/products/jeu-billes-magnetiques-speks-inspire,2.6,2,7
2026-07-27,bathroomgraffiti,fra,speks france,https://bathroomgraffiti.com/products/jeu-billes-magnetiques-speks-inspire,4,0,2
2026-07-28,bathroomgraffiti,fra,speks france,https://bathroomgraffiti.com/products/jeu-billes-magnetiques-speks-inspire,2,0,5
2026-07-29,bathroomgraffiti,fra,speks france,https://bathroomgraffiti.com/products/jeu-billes-magnetiques-speks-inspire,2.8,0,4
2026-07-30,bathroomgraffiti,fra,speks france,https://bathroomgraffiti.com/products/jeu-billes-magnetiques-speks-inspire,2,0,2
2026-07-31,bathroomgraffiti,fra,speks france,https://bathroomgraffiti.com/products/jeu-billes-magnetiques-speks-inspire,2.3,0,3
2026-08-02,bathroomgraffiti,fra,speks france,https://bathroomgraffiti.com/products/jeu-billes-magnetiques-speks-inspire,2,0,3
2026-08-03,bathroomgraffiti,fra,speks france,https://bathroomgraffiti.com/products/jeu-billes-magnetiques-speks-inspire,2.7,0,3
2026-08-04,bathroomgraffiti,fra,speks france,https://bathroomgraffiti.com/products/jeu-billes-magnetiques-speks-inspire,2,1,5
2026-08-08,bathroomgraffiti,fra,speks france,https://bathroomgraffiti.com/products/jeu-billes-magnetiques-speks-inspire,2.8,0,4
2026-08-12,bathroomgraffiti,fra,speks france,https://bathroomgraffiti.com/products/jeu-billes-magnetiques-speks-unwind,2,0,3
2026-08-18,bathroomgraffiti,fra,speks france,https://bathroomgraffiti.com/products/jeu-billes-magnetiques-speks-inspire,3.5,0,2
2026-08-20,bathroomgraffiti,fra,speks france,https://bathroomgraffiti.com/products/jeu-billes-magnetiques-speks-inspire,2.5,0,2
2026-08-22,bathroomgraffiti,fra,speks france,https://bathroomgraffiti.com/products/jeu-billes-magnetiques-speks-inspire,3.7,0,3
2026-08-22,bathroomgraffiti,fra,speks france,https://bathroomgraffiti.com/products/jeu-billes-magnetiques-speks-unwind,3.3,0,3
2026-08-23,bathroomgraffiti,fra,speks france,https://bathroomgraffiti.com/products/jeu-billes-magnetiques-speks-inspire,2,0,2
2026-08-25,bathroomgraffiti,fra,speks france,https://bathroomgraffiti.com/products/jeu-billes-magnetiques-speks-unwind,2.5,0,2
2026-08-26,bathroomgraffiti,fra,speks france,https://bathroomgraffiti.com/products/jeu-billes-magnetiques-speks-unwind,3,0,2
2026-08-27,bathroomgraffiti,fra,speks france,https://bathroomgraffiti.com/products/jeu-billes-magnetiques-speks-inspire,6.3,0,3
2026-08-27,bathroomgraffiti,fra,speks france,https://bathroomgraffiti.com/products/jeu-billes-magnetiques-speks-unwind,2.5,0,4
2026-08-28,bathroomgraffiti,fra,speks france,https://bathroomgraffiti.com/products/jeu-billes-magnetiques-speks-unwind,2.5,0,2
2026-08-30,bathroomgraffiti,fra,speks france,https://bathroomgraffiti.com/products/jeu-billes-magnetiques-speks-unwind,3,0,2
2026-08-31,bathroomgraffiti,fra,speks france,https://bathroomgraffiti.com/products/jeu-billes-magnetiques-speks-inspire,8.5,0,2
2026-08-31,bathroomgraffiti,fra,speks france,https://bathroomgraffiti.com/products/jeu-billes-magnetiques-speks-unwind,3.3,1,3
2026-09-01,bathroomgraffiti,fra,speks france,https://bathroomgraffiti.com/products/jeu-billes-magnetiques-speks-unwind,2.7,0,3
2026-09-02,bathroomgraffiti,fra,speks france,https://bathroomgraffiti.com/products/jeu-billes-magnetiques-speks-unwind,2,0,2
2026-09-03,bathroomgraffiti,fra,speks france,https://bathroomgraffiti.com/products/jeu-billes-magnetiques-speks-inspire,7,0,2
2026-09-03,bathroomgraffiti,fra,speks france,https://bathroomgraffiti.com/products/jeu-billes-magnetiques-speks-unwind,3.3,0,3
2026-09-04,bathroomgraffiti,fra,speks france,https://bathroomgraffiti.com/products/jeu-billes-magnetiques-speks-unwind,3,0,3
2026-09-05,bathroomgraffiti,fra,speks france,https://bathroomgraffiti.com/products/jeu-billes-magnetiques-speks-unwind,2.5,0,6
2026-09-07,bathroomgraffiti,fra,speks france,https://bathroomgraffiti.com/products/jeu-billes-magnetiques-speks-unwind,4.2,0,4
2026-09-09,bathroomgraffiti,fra,speks france,https://bathroomgraffiti.com/products/jeu-billes-magnetiques-speks-unwind,2.6,0,5
2026-09-11,bathroomgraffiti,fra,speks france,https://bathroomgraffiti.com/products/jeu-billes-magnetiques-speks-unwind,3,0,3
2026-09-12,bathroomgraffiti,fra,speks france,https://bathroomgraffiti.com/products/jeu-billes-magnetiques-speks-unwind,3.8,1,4
2026-09-13,bathroomgraffiti,fra,speks france,https://bathroomgraffiti.com/products/jeu-billes-magnetiques-speks-unwind,2,0,2
2026-09-14,bathroomgraffiti,fra,speks france,https://bathroomgraffiti.com/products/jeu-billes-magnetiques-speks-unwind,2,0,2
2026-09-15,bathroomgraffiti,fra,speks france,https://bathroomgraffiti.com/products/jeu-billes-magnetiques-speks-unwind,4.2,1,4
2026-09-16,bathroomgraffiti,fra,speks france,https://bathroomgraffiti.com/products/jeu-billes-magnetiques-speks-unwind,6,0,4
2026-09-17,bathroomgraffiti,fra,speks france,https://bathroomgraffiti.com/products/jeu-billes-magnetiques-speks-unwind,2.7,0,3
2026-09-18,bathroomgraffiti,fra,speks france,https://bathroomgraffiti.com/products/jeu-billes-magnetiques-speks-unwind,3.7,0,3
2026-09-19,bathroomgraffiti,fra,speks france,https://bathroomgraffiti.com/products/jeu-billes-magnetiques-speks-unwind,3.5,0,2
2026-09-20,bathroomgraffiti,fra,speks france,https://bathroomgraffiti.com/products/jeu-billes-magnetiques-speks-unwind,4.9,1,7
2026-09-21,bathroomgraffiti,fra,speks france,https://bathroomgraffiti.com/,4.5,0,2
2026-09-21,bathroomgraffiti,fra,speks france,https://bathroomgraffiti.com/products/jeu-billes-magnetiques-speks-unwind,4.3,0,3
2026-09-23,bathroomgraffiti,fra,speks france,https://bathroomgraffiti.com/products/jeu-billes-magnetiques-speks-unwind,6.7,0,3
2026-09-25,bathroomgraffiti,fra,speks france,https://bathroomgraffiti.com/products/jeu-billes-magnetiques-speks-unwind,5.3,0,3
2026-09-26,bathroomgraffiti,fra,speks france,https://bathroomgraffiti.com/collections/speks,2.8,3,6
2026-09-29,bathroomgraffiti,fra,speks france,https://bathroomgraffiti.com/,5,0,4
2026-09-29,bathroomgraffiti,fra,speks france,https://bathroomgraffiti.com/collections/speks,3.7,0,6
2026-10-01,bathroomgraffiti,fra,speks france,https://bathroomgraffiti.com/collections/speks,3.5,0,2
2026-10-02,bathroomgraffiti,fra,speks france,https://bathroomgraffiti.com/collections/speks,3.5,0,2
2026-10-03,bathroomgraffiti,fra,speks france,https://bathroomgraffiti.com/collections/speks,3.7,1,3
2026-07-08,bathroomgraffiti,fra,squishy dumpling,https://bathroomgraffiti.com/products/mini-lucky-bao-mystere,1,0,2
2026-07-09,bathroomgraffiti,fra,squishy dumpling,https://bathroomgraffiti.com/products/balle-anti-stress-boulette?variant=49397743223126&country=FR&currency=EUR&utm_medium=product_sync&utm_source=google&utm_content=sag_organic&utm_campaign=sag_organic,3,0,2
2026-07-09,bathroomgraffiti,fra,squishy dumpling,https://bathroomgraffiti.com/products/mini-lucky-bao-mystere?variant=53411551838550&country=FR&currency=EUR&utm_medium=product_sync&utm_source=google&utm_content=sag_organic&utm_campaign=sag_organic,1,0,2
2026-07-31,bathroomgraffiti,fra,squishy dumpling,https://bathroomgraffiti.com/products/mini-lucky-bao-mystere,4,0,9
2026-07-31,bathroomgraffiti,fra,squishy dumpling,https://bathroomgraffiti.com/products/mini-lucky-bao-mystere?variant=53411551838550&country=FR&currency=EUR&utm_medium=product_sync&utm_source=google&utm_content=sag_organic&utm_campaign=sag_organic,3.5,4,14
2026-08-02,bathroomgraffiti,fra,squishy dumpling,https://bathroomgraffiti.com/products/mini-lucky-bao-mystere?variant=53411551838550&country=FR&currency=EUR&utm_medium=product_sync&utm_source=google&utm_content=sag_organic&utm_campaign=sag_organic,5.8,0,5
2026-08-03,bathroomgraffiti,fra,squishy dumpling,https://bathroomgraffiti.com/products/mini-lucky-bao-mystere,3.3,1,7
2026-08-03,bathroomgraffiti,fra,squishy dumpling,https://bathroomgraffiti.com/products/mini-lucky-bao-mystere?variant=53411551838550&country=FR&currency=EUR&utm_medium=product_sync&utm_source=google&utm_content=sag_organic&utm_campaign=sag_organic,3,1,10
2026-08-04,bathroomgraffiti,fra,squishy dumpling,https://bathroomgraffiti.com/products/mini-lucky-bao-mystere?variant=53411551838550&country=FR&currency=EUR&utm_medium=product_sync&utm_source=google&utm_content=sag_organic&utm_campaign=sag_organic,3,0,5
2026-08-05,bathroomgraffiti,fra,squishy dumpling,https://bathroomgraffiti.com/products/mini-lucky-bao-mystere,5,0,8
2026-08-05,bathroomgraffiti,fra,squishy dumpling,https://bathroomgraffiti.com/products/mini-lucky-bao-mystere?variant=53411551838550&country=FR&currency=EUR&utm_medium=product_sync&utm_source=google&utm_content=sag_organic&utm_campaign=sag_organic,4.0,0,44
2026-08-06,bathroomgraffiti,fra,squishy dumpling,https://bathroomgraffiti.com/products/mini-lucky-bao-mystere,4.4,0,7
2026-08-06,bathroomgraffiti,fra,squishy dumpling,https://bathroomgraffiti.com/products/mini-lucky-bao-mystere?variant=53411551838550&country=FR&currency=EUR&utm_medium=product_sync&utm_source=google&utm_content=sag_organic&utm_campaign=sag_organic,3.3,0,15
2026-08-07,bathroomgraffiti,fra,squishy dumpling,https://bathroomgraffiti.com/products/mini-lucky-bao-mystere,8,0,2
2026-08-07,bathroomgraffiti,fra,squishy dumpling,https://bathroomgraffiti.com/products/mini-lucky-bao-mystere?variant=53411551838550&country=FR&currency=EUR&utm_medium=product_sync&utm_source=google&utm_content=sag_organic&utm_campaign=sag_organic,4.5,0,4
2026-08-08,bathroomgraffiti,fra,squishy dumpling,https://bathroomgraffiti.com/products/mini-lucky-bao-mystere,4.7,0,10
2026-08-08,bathroomgraffiti,fra,squishy dumpling,https://bathroomgraffiti.com/products/mini-lucky-bao-mystere?variant=53411551838550&country=FR&currency=EUR&utm_medium=product_sync&utm_source=google&utm_content=sag_organic&utm_campaign=sag_organic,3.8,2,16
2026-08-09,bathroomgraffiti,fra,squishy dumpling,https://bathroomgraffiti.com/products/mini-lucky-bao-mystere,4.9,0,8
2026-08-09,bathroomgraffiti,fra,squishy dumpling,https://bathroomgraffiti.com/products/mini-lucky-bao-mystere?variant=53411551838550&country=FR&currency=EUR&utm_medium=product_sync&utm_source=google&utm_content=sag_organic&utm_campaign=sag_organic,5,3,11
2026-08-10,bathroomgraffiti,fra,squishy dumpling,https://bathroomgraffiti.com/products/mini-lucky-bao-mystere,8.7,0,3
2026-08-10,bathroomgraffiti,fra,squishy dumpling,https://bathroomgraffiti.com/products/mini-lucky-bao-mystere?variant=53411551838550&country=FR&currency=EUR&utm_medium=product_sync&utm_source=google&utm_content=sag_organic&utm_campaign=sag_organic,4.2,4,9
2026-08-11,bathroomgraffiti,fra,squishy dumpling,https://bathroomgraffiti.com/products/mini-lucky-bao-mystere,7,0,2
2026-08-11,bathroomgraffiti,fra,squishy dumpling,https://bathroomgraffiti.com/products/mini-lucky-bao-mystere?variant=53411551838550&country=FR&currency=EUR&utm_medium=product_sync&utm_source=google&utm_content=sag_organic&utm_campaign=sag_organic,4.8,0,4
2026-08-12,bathroomgraffiti,fra,squishy dumpling,https://bathroomgraffiti.com/products/mini-lucky-bao-mystere,5.3,0,3
2026-08-12,bathroomgraffiti,fra,squishy dumpling,https://bathroomgraffiti.com/products/mini-lucky-bao-mystere?variant=53411551838550&country=FR&currency=EUR&utm_medium=product_sync&utm_source=google&utm_content=sag_organic&utm_campaign=sag_organic,5.3,1,3
2026-08-13,bathroomgraffiti,fra,squishy dumpling,https://bathroomgraffiti.com/products/mini-lucky-bao-mystere?variant=53411551838550&country=FR&currency=EUR&utm_medium=product_sync&utm_source=google&utm_content=sag_organic&utm_campaign=sag_organic,5.2,0,4
2026-08-14,bathroomgraffiti,fra,squishy dumpling,https://bathroomgraffiti.com/products/mini-lucky-bao-mystere,13.5,0,2
2026-08-14,bathroomgraffiti,fra,squishy dumpling,https://bathroomgraffiti.com/products/mini-lucky-bao-mystere?variant=53411551838550&country=FR&currency=EUR&utm_medium=product_sync&utm_source=google&utm_content=sag_organic&utm_campaign=sag_organic,10,2,3
2026-08-16,bathroomgraffiti,fra,squishy dumpling,https://bathroomgraffiti.com/products/mini-lucky-bao-mystere,1.9,0,33
2026-08-16,bathroomgraffiti,fra,squishy dumpling,https://bathroomgraffiti.com/products/mini-lucky-bao-mystere?variant=53411551838550&country=FR&currency=EUR&utm_medium=product_sync&utm_source=google&utm_content=sag_organic&utm_campaign=sag_organic,1.9,1,36
2026-08-17,bathroomgraffiti,fra,squishy dumpling,https://bathroomgraffiti.com/products/mini-lucky-bao-mystere,2.6,0,16
2026-08-17,bathroomgraffiti,fra,squishy dumpling,https://bathroomgraffiti.com/products/mini-lucky-bao-mystere?variant=53411551838550&country=FR&currency=EUR&utm_medium=product_sync&utm_source=google&utm_content=sag_organic&utm_campaign=sag_organic,2.6,0,21
2026-08-18,bathroomgraffiti,fra,squishy dumpling,https://bathroomgraffiti.com/products/mini-lucky-bao-mystere,1.9,1,19
2026-08-18,bathroomgraffiti,fra,squishy dumpling,https://bathroomgraffiti.com/products/mini-lucky-bao-mystere?variant=53411551838550&country=FR&currency=EUR&utm_medium=product_sync&utm_source=google&utm_content=sag_organic&utm_campaign=sag_organic,2.1,2,26
2026-08-19,bathroomgraffiti,fra,squishy dumpling,https://bathroomgraffiti.com/products/mini-lucky-bao-mystere,2.4,0,7
2026-08-19,bathroomgraffiti,fra,squishy dumpling,https://bathroomgraffiti.com/products/mini-lucky-bao-mystere?variant=53411551838550&country=FR&currency=EUR&utm_medium=product_sync&utm_source=google&utm_content=sag_organic&utm_campaign=sag_organic,2.4,0,16
2026-08-20,bathroomgraffiti,fra,squishy dumpling,https://bathroomgraffiti.com/products/mini-lucky-bao-mystere,2.5,1,18
2026-08-20,bathroomgraffiti,fra,squishy dumpling,https://bathroomgraffiti.com/products/mini-lucky-bao-mystere?variant=53411551838550&country=FR&currency=EUR&utm_medium=product_sync&utm_source=google&utm_content=sag_organic&utm_campaign=sag_organic,2.1,2,27
2026-08-21,bathroomgraffiti,fra,squishy dumpling,https://bathroomgraffiti.com/products/mini-lucky-bao-mystere,1.5,0,2
2026-08-21,bathroomgraffiti,fra,squishy dumpling,https://bathroomgraffiti.com/products/mini-lucky-bao-mystere?variant=53411551838550&country=FR&currency=EUR&utm_medium=product_sync&utm_source=google&utm_content=sag_organic&utm_campaign=sag_organic,2.7,2,12
2026-08-22,bathroomgraffiti,fra,squishy dumpling,https://bathroomgraffiti.com/products/mini-lucky-bao-mystere?variant=53411551838550&country=FR&currency=EUR&utm_medium=product_sync&utm_source=google&utm_content=sag_organic&utm_campaign=sag_organic,3.2,1,5
2026-08-23,bathroomgraffiti,fra,squishy dumpling,https://bathroomgraffiti.com/products/mini-lucky-bao-mystere?variant=53411551838550&country=FR&currency=EUR&utm_medium=product_sync&utm_source=google&utm_content=sag_organic&utm_campaign=sag_organic,5.8,3,8
2026-08-24,bathroomgraffiti,fra,squishy dumpling,https://bathroomgraffiti.com/products/mini-lucky-bao-mystere?variant=53411551838550&country=FR&currency=EUR&utm_medium=product_sync&utm_source=google&utm_content=sag_organic&utm_campaign=sag_organic,2.8,1,4
2026-08-25,bathroomgraffiti,fra,squishy dumpling,https://bathroomgraffiti.com/products/mini-lucky-bao-mystere?variant=53411551838550&country=FR&currency=EUR&utm_medium=product_sync&utm_source=google&utm_content=sag_organic&utm_campaign=sag_organic,4.1,1,7
2026-08-26,bathroomgraffiti,fra,squishy dumpling,https://bathroomgraffiti.com/products/mini-lucky-bao-mystere?variant=53411551838550&country=FR&currency=EUR&utm_medium=product_sync&utm_source=google&utm_content=sag_organic&utm_campaign=sag_organic,2,2,5
2026-08-27,bathroomgraffiti,fra,squishy dumpling,https://bathroomgraffiti.com/products/mini-lucky-bao-mystere?variant=53411551838550&country=FR&currency=EUR&utm_medium=product_sync&utm_source=google&utm_content=sag_organic&utm_campaign=sag_organic,2,1,2
2026-08-28,bathroomgraffiti,fra,squishy dumpling,https://bathroomgraffiti.com/products/mini-lucky-bao-mystere?variant=53411551838550&country=FR&currency=EUR&utm_medium=product_sync&utm_source=google&utm_content=sag_organic&utm_campaign=sag_organic,5,0,3
2026-08-29,bathroomgraffiti,fra,squishy dumpling,https://bathroomgraffiti.com/products/mini-lucky-bao-mystere?variant=53411551838550&country=FR&currency=EUR&utm_medium=product_sync&utm_source=google&utm_content=sag_organic&utm_campaign=sag_organic,3.7,1,7
2026-08-30,bathroomgraffiti,fra,squishy dumpling,https://bathroomgraffiti.com/products/mini-lucky-bao-mystere?variant=53411551838550&country=FR&currency=EUR&utm_medium=product_sync&utm_source=google&utm_content=sag_organic&utm_campaign=sag_organic,2,0,2
2026-08-31,bathroomgraffiti,fra,squishy dumpling,https://bathroomgraffiti.com/products/mini-lucky-bao-mystere?variant=53411551838550&country=FR&currency=EUR&utm_medium=product_sync&utm_source=google&utm_content=sag_organic&utm_campaign=sag_organic,3.5,2,4
2026-09-01,bathroomgraffiti,fra,squishy dumpling,https://bathroomgraffiti.com/products/mini-lucky-bao-mystere?variant=53411551838550&country=FR&currency=EUR&utm_medium=product_sync&utm_source=google&utm_content=sag_organic&utm_campaign=sag_organic,4,0,4
2026-09-02,bathroomgraffiti,fra,squishy dumpling,https://bathroomgraffiti.com/products/mini-lucky-bao-mystere?variant=53411551838550&country=FR&currency=EUR&utm_medium=product_sync&utm_source=google&utm_content=sag_organic&utm_campaign=sag_organic,5,1,5
2026-09-03,bathroomgraffiti,fra,squishy dumpling,https://bathroomgraffiti.com/products/mini-lucky-bao-mystere?variant=53411551838550&country=FR&currency=EUR&utm_medium=product_sync&utm_source=google&utm_content=sag_organic&utm_campaign=sag_organic,3,0,2
2026-09-05,bathroomgraffiti,fra,squishy dumpling,https://bathroomgraffiti.com/products/mini-lucky-bao-mystere?variant=53411551838550&country=FR&currency=EUR&utm_medium=product_sync&utm_source=google&utm_content=sag_organic&utm_campaign=sag_organic,2.6,1,7
2026-09-06,bathroomgraffiti,fra,squishy dumpling,https://bathroomgraffiti.com/products/mini-lucky-bao-mystere,2.4,0,5
2026-09-06,bathroomgraffiti,fra,squishy dumpling,https://bathroomgraffiti.com/products/mini-lucky-bao-mystere?variant=53411551838550&country=FR&currency=EUR&utm_medium=product_sync&utm_source=google&utm_content=sag_organic&utm_campaign=sag_organic,4.3,1,6
2026-09-07,bathroomgraffiti,fra,squishy dumpling,https://bathroomgraffiti.com/products/mini-lucky-bao-mystere,2.5,0,2
2026-09-07,bathroomgraffiti,fra,squishy dumpling,https://bathroomgraffiti.com/products/mini-lucky-bao-mystere?variant=53411551838550&country=FR&currency=EUR&utm_medium=product_sync&utm_source=google&utm_content=sag_organic&utm_campaign=sag_organic,2.5,0,2
2026-09-08,bathroomgraffiti,fra,squishy dumpling,https://bathroomgraffiti.com/products/mini-lucky-bao-mystere,4.2,0,4
2026-09-08,bathroomgraffiti,fra,squishy dumpling,https://bathroomgraffiti.com/products/mini-lucky-bao-mystere?variant=53411551838550&country=FR&currency=EUR&utm_medium=product_sync&utm_source=google&utm_content=sag_organic&utm_campaign=sag_organic,3.6,0,5
2026-09-09,bathroomgraffiti,fra,squishy dumpling,https://bathroomgraffiti.com/products/mini-lucky-bao-mystere,1.5,0,2
2026-09-09,bathroomgraffiti,fra,squishy dumpling,https://bathroomgraffiti.com/products/mini-lucky-bao-mystere?variant=53411551838550&country=FR&currency=EUR&utm_medium=product_sync&utm_source=google&utm_content=sag_organic&utm_campaign=sag_organic,3.1,0,17
2026-09-10,bathroomgraffiti,fra,squishy dumpling,https://bathroomgraffiti.com/products/mini-lucky-bao-mystere?variant=53411551838550&country=FR&currency=EUR&utm_medium=product_sync&utm_source=google&utm_content=sag_organic&utm_campaign=sag_organic,3.8,0,8
2026-09-11,bathroomgraffiti,fra,squishy dumpling,https://bathroomgraffiti.com/products/mini-lucky-bao-mystere,2,0,5
2026-09-11,bathroomgraffiti,fra,squishy dumpling,https://bathroomgraffiti.com/products/mini-lucky-bao-mystere?variant=53411551838550&country=FR&currency=EUR&utm_medium=product_sync&utm_source=google&utm_content=sag_organic&utm_campaign=sag_organic,2.6,0,8
2026-09-12,bathroomgraffiti,fra,squishy dumpling,https://bathroomgraffiti.com/products/mini-lucky-bao-mystere,3,0,5
2026-09-12,bathroomgraffiti,fra,squishy dumpling,https://bathroomgraffiti.com/products/mini-lucky-bao-mystere?variant=53411551838550&country=FR&currency=EUR&utm_medium=product_sync&utm_source=google&utm_content=sag_organic&utm_campaign=sag_organic,3.2,0,23
2026-09-13,bathroomgraffiti,fra,squishy dumpling,https://bathroomgraffiti.com/products/mini-lucky-bao-mystere,2.3,0,3
2026-09-13,bathroomgraffiti,fra,squishy dumpling,https://bathroomgraffiti.com/products/mini-lucky-bao-mystere?variant=53411551838550&country=FR&currency=EUR&utm_medium=product_sync&utm_source=google&utm_content=sag_organic&utm_campaign=sag_organic,3.8,0,22
2026-09-14,bathroomgraffiti,fra,squishy dumpling,https://bathroomgraffiti.com/products/mini-lucky-bao-mystere,3,0,2
2026-09-14,bathroomgraffiti,fra,squishy dumpling,https://bathroomgraffiti.com/products/mini-lucky-bao-mystere?variant=53411551838550&country=FR&currency=EUR&utm_medium=product_sync&utm_source=google&utm_content=sag_organic&utm_campaign=sag_organic,3.6,1,17
2026-09-15,bathroomgraffiti,fra,squishy dumpling,https://bathroomgraffiti.com/products/mini-lucky-bao-mystere?variant=53411551838550&country=FR&currency=EUR&utm_medium=product_sync&utm_source=google&utm_content=sag_organic&utm_campaign=sag_organic,3.5,0,8
2026-09-16,bathroomgraffiti,fra,squishy dumpling,https://bathroomgraffiti.com/products/mini-lucky-bao-mystere,1.5,0,2
2026-09-16,bathroomgraffiti,fra,squishy dumpling,https://bathroomgraffiti.com/products/mini-lucky-bao-mystere?variant=53411551838550&country=FR&currency=EUR&utm_medium=product_sync&utm_source=google&utm_content=sag_organic&utm_campaign=sag_organic,3.4,1,14
2026-09-18,bathroomgraffiti,fra,squishy dumpling,https://bathroomgraffiti.com/products/mini-lucky-bao-mystere?variant=53411551838550&country=FR&currency=EUR&utm_medium=product_sync&utm_source=google&utm_content=sag_organic&utm_campaign=sag_organic,5,1,3
2026-09-19,bathroomgraffiti,fra,squishy dumpling,https://bathroomgraffiti.com/products/mini-lucky-bao-mystere?variant=53411551838550&country=FR&currency=EUR&utm_medium=product_sync&utm_source=google&utm_content=sag_organic&utm_campaign=sag_organic,6,0,3
2026-09-20,bathroomgraffiti,fra,squishy dumpling,https://bathroomgraffiti.com/products/mini-lucky-bao-mystere?variant=53411551838550&country=FR&currency=EUR&utm_medium=product_sync&utm_source=google&utm_content=sag_organic&utm_campaign=sag_organic,6,0,2
2026-09-24,bathroomgraffiti,fra,squishy dumpling,https://bathroomgraffiti.com/products/mini-lucky-bao-mystere?variant=53411551838550&country=FR&currency=EUR&utm_medium=product_sync&utm_source=google&utm_content=sag_organic&utm_campaign=sag_organic,6,1,3
2026-09-25,bathroomgraffiti,fra,squishy dumpling,https://bathroomgraffiti.com/products/mini-lucky-bao-mystere?variant=53411551838550&country=FR&currency=EUR&utm_medium=product_sync&utm_source=google&utm_content=sag_organic&utm_campaign=sag_organic,5.5,0,2
2026-09-30,bathroomgraffiti,fra,squishy dumpling,https://bathroomgraffiti.com/products/mini-lucky-bao-mystere?variant=53411551838550&country=FR&currency=EUR&utm_medium=product_sync&utm_source=google&utm_content=sag_organic&utm_campaign=sag_organic,3.7,0,3
2026-10-03,bathroomgraffiti,fra,squishy dumpling,https://bathroomgraffiti.com/products/mini-lucky-bao-mystere,3.5,0,2
2026-10-03,bathroomgraffiti,fra,squishy dumpling,https://bathroomgraffiti.com/products/mini-lucky-bao-mystere?variant=53411551838550&country=FR&currency=EUR&utm_medium=product_sync&utm_source=google&utm_content=sag_organic&utm_campaign=sag_organic,3.5,0,2
2026-10-04,bathroomgraffiti,fra,squishy dumpling,https://bathroomgraffiti.com/products/mini-lucky-bao-mystere,2.3,0,3
2026-10-04,bathroomgraffiti,fra,squishy dumpling,https://bathroomgraffiti.com/products/mini-lucky-bao-mystere?variant=53411551838550&country=FR&currency=EUR&utm_medium=product_sync&utm_source=google&utm_content=sag_organic&utm_campaign=sag_organic,2.3,0,3
2026-07-08,bathroomgraffiti,fra,vase que rico,https://bathroomgraffiti.com/collections/que-rico,3.2,1,5
2026-07-09,bathroomgraffiti,fra,vase que rico,https://bathroomgraffiti.com/collections/que-rico,2.5,1,6
2026-07-12,bathroomgraffiti,fra,vase que rico,https://bathroomgraffiti.com/collections/que-rico,7.7,0,3
2026-07-13,bathroomgraffiti,fra,vase que rico,https://bathroomgraffiti.com/collections/que-rico,2,0,2
2026-07-15,bathroomgraffiti,fra,vase que rico,https://bathroomgraffiti.com/collections/que-rico,3.5,0,2
2026-07-16,bathroomgraffiti,fra,vase que rico,https://bathroomgraffiti.com/collections/que-rico,2.2,1,5
2026-07-17,bathroomgraffiti,fra,vase que rico,https://bathroomgraffiti.com/collections/que-rico,2,0,3
2026-07-18,bathroomgraffiti,fra,vase que rico,https://bathroomgraffiti.com/collections/que-rico,2.2,1,5
2026-07-21,bathroomgraffiti,fra,vase que rico,https://bathroomgraffiti.com/collections/que-rico,2,0,3
2026-07-24,bathroomgraffiti,fra,vase que rico,https://bathroomgraffiti.com/collections/que-rico,4.2,0,4
2026-07-25,bathroomgraffiti,fra,vase que rico,https://bathroomgraffiti.com/collections/que-rico,1.5,0,2
2026-07-27,bathroomgraffiti,fra,vase que rico,https://bathroomgraffiti.com/collections/que-rico,1.7,0,3
2026-07-28,bathroomgraffiti,fra,vase que rico,https://bathroomgraffiti.com/collections/que-rico,2,0,2
2026-07-29,bathroomgraffiti,fra,vase que rico,https://bathroomgraffiti.com/collections/que-rico,2,2,6
2026-08-01,bathroomgraffiti,fra,vase que rico,https://bathroomgraffiti.com/collections/que-rico,2.5,0,2
2026-08-02,bathroomgraffiti,fra,vase que rico,https://bathroomgraffiti.com/collections/que-rico,1.6,1,7
2026-08-03,bathroomgraffiti,fra,vase que rico,https://bathroomgraffiti.com/collections/que-rico,2,0,2
2026-08-05,bathroomgraffiti,fra,vase que rico,https://bathroomgraffiti.com/collections/que-rico,1.8,0,4
2026-08-08,bathroomgraffiti,fra,vase que rico,https://bathroomgraffiti.com/collections/que-rico,2.5,0,2
2026-08-09,bathroomgraffiti,fra,vase que rico,https://bathroomgraffiti.com/collections/que-rico,1,0,3
2026-08-11,bathroomgraffiti,fra,vase que rico,https://bathroomgraffiti.com/collections/que-rico,1.6,2,5
2026-08-12,bathroomgraffiti,fra,vase que rico,https://bathroomgraffiti.com/collections/que-rico,4,0,2
2026-08-14,bathroomgraffiti,fra,vase que rico,https://bathroomgraffiti.com/collections/que-rico,1.3,1,3
2026-08-15,bathroomgraffiti,fra,vase que rico,https://bathroomgraffiti.com/collections/que-rico,2,0,2
2026-08-20,bathroomgraffiti,fra,vase que rico,https://bathroomgraffiti.com/collections/que-rico,2.5,0,2
2026-08-23,bathroomgraffiti,fra,vase que rico,https://bathroomgraffiti.com/collections/que-rico,2.5,0,4
2026-08-24,bathroomgraffiti,fra,vase que rico,https://bathroomgraffiti.com/collections/que-rico,2,0,2
2026-08-25,bathroomgraffiti,fra,vase que rico,https://bathroomgraffiti.com/collections/que-rico,2,0,2
2026-08-26,bathroomgraffiti,fra,vase que rico,https://bathroomgraffiti.com/collections/que-rico,2.3,0,3
2026-08-27,bathroomgraffiti,fra,vase que rico,https://bathroomgraffiti.com/collections/que-rico,2,1,2
2026-08-28,bathroomgraffiti,fra,vase que rico,https://bathroomgraffiti.com/collections/que-rico,2,0,4
2026-08-29,bathroomgraffiti,fra,vase que rico,https://bathroomgraffiti.com/collections/que-rico,2.3,1,3
2026-08-31,bathroomgraffiti,fra,vase que rico,https://bathroomgraffiti.com/collections/que-rico,2,0,5
2026-09-01,bathroomgraffiti,fra,vase que rico,https://bathroomgraffiti.com/collections/que-rico,3.6,1,5
2026-09-02,bathroomgraffiti,fra,vase que rico,https://bathroomgraffiti.com/collections/que-rico,2,0,2
2026-09-04,bathroomgraffiti,fra,vase que rico,https://bathroomgraffiti.com/collections/que-rico,2.7,1,3
2026-09-09,bathroomgraffiti,fra,vase que rico,https://bathroomgraffiti.com/collections/que-rico,2.5,0,2
2026-09-11,bathroomgraffiti,fra,vase que rico,https://bathroomgraffiti.com/collections/que-rico,2.8,0,4
2026-09-13,bathroomgraffiti,fra,vase que rico,https://bathroomgraffiti.com/collections/que-rico,2.2,0,5
2026-09-16,bathroomgraffiti,fra,vase que rico,https://bathroomgraffiti.com/collections/que-rico,2.5,1,2
2026-09-19,bathroomgraffiti,fra,vase que rico,https://bathroomgraffiti.com/collections/que-rico,2.1,1,7
2026-09-21,bathroomgraffiti,fra,vase que rico,https://bathroomgraffiti.com/collections/que-rico,2.5,0,2
2026-09-23,bathroomgraffiti,fra,vase que rico,https://bathroomgraffiti.com/collections/que-rico,2.5,0,4
2026-09-24,bathroomgraffiti,fra,vase que rico,https://bathroomgraffiti.com/collections/que-rico,4,0,2
2026-09-25,bathroomgraffiti,fra,vase que rico,https://bathroomgraffiti.com/collections/que-rico,2.7,0,3
2026-09-27,bathroomgraffiti,fra,vase que rico,https://bathroomgraffiti.com/collections/que-rico,2,0,2
2026-09-28,bathroomgraffiti,fra,vase que rico,https://bathroomgraffiti.com/collections/que-rico,3,0,2
2026-09-30,bathroomgraffiti,fra,vase que rico,https://bathroomgraffiti.com/collections/que-rico,2,0,2
2026-10-01,bathroomgraffiti,fra,vase que rico,https://bathroomgraffiti.com/collections/que-rico,3.3,1,3
2026-10-02,bathroomgraffiti,fra,vase que rico,https://bathroomgraffiti.com/collections/que-rico,2,0,4
2026-10-03,bathroomgraffiti,fra,vase que rico,https://bathroomgraffiti.com/collections/que-rico,1.2,1,6
2026-10-04,bathroomgraffiti,fra,vase que rico,https://bathroomgraffiti.com/collections/que-rico,2.2,0,4
