date,site,country,grouping,section,segment,position,clicks,impressions,data_state
2025-06-12,bathroomgraffiti,all,dossier,autres,total,9.5,0,4,final
2025-06-13,bathroomgraffiti,all,dossier,autres,total,16.0,0,2,final
2025-06-14,bathroomgraffiti,all,dossier,autres,total,27.2,0,4,final
2025-06-15,bathroomgraffiti,all,dossier,autres,total,11.7,0,3,final
2025-06-16,bathroomgraffiti,all,dossier,autres,total,29.0,0,3,final
2025-06-17,bathroomgraffiti,all,dossier,autres,total,14.2,0,6,final
2025-06-18,bathroomgraffiti,all,dossier,autres,total,28.5,0,2,final
2025-06-19,bathroomgraffiti,all,dossier,autres,total,92.0,0,1,final
2025-06-20,bathroomgraffiti,all,dossier,autres,total,22.3,0,3,final
2025-06-22,bathroomgraffiti,all,dossier,autres,total,13.0,0,2,final
2025-06-23,bathroomgraffiti,all,dossier,autres,total,12.2,0,4,final
2025-06-24,bathroomgraffiti,all,dossier,autres,total,21.2,0,4,final
2025-06-25,bathroomgraffiti,all,dossier,autres,total,11.8,0,4,final
2025-06-26,bathroomgraffiti,all,dossier,autres,total,21.0,0,4,final
2025-06-27,bathroomgraffiti,all,dossier,autres,total,8.7,0,3,final
2025-06-29,bathroomgraffiti,all,dossier,autres,total,19.0,0,6,final
2025-06-30,bathroomgraffiti,all,dossier,autres,total,5.3,0,6,final
2025-07-01,bathroomgraffiti,all,dossier,autres,total,43.6,0,8,final
2025-07-02,bathroomgraffiti,all,dossier,autres,total,4.0,0,2,final
2025-07-03,bathroomgraffiti,all,dossier,autres,total,23.8,0,5,final
2025-07-04,bathroomgraffiti,all,dossier,autres,total,19.1,0,8,final
2025-07-05,bathroomgraffiti,all,dossier,autres,total,44.2,0,12,final
2025-07-06,bathroomgraffiti,all,dossier,autres,total,13.0,0,5,final
2025-07-07,bathroomgraffiti,all,dossier,autres,total,15.6,0,9,final
2025-07-08,bathroomgraffiti,all,dossier,autres,total,18.0,0,3,final
2025-07-09,bathroomgraffiti,all,dossier,autres,total,36.0,0,4,final
2025-07-10,bathroomgraffiti,all,dossier,autres,total,34.9,0,24,final
2025-07-11,bathroomgraffiti,all,dossier,autres,total,14.2,0,13,final
2025-07-12,bathroomgraffiti,all,dossier,autres,total,7.2,0,5,final
2025-07-13,bathroomgraffiti,all,dossier,autres,total,3.7,0,3,final
2025-07-14,bathroomgraffiti,all,dossier,autres,total,8.0,0,1,final
2025-07-15,bathroomgraffiti,all,dossier,autres,total,12.6,0,7,final
2025-07-16,bathroomgraffiti,all,dossier,autres,total,20.6,0,7,final
2025-07-17,bathroomgraffiti,all,dossier,autres,total,28.2,0,4,final
2025-07-18,bathroomgraffiti,all,dossier,autres,total,5.7,0,3,final
2025-07-19,bathroomgraffiti,all,dossier,autres,total,3.4,0,7,final
2025-07-20,bathroomgraffiti,all,dossier,autres,total,4.8,0,5,final
2025-07-21,bathroomgraffiti,all,dossier,autres,total,45.5,0,2,final
2025-07-25,bathroomgraffiti,all,dossier,autres,total,6.0,0,1,final
2025-07-27,bathroomgraffiti,all,dossier,autres,total,26.0,0,1,final
2025-07-28,bathroomgraffiti,all,dossier,autres,total,19.0,0,1,final
2025-07-30,bathroomgraffiti,all,dossier,autres,total,45.0,0,1,final
2025-07-31,bathroomgraffiti,all,dossier,autres,total,18.0,0,1,final
2025-08-02,bathroomgraffiti,all,dossier,autres,total,43.0,0,1,final
2025-08-03,bathroomgraffiti,all,dossier,autres,total,17.0,0,1,final
2025-08-04,bathroomgraffiti,all,dossier,autres,total,16.0,0,1,final
2025-08-06,bathroomgraffiti,all,dossier,autres,total,15.5,0,2,final
2025-08-07,bathroomgraffiti,all,dossier,autres,total,29.0,0,2,final
2025-08-08,bathroomgraffiti,all,dossier,autres,total,29.0,0,1,final
2025-08-09,bathroomgraffiti,all,dossier,autres,total,20.3,0,3,final
2025-08-11,bathroomgraffiti,all,dossier,autres,total,26.0,0,2,final
2025-08-12,bathroomgraffiti,all,dossier,autres,total,9.0,0,1,final
2025-08-14,bathroomgraffiti,all,dossier,autres,total,20.5,0,2,final
2025-08-15,bathroomgraffiti,all,dossier,autres,total,11.5,0,2,final
2025-08-17,bathroomgraffiti,all,dossier,autres,total,15.0,0,1,final
2025-08-18,bathroomgraffiti,all,dossier,autres,total,16.0,0,1,final
2025-08-22,bathroomgraffiti,all,dossier,autres,total,38.0,0,1,final
2025-08-24,bathroomgraffiti,all,dossier,autres,total,15.0,0,1,final
2025-08-25,bathroomgraffiti,all,dossier,autres,total,13.5,0,4,final
2025-08-26,bathroomgraffiti,all,dossier,autres,total,39.0,0,1,final
2025-08-27,bathroomgraffiti,all,dossier,autres,total,29.0,0,3,final
2025-08-28,bathroomgraffiti,all,dossier,autres,total,14.0,0,2,final
2025-08-30,bathroomgraffiti,all,dossier,autres,total,13.0,0,1,final
2025-08-31,bathroomgraffiti,all,dossier,autres,total,12.0,0,1,final
2025-09-01,bathroomgraffiti,all,dossier,autres,total,11.0,0,2,final
2025-09-03,bathroomgraffiti,all,dossier,autres,total,23.5,0,2,final
2025-09-07,bathroomgraffiti,all,dossier,autres,total,17.0,0,3,final
2025-09-08,bathroomgraffiti,all,dossier,autres,total,11.0,0,3,final
2025-09-09,bathroomgraffiti,all,dossier,autres,total,18.0,0,4,final
2025-09-10,bathroomgraffiti,all,dossier,autres,total,12.0,0,1,final
2025-09-11,bathroomgraffiti,all,dossier,autres,total,36.0,0,1,final
2025-09-12,bathroomgraffiti,all,dossier,autres,total,14.0,0,1,final
2025-09-13,bathroomgraffiti,all,dossier,autres,total,11.0,0,1,final
2025-09-21,bathroomgraffiti,all,dossier,autres,total,18.0,0,1,final
2025-09-22,bathroomgraffiti,all,dossier,autres,total,13.0,0,1,final
2025-09-25,bathroomgraffiti,all,dossier,autres,total,7.0,0,1,final
2025-09-26,bathroomgraffiti,all,dossier,autres,total,11.0,0,3,final
2025-09-27,bathroomgraffiti,all,dossier,autres,total,11.0,0,1,final
2025-09-28,bathroomgraffiti,all,dossier,autres,total,28.0,0,1,final
2025-09-29,bathroomgraffiti,all,dossier,autres,total,10.5,0,4,final
2025-09-30,bathroomgraffiti,all,dossier,autres,total,23.0,0,1,final
2025-10-02,bathroomgraffiti,all,dossier,autres,total,8.5,0,2,final
2025-10-03,bathroomgraffiti,all,dossier,autres,total,12.5,0,2,final
2025-10-04,bathroomgraffiti,all,dossier,autres,total,8.0,0,1,final
2025-10-05,bathroomgraffiti,all,dossier,autres,total,10.0,0,1,final
2025-10-06,bathroomgraffiti,all,dossier,autres,total,8.0,0,4,final
2025-10-07,bathroomgraffiti,all,dossier,autres,total,8.0,0,1,final
2025-10-09,bathroomgraffiti,all,dossier,autres,total,8.0,0,1,final
2025-10-10,bathroomgraffiti,all,dossier,autres,total,9.3,0,3,final
2025-10-11,bathroomgraffiti,all,dossier,autres,total,9.0,0,2,final
2025-10-12,bathroomgraffiti,all,dossier,autres,total,8.0,0,2,final
2025-10-13,bathroomgraffiti,all,dossier,autres,total,8.5,0,4,final
2025-10-14,bathroomgraffiti,all,dossier,autres,total,9.5,0,2,final
2025-10-16,bathroomgraffiti,all,dossier,autres,total,9.5,0,6,final
2025-10-17,bathroomgraffiti,all,dossier,autres,total,13.7,0,3,final
2025-10-18,bathroomgraffiti,all,dossier,autres,total,8.5,0,2,final
2025-10-19,bathroomgraffiti,all,dossier,autres,total,8.0,0,1,final
2025-10-20,bathroomgraffiti,all,dossier,autres,total,8.3,0,3,final
2025-10-21,bathroomgraffiti,all,dossier,autres,total,8.0,0,4,final
2025-10-22,bathroomgraffiti,all,dossier,autres,total,8.0,0,2,final
2025-10-23,bathroomgraffiti,all,dossier,autres,total,9.0,0,2,final
2025-10-24,bathroomgraffiti,all,dossier,autres,total,18.0,0,2,final
2025-10-25,bathroomgraffiti,all,dossier,autres,total,9.0,0,2,final
2025-10-26,bathroomgraffiti,all,dossier,autres,total,7.0,0,1,final
2025-10-27,bathroomgraffiti,all,dossier,autres,total,12.5,0,2,final
2025-10-28,bathroomgraffiti,all,dossier,autres,total,14.0,0,2,final
2025-10-29,bathroomgraffiti,all,dossier,autres,total,7.7,0,3,final
2025-10-30,bathroomgraffiti,all,dossier,autres,total,6.0,0,1,final
2025-10-31,bathroomgraffiti,all,dossier,autres,total,8.3,0,3,final
2025-11-01,bathroomgraffiti,all,dossier,autres,total,6.6,0,5,final
2025-11-02,bathroomgraffiti,all,dossier,autres,total,14.3,0,3,final
2025-11-03,bathroomgraffiti,all,dossier,autres,total,7.5,0,4,final
2025-11-04,bathroomgraffiti,all,dossier,autres,total,20.5,0,2,final
2025-11-05,bathroomgraffiti,all,dossier,autres,total,10.5,0,2,final
2025-11-06,bathroomgraffiti,all,dossier,autres,total,6.5,0,2,final
2025-11-07,bathroomgraffiti,all,dossier,autres,total,10.5,0,2,final
2025-11-08,bathroomgraffiti,all,dossier,autres,total,7.5,0,2,final
2025-11-09,bathroomgraffiti,all,dossier,autres,total,8.0,0,2,final
2025-11-10,bathroomgraffiti,all,dossier,autres,total,9.0,0,2,final
2025-11-11,bathroomgraffiti,all,dossier,autres,total,11.7,0,4,final
2025-11-12,bathroomgraffiti,all,dossier,autres,total,12.0,0,2,final
2025-11-13,bathroomgraffiti,all,dossier,autres,total,16.2,0,4,final
2025-11-14,bathroomgraffiti,all,dossier,autres,total,11.0,0,1,final
2025-11-15,bathroomgraffiti,all,dossier,autres,total,8.2,0,5,final
2025-11-16,bathroomgraffiti,all,dossier,autres,total,14.7,0,3,final
2025-11-17,bathroomgraffiti,all,dossier,autres,total,17.0,0,2,final
2025-11-18,bathroomgraffiti,all,dossier,autres,total,6.0,0,1,final
2025-11-19,bathroomgraffiti,all,dossier,autres,total,8.0,0,3,final
2025-11-20,bathroomgraffiti,all,dossier,autres,total,8.0,0,2,final
2025-11-21,bathroomgraffiti,all,dossier,autres,total,14.8,0,5,final
2025-11-22,bathroomgraffiti,all,dossier,autres,total,10.5,0,4,final
2025-11-23,bathroomgraffiti,all,dossier,autres,total,11.3,0,3,final
2025-11-24,bathroomgraffiti,all,dossier,autres,total,10.8,0,4,final
2025-11-25,bathroomgraffiti,all,dossier,autres,total,10.8,0,6,final
2025-11-26,bathroomgraffiti,all,dossier,autres,total,9.0,0,1,final
2025-11-27,bathroomgraffiti,all,dossier,autres,total,12.8,0,12,final
2025-11-28,bathroomgraffiti,all,dossier,autres,total,12.8,0,13,final
2025-11-29,bathroomgraffiti,all,dossier,autres,total,15.7,0,7,final
2025-11-30,bathroomgraffiti,all,dossier,autres,total,17.7,0,3,final
2025-12-01,bathroomgraffiti,all,dossier,autres,total,17.2,0,4,final
2025-12-02,bathroomgraffiti,all,dossier,autres,total,8.2,0,4,final
2025-12-03,bathroomgraffiti,all,dossier,autres,total,13.5,0,4,final
2025-12-04,bathroomgraffiti,all,dossier,autres,total,11.0,0,3,final
2025-12-05,bathroomgraffiti,all,dossier,autres,total,10.4,0,5,final
2025-12-06,bathroomgraffiti,all,dossier,autres,total,15.6,0,7,final
2025-12-07,bathroomgraffiti,all,dossier,autres,total,11.5,0,4,final
2025-12-08,bathroomgraffiti,all,dossier,autres,total,9.2,0,5,final
2025-12-09,bathroomgraffiti,all,dossier,autres,total,54.8,0,4,final
2025-12-10,bathroomgraffiti,all,dossier,autres,total,18.5,0,4,final
2025-12-11,bathroomgraffiti,all,dossier,autres,total,12.4,0,10,final
2025-12-12,bathroomgraffiti,all,dossier,autres,total,17.3,0,10,final
2025-12-13,bathroomgraffiti,all,dossier,autres,total,17.0,0,3,final
2025-12-14,bathroomgraffiti,all,dossier,autres,total,41.8,0,4,final
2025-12-15,bathroomgraffiti,all,dossier,autres,total,18.6,0,7,final
2025-12-16,bathroomgraffiti,all,dossier,autres,total,23.7,0,3,final
2025-12-18,bathroomgraffiti,all,dossier,autres,total,26.0,0,4,final
2025-12-19,bathroomgraffiti,all,dossier,autres,total,6.0,0,1,final
2025-12-20,bathroomgraffiti,all,dossier,autres,total,39.7,0,3,final
2025-12-21,bathroomgraffiti,all,dossier,autres,total,12.0,0,1,final
2025-12-22,bathroomgraffiti,all,dossier,autres,total,36.5,0,2,final
2025-12-23,bathroomgraffiti,all,dossier,autres,total,17.0,0,4,final
2025-12-25,bathroomgraffiti,all,dossier,autres,total,15.0,0,2,final
2025-12-26,bathroomgraffiti,all,dossier,autres,total,8.0,0,1,final
2025-12-27,bathroomgraffiti,all,dossier,autres,total,12.2,0,4,final
2025-12-28,bathroomgraffiti,all,dossier,autres,total,7.5,0,2,final
2025-12-29,bathroomgraffiti,all,dossier,autres,total,9.0,0,1,final
2025-12-30,bathroomgraffiti,all,dossier,autres,total,12.8,0,5,final
2025-12-31,bathroomgraffiti,all,dossier,autres,total,30.0,0,1,final
2026-01-01,bathroomgraffiti,all,dossier,autres,total,10.6,0,5,final
2026-01-02,bathroomgraffiti,all,dossier,autres,total,13.3,0,3,final
2026-01-04,bathroomgraffiti,all,dossier,autres,total,14.0,0,3,final
2026-01-05,bathroomgraffiti,all,dossier,autres,total,8.0,0,2,final
2026-01-06,bathroomgraffiti,all,dossier,autres,total,12.3,0,6,final
2026-01-08,bathroomgraffiti,all,dossier,autres,total,7.0,0,1,final
2026-01-09,bathroomgraffiti,all,dossier,autres,total,17.0,0,3,final
2026-01-10,bathroomgraffiti,all,dossier,autres,total,7.0,0,5,final
2026-01-11,bathroomgraffiti,all,dossier,autres,total,30.5,0,4,final
2026-01-12,bathroomgraffiti,all,dossier,autres,total,7.7,0,3,final
2026-01-13,bathroomgraffiti,all,dossier,autres,total,6.0,0,1,final
2026-01-15,bathroomgraffiti,all,dossier,autres,total,5.0,0,1,final
2026-01-16,bathroomgraffiti,all,dossier,autres,total,16.2,0,12,final
2026-01-17,bathroomgraffiti,all,dossier,autres,total,31.5,0,2,final
2026-01-18,bathroomgraffiti,all,dossier,autres,total,28.0,0,1,final
2026-01-19,bathroomgraffiti,all,dossier,autres,total,33.0,0,1,final
2026-01-20,bathroomgraffiti,all,dossier,autres,total,39.7,0,3,final
2026-01-21,bathroomgraffiti,all,dossier,autres,total,14.3,0,3,final
2026-01-22,bathroomgraffiti,all,dossier,autres,total,21.5,0,2,final
2026-01-23,bathroomgraffiti,all,dossier,autres,total,46.2,0,4,final
2026-01-24,bathroomgraffiti,all,dossier,autres,total,29.0,0,1,final
2026-01-25,bathroomgraffiti,all,dossier,autres,total,33.0,0,1,final
2026-01-26,bathroomgraffiti,all,dossier,autres,total,23.0,0,2,final
2026-01-27,bathroomgraffiti,all,dossier,autres,total,33.0,0,2,final
2026-01-28,bathroomgraffiti,all,dossier,autres,total,18.2,0,6,final
2026-01-29,bathroomgraffiti,all,dossier,autres,total,32.0,0,2,final
2026-01-30,bathroomgraffiti,all,dossier,autres,total,16.5,0,4,final
2026-01-31,bathroomgraffiti,all,dossier,autres,total,14.0,0,5,final
2026-02-02,bathroomgraffiti,all,dossier,autres,total,15.5,0,2,final
2026-02-03,bathroomgraffiti,all,dossier,autres,total,12.7,0,4,final
2026-02-04,bathroomgraffiti,all,dossier,autres,total,9.0,0,1,final
2026-02-05,bathroomgraffiti,all,dossier,autres,total,19.0,0,2,final
2026-02-06,bathroomgraffiti,all,dossier,autres,total,18.5,1,2,final
2026-02-07,bathroomgraffiti,all,dossier,autres,total,22.3,0,3,final
2026-02-08,bathroomgraffiti,all,dossier,autres,total,9.0,0,1,final
2026-02-09,bathroomgraffiti,all,dossier,autres,total,5.7,0,7,final
2026-02-10,bathroomgraffiti,all,dossier,autres,total,6.0,0,3,final
2026-02-11,bathroomgraffiti,all,dossier,autres,total,39.0,0,4,final
2026-02-12,bathroomgraffiti,all,dossier,autres,total,30.0,0,1,final
2026-02-13,bathroomgraffiti,all,dossier,autres,total,4.0,0,1,final
2026-02-14,bathroomgraffiti,all,dossier,autres,total,11.3,0,3,final
2026-02-15,bathroomgraffiti,all,dossier,autres,total,5.0,0,2,final
2026-02-16,bathroomgraffiti,all,dossier,autres,total,25.1,0,7,final
2026-02-17,bathroomgraffiti,all,dossier,autres,total,12.0,0,1,final
2026-02-18,bathroomgraffiti,all,dossier,autres,total,11.3,0,3,final
2026-02-19,bathroomgraffiti,all,dossier,autres,total,18.7,0,3,final
2026-02-20,bathroomgraffiti,all,dossier,autres,total,14.2,0,5,final
2026-02-21,bathroomgraffiti,all,dossier,autres,total,18.3,0,3,final
2026-02-22,bathroomgraffiti,all,dossier,autres,total,96.0,0,1,final
2026-02-23,bathroomgraffiti,all,dossier,autres,total,11.3,0,3,final
2026-02-26,bathroomgraffiti,all,dossier,autres,total,21.8,0,5,final
2026-02-27,bathroomgraffiti,all,dossier,autres,total,16.3,0,3,final
2026-02-28,bathroomgraffiti,all,dossier,autres,total,20.0,0,1,final
2026-03-01,bathroomgraffiti,all,dossier,autres,total,37.0,0,3,final
2026-03-02,bathroomgraffiti,all,dossier,autres,total,18.8,0,4,final
2026-03-03,bathroomgraffiti,all,dossier,autres,total,18.0,0,2,final
2026-03-04,bathroomgraffiti,all,dossier,autres,total,32.5,0,4,final
2026-03-05,bathroomgraffiti,all,dossier,autres,total,36.5,0,2,final
2026-03-07,bathroomgraffiti,all,dossier,autres,total,27.0,0,2,final
2026-03-08,bathroomgraffiti,all,dossier,autres,total,67.0,0,1,final
2026-03-11,bathroomgraffiti,all,dossier,autres,total,25.0,0,2,final
2026-03-12,bathroomgraffiti,all,dossier,autres,total,26.0,0,4,final
2026-03-13,bathroomgraffiti,all,dossier,autres,total,22.0,0,11,final
2026-03-14,bathroomgraffiti,all,dossier,autres,total,18.7,0,3,final
2026-03-15,bathroomgraffiti,all,dossier,autres,total,17.5,0,2,final
2026-03-16,bathroomgraffiti,all,dossier,autres,total,19.3,0,7,final
2026-03-17,bathroomgraffiti,all,dossier,autres,total,17.5,0,4,final
2026-03-18,bathroomgraffiti,all,dossier,autres,total,21.8,0,4,final
2026-03-19,bathroomgraffiti,all,dossier,autres,total,20.0,0,1,final
2026-03-20,bathroomgraffiti,all,dossier,autres,total,16.8,0,6,final
2026-03-21,bathroomgraffiti,all,dossier,autres,total,34.8,0,6,final
2026-03-22,bathroomgraffiti,all,dossier,autres,total,20.5,0,2,final
2026-03-23,bathroomgraffiti,all,dossier,autres,total,11.0,0,3,final
2026-03-24,bathroomgraffiti,all,dossier,autres,total,14.4,0,5,final
2026-03-25,bathroomgraffiti,all,dossier,autres,total,23.0,0,5,final
2026-03-26,bathroomgraffiti,all,dossier,autres,total,23.5,0,2,final
2026-03-27,bathroomgraffiti,all,dossier,autres,total,18.7,0,3,final
2026-03-29,bathroomgraffiti,all,dossier,autres,total,16.5,0,2,final
2026-03-30,bathroomgraffiti,all,dossier,autres,total,13.0,0,4,final
2026-03-31,bathroomgraffiti,all,dossier,autres,total,18.0,0,12,final
2026-04-01,bathroomgraffiti,all,dossier,autres,total,35.3,0,3,final
2026-04-02,bathroomgraffiti,all,dossier,autres,total,19.6,0,5,final
2026-04-03,bathroomgraffiti,all,dossier,autres,total,14.5,0,2,final
2026-04-04,bathroomgraffiti,all,dossier,autres,total,23.1,0,7,final
2026-04-06,bathroomgraffiti,all,dossier,autres,total,7.2,0,4,final
2026-04-07,bathroomgraffiti,all,dossier,autres,total,18.0,0,5,final
2026-04-08,bathroomgraffiti,all,dossier,autres,total,17.5,0,2,final
2026-04-09,bathroomgraffiti,all,dossier,autres,total,14.5,0,2,final
2026-04-10,bathroomgraffiti,all,dossier,autres,total,11.0,0,3,final
2026-04-12,bathroomgraffiti,all,dossier,autres,total,31.0,0,5,final
2026-04-13,bathroomgraffiti,all,dossier,autres,total,16.0,0,2,final
2026-04-14,bathroomgraffiti,all,dossier,autres,total,25.0,0,3,final
2026-04-15,bathroomgraffiti,all,dossier,autres,total,19.8,0,6,final
2026-04-16,bathroomgraffiti,all,dossier,autres,total,29.0,0,1,final
2026-04-17,bathroomgraffiti,all,dossier,autres,total,61.0,0,1,final
2026-04-24,bathroomgraffiti,all,dossier,autres,total,56.0,0,1,final
2026-04-28,bathroomgraffiti,all,dossier,autres,total,98.0,0,1,final
2026-05-01,bathroomgraffiti,all,dossier,autres,total,69.0,0,1,final
2026-05-03,bathroomgraffiti,all,dossier,autres,total,20.0,0,2,final
2026-05-06,bathroomgraffiti,all,dossier,autres,total,71.0,0,1,final
2026-05-07,bathroomgraffiti,all,dossier,autres,total,37.0,0,1,final
2026-05-10,bathroomgraffiti,all,dossier,autres,total,56.0,0,1,final
2026-05-11,bathroomgraffiti,all,dossier,autres,total,42.0,0,1,final
2026-05-12,bathroomgraffiti,all,dossier,autres,total,44.0,0,1,final
2026-05-14,bathroomgraffiti,all,dossier,autres,total,19.0,0,1,final
2026-05-24,bathroomgraffiti,all,dossier,autres,total,1.0,0,1,final
2026-06-12,bathroomgraffiti,all,dossier,autres,total,2.0,0,3,final
2026-06-25,bathroomgraffiti,all,dossier,autres,total,2.0,0,1,final
2026-06-30,bathroomgraffiti,all,dossier,autres,total,1.5,0,2,final
2026-07-10,bathroomgraffiti,all,dossier,autres,total,18.0,0,1,final
2026-07-28,bathroomgraffiti,all,dossier,autres,total,2.5,0,2,final
2026-07-29,bathroomgraffiti,all,dossier,autres,total,13.0,0,1,final
2026-09-22,bathroomgraffiti,all,dossier,autres,total,1.0,0,1,final
2025-06-12,bathroomgraffiti,all,dossier,d:blogs,total,52.9,0,201,final
2025-06-13,bathroomgraffiti,all,dossier,d:blogs,total,50.5,0,222,final
2025-06-14,bathroomgraffiti,all,dossier,d:blogs,total,47.8,0,221,final
2025-06-15,bathroomgraffiti,all,dossier,d:blogs,total,45.9,1,217,final
2025-06-16,bathroomgraffiti,all,dossier,d:blogs,total,53.2,0,198,final
2025-06-17,bathroomgraffiti,all,dossier,d:blogs,total,48.8,0,193,final
2025-06-18,bathroomgraffiti,all,dossier,d:blogs,total,48.8,0,235,final
2025-06-19,bathroomgraffiti,all,dossier,d:blogs,total,53.4,0,257,final
2025-06-20,bathroomgraffiti,all,dossier,d:blogs,total,52.6,0,253,final
2025-06-21,bathroomgraffiti,all,dossier,d:blogs,total,47.6,1,260,final
2025-06-22,bathroomgraffiti,all,dossier,d:blogs,total,49.3,0,231,final
2025-06-23,bathroomgraffiti,all,dossier,d:blogs,total,50.4,1,315,final
2025-06-24,bathroomgraffiti,all,dossier,d:blogs,total,51.3,1,246,final
2025-06-25,bathroomgraffiti,all,dossier,d:blogs,total,48.1,0,269,final
2025-06-26,bathroomgraffiti,all,dossier,d:blogs,total,50.4,0,285,final
2025-06-27,bathroomgraffiti,all,dossier,d:blogs,total,47.0,0,287,final
2025-06-28,bathroomgraffiti,all,dossier,d:blogs,total,49.1,1,264,final
2025-06-29,bathroomgraffiti,all,dossier,d:blogs,total,50.4,0,298,final
2025-06-30,bathroomgraffiti,all,dossier,d:blogs,total,45.2,0,331,final
2025-07-01,bathroomgraffiti,all,dossier,d:blogs,total,46.1,0,290,final
2025-07-02,bathroomgraffiti,all,dossier,d:blogs,total,45.8,0,342,final
2025-07-03,bathroomgraffiti,all,dossier,d:blogs,total,45.1,1,379,final
2025-07-04,bathroomgraffiti,all,dossier,d:blogs,total,49.1,0,358,final
2025-07-05,bathroomgraffiti,all,dossier,d:blogs,total,46.5,0,292,final
2025-07-06,bathroomgraffiti,all,dossier,d:blogs,total,44.6,1,347,final
2025-07-07,bathroomgraffiti,all,dossier,d:blogs,total,46.9,0,310,final
2025-07-08,bathroomgraffiti,all,dossier,d:blogs,total,50.3,0,269,final
2025-07-09,bathroomgraffiti,all,dossier,d:blogs,total,49.5,0,328,final
2025-07-10,bathroomgraffiti,all,dossier,d:blogs,total,47.7,0,318,final
2025-07-11,bathroomgraffiti,all,dossier,d:blogs,total,43.9,0,427,final
2025-07-12,bathroomgraffiti,all,dossier,d:blogs,total,46.9,0,289,final
2025-07-13,bathroomgraffiti,all,dossier,d:blogs,total,50.4,0,253,final
2025-07-14,bathroomgraffiti,all,dossier,d:blogs,total,49.2,0,249,final
2025-07-15,bathroomgraffiti,all,dossier,d:blogs,total,46.2,0,263,final
2025-07-16,bathroomgraffiti,all,dossier,d:blogs,total,44.9,0,246,final
2025-07-17,bathroomgraffiti,all,dossier,d:blogs,total,48.3,0,285,final
2025-07-18,bathroomgraffiti,all,dossier,d:blogs,total,45.9,0,314,final
2025-07-19,bathroomgraffiti,all,dossier,d:blogs,total,42.6,0,335,final
2025-07-20,bathroomgraffiti,all,dossier,d:blogs,total,45.2,0,381,final
2025-07-21,bathroomgraffiti,all,dossier,d:blogs,total,45.5,1,382,final
2025-07-22,bathroomgraffiti,all,dossier,d:blogs,total,45.3,0,430,final
2025-07-23,bathroomgraffiti,all,dossier,d:blogs,total,46.7,0,527,final
2025-07-24,bathroomgraffiti,all,dossier,d:blogs,total,49.0,0,542,final
2025-07-25,bathroomgraffiti,all,dossier,d:blogs,total,46.7,1,622,final
2025-07-26,bathroomgraffiti,all,dossier,d:blogs,total,44.7,0,545,final
2025-07-27,bathroomgraffiti,all,dossier,d:blogs,total,44.1,1,577,final
2025-07-28,bathroomgraffiti,all,dossier,d:blogs,total,44.1,0,576,final
2025-07-29,bathroomgraffiti,all,dossier,d:blogs,total,44.3,0,569,final
2025-07-30,bathroomgraffiti,all,dossier,d:blogs,total,44.7,0,561,final
2025-07-31,bathroomgraffiti,all,dossier,d:blogs,total,44.4,0,473,final
2025-08-01,bathroomgraffiti,all,dossier,d:blogs,total,45.1,0,579,final
2025-08-02,bathroomgraffiti,all,dossier,d:blogs,total,46.2,0,495,final
2025-08-03,bathroomgraffiti,all,dossier,d:blogs,total,45.2,1,518,final
2025-08-04,bathroomgraffiti,all,dossier,d:blogs,total,48.7,0,548,final
2025-08-05,bathroomgraffiti,all,dossier,d:blogs,total,51.0,0,512,final
2025-08-06,bathroomgraffiti,all,dossier,d:blogs,total,47.4,1,532,final
2025-08-07,bathroomgraffiti,all,dossier,d:blogs,total,45.6,0,587,final
2025-08-08,bathroomgraffiti,all,dossier,d:blogs,total,46.5,0,492,final
2025-08-09,bathroomgraffiti,all,dossier,d:blogs,total,47.7,0,525,final
2025-08-10,bathroomgraffiti,all,dossier,d:blogs,total,47.1,0,503,final
2025-08-11,bathroomgraffiti,all,dossier,d:blogs,total,46.8,1,735,final
2025-08-12,bathroomgraffiti,all,dossier,d:blogs,total,49.6,1,625,final
2025-08-13,bathroomgraffiti,all,dossier,d:blogs,total,46.7,2,598,final
2025-08-14,bathroomgraffiti,all,dossier,d:blogs,total,48.9,0,764,final
2025-08-15,bathroomgraffiti,all,dossier,d:blogs,total,48.3,0,702,final
2025-08-16,bathroomgraffiti,all,dossier,d:blogs,total,49.3,1,767,final
2025-08-17,bathroomgraffiti,all,dossier,d:blogs,total,47.3,1,703,final
2025-08-18,bathroomgraffiti,all,dossier,d:blogs,total,47.6,2,701,final
2025-08-19,bathroomgraffiti,all,dossier,d:blogs,total,50.2,0,787,final
2025-08-20,bathroomgraffiti,all,dossier,d:blogs,total,49.6,0,696,final
2025-08-21,bathroomgraffiti,all,dossier,d:blogs,total,50.9,2,808,final
2025-08-22,bathroomgraffiti,all,dossier,d:blogs,total,48.1,0,819,final
2025-08-23,bathroomgraffiti,all,dossier,d:blogs,total,47.3,2,766,final
2025-08-24,bathroomgraffiti,all,dossier,d:blogs,total,47.4,1,759,final
2025-08-25,bathroomgraffiti,all,dossier,d:blogs,total,46.5,1,856,final
2025-08-26,bathroomgraffiti,all,dossier,d:blogs,total,49.7,2,854,final
2025-08-27,bathroomgraffiti,all,dossier,d:blogs,total,54.8,0,779,final
2025-08-28,bathroomgraffiti,all,dossier,d:blogs,total,57.1,1,772,final
2025-08-29,bathroomgraffiti,all,dossier,d:blogs,total,56.2,0,771,final
2025-08-30,bathroomgraffiti,all,dossier,d:blogs,total,58.3,0,722,final
2025-08-31,bathroomgraffiti,all,dossier,d:blogs,total,59.3,1,721,final
2025-09-01,bathroomgraffiti,all,dossier,d:blogs,total,58.8,2,661,final
2025-09-02,bathroomgraffiti,all,dossier,d:blogs,total,59.1,0,646,final
2025-09-03,bathroomgraffiti,all,dossier,d:blogs,total,58.0,1,713,final
2025-09-04,bathroomgraffiti,all,dossier,d:blogs,total,59.4,2,726,final
2025-09-05,bathroomgraffiti,all,dossier,d:blogs,total,57.1,0,723,final
2025-09-06,bathroomgraffiti,all,dossier,d:blogs,total,55.1,0,770,final
2025-09-07,bathroomgraffiti,all,dossier,d:blogs,total,49.7,0,788,final
2025-09-08,bathroomgraffiti,all,dossier,d:blogs,total,48.3,1,735,final
2025-09-09,bathroomgraffiti,all,dossier,d:blogs,total,48.6,2,736,final
2025-09-10,bathroomgraffiti,all,dossier,d:blogs,total,51.3,0,485,final
2025-09-11,bathroomgraffiti,all,dossier,d:blogs,total,49.3,0,388,final
2025-09-12,bathroomgraffiti,all,dossier,d:blogs,total,49.2,1,391,final
2025-09-13,bathroomgraffiti,all,dossier,d:blogs,total,28.8,2,195,final
2025-09-14,bathroomgraffiti,all,dossier,d:blogs,total,33.1,0,250,final
2025-09-15,bathroomgraffiti,all,dossier,d:blogs,total,40.1,0,283,final
2025-09-16,bathroomgraffiti,all,dossier,d:blogs,total,37.5,2,200,final
2025-09-17,bathroomgraffiti,all,dossier,d:blogs,total,34.6,0,260,final
2025-09-18,bathroomgraffiti,all,dossier,d:blogs,total,33.8,0,276,final
2025-09-19,bathroomgraffiti,all,dossier,d:blogs,total,33.4,1,311,final
2025-09-20,bathroomgraffiti,all,dossier,d:blogs,total,33.0,0,292,final
2025-09-21,bathroomgraffiti,all,dossier,d:blogs,total,31.3,0,280,final
2025-09-22,bathroomgraffiti,all,dossier,d:blogs,total,35.2,0,276,final
2025-09-23,bathroomgraffiti,all,dossier,d:blogs,total,36.3,0,238,final
2025-09-24,bathroomgraffiti,all,dossier,d:blogs,total,32.8,1,316,final
2025-09-25,bathroomgraffiti,all,dossier,d:blogs,total,26.8,2,245,final
2025-09-26,bathroomgraffiti,all,dossier,d:blogs,total,29.7,0,260,final
2025-09-27,bathroomgraffiti,all,dossier,d:blogs,total,32.2,0,263,final
2025-09-28,bathroomgraffiti,all,dossier,d:blogs,total,28.4,0,236,final
2025-09-29,bathroomgraffiti,all,dossier,d:blogs,total,34.0,2,247,final
2025-09-30,bathroomgraffiti,all,dossier,d:blogs,total,30.1,0,262,final
2025-10-01,bathroomgraffiti,all,dossier,d:blogs,total,27.5,1,303,final
2025-10-02,bathroomgraffiti,all,dossier,d:blogs,total,29.7,0,312,final
2025-10-03,bathroomgraffiti,all,dossier,d:blogs,total,34.8,0,285,final
2025-10-04,bathroomgraffiti,all,dossier,d:blogs,total,34.6,2,298,final
2025-10-05,bathroomgraffiti,all,dossier,d:blogs,total,29.1,2,393,final
2025-10-06,bathroomgraffiti,all,dossier,d:blogs,total,29.5,2,308,final
2025-10-07,bathroomgraffiti,all,dossier,d:blogs,total,27.5,0,343,final
2025-10-08,bathroomgraffiti,all,dossier,d:blogs,total,18.8,0,385,final
2025-10-09,bathroomgraffiti,all,dossier,d:blogs,total,35.1,0,713,final
2025-10-10,bathroomgraffiti,all,dossier,d:blogs,total,28.9,0,292,final
2025-10-11,bathroomgraffiti,all,dossier,d:blogs,total,28.1,0,214,final
2025-10-12,bathroomgraffiti,all,dossier,d:blogs,total,24.2,0,238,final
2025-10-13,bathroomgraffiti,all,dossier,d:blogs,total,29.2,0,239,final
2025-10-14,bathroomgraffiti,all,dossier,d:blogs,total,29.8,1,225,final
2025-10-15,bathroomgraffiti,all,dossier,d:blogs,total,31.4,0,312,final
2025-10-16,bathroomgraffiti,all,dossier,d:blogs,total,45.9,1,224,final
2025-10-17,bathroomgraffiti,all,dossier,d:blogs,total,46.7,0,108,final
2025-10-18,bathroomgraffiti,all,dossier,d:blogs,total,50.9,0,181,final
2025-10-19,bathroomgraffiti,all,dossier,d:blogs,total,29.1,2,246,final
2025-10-20,bathroomgraffiti,all,dossier,d:blogs,total,28.7,2,214,final
2025-10-21,bathroomgraffiti,all,dossier,d:blogs,total,33.0,0,264,final
2025-10-22,bathroomgraffiti,all,dossier,d:blogs,total,26.7,0,246,final
2025-10-23,bathroomgraffiti,all,dossier,d:blogs,total,26.1,1,309,final
2025-10-24,bathroomgraffiti,all,dossier,d:blogs,total,15.9,0,639,final
2025-10-25,bathroomgraffiti,all,dossier,d:blogs,total,29.3,1,536,final
2025-10-26,bathroomgraffiti,all,dossier,d:blogs,total,25.8,0,299,final
2025-10-27,bathroomgraffiti,all,dossier,d:blogs,total,28.5,0,533,final
2025-10-28,bathroomgraffiti,all,dossier,d:blogs,total,23.8,1,274,final
2025-10-29,bathroomgraffiti,all,dossier,d:blogs,total,27.3,0,263,final
2025-10-30,bathroomgraffiti,all,dossier,d:blogs,total,23.4,0,262,final
2025-10-31,bathroomgraffiti,all,dossier,d:blogs,total,26.9,0,246,final
2025-11-01,bathroomgraffiti,all,dossier,d:blogs,total,31.8,1,483,final
2025-11-02,bathroomgraffiti,all,dossier,d:blogs,total,29.7,0,408,final
2025-11-03,bathroomgraffiti,all,dossier,d:blogs,total,29.4,2,274,final
2025-11-04,bathroomgraffiti,all,dossier,d:blogs,total,33.0,0,306,final
2025-11-05,bathroomgraffiti,all,dossier,d:blogs,total,30.8,0,324,final
2025-11-06,bathroomgraffiti,all,dossier,d:blogs,total,30.7,0,290,final
2025-11-07,bathroomgraffiti,all,dossier,d:blogs,total,27.7,2,350,final
2025-11-08,bathroomgraffiti,all,dossier,d:blogs,total,28.4,1,373,final
2025-11-09,bathroomgraffiti,all,dossier,d:blogs,total,33.3,2,365,final
2025-11-10,bathroomgraffiti,all,dossier,d:blogs,total,31.0,1,351,final
2025-11-11,bathroomgraffiti,all,dossier,d:blogs,total,28.4,1,384,final
2025-11-12,bathroomgraffiti,all,dossier,d:blogs,total,30.2,1,333,final
2025-11-13,bathroomgraffiti,all,dossier,d:blogs,total,23.8,0,432,final
2025-11-14,bathroomgraffiti,all,dossier,d:blogs,total,20.4,0,519,final
2025-11-15,bathroomgraffiti,all,dossier,d:blogs,total,19.4,1,488,final
2025-11-16,bathroomgraffiti,all,dossier,d:blogs,total,19.3,2,615,final
2025-11-17,bathroomgraffiti,all,dossier,d:blogs,total,23.0,5,469,final
2025-11-18,bathroomgraffiti,all,dossier,d:blogs,total,29.1,5,392,final
2025-11-19,bathroomgraffiti,all,dossier,d:blogs,total,23.6,2,473,final
2025-11-20,bathroomgraffiti,all,dossier,d:blogs,total,24.5,1,440,final
2025-11-21,bathroomgraffiti,all,dossier,d:blogs,total,22.3,3,406,final
2025-11-22,bathroomgraffiti,all,dossier,d:blogs,total,25.4,2,375,final
2025-11-23,bathroomgraffiti,all,dossier,d:blogs,total,24.3,2,396,final
2025-11-24,bathroomgraffiti,all,dossier,d:blogs,total,24.3,2,314,final
2025-11-25,bathroomgraffiti,all,dossier,d:blogs,total,22.8,4,485,final
2025-11-26,bathroomgraffiti,all,dossier,d:blogs,total,24.8,2,383,final
2025-11-27,bathroomgraffiti,all,dossier,d:blogs,total,24.2,5,323,final
2025-11-28,bathroomgraffiti,all,dossier,d:blogs,total,23.2,12,338,final
2025-11-29,bathroomgraffiti,all,dossier,d:blogs,total,23.4,2,394,final
2025-11-30,bathroomgraffiti,all,dossier,d:blogs,total,21.1,2,394,final
2025-12-01,bathroomgraffiti,all,dossier,d:blogs,total,21.1,0,365,final
2025-12-02,bathroomgraffiti,all,dossier,d:blogs,total,23.9,2,391,final
2025-12-03,bathroomgraffiti,all,dossier,d:blogs,total,21.7,2,402,final
2025-12-04,bathroomgraffiti,all,dossier,d:blogs,total,21.9,2,360,final
2025-12-05,bathroomgraffiti,all,dossier,d:blogs,total,25.0,5,366,final
2025-12-06,bathroomgraffiti,all,dossier,d:blogs,total,21.0,7,489,final
2025-12-07,bathroomgraffiti,all,dossier,d:blogs,total,22.5,7,497,final
2025-12-08,bathroomgraffiti,all,dossier,d:blogs,total,25.1,5,469,final
2025-12-09,bathroomgraffiti,all,dossier,d:blogs,total,28.2,2,615,final
2025-12-10,bathroomgraffiti,all,dossier,d:blogs,total,25.6,11,854,final
2025-12-11,bathroomgraffiti,all,dossier,d:blogs,total,21.4,9,551,final
2025-12-12,bathroomgraffiti,all,dossier,d:blogs,total,29.9,8,600,final
2025-12-13,bathroomgraffiti,all,dossier,d:blogs,total,25.0,8,441,final
2025-12-14,bathroomgraffiti,all,dossier,d:blogs,total,24.8,4,402,final
2025-12-15,bathroomgraffiti,all,dossier,d:blogs,total,25.9,1,408,final
2025-12-16,bathroomgraffiti,all,dossier,d:blogs,total,28.3,2,406,final
2025-12-17,bathroomgraffiti,all,dossier,d:blogs,total,18.2,0,262,final
2025-12-18,bathroomgraffiti,all,dossier,d:blogs,total,30.6,2,377,final
2025-12-19,bathroomgraffiti,all,dossier,d:blogs,total,28.2,4,384,final
2025-12-20,bathroomgraffiti,all,dossier,d:blogs,total,25.9,2,369,final
2025-12-21,bathroomgraffiti,all,dossier,d:blogs,total,25.6,2,299,final
2025-12-22,bathroomgraffiti,all,dossier,d:blogs,total,28.5,1,397,final
2025-12-23,bathroomgraffiti,all,dossier,d:blogs,total,27.3,0,337,final
2025-12-24,bathroomgraffiti,all,dossier,d:blogs,total,35.6,0,236,final
2025-12-25,bathroomgraffiti,all,dossier,d:blogs,total,32.6,2,204,final
2025-12-26,bathroomgraffiti,all,dossier,d:blogs,total,30.5,0,284,final
2025-12-27,bathroomgraffiti,all,dossier,d:blogs,total,31.2,0,225,final
2025-12-28,bathroomgraffiti,all,dossier,d:blogs,total,32.4,1,224,final
2025-12-29,bathroomgraffiti,all,dossier,d:blogs,total,31.2,1,288,final
2025-12-30,bathroomgraffiti,all,dossier,d:blogs,total,34.5,0,285,final
2025-12-31,bathroomgraffiti,all,dossier,d:blogs,total,31.0,1,178,final
2026-01-01,bathroomgraffiti,all,dossier,d:blogs,total,36.4,1,203,final
2026-01-02,bathroomgraffiti,all,dossier,d:blogs,total,35.1,0,206,final
2026-01-03,bathroomgraffiti,all,dossier,d:blogs,total,31.1,0,187,final
2026-01-04,bathroomgraffiti,all,dossier,d:blogs,total,32.0,2,246,final
2026-01-05,bathroomgraffiti,all,dossier,d:blogs,total,31.1,1,209,final
2026-01-06,bathroomgraffiti,all,dossier,d:blogs,total,30.3,0,143,final
2026-01-07,bathroomgraffiti,all,dossier,d:blogs,total,27.7,0,174,final
2026-01-08,bathroomgraffiti,all,dossier,d:blogs,total,28.3,2,138,final
2026-01-09,bathroomgraffiti,all,dossier,d:blogs,total,29.0,1,163,final
2026-01-10,bathroomgraffiti,all,dossier,d:blogs,total,32.4,0,189,final
2026-01-11,bathroomgraffiti,all,dossier,d:blogs,total,26.2,0,119,final
2026-01-12,bathroomgraffiti,all,dossier,d:blogs,total,22.4,0,93,final
2026-01-13,bathroomgraffiti,all,dossier,d:blogs,total,28.1,0,158,final
2026-01-14,bathroomgraffiti,all,dossier,d:blogs,total,29.6,0,143,final
2026-01-15,bathroomgraffiti,all,dossier,d:blogs,total,35.4,1,75,final
2026-01-16,bathroomgraffiti,all,dossier,d:blogs,total,32.7,0,75,final
2026-01-17,bathroomgraffiti,all,dossier,d:blogs,total,28.4,0,59,final
2026-01-18,bathroomgraffiti,all,dossier,d:blogs,total,28.3,0,72,final
2026-01-19,bathroomgraffiti,all,dossier,d:blogs,total,29.9,0,72,final
2026-01-20,bathroomgraffiti,all,dossier,d:blogs,total,22.9,1,141,final
2026-01-21,bathroomgraffiti,all,dossier,d:blogs,total,25.1,1,127,final
2026-01-22,bathroomgraffiti,all,dossier,d:blogs,total,18.0,2,268,final
2026-01-23,bathroomgraffiti,all,dossier,d:blogs,total,27.8,0,159,final
2026-01-24,bathroomgraffiti,all,dossier,d:blogs,total,30.2,1,123,final
2026-01-25,bathroomgraffiti,all,dossier,d:blogs,total,17.9,3,271,final
2026-01-26,bathroomgraffiti,all,dossier,d:blogs,total,30.4,0,231,final
2026-01-27,bathroomgraffiti,all,dossier,d:blogs,total,19.5,1,302,final
2026-01-28,bathroomgraffiti,all,dossier,d:blogs,total,22.7,2,134,final
2026-01-29,bathroomgraffiti,all,dossier,d:blogs,total,17.2,0,204,final
2026-01-30,bathroomgraffiti,all,dossier,d:blogs,total,13.5,0,243,final
2026-01-31,bathroomgraffiti,all,dossier,d:blogs,total,22.8,1,109,final
2026-02-01,bathroomgraffiti,all,dossier,d:blogs,total,24.0,0,103,final
2026-02-02,bathroomgraffiti,all,dossier,d:blogs,total,24.4,0,105,final
2026-02-03,bathroomgraffiti,all,dossier,d:blogs,total,21.5,1,103,final
2026-02-04,bathroomgraffiti,all,dossier,d:blogs,total,21.1,0,121,final
2026-02-05,bathroomgraffiti,all,dossier,d:blogs,total,26.6,0,129,final
2026-02-06,bathroomgraffiti,all,dossier,d:blogs,total,24.2,0,111,final
2026-02-07,bathroomgraffiti,all,dossier,d:blogs,total,21.0,0,82,final
2026-02-08,bathroomgraffiti,all,dossier,d:blogs,total,24.0,1,119,final
2026-02-09,bathroomgraffiti,all,dossier,d:blogs,total,26.1,0,151,final
2026-02-10,bathroomgraffiti,all,dossier,d:blogs,total,31.1,0,193,final
2026-02-11,bathroomgraffiti,all,dossier,d:blogs,total,20.4,0,129,final
2026-02-12,bathroomgraffiti,all,dossier,d:blogs,total,20.4,0,93,final
2026-02-13,bathroomgraffiti,all,dossier,d:blogs,total,27.1,0,115,final
2026-02-14,bathroomgraffiti,all,dossier,d:blogs,total,23.2,0,163,final
2026-02-15,bathroomgraffiti,all,dossier,d:blogs,total,28.4,0,115,final
2026-02-16,bathroomgraffiti,all,dossier,d:blogs,total,26.9,0,123,final
2026-02-17,bathroomgraffiti,all,dossier,d:blogs,total,23.2,0,133,final
2026-02-18,bathroomgraffiti,all,dossier,d:blogs,total,25.1,0,168,final
2026-02-19,bathroomgraffiti,all,dossier,d:blogs,total,25.8,1,163,final
2026-02-20,bathroomgraffiti,all,dossier,d:blogs,total,25.7,2,165,final
2026-02-21,bathroomgraffiti,all,dossier,d:blogs,total,26.2,1,184,final
2026-02-22,bathroomgraffiti,all,dossier,d:blogs,total,19.2,1,191,final
2026-02-23,bathroomgraffiti,all,dossier,d:blogs,total,25.3,0,182,final
2026-02-24,bathroomgraffiti,all,dossier,d:blogs,total,28.5,0,140,final
2026-02-25,bathroomgraffiti,all,dossier,d:blogs,total,25.2,0,201,final
2026-02-26,bathroomgraffiti,all,dossier,d:blogs,total,27.4,0,146,final
2026-02-27,bathroomgraffiti,all,dossier,d:blogs,total,27.1,0,96,final
2026-02-28,bathroomgraffiti,all,dossier,d:blogs,total,29.9,1,96,final
2026-03-01,bathroomgraffiti,all,dossier,d:blogs,total,26.5,0,93,final
2026-03-02,bathroomgraffiti,all,dossier,d:blogs,total,20.4,0,93,final
2026-03-03,bathroomgraffiti,all,dossier,d:blogs,total,25.6,0,65,final
2026-03-04,bathroomgraffiti,all,dossier,d:blogs,total,19.7,0,76,final
2026-03-05,bathroomgraffiti,all,dossier,d:blogs,total,17.6,0,61,final
2026-03-06,bathroomgraffiti,all,dossier,d:blogs,total,18.9,2,94,final
2026-03-07,bathroomgraffiti,all,dossier,d:blogs,total,17.6,1,55,final
2026-03-08,bathroomgraffiti,all,dossier,d:blogs,total,21.1,1,149,final
2026-03-09,bathroomgraffiti,all,dossier,d:blogs,total,15.7,0,114,final
2026-03-10,bathroomgraffiti,all,dossier,d:blogs,total,17.4,0,90,final
2026-03-11,bathroomgraffiti,all,dossier,d:blogs,total,17.3,0,96,final
2026-03-12,bathroomgraffiti,all,dossier,d:blogs,total,16.9,0,77,final
2026-03-13,bathroomgraffiti,all,dossier,d:blogs,total,24.2,1,126,final
2026-03-14,bathroomgraffiti,all,dossier,d:blogs,total,29.5,1,154,final
2026-03-15,bathroomgraffiti,all,dossier,d:blogs,total,22.3,1,149,final
2026-03-16,bathroomgraffiti,all,dossier,d:blogs,total,24.7,0,140,final
2026-03-17,bathroomgraffiti,all,dossier,d:blogs,total,24.6,1,157,final
2026-03-18,bathroomgraffiti,all,dossier,d:blogs,total,25.9,0,133,final
2026-03-19,bathroomgraffiti,all,dossier,d:blogs,total,25.3,0,133,final
2026-03-20,bathroomgraffiti,all,dossier,d:blogs,total,21.9,0,111,final
2026-03-21,bathroomgraffiti,all,dossier,d:blogs,total,21.7,0,106,final
2026-03-22,bathroomgraffiti,all,dossier,d:blogs,total,26.0,0,92,final
2026-03-23,bathroomgraffiti,all,dossier,d:blogs,total,25.0,0,83,final
2026-03-24,bathroomgraffiti,all,dossier,d:blogs,total,23.5,0,69,final
2026-03-25,bathroomgraffiti,all,dossier,d:blogs,total,21.3,0,75,final
2026-03-26,bathroomgraffiti,all,dossier,d:blogs,total,25.1,0,75,final
2026-03-27,bathroomgraffiti,all,dossier,d:blogs,total,23.5,0,59,final
2026-03-28,bathroomgraffiti,all,dossier,d:blogs,total,17.6,0,62,final
2026-03-29,bathroomgraffiti,all,dossier,d:blogs,total,22.3,0,54,final
2026-03-30,bathroomgraffiti,all,dossier,d:blogs,total,21.1,0,56,final
2026-03-31,bathroomgraffiti,all,dossier,d:blogs,total,21.6,0,74,final
2026-04-01,bathroomgraffiti,all,dossier,d:blogs,total,23.5,0,65,final
2026-04-02,bathroomgraffiti,all,dossier,d:blogs,total,18.6,0,74,final
2026-04-03,bathroomgraffiti,all,dossier,d:blogs,total,21.1,0,77,final
2026-04-04,bathroomgraffiti,all,dossier,d:blogs,total,17.4,0,63,final
2026-04-05,bathroomgraffiti,all,dossier,d:blogs,total,21.5,0,48,final
2026-04-06,bathroomgraffiti,all,dossier,d:blogs,total,18.2,0,66,final
2026-04-07,bathroomgraffiti,all,dossier,d:blogs,total,18.0,0,65,final
2026-04-08,bathroomgraffiti,all,dossier,d:blogs,total,18.4,0,85,final
2026-04-09,bathroomgraffiti,all,dossier,d:blogs,total,14.0,0,80,final
2026-04-10,bathroomgraffiti,all,dossier,d:blogs,total,17.0,0,82,final
2026-04-11,bathroomgraffiti,all,dossier,d:blogs,total,15.7,1,92,final
2026-04-12,bathroomgraffiti,all,dossier,d:blogs,total,20.4,0,111,final
2026-04-13,bathroomgraffiti,all,dossier,d:blogs,total,20.1,1,129,final
2026-04-14,bathroomgraffiti,all,dossier,d:blogs,total,17.2,0,76,final
2026-04-15,bathroomgraffiti,all,dossier,d:blogs,total,18.5,0,74,final
2026-04-16,bathroomgraffiti,all,dossier,d:blogs,total,20.1,0,86,final
2026-04-17,bathroomgraffiti,all,dossier,d:blogs,total,17.5,0,73,final
2026-04-18,bathroomgraffiti,all,dossier,d:blogs,total,18.4,1,76,final
2026-04-19,bathroomgraffiti,all,dossier,d:blogs,total,17.6,0,84,final
2026-04-20,bathroomgraffiti,all,dossier,d:blogs,total,14.6,0,90,final
2026-04-21,bathroomgraffiti,all,dossier,d:blogs,total,18.2,0,92,final
2026-04-22,bathroomgraffiti,all,dossier,d:blogs,total,17.9,0,67,final
2026-04-23,bathroomgraffiti,all,dossier,d:blogs,total,22.8,1,89,final
2026-04-24,bathroomgraffiti,all,dossier,d:blogs,total,17.6,1,94,final
2026-04-25,bathroomgraffiti,all,dossier,d:blogs,total,19.5,0,99,final
2026-04-26,bathroomgraffiti,all,dossier,d:blogs,total,18.6,0,93,final
2026-04-27,bathroomgraffiti,all,dossier,d:blogs,total,20.8,2,85,final
2026-04-28,bathroomgraffiti,all,dossier,d:blogs,total,20.7,1,83,final
2026-04-29,bathroomgraffiti,all,dossier,d:blogs,total,15.0,0,70,final
2026-04-30,bathroomgraffiti,all,dossier,d:blogs,total,18.6,0,89,final
2026-05-01,bathroomgraffiti,all,dossier,d:blogs,total,18.1,0,89,final
2026-05-02,bathroomgraffiti,all,dossier,d:blogs,total,16.9,0,64,final
2026-05-03,bathroomgraffiti,all,dossier,d:blogs,total,22.3,0,58,final
2026-05-04,bathroomgraffiti,all,dossier,d:blogs,total,15.3,0,68,final
2026-05-05,bathroomgraffiti,all,dossier,d:blogs,total,17.0,0,97,final
2026-05-06,bathroomgraffiti,all,dossier,d:blogs,total,15.4,0,94,final
2026-05-07,bathroomgraffiti,all,dossier,d:blogs,total,15.8,0,105,final
2026-05-08,bathroomgraffiti,all,dossier,d:blogs,total,19.9,0,70,final
2026-05-09,bathroomgraffiti,all,dossier,d:blogs,total,28.0,0,97,final
2026-05-10,bathroomgraffiti,all,dossier,d:blogs,total,20.8,0,94,final
2026-05-11,bathroomgraffiti,all,dossier,d:blogs,total,19.7,0,68,final
2026-05-12,bathroomgraffiti,all,dossier,d:blogs,total,19.8,0,88,final
2026-05-13,bathroomgraffiti,all,dossier,d:blogs,total,22.1,0,92,final
2026-05-14,bathroomgraffiti,all,dossier,d:blogs,total,20.4,1,87,final
2026-05-15,bathroomgraffiti,all,dossier,d:blogs,total,17.6,0,62,final
2026-05-16,bathroomgraffiti,all,dossier,d:blogs,total,14.9,1,81,final
2026-05-17,bathroomgraffiti,all,dossier,d:blogs,total,14.6,1,73,final
2026-05-18,bathroomgraffiti,all,dossier,d:blogs,total,19.1,1,66,final
2026-05-19,bathroomgraffiti,all,dossier,d:blogs,total,14.1,1,61,final
2026-05-20,bathroomgraffiti,all,dossier,d:blogs,total,15.2,0,76,final
2026-05-21,bathroomgraffiti,all,dossier,d:blogs,total,19.4,0,95,final
2026-05-22,bathroomgraffiti,all,dossier,d:blogs,total,18.0,0,55,final
2026-05-23,bathroomgraffiti,all,dossier,d:blogs,total,19.5,0,67,final
2026-05-24,bathroomgraffiti,all,dossier,d:blogs,total,15.6,0,63,final
2026-05-25,bathroomgraffiti,all,dossier,d:blogs,total,15.9,0,93,final
2026-05-26,bathroomgraffiti,all,dossier,d:blogs,total,15.1,0,70,final
2026-05-27,bathroomgraffiti,all,dossier,d:blogs,total,15.8,0,87,final
2026-05-28,bathroomgraffiti,all,dossier,d:blogs,total,14.3,0,83,final
2026-05-29,bathroomgraffiti,all,dossier,d:blogs,total,15.6,0,103,final
2026-05-30,bathroomgraffiti,all,dossier,d:blogs,total,14.6,1,87,final
2026-05-31,bathroomgraffiti,all,dossier,d:blogs,total,16.3,0,92,final
2026-06-01,bathroomgraffiti,all,dossier,d:blogs,total,15.5,0,90,final
2026-06-02,bathroomgraffiti,all,dossier,d:blogs,total,15.7,0,80,final
2026-06-03,bathroomgraffiti,all,dossier,d:blogs,total,13.4,0,66,final
2026-06-04,bathroomgraffiti,all,dossier,d:blogs,total,14.2,0,104,final
2026-06-05,bathroomgraffiti,all,dossier,d:blogs,total,18.8,1,95,final
2026-06-06,bathroomgraffiti,all,dossier,d:blogs,total,16.9,2,118,final
2026-06-07,bathroomgraffiti,all,dossier,d:blogs,total,16.5,1,131,final
2026-06-08,bathroomgraffiti,all,dossier,d:blogs,total,13.8,0,87,final
2026-06-09,bathroomgraffiti,all,dossier,d:blogs,total,13.8,1,69,final
2026-06-10,bathroomgraffiti,all,dossier,d:blogs,total,15.0,0,74,final
2026-06-11,bathroomgraffiti,all,dossier,d:blogs,total,10.5,1,63,final
2026-06-12,bathroomgraffiti,all,dossier,d:blogs,total,12.9,0,59,final
2026-06-13,bathroomgraffiti,all,dossier,d:blogs,total,13.2,0,62,final
2026-06-14,bathroomgraffiti,all,dossier,d:blogs,total,15.7,0,73,final
2026-06-15,bathroomgraffiti,all,dossier,d:blogs,total,14.7,1,78,final
2026-06-16,bathroomgraffiti,all,dossier,d:blogs,total,15.6,0,80,final
2026-06-17,bathroomgraffiti,all,dossier,d:blogs,total,17.2,1,77,final
2026-06-18,bathroomgraffiti,all,dossier,d:blogs,total,17.4,0,62,final
2026-06-19,bathroomgraffiti,all,dossier,d:blogs,total,14.5,0,80,final
2026-06-20,bathroomgraffiti,all,dossier,d:blogs,total,14.9,0,69,final
2026-06-21,bathroomgraffiti,all,dossier,d:blogs,total,10.8,0,47,final
2026-06-22,bathroomgraffiti,all,dossier,d:blogs,total,16.2,0,87,final
2026-06-23,bathroomgraffiti,all,dossier,d:blogs,total,15.6,0,70,final
2026-06-24,bathroomgraffiti,all,dossier,d:blogs,total,16.7,0,80,final
2026-06-25,bathroomgraffiti,all,dossier,d:blogs,total,18.2,0,95,final
2026-06-26,bathroomgraffiti,all,dossier,d:blogs,total,15.7,0,87,final
2026-06-27,bathroomgraffiti,all,dossier,d:blogs,total,14.4,1,91,final
2026-06-28,bathroomgraffiti,all,dossier,d:blogs,total,16.8,0,74,final
2026-06-29,bathroomgraffiti,all,dossier,d:blogs,total,14.3,1,89,final
2026-06-30,bathroomgraffiti,all,dossier,d:blogs,total,15.4,1,91,final
2026-07-01,bathroomgraffiti,all,dossier,d:blogs,total,12.4,2,99,final
2026-07-02,bathroomgraffiti,all,dossier,d:blogs,total,14.8,0,64,final
2026-07-03,bathroomgraffiti,all,dossier,d:blogs,total,12.4,0,78,final
2026-07-04,bathroomgraffiti,all,dossier,d:blogs,total,16.5,1,66,final
2026-07-05,bathroomgraffiti,all,dossier,d:blogs,total,16.7,0,75,final
2026-07-06,bathroomgraffiti,all,dossier,d:blogs,total,15.4,1,67,final
2026-07-07,bathroomgraffiti,all,dossier,d:blogs,total,18.8,0,55,final
2026-07-08,bathroomgraffiti,all,dossier,d:blogs,total,17.3,0,104,final
2026-07-09,bathroomgraffiti,all,dossier,d:blogs,total,16.5,0,83,final
2026-07-10,bathroomgraffiti,all,dossier,d:blogs,total,15.9,0,77,final
2026-07-11,bathroomgraffiti,all,dossier,d:blogs,total,19.2,0,81,final
2026-07-12,bathroomgraffiti,all,dossier,d:blogs,total,16.1,0,85,final
2026-07-13,bathroomgraffiti,all,dossier,d:blogs,total,15.1,2,69,final
2026-07-14,bathroomgraffiti,all,dossier,d:blogs,total,15.8,0,81,final
2026-07-15,bathroomgraffiti,all,dossier,d:blogs,total,15.1,0,67,final
2026-07-16,bathroomgraffiti,all,dossier,d:blogs,total,16.4,0,67,final
2026-07-17,bathroomgraffiti,all,dossier,d:blogs,total,15.5,0,74,final
2026-07-18,bathroomgraffiti,all,dossier,d:blogs,total,12.1,1,56,final
2026-07-19,bathroomgraffiti,all,dossier,d:blogs,total,12.7,0,54,final
2026-07-20,bathroomgraffiti,all,dossier,d:blogs,total,11.9,0,60,final
2026-07-21,bathroomgraffiti,all,dossier,d:blogs,total,12.9,0,70,final
2026-07-22,bathroomgraffiti,all,dossier,d:blogs,total,14.2,0,66,final
2026-07-23,bathroomgraffiti,all,dossier,d:blogs,total,13.0,0,72,final
2026-07-24,bathroomgraffiti,all,dossier,d:blogs,total,14.4,1,73,final
2026-07-25,bathroomgraffiti,all,dossier,d:blogs,total,17.8,1,66,final
2026-07-26,bathroomgraffiti,all,dossier,d:blogs,total,15.5,1,79,final
2026-07-27,bathroomgraffiti,all,dossier,d:blogs,total,13.8,0,68,final
2026-07-28,bathroomgraffiti,all,dossier,d:blogs,total,21.0,0,91,final
2026-07-29,bathroomgraffiti,all,dossier,d:blogs,total,15.6,0,102,final
2026-07-30,bathroomgraffiti,all,dossier,d:blogs,total,16.4,0,75,final
2026-07-31,bathroomgraffiti,all,dossier,d:blogs,total,20.2,1,94,final
2026-08-01,bathroomgraffiti,all,dossier,d:blogs,total,18.7,1,64,final
2026-08-02,bathroomgraffiti,all,dossier,d:blogs,total,18.0,0,92,final
2026-08-03,bathroomgraffiti,all,dossier,d:blogs,total,18.5,0,63,final
2026-08-04,bathroomgraffiti,all,dossier,d:blogs,total,14.7,0,65,final
2026-08-05,bathroomgraffiti,all,dossier,d:blogs,total,16.5,1,59,final
2026-08-06,bathroomgraffiti,all,dossier,d:blogs,total,19.0,1,104,final
2026-08-07,bathroomgraffiti,all,dossier,d:blogs,total,19.3,0,74,final
2026-08-08,bathroomgraffiti,all,dossier,d:blogs,total,21.8,0,60,final
2026-08-09,bathroomgraffiti,all,dossier,d:blogs,total,15.3,1,43,final
2026-08-10,bathroomgraffiti,all,dossier,d:blogs,total,17.4,0,78,final
2026-08-11,bathroomgraffiti,all,dossier,d:blogs,total,20.5,0,72,final
2026-08-12,bathroomgraffiti,all,dossier,d:blogs,total,20.2,0,66,final
2026-08-13,bathroomgraffiti,all,dossier,d:blogs,total,20.6,0,96,final
2026-08-14,bathroomgraffiti,all,dossier,d:blogs,total,16.2,0,65,final
2026-08-15,bathroomgraffiti,all,dossier,d:blogs,total,21.5,1,79,final
2026-08-16,bathroomgraffiti,all,dossier,d:blogs,total,20.3,0,99,final
2026-08-17,bathroomgraffiti,all,dossier,d:blogs,total,21.0,0,105,final
2026-08-18,bathroomgraffiti,all,dossier,d:blogs,total,21.6,1,95,final
2026-08-19,bathroomgraffiti,all,dossier,d:blogs,total,19.8,0,93,final
2026-08-20,bathroomgraffiti,all,dossier,d:blogs,total,21.6,0,115,final
2026-08-21,bathroomgraffiti,all,dossier,d:blogs,total,21.6,0,101,final
2026-08-22,bathroomgraffiti,all,dossier,d:blogs,total,18.3,0,103,final
2026-08-23,bathroomgraffiti,all,dossier,d:blogs,total,15.8,0,132,final
2026-08-24,bathroomgraffiti,all,dossier,d:blogs,total,21.2,0,137,final
2026-08-25,bathroomgraffiti,all,dossier,d:blogs,total,26.6,0,135,final
2026-08-26,bathroomgraffiti,all,dossier,d:blogs,total,24.7,2,155,final
2026-08-27,bathroomgraffiti,all,dossier,d:blogs,total,27.9,0,123,final
2026-08-28,bathroomgraffiti,all,dossier,d:blogs,total,24.6,0,104,final
2026-08-29,bathroomgraffiti,all,dossier,d:blogs,total,24.6,0,131,final
2026-08-30,bathroomgraffiti,all,dossier,d:blogs,total,25.9,1,120,final
2026-08-31,bathroomgraffiti,all,dossier,d:blogs,total,25.3,1,90,final
2026-09-01,bathroomgraffiti,all,dossier,d:blogs,total,26.5,0,80,final
2026-09-02,bathroomgraffiti,all,dossier,d:blogs,total,23.2,0,78,final
2026-09-03,bathroomgraffiti,all,dossier,d:blogs,total,25.7,0,135,final
2026-09-04,bathroomgraffiti,all,dossier,d:blogs,total,27.6,0,113,final
2026-09-05,bathroomgraffiti,all,dossier,d:blogs,total,25.5,0,143,final
2026-09-06,bathroomgraffiti,all,dossier,d:blogs,total,23.8,0,82,final
2026-09-07,bathroomgraffiti,all,dossier,d:blogs,total,26.4,0,90,final
2026-09-08,bathroomgraffiti,all,dossier,d:blogs,total,29.3,0,85,final
2026-09-09,bathroomgraffiti,all,dossier,d:blogs,total,25.8,0,79,final
2026-09-10,bathroomgraffiti,all,dossier,d:blogs,total,29.2,0,79,final
2026-09-11,bathroomgraffiti,all,dossier,d:blogs,total,24.1,0,58,final
2026-09-12,bathroomgraffiti,all,dossier,d:blogs,total,27.9,0,63,final
2026-09-13,bathroomgraffiti,all,dossier,d:blogs,total,27.5,0,55,final
2026-09-14,bathroomgraffiti,all,dossier,d:blogs,total,22.8,0,53,final
2026-09-15,bathroomgraffiti,all,dossier,d:blogs,total,25.8,0,75,final
2026-09-16,bathroomgraffiti,all,dossier,d:blogs,total,17.6,0,81,final
2026-09-17,bathroomgraffiti,all,dossier,d:blogs,total,22.4,0,84,final
2026-09-18,bathroomgraffiti,all,dossier,d:blogs,total,16.2,0,67,final
2026-09-19,bathroomgraffiti,all,dossier,d:blogs,total,22.7,0,59,final
2026-09-20,bathroomgraffiti,all,dossier,d:blogs,total,18.3,0,35,final
2026-09-21,bathroomgraffiti,all,dossier,d:blogs,total,19.2,0,47,final
2026-09-22,bathroomgraffiti,all,dossier,d:blogs,total,21.3,0,62,final
2026-09-23,bathroomgraffiti,all,dossier,d:blogs,total,19.3,0,62,final
2026-09-24,bathroomgraffiti,all,dossier,d:blogs,total,20.6,0,43,final
2026-09-25,bathroomgraffiti,all,dossier,d:blogs,total,18.8,0,44,final
2026-09-26,bathroomgraffiti,all,dossier,d:blogs,total,21.2,0,41,final
2026-09-27,bathroomgraffiti,all,dossier,d:blogs,total,24.1,0,42,final
2026-09-28,bathroomgraffiti,all,dossier,d:blogs,total,19.6,0,38,final
2026-09-29,bathroomgraffiti,all,dossier,d:blogs,total,21.9,1,48,final
2026-09-30,bathroomgraffiti,all,dossier,d:blogs,total,17.2,0,68,final
2026-10-01,bathroomgraffiti,all,dossier,d:blogs,total,26.3,0,49,final
2026-10-02,bathroomgraffiti,all,dossier,d:blogs,total,23.5,1,64,final
2026-10-03,bathroomgraffiti,all,dossier,d:blogs,total,24.9,0,74,fresh
2026-10-04,bathroomgraffiti,all,dossier,d:blogs,total,26.3,1,80,fresh
2025-06-12,bathroomgraffiti,all,dossier,d:collections,total,23.9,17,4833,final
2025-06-13,bathroomgraffiti,all,dossier,d:collections,total,23.1,25,4620,final
2025-06-14,bathroomgraffiti,all,dossier,d:collections,total,20.8,28,5644,final
2025-06-15,bathroomgraffiti,all,dossier,d:collections,total,22.2,28,5440,final
2025-06-16,bathroomgraffiti,all,dossier,d:collections,total,23.0,24,5154,final
2025-06-17,bathroomgraffiti,all,dossier,d:collections,total,23.2,18,5196,final
2025-06-18,bathroomgraffiti,all,dossier,d:collections,total,23.0,24,5513,final
2025-06-19,bathroomgraffiti,all,dossier,d:collections,total,24.3,26,5179,final
2025-06-20,bathroomgraffiti,all,dossier,d:collections,total,24.8,17,5045,final
2025-06-21,bathroomgraffiti,all,dossier,d:collections,total,25.6,17,4800,final
2025-06-22,bathroomgraffiti,all,dossier,d:collections,total,22.6,18,5008,final
2025-06-23,bathroomgraffiti,all,dossier,d:collections,total,23.5,23,5326,final
2025-06-24,bathroomgraffiti,all,dossier,d:collections,total,23.9,29,5616,final
2025-06-25,bathroomgraffiti,all,dossier,d:collections,total,22.6,29,5634,final
2025-06-26,bathroomgraffiti,all,dossier,d:collections,total,23.1,32,5608,final
2025-06-27,bathroomgraffiti,all,dossier,d:collections,total,23.6,16,5438,final
2025-06-28,bathroomgraffiti,all,dossier,d:collections,total,24.7,21,5580,final
2025-06-29,bathroomgraffiti,all,dossier,d:collections,total,25.7,18,5560,final
2025-06-30,bathroomgraffiti,all,dossier,d:collections,total,27.8,20,5860,final
2025-07-01,bathroomgraffiti,all,dossier,d:collections,total,27.4,40,5874,final
2025-07-02,bathroomgraffiti,all,dossier,d:collections,total,24.6,28,5932,final
2025-07-03,bathroomgraffiti,all,dossier,d:collections,total,23.8,20,6055,final
2025-07-04,bathroomgraffiti,all,dossier,d:collections,total,25.9,21,6005,final
2025-07-05,bathroomgraffiti,all,dossier,d:collections,total,23.5,32,5783,final
2025-07-06,bathroomgraffiti,all,dossier,d:collections,total,23.5,28,5775,final
2025-07-07,bathroomgraffiti,all,dossier,d:collections,total,23.0,20,5796,final
2025-07-08,bathroomgraffiti,all,dossier,d:collections,total,22.2,23,5284,final
2025-07-09,bathroomgraffiti,all,dossier,d:collections,total,23.7,19,5755,final
2025-07-10,bathroomgraffiti,all,dossier,d:collections,total,26.7,20,5259,final
2025-07-11,bathroomgraffiti,all,dossier,d:collections,total,30.1,23,6084,final
2025-07-12,bathroomgraffiti,all,dossier,d:collections,total,26.6,31,5231,final
2025-07-13,bathroomgraffiti,all,dossier,d:collections,total,24.3,39,5052,final
2025-07-14,bathroomgraffiti,all,dossier,d:collections,total,26.8,34,4876,final
2025-07-15,bathroomgraffiti,all,dossier,d:collections,total,26.8,22,5271,final
2025-07-16,bathroomgraffiti,all,dossier,d:collections,total,27.4,27,4830,final
2025-07-17,bathroomgraffiti,all,dossier,d:collections,total,29.5,23,4358,final
2025-07-18,bathroomgraffiti,all,dossier,d:collections,total,29.3,20,4270,final
2025-07-19,bathroomgraffiti,all,dossier,d:collections,total,26.7,27,4444,final
2025-07-20,bathroomgraffiti,all,dossier,d:collections,total,27.6,27,4754,final
2025-07-21,bathroomgraffiti,all,dossier,d:collections,total,28.9,27,4976,final
2025-07-22,bathroomgraffiti,all,dossier,d:collections,total,29.5,20,5253,final
2025-07-23,bathroomgraffiti,all,dossier,d:collections,total,26.0,19,5106,final
2025-07-24,bathroomgraffiti,all,dossier,d:collections,total,26.7,20,5114,final
2025-07-25,bathroomgraffiti,all,dossier,d:collections,total,25.8,20,5537,final
2025-07-26,bathroomgraffiti,all,dossier,d:collections,total,25.1,31,5106,final
2025-07-27,bathroomgraffiti,all,dossier,d:collections,total,25.3,31,5141,final
2025-07-28,bathroomgraffiti,all,dossier,d:collections,total,25.7,23,5591,final
2025-07-29,bathroomgraffiti,all,dossier,d:collections,total,27.4,17,5432,final
2025-07-30,bathroomgraffiti,all,dossier,d:collections,total,24.4,28,5622,final
2025-07-31,bathroomgraffiti,all,dossier,d:collections,total,25.6,31,5053,final
2025-08-01,bathroomgraffiti,all,dossier,d:collections,total,27.5,27,5596,final
2025-08-02,bathroomgraffiti,all,dossier,d:collections,total,27.0,30,5159,final
2025-08-03,bathroomgraffiti,all,dossier,d:collections,total,28.5,20,5426,final
2025-08-04,bathroomgraffiti,all,dossier,d:collections,total,28.1,18,5608,final
2025-08-05,bathroomgraffiti,all,dossier,d:collections,total,27.5,31,5734,final
2025-08-06,bathroomgraffiti,all,dossier,d:collections,total,28.1,21,5989,final
2025-08-07,bathroomgraffiti,all,dossier,d:collections,total,29.9,17,5832,final
2025-08-08,bathroomgraffiti,all,dossier,d:collections,total,29.5,24,5518,final
2025-08-09,bathroomgraffiti,all,dossier,d:collections,total,30.1,22,5428,final
2025-08-10,bathroomgraffiti,all,dossier,d:collections,total,29.7,33,5159,final
2025-08-11,bathroomgraffiti,all,dossier,d:collections,total,32.4,29,6873,final
2025-08-12,bathroomgraffiti,all,dossier,d:collections,total,26.7,27,4633,final
2025-08-13,bathroomgraffiti,all,dossier,d:collections,total,26.1,23,4979,final
2025-08-14,bathroomgraffiti,all,dossier,d:collections,total,25.0,22,4637,final
2025-08-15,bathroomgraffiti,all,dossier,d:collections,total,25.1,28,4013,final
2025-08-16,bathroomgraffiti,all,dossier,d:collections,total,24.9,32,4131,final
2025-08-17,bathroomgraffiti,all,dossier,d:collections,total,24.6,21,3988,final
2025-08-18,bathroomgraffiti,all,dossier,d:collections,total,25.9,19,4135,final
2025-08-19,bathroomgraffiti,all,dossier,d:collections,total,25.7,25,4467,final
2025-08-20,bathroomgraffiti,all,dossier,d:collections,total,26.5,36,4231,final
2025-08-21,bathroomgraffiti,all,dossier,d:collections,total,28.3,26,4464,final
2025-08-22,bathroomgraffiti,all,dossier,d:collections,total,28.7,21,4362,final
2025-08-23,bathroomgraffiti,all,dossier,d:collections,total,29.0,22,4100,final
2025-08-24,bathroomgraffiti,all,dossier,d:collections,total,28.1,21,4206,final
2025-08-25,bathroomgraffiti,all,dossier,d:collections,total,28.0,21,4312,final
2025-08-26,bathroomgraffiti,all,dossier,d:collections,total,28.2,13,4402,final
2025-08-27,bathroomgraffiti,all,dossier,d:collections,total,29.5,21,4694,final
2025-08-28,bathroomgraffiti,all,dossier,d:collections,total,29.0,16,4703,final
2025-08-29,bathroomgraffiti,all,dossier,d:collections,total,28.6,34,4701,final
2025-08-30,bathroomgraffiti,all,dossier,d:collections,total,28.4,19,4661,final
2025-08-31,bathroomgraffiti,all,dossier,d:collections,total,29.3,18,4380,final
2025-09-01,bathroomgraffiti,all,dossier,d:collections,total,30.4,20,4269,final
2025-09-02,bathroomgraffiti,all,dossier,d:collections,total,30.7,22,4190,final
2025-09-03,bathroomgraffiti,all,dossier,d:collections,total,30.0,21,4289,final
2025-09-04,bathroomgraffiti,all,dossier,d:collections,total,29.3,21,4559,final
2025-09-05,bathroomgraffiti,all,dossier,d:collections,total,30.7,15,4458,final
2025-09-06,bathroomgraffiti,all,dossier,d:collections,total,28.5,21,4386,final
2025-09-07,bathroomgraffiti,all,dossier,d:collections,total,29.0,27,4267,final
2025-09-08,bathroomgraffiti,all,dossier,d:collections,total,30.2,19,4091,final
2025-09-09,bathroomgraffiti,all,dossier,d:collections,total,30.0,16,4171,final
2025-09-10,bathroomgraffiti,all,dossier,d:collections,total,26.9,28,3878,final
2025-09-11,bathroomgraffiti,all,dossier,d:collections,total,26.3,18,3697,final
2025-09-12,bathroomgraffiti,all,dossier,d:collections,total,23.0,15,3034,final
2025-09-13,bathroomgraffiti,all,dossier,d:collections,total,12.8,25,2955,final
2025-09-14,bathroomgraffiti,all,dossier,d:collections,total,17.8,21,2849,final
2025-09-15,bathroomgraffiti,all,dossier,d:collections,total,19.4,19,2827,final
2025-09-16,bathroomgraffiti,all,dossier,d:collections,total,17.2,13,2376,final
2025-09-17,bathroomgraffiti,all,dossier,d:collections,total,17.9,15,2767,final
2025-09-18,bathroomgraffiti,all,dossier,d:collections,total,17.8,10,2615,final
2025-09-19,bathroomgraffiti,all,dossier,d:collections,total,16.7,17,2774,final
2025-09-20,bathroomgraffiti,all,dossier,d:collections,total,15.2,29,3049,final
2025-09-21,bathroomgraffiti,all,dossier,d:collections,total,15.0,15,3240,final
2025-09-22,bathroomgraffiti,all,dossier,d:collections,total,18.4,16,2749,final
2025-09-23,bathroomgraffiti,all,dossier,d:collections,total,16.3,28,3024,final
2025-09-24,bathroomgraffiti,all,dossier,d:collections,total,18.7,19,2904,final
2025-09-25,bathroomgraffiti,all,dossier,d:collections,total,16.4,32,2810,final
2025-09-26,bathroomgraffiti,all,dossier,d:collections,total,16.3,21,2906,final
2025-09-27,bathroomgraffiti,all,dossier,d:collections,total,15.9,14,3020,final
2025-09-28,bathroomgraffiti,all,dossier,d:collections,total,15.5,16,2976,final
2025-09-29,bathroomgraffiti,all,dossier,d:collections,total,17.1,18,2785,final
2025-09-30,bathroomgraffiti,all,dossier,d:collections,total,16.0,24,3020,final
2025-10-01,bathroomgraffiti,all,dossier,d:collections,total,16.5,19,2861,final
2025-10-02,bathroomgraffiti,all,dossier,d:collections,total,17.4,18,2592,final
2025-10-03,bathroomgraffiti,all,dossier,d:collections,total,15.7,20,2501,final
2025-10-04,bathroomgraffiti,all,dossier,d:collections,total,16.1,36,3156,final
2025-10-05,bathroomgraffiti,all,dossier,d:collections,total,16.3,27,3156,final
2025-10-06,bathroomgraffiti,all,dossier,d:collections,total,17.5,25,2866,final
2025-10-07,bathroomgraffiti,all,dossier,d:collections,total,16.4,18,2561,final
2025-10-08,bathroomgraffiti,all,dossier,d:collections,total,14.1,18,2771,final
2025-10-09,bathroomgraffiti,all,dossier,d:collections,total,15.6,22,2950,final
2025-10-10,bathroomgraffiti,all,dossier,d:collections,total,14.8,27,2678,final
2025-10-11,bathroomgraffiti,all,dossier,d:collections,total,14.4,32,2986,final
2025-10-12,bathroomgraffiti,all,dossier,d:collections,total,12.9,24,3088,final
2025-10-13,bathroomgraffiti,all,dossier,d:collections,total,14.2,31,2679,final
2025-10-14,bathroomgraffiti,all,dossier,d:collections,total,15.8,16,2809,final
2025-10-15,bathroomgraffiti,all,dossier,d:collections,total,18.5,23,3602,final
2025-10-16,bathroomgraffiti,all,dossier,d:collections,total,20.8,23,3420,final
2025-10-17,bathroomgraffiti,all,dossier,d:collections,total,15.0,22,2883,final
2025-10-18,bathroomgraffiti,all,dossier,d:collections,total,16.8,19,2958,final
2025-10-19,bathroomgraffiti,all,dossier,d:collections,total,14.0,26,2921,final
2025-10-20,bathroomgraffiti,all,dossier,d:collections,total,14.9,16,2673,final
2025-10-21,bathroomgraffiti,all,dossier,d:collections,total,17.2,20,2794,final
2025-10-22,bathroomgraffiti,all,dossier,d:collections,total,15.3,18,2839,final
2025-10-23,bathroomgraffiti,all,dossier,d:collections,total,15.4,22,2627,final
2025-10-24,bathroomgraffiti,all,dossier,d:collections,total,13.4,13,2879,final
2025-10-25,bathroomgraffiti,all,dossier,d:collections,total,16.0,31,3261,final
2025-10-26,bathroomgraffiti,all,dossier,d:collections,total,12.3,28,2828,final
2025-10-27,bathroomgraffiti,all,dossier,d:collections,total,16.5,22,2965,final
2025-10-28,bathroomgraffiti,all,dossier,d:collections,total,14.3,29,2584,final
2025-10-29,bathroomgraffiti,all,dossier,d:collections,total,17.2,17,3133,final
2025-10-30,bathroomgraffiti,all,dossier,d:collections,total,13.5,36,2946,final
2025-10-31,bathroomgraffiti,all,dossier,d:collections,total,15.4,21,2582,final
2025-11-01,bathroomgraffiti,all,dossier,d:collections,total,13.6,23,3155,final
2025-11-02,bathroomgraffiti,all,dossier,d:collections,total,13.8,32,3309,final
2025-11-03,bathroomgraffiti,all,dossier,d:collections,total,12.5,24,2683,final
2025-11-04,bathroomgraffiti,all,dossier,d:collections,total,13.1,24,2845,final
2025-11-05,bathroomgraffiti,all,dossier,d:collections,total,13.0,33,2877,final
2025-11-06,bathroomgraffiti,all,dossier,d:collections,total,13.6,34,3143,final
2025-11-07,bathroomgraffiti,all,dossier,d:collections,total,14.4,24,3528,final
2025-11-08,bathroomgraffiti,all,dossier,d:collections,total,13.8,42,4220,final
2025-11-09,bathroomgraffiti,all,dossier,d:collections,total,13.1,38,4991,final
2025-11-10,bathroomgraffiti,all,dossier,d:collections,total,16.1,39,4744,final
2025-11-11,bathroomgraffiti,all,dossier,d:collections,total,14.2,54,5038,final
2025-11-12,bathroomgraffiti,all,dossier,d:collections,total,12.8,45,4327,final
2025-11-13,bathroomgraffiti,all,dossier,d:collections,total,12.8,31,3217,final
2025-11-14,bathroomgraffiti,all,dossier,d:collections,total,13.5,34,3502,final
2025-11-15,bathroomgraffiti,all,dossier,d:collections,total,11.8,46,3863,final
2025-11-16,bathroomgraffiti,all,dossier,d:collections,total,11.9,54,4170,final
2025-11-17,bathroomgraffiti,all,dossier,d:collections,total,13.2,50,3676,final
2025-11-18,bathroomgraffiti,all,dossier,d:collections,total,14.8,52,3804,final
2025-11-19,bathroomgraffiti,all,dossier,d:collections,total,12.5,60,6021,final
2025-11-20,bathroomgraffiti,all,dossier,d:collections,total,12.1,67,5476,final
2025-11-21,bathroomgraffiti,all,dossier,d:collections,total,11.3,60,5553,final
2025-11-22,bathroomgraffiti,all,dossier,d:collections,total,11.6,70,7175,final
2025-11-23,bathroomgraffiti,all,dossier,d:collections,total,12.1,66,6698,final
2025-11-24,bathroomgraffiti,all,dossier,d:collections,total,12.5,42,5367,final
2025-11-25,bathroomgraffiti,all,dossier,d:collections,total,13.5,50,4979,final
2025-11-26,bathroomgraffiti,all,dossier,d:collections,total,14.1,60,5125,final
2025-11-27,bathroomgraffiti,all,dossier,d:collections,total,13.3,68,5730,final
2025-11-28,bathroomgraffiti,all,dossier,d:collections,total,12.7,82,7249,final
2025-11-29,bathroomgraffiti,all,dossier,d:collections,total,13.4,58,6721,final
2025-11-30,bathroomgraffiti,all,dossier,d:collections,total,12.7,101,7418,final
2025-12-01,bathroomgraffiti,all,dossier,d:collections,total,13.1,74,6261,final
2025-12-02,bathroomgraffiti,all,dossier,d:collections,total,14.3,105,7046,final
2025-12-03,bathroomgraffiti,all,dossier,d:collections,total,13.1,141,7835,final
2025-12-04,bathroomgraffiti,all,dossier,d:collections,total,14.7,81,7093,final
2025-12-05,bathroomgraffiti,all,dossier,d:collections,total,14.6,88,6567,final
2025-12-06,bathroomgraffiti,all,dossier,d:collections,total,12.3,100,7489,final
2025-12-07,bathroomgraffiti,all,dossier,d:collections,total,11.6,112,9238,final
2025-12-08,bathroomgraffiti,all,dossier,d:collections,total,12.0,100,7175,final
2025-12-09,bathroomgraffiti,all,dossier,d:collections,total,14.5,97,6968,final
2025-12-10,bathroomgraffiti,all,dossier,d:collections,total,17.6,132,8256,final
2025-12-11,bathroomgraffiti,all,dossier,d:collections,total,12.3,84,6475,final
2025-12-12,bathroomgraffiti,all,dossier,d:collections,total,15.0,91,8023,final
2025-12-13,bathroomgraffiti,all,dossier,d:collections,total,12.8,95,7001,final
2025-12-14,bathroomgraffiti,all,dossier,d:collections,total,12.2,97,6631,final
2025-12-15,bathroomgraffiti,all,dossier,d:collections,total,16.1,71,6207,final
2025-12-16,bathroomgraffiti,all,dossier,d:collections,total,14.5,66,5299,final
2025-12-17,bathroomgraffiti,all,dossier,d:collections,total,11.3,61,6030,final
2025-12-18,bathroomgraffiti,all,dossier,d:collections,total,14.8,54,6403,final
2025-12-19,bathroomgraffiti,all,dossier,d:collections,total,14.2,58,6084,final
2025-12-20,bathroomgraffiti,all,dossier,d:collections,total,12.5,50,5636,final
2025-12-21,bathroomgraffiti,all,dossier,d:collections,total,11.7,58,6029,final
2025-12-22,bathroomgraffiti,all,dossier,d:collections,total,12.3,51,5763,final
2025-12-23,bathroomgraffiti,all,dossier,d:collections,total,12.6,44,5484,final
2025-12-24,bathroomgraffiti,all,dossier,d:collections,total,13.7,28,5244,final
2025-12-25,bathroomgraffiti,all,dossier,d:collections,total,11.7,63,7003,final
2025-12-26,bathroomgraffiti,all,dossier,d:collections,total,14.7,47,6029,final
2025-12-27,bathroomgraffiti,all,dossier,d:collections,total,14.5,46,5504,final
2025-12-28,bathroomgraffiti,all,dossier,d:collections,total,14.6,55,5063,final
2025-12-29,bathroomgraffiti,all,dossier,d:collections,total,14.8,42,4824,final
2025-12-30,bathroomgraffiti,all,dossier,d:collections,total,16.9,40,4998,final
2025-12-31,bathroomgraffiti,all,dossier,d:collections,total,18.4,30,3971,final
2026-01-01,bathroomgraffiti,all,dossier,d:collections,total,18.8,39,4116,final
2026-01-02,bathroomgraffiti,all,dossier,d:collections,total,14.6,44,4736,final
2026-01-03,bathroomgraffiti,all,dossier,d:collections,total,16.6,31,3691,final
2026-01-04,bathroomgraffiti,all,dossier,d:collections,total,17.9,32,3353,final
2026-01-05,bathroomgraffiti,all,dossier,d:collections,total,20.5,24,2749,final
2026-01-06,bathroomgraffiti,all,dossier,d:collections,total,17.0,27,2555,final
2026-01-07,bathroomgraffiti,all,dossier,d:collections,total,18.2,28,3164,final
2026-01-08,bathroomgraffiti,all,dossier,d:collections,total,18.6,40,3288,final
2026-01-09,bathroomgraffiti,all,dossier,d:collections,total,22.1,39,4037,final
2026-01-10,bathroomgraffiti,all,dossier,d:collections,total,20.1,37,4177,final
2026-01-11,bathroomgraffiti,all,dossier,d:collections,total,15.5,48,3416,final
2026-01-12,bathroomgraffiti,all,dossier,d:collections,total,15.1,35,2757,final
2026-01-13,bathroomgraffiti,all,dossier,d:collections,total,20.8,29,3219,final
2026-01-14,bathroomgraffiti,all,dossier,d:collections,total,19.3,26,3255,final
2026-01-15,bathroomgraffiti,all,dossier,d:collections,total,18.5,32,2781,final
2026-01-16,bathroomgraffiti,all,dossier,d:collections,total,15.9,32,2807,final
2026-01-17,bathroomgraffiti,all,dossier,d:collections,total,15.0,38,3077,final
2026-01-18,bathroomgraffiti,all,dossier,d:collections,total,14.4,30,2767,final
2026-01-19,bathroomgraffiti,all,dossier,d:collections,total,15.9,36,2454,final
2026-01-20,bathroomgraffiti,all,dossier,d:collections,total,17.3,37,2508,final
2026-01-21,bathroomgraffiti,all,dossier,d:collections,total,18.4,21,2412,final
2026-01-22,bathroomgraffiti,all,dossier,d:collections,total,24.5,16,2901,final
2026-01-23,bathroomgraffiti,all,dossier,d:collections,total,20.0,20,2707,final
2026-01-24,bathroomgraffiti,all,dossier,d:collections,total,18.5,16,2741,final
2026-01-25,bathroomgraffiti,all,dossier,d:collections,total,16.2,25,2692,final
2026-01-26,bathroomgraffiti,all,dossier,d:collections,total,23.8,18,2782,final
2026-01-27,bathroomgraffiti,all,dossier,d:collections,total,20.0,23,2913,final
2026-01-28,bathroomgraffiti,all,dossier,d:collections,total,13.9,22,2385,final
2026-01-29,bathroomgraffiti,all,dossier,d:collections,total,20.1,18,2791,final
2026-01-30,bathroomgraffiti,all,dossier,d:collections,total,18.8,25,3052,final
2026-01-31,bathroomgraffiti,all,dossier,d:collections,total,15.2,21,4067,final
2026-02-01,bathroomgraffiti,all,dossier,d:collections,total,14.6,48,3534,final
2026-02-02,bathroomgraffiti,all,dossier,d:collections,total,13.6,26,2858,final
2026-02-03,bathroomgraffiti,all,dossier,d:collections,total,12.0,22,2509,final
2026-02-04,bathroomgraffiti,all,dossier,d:collections,total,14.1,28,2671,final
2026-02-05,bathroomgraffiti,all,dossier,d:collections,total,20.1,22,3021,final
2026-02-06,bathroomgraffiti,all,dossier,d:collections,total,20.6,12,3052,final
2026-02-07,bathroomgraffiti,all,dossier,d:collections,total,13.8,28,2607,final
2026-02-08,bathroomgraffiti,all,dossier,d:collections,total,17.4,24,2963,final
2026-02-09,bathroomgraffiti,all,dossier,d:collections,total,20.0,15,2672,final
2026-02-10,bathroomgraffiti,all,dossier,d:collections,total,20.2,21,3147,final
2026-02-11,bathroomgraffiti,all,dossier,d:collections,total,15.6,24,3120,final
2026-02-12,bathroomgraffiti,all,dossier,d:collections,total,15.9,21,3182,final
2026-02-13,bathroomgraffiti,all,dossier,d:collections,total,15.4,12,3219,final
2026-02-14,bathroomgraffiti,all,dossier,d:collections,total,15.4,22,3675,final
2026-02-15,bathroomgraffiti,all,dossier,d:collections,total,15.1,32,4201,final
2026-02-16,bathroomgraffiti,all,dossier,d:collections,total,17.3,22,3109,final
2026-02-17,bathroomgraffiti,all,dossier,d:collections,total,15.8,33,4180,final
2026-02-18,bathroomgraffiti,all,dossier,d:collections,total,16.8,30,3652,final
2026-02-19,bathroomgraffiti,all,dossier,d:collections,total,14.9,24,3686,final
2026-02-20,bathroomgraffiti,all,dossier,d:collections,total,15.6,19,3338,final
2026-02-21,bathroomgraffiti,all,dossier,d:collections,total,14.4,23,2886,final
2026-02-22,bathroomgraffiti,all,dossier,d:collections,total,14.6,16,3183,final
2026-02-23,bathroomgraffiti,all,dossier,d:collections,total,14.7,22,2827,final
2026-02-24,bathroomgraffiti,all,dossier,d:collections,total,18.2,23,3102,final
2026-02-25,bathroomgraffiti,all,dossier,d:collections,total,17.3,25,2645,final
2026-02-26,bathroomgraffiti,all,dossier,d:collections,total,19.5,15,3032,final
2026-02-27,bathroomgraffiti,all,dossier,d:collections,total,18.9,24,3383,final
2026-02-28,bathroomgraffiti,all,dossier,d:collections,total,17.5,21,3312,final
2026-03-01,bathroomgraffiti,all,dossier,d:collections,total,17.2,21,3084,final
2026-03-02,bathroomgraffiti,all,dossier,d:collections,total,19.4,27,3431,final
2026-03-03,bathroomgraffiti,all,dossier,d:collections,total,15.9,26,3118,final
2026-03-04,bathroomgraffiti,all,dossier,d:collections,total,13.3,18,2780,final
2026-03-05,bathroomgraffiti,all,dossier,d:collections,total,13.4,16,2709,final
2026-03-06,bathroomgraffiti,all,dossier,d:collections,total,12.8,17,2823,final
2026-03-07,bathroomgraffiti,all,dossier,d:collections,total,15.7,21,3425,final
2026-03-08,bathroomgraffiti,all,dossier,d:collections,total,15.1,24,4357,final
2026-03-09,bathroomgraffiti,all,dossier,d:collections,total,13.8,30,4286,final
2026-03-10,bathroomgraffiti,all,dossier,d:collections,total,15.1,25,3186,final
2026-03-11,bathroomgraffiti,all,dossier,d:collections,total,14.7,24,2790,final
2026-03-12,bathroomgraffiti,all,dossier,d:collections,total,14.6,24,2784,final
2026-03-13,bathroomgraffiti,all,dossier,d:collections,total,14.6,15,2820,final
2026-03-14,bathroomgraffiti,all,dossier,d:collections,total,12.7,31,3471,final
2026-03-15,bathroomgraffiti,all,dossier,d:collections,total,13.4,24,3031,final
2026-03-16,bathroomgraffiti,all,dossier,d:collections,total,12.2,21,2918,final
2026-03-17,bathroomgraffiti,all,dossier,d:collections,total,12.6,17,2715,final
2026-03-18,bathroomgraffiti,all,dossier,d:collections,total,11.8,14,2204,final
2026-03-19,bathroomgraffiti,all,dossier,d:collections,total,11.0,21,2081,final
2026-03-20,bathroomgraffiti,all,dossier,d:collections,total,12.5,17,2100,final
2026-03-21,bathroomgraffiti,all,dossier,d:collections,total,11.3,21,2217,final
2026-03-22,bathroomgraffiti,all,dossier,d:collections,total,10.7,23,2801,final
2026-03-23,bathroomgraffiti,all,dossier,d:collections,total,9.9,28,2524,final
2026-03-24,bathroomgraffiti,all,dossier,d:collections,total,10.0,20,2627,final
2026-03-25,bathroomgraffiti,all,dossier,d:collections,total,10.1,18,2753,final
2026-03-26,bathroomgraffiti,all,dossier,d:collections,total,10.8,16,2297,final
2026-03-27,bathroomgraffiti,all,dossier,d:collections,total,10.6,25,2330,final
2026-03-28,bathroomgraffiti,all,dossier,d:collections,total,9.8,5,2002,final
2026-03-29,bathroomgraffiti,all,dossier,d:collections,total,10.7,17,1881,final
2026-03-30,bathroomgraffiti,all,dossier,d:collections,total,11.2,14,1663,final
2026-03-31,bathroomgraffiti,all,dossier,d:collections,total,12.0,12,1520,final
2026-04-01,bathroomgraffiti,all,dossier,d:collections,total,10.7,8,1609,final
2026-04-02,bathroomgraffiti,all,dossier,d:collections,total,10.5,10,1592,final
2026-04-03,bathroomgraffiti,all,dossier,d:collections,total,11.3,9,1614,final
2026-04-04,bathroomgraffiti,all,dossier,d:collections,total,11.5,9,1753,final
2026-04-05,bathroomgraffiti,all,dossier,d:collections,total,11.9,7,1827,final
2026-04-06,bathroomgraffiti,all,dossier,d:collections,total,10.6,16,1789,final
2026-04-07,bathroomgraffiti,all,dossier,d:collections,total,13.9,9,1509,final
2026-04-08,bathroomgraffiti,all,dossier,d:collections,total,13.2,10,1651,final
2026-04-09,bathroomgraffiti,all,dossier,d:collections,total,14.4,18,1406,final
2026-04-10,bathroomgraffiti,all,dossier,d:collections,total,11.8,16,1397,final
2026-04-11,bathroomgraffiti,all,dossier,d:collections,total,14.8,12,1821,final
2026-04-12,bathroomgraffiti,all,dossier,d:collections,total,13.5,23,1922,final
2026-04-13,bathroomgraffiti,all,dossier,d:collections,total,14.1,8,1631,final
2026-04-14,bathroomgraffiti,all,dossier,d:collections,total,14.0,9,1731,final
2026-04-15,bathroomgraffiti,all,dossier,d:collections,total,12.0,11,1732,final
2026-04-16,bathroomgraffiti,all,dossier,d:collections,total,13.3,11,1683,final
2026-04-17,bathroomgraffiti,all,dossier,d:collections,total,12.7,9,1621,final
2026-04-18,bathroomgraffiti,all,dossier,d:collections,total,13.3,8,1926,final
2026-04-19,bathroomgraffiti,all,dossier,d:collections,total,13.1,16,1880,final
2026-04-20,bathroomgraffiti,all,dossier,d:collections,total,13.5,12,1664,final
2026-04-21,bathroomgraffiti,all,dossier,d:collections,total,15.7,13,1710,final
2026-04-22,bathroomgraffiti,all,dossier,d:collections,total,13.5,17,1614,final
2026-04-23,bathroomgraffiti,all,dossier,d:collections,total,13.8,10,1561,final
2026-04-24,bathroomgraffiti,all,dossier,d:collections,total,14.6,4,1484,final
2026-04-25,bathroomgraffiti,all,dossier,d:collections,total,13.7,11,1563,final
2026-04-26,bathroomgraffiti,all,dossier,d:collections,total,16.3,6,1521,final
2026-04-27,bathroomgraffiti,all,dossier,d:collections,total,13.9,6,1610,final
2026-04-28,bathroomgraffiti,all,dossier,d:collections,total,16.7,8,1584,final
2026-04-29,bathroomgraffiti,all,dossier,d:collections,total,14.6,8,1431,final
2026-04-30,bathroomgraffiti,all,dossier,d:collections,total,14.4,11,1419,final
2026-05-01,bathroomgraffiti,all,dossier,d:collections,total,14.8,10,1306,final
2026-05-02,bathroomgraffiti,all,dossier,d:collections,total,12.4,19,1450,final
2026-05-03,bathroomgraffiti,all,dossier,d:collections,total,13.3,10,1580,final
2026-05-04,bathroomgraffiti,all,dossier,d:collections,total,13.7,12,1531,final
2026-05-05,bathroomgraffiti,all,dossier,d:collections,total,14.9,9,1458,final
2026-05-06,bathroomgraffiti,all,dossier,d:collections,total,12.1,12,1530,final
2026-05-07,bathroomgraffiti,all,dossier,d:collections,total,12.9,8,1776,final
2026-05-08,bathroomgraffiti,all,dossier,d:collections,total,12.5,8,1702,final
2026-05-09,bathroomgraffiti,all,dossier,d:collections,total,13.4,16,1577,final
2026-05-10,bathroomgraffiti,all,dossier,d:collections,total,12.7,20,1698,final
2026-05-11,bathroomgraffiti,all,dossier,d:collections,total,14.4,14,1435,final
2026-05-12,bathroomgraffiti,all,dossier,d:collections,total,15.1,11,1445,final
2026-05-13,bathroomgraffiti,all,dossier,d:collections,total,14.7,7,1723,final
2026-05-14,bathroomgraffiti,all,dossier,d:collections,total,11.7,20,1917,final
2026-05-15,bathroomgraffiti,all,dossier,d:collections,total,7.9,12,1528,final
2026-05-16,bathroomgraffiti,all,dossier,d:collections,total,8.2,12,1484,final
2026-05-17,bathroomgraffiti,all,dossier,d:collections,total,8.0,18,1583,final
2026-05-18,bathroomgraffiti,all,dossier,d:collections,total,8.8,14,1196,final
2026-05-19,bathroomgraffiti,all,dossier,d:collections,total,9.1,11,1220,final
2026-05-20,bathroomgraffiti,all,dossier,d:collections,total,8.5,14,1309,final
2026-05-21,bathroomgraffiti,all,dossier,d:collections,total,8.5,13,1047,final
2026-05-22,bathroomgraffiti,all,dossier,d:collections,total,8.2,8,1009,final
2026-05-23,bathroomgraffiti,all,dossier,d:collections,total,8.0,13,1201,final
2026-05-24,bathroomgraffiti,all,dossier,d:collections,total,8.9,11,1163,final
2026-05-25,bathroomgraffiti,all,dossier,d:collections,total,8.6,12,1371,final
2026-05-26,bathroomgraffiti,all,dossier,d:collections,total,9.3,11,1419,final
2026-05-27,bathroomgraffiti,all,dossier,d:collections,total,8.9,11,1281,final
2026-05-28,bathroomgraffiti,all,dossier,d:collections,total,9.9,14,1375,final
2026-05-29,bathroomgraffiti,all,dossier,d:collections,total,9.8,5,1399,final
2026-05-30,bathroomgraffiti,all,dossier,d:collections,total,9.6,9,1369,final
2026-05-31,bathroomgraffiti,all,dossier,d:collections,total,8.2,14,1405,final
2026-06-01,bathroomgraffiti,all,dossier,d:collections,total,10.5,11,1292,final
2026-06-02,bathroomgraffiti,all,dossier,d:collections,total,9.9,21,1477,final
2026-06-03,bathroomgraffiti,all,dossier,d:collections,total,8.2,8,1285,final
2026-06-04,bathroomgraffiti,all,dossier,d:collections,total,10.6,9,1370,final
2026-06-05,bathroomgraffiti,all,dossier,d:collections,total,9.6,10,1371,final
2026-06-06,bathroomgraffiti,all,dossier,d:collections,total,9.3,8,1447,final
2026-06-07,bathroomgraffiti,all,dossier,d:collections,total,9.4,12,1567,final
2026-06-08,bathroomgraffiti,all,dossier,d:collections,total,10.6,9,1281,final
2026-06-09,bathroomgraffiti,all,dossier,d:collections,total,9.6,18,1368,final
2026-06-10,bathroomgraffiti,all,dossier,d:collections,total,9.1,15,1332,final
2026-06-11,bathroomgraffiti,all,dossier,d:collections,total,10.0,9,1143,final
2026-06-12,bathroomgraffiti,all,dossier,d:collections,total,10.6,11,1184,final
2026-06-13,bathroomgraffiti,all,dossier,d:collections,total,9.6,7,1464,final
2026-06-14,bathroomgraffiti,all,dossier,d:collections,total,9.2,15,1367,final
2026-06-15,bathroomgraffiti,all,dossier,d:collections,total,10.6,3,1353,final
2026-06-16,bathroomgraffiti,all,dossier,d:collections,total,10.3,6,1552,final
2026-06-17,bathroomgraffiti,all,dossier,d:collections,total,9.6,8,1301,final
2026-06-18,bathroomgraffiti,all,dossier,d:collections,total,9.8,11,1344,final
2026-06-19,bathroomgraffiti,all,dossier,d:collections,total,8.9,8,1280,final
2026-06-20,bathroomgraffiti,all,dossier,d:collections,total,9.1,10,1389,final
2026-06-21,bathroomgraffiti,all,dossier,d:collections,total,8.5,10,1354,final
2026-06-22,bathroomgraffiti,all,dossier,d:collections,total,10.2,13,1300,final
2026-06-23,bathroomgraffiti,all,dossier,d:collections,total,9.1,10,1289,final
2026-06-24,bathroomgraffiti,all,dossier,d:collections,total,8.7,17,1415,final
2026-06-25,bathroomgraffiti,all,dossier,d:collections,total,9.1,9,1345,final
2026-06-26,bathroomgraffiti,all,dossier,d:collections,total,9.6,12,1243,final
2026-06-27,bathroomgraffiti,all,dossier,d:collections,total,10.1,12,1305,final
2026-06-28,bathroomgraffiti,all,dossier,d:collections,total,9.0,8,1397,final
2026-06-29,bathroomgraffiti,all,dossier,d:collections,total,8.6,14,1295,final
2026-06-30,bathroomgraffiti,all,dossier,d:collections,total,10.4,13,1264,final
2026-07-01,bathroomgraffiti,all,dossier,d:collections,total,9.3,9,1407,final
2026-07-02,bathroomgraffiti,all,dossier,d:collections,total,9.4,16,1412,final
2026-07-03,bathroomgraffiti,all,dossier,d:collections,total,9.3,9,1316,final
2026-07-04,bathroomgraffiti,all,dossier,d:collections,total,10.3,14,1442,final
2026-07-05,bathroomgraffiti,all,dossier,d:collections,total,9.2,20,1400,final
2026-07-06,bathroomgraffiti,all,dossier,d:collections,total,9.1,24,1430,final
2026-07-07,bathroomgraffiti,all,dossier,d:collections,total,10.2,20,1232,final
2026-07-08,bathroomgraffiti,all,dossier,d:collections,total,9.8,11,1281,final
2026-07-09,bathroomgraffiti,all,dossier,d:collections,total,10.2,16,1364,final
2026-07-10,bathroomgraffiti,all,dossier,d:collections,total,9.6,18,1248,final
2026-07-11,bathroomgraffiti,all,dossier,d:collections,total,10.3,12,1336,final
2026-07-12,bathroomgraffiti,all,dossier,d:collections,total,10.6,20,1379,final
2026-07-13,bathroomgraffiti,all,dossier,d:collections,total,9.4,18,1439,final
2026-07-14,bathroomgraffiti,all,dossier,d:collections,total,10.5,14,1362,final
2026-07-15,bathroomgraffiti,all,dossier,d:collections,total,9.8,12,1237,final
2026-07-16,bathroomgraffiti,all,dossier,d:collections,total,10.2,11,1265,final
2026-07-17,bathroomgraffiti,all,dossier,d:collections,total,9.1,13,1301,final
2026-07-18,bathroomgraffiti,all,dossier,d:collections,total,9.8,18,1421,final
2026-07-19,bathroomgraffiti,all,dossier,d:collections,total,9.4,18,1456,final
2026-07-20,bathroomgraffiti,all,dossier,d:collections,total,10.0,7,1331,final
2026-07-21,bathroomgraffiti,all,dossier,d:collections,total,9.5,27,1539,final
2026-07-22,bathroomgraffiti,all,dossier,d:collections,total,10.2,17,1240,final
2026-07-23,bathroomgraffiti,all,dossier,d:collections,total,9.8,13,1288,final
2026-07-24,bathroomgraffiti,all,dossier,d:collections,total,9.8,18,1433,final
2026-07-25,bathroomgraffiti,all,dossier,d:collections,total,12.0,27,1658,final
2026-07-26,bathroomgraffiti,all,dossier,d:collections,total,11.8,24,1616,final
2026-07-27,bathroomgraffiti,all,dossier,d:collections,total,12.3,15,1741,final
2026-07-28,bathroomgraffiti,all,dossier,d:collections,total,14.4,10,1687,final
2026-07-29,bathroomgraffiti,all,dossier,d:collections,total,12.9,22,1748,final
2026-07-30,bathroomgraffiti,all,dossier,d:collections,total,13.9,12,1523,final
2026-07-31,bathroomgraffiti,all,dossier,d:collections,total,13.6,13,1646,final
2026-08-01,bathroomgraffiti,all,dossier,d:collections,total,13.2,11,1497,final
2026-08-02,bathroomgraffiti,all,dossier,d:collections,total,12.6,20,1674,final
2026-08-03,bathroomgraffiti,all,dossier,d:collections,total,12.8,15,1642,final
2026-08-04,bathroomgraffiti,all,dossier,d:collections,total,12.9,11,1773,final
2026-08-05,bathroomgraffiti,all,dossier,d:collections,total,14.2,14,1694,final
2026-08-06,bathroomgraffiti,all,dossier,d:collections,total,15.1,17,2041,final
2026-08-07,bathroomgraffiti,all,dossier,d:collections,total,13.3,23,1637,final
2026-08-08,bathroomgraffiti,all,dossier,d:collections,total,12.8,16,1577,final
2026-08-09,bathroomgraffiti,all,dossier,d:collections,total,13.3,29,1792,final
2026-08-10,bathroomgraffiti,all,dossier,d:collections,total,14.0,18,1697,final
2026-08-11,bathroomgraffiti,all,dossier,d:collections,total,14.3,17,1784,final
2026-08-12,bathroomgraffiti,all,dossier,d:collections,total,14.3,10,1698,final
2026-08-13,bathroomgraffiti,all,dossier,d:collections,total,14.5,24,1713,final
2026-08-14,bathroomgraffiti,all,dossier,d:collections,total,13.4,13,1439,final
2026-08-15,bathroomgraffiti,all,dossier,d:collections,total,13.4,17,1380,final
2026-08-16,bathroomgraffiti,all,dossier,d:collections,total,14.5,15,1457,final
2026-08-17,bathroomgraffiti,all,dossier,d:collections,total,15.5,14,1564,final
2026-08-18,bathroomgraffiti,all,dossier,d:collections,total,13.3,12,1621,final
2026-08-19,bathroomgraffiti,all,dossier,d:collections,total,15.0,12,1781,final
2026-08-20,bathroomgraffiti,all,dossier,d:collections,total,13.4,14,1902,final
2026-08-21,bathroomgraffiti,all,dossier,d:collections,total,13.3,19,1630,final
2026-08-22,bathroomgraffiti,all,dossier,d:collections,total,12.2,15,1723,final
2026-08-23,bathroomgraffiti,all,dossier,d:collections,total,11.1,17,1745,final
2026-08-24,bathroomgraffiti,all,dossier,d:collections,total,13.5,15,1586,final
2026-08-25,bathroomgraffiti,all,dossier,d:collections,total,13.8,19,1704,final
2026-08-26,bathroomgraffiti,all,dossier,d:collections,total,14.1,18,1831,final
2026-08-27,bathroomgraffiti,all,dossier,d:collections,total,12.0,17,1758,final
2026-08-28,bathroomgraffiti,all,dossier,d:collections,total,13.9,12,1637,final
2026-08-29,bathroomgraffiti,all,dossier,d:collections,total,14.0,11,1819,final
2026-08-30,bathroomgraffiti,all,dossier,d:collections,total,14.8,24,1810,final
2026-08-31,bathroomgraffiti,all,dossier,d:collections,total,14.7,14,1575,final
2026-09-01,bathroomgraffiti,all,dossier,d:collections,total,14.7,19,1509,final
2026-09-02,bathroomgraffiti,all,dossier,d:collections,total,15.5,21,1615,final
2026-09-03,bathroomgraffiti,all,dossier,d:collections,total,18.5,10,2139,final
2026-09-04,bathroomgraffiti,all,dossier,d:collections,total,15.1,13,1871,final
2026-09-05,bathroomgraffiti,all,dossier,d:collections,total,14.1,24,1731,final
2026-09-06,bathroomgraffiti,all,dossier,d:collections,total,12.9,16,1670,final
2026-09-07,bathroomgraffiti,all,dossier,d:collections,total,15.8,7,1459,final
2026-09-08,bathroomgraffiti,all,dossier,d:collections,total,14.2,13,1537,final
2026-09-09,bathroomgraffiti,all,dossier,d:collections,total,14.6,12,1571,final
2026-09-10,bathroomgraffiti,all,dossier,d:collections,total,12.9,8,1318,final
2026-09-11,bathroomgraffiti,all,dossier,d:collections,total,12.7,6,1398,final
2026-09-12,bathroomgraffiti,all,dossier,d:collections,total,13.7,13,1536,final
2026-09-13,bathroomgraffiti,all,dossier,d:collections,total,12.3,7,1581,final
2026-09-14,bathroomgraffiti,all,dossier,d:collections,total,13.6,5,1413,final
2026-09-15,bathroomgraffiti,all,dossier,d:collections,total,13.8,8,1245,final
2026-09-16,bathroomgraffiti,all,dossier,d:collections,total,15.7,15,1262,final
2026-09-17,bathroomgraffiti,all,dossier,d:collections,total,12.1,8,1145,final
2026-09-18,bathroomgraffiti,all,dossier,d:collections,total,13.1,9,1113,final
2026-09-19,bathroomgraffiti,all,dossier,d:collections,total,13.1,13,1263,final
2026-09-20,bathroomgraffiti,all,dossier,d:collections,total,12.2,9,1250,final
2026-09-21,bathroomgraffiti,all,dossier,d:collections,total,13.6,10,1122,final
2026-09-22,bathroomgraffiti,all,dossier,d:collections,total,13.7,10,1201,final
2026-09-23,bathroomgraffiti,all,dossier,d:collections,total,12.7,4,1197,final
2026-09-24,bathroomgraffiti,all,dossier,d:collections,total,12.7,13,1252,final
2026-09-25,bathroomgraffiti,all,dossier,d:collections,total,11.2,15,1172,final
2026-09-26,bathroomgraffiti,all,dossier,d:collections,total,12.0,11,1381,final
2026-09-27,bathroomgraffiti,all,dossier,d:collections,total,12.0,13,1405,final
2026-09-28,bathroomgraffiti,all,dossier,d:collections,total,11.1,10,1281,final
2026-09-29,bathroomgraffiti,all,dossier,d:collections,total,10.8,5,1314,final
2026-09-30,bathroomgraffiti,all,dossier,d:collections,total,13.7,15,1235,final
2026-10-01,bathroomgraffiti,all,dossier,d:collections,total,13.4,9,1324,final
2026-10-02,bathroomgraffiti,all,dossier,d:collections,total,13.5,9,1444,final
2026-10-03,bathroomgraffiti,all,dossier,d:collections,total,12.7,21,1810,fresh
2026-10-04,bathroomgraffiti,all,dossier,d:collections,total,13.4,18,1758,fresh
2025-06-12,bathroomgraffiti,all,dossier,d:pages,total,8.2,0,283,final
2025-06-13,bathroomgraffiti,all,dossier,d:pages,total,11.5,3,273,final
2025-06-14,bathroomgraffiti,all,dossier,d:pages,total,6.0,7,325,final
2025-06-15,bathroomgraffiti,all,dossier,d:pages,total,7.2,1,332,final
2025-06-16,bathroomgraffiti,all,dossier,d:pages,total,5.3,1,310,final
2025-06-17,bathroomgraffiti,all,dossier,d:pages,total,7.6,3,288,final
2025-06-18,bathroomgraffiti,all,dossier,d:pages,total,6.9,2,319,final
2025-06-19,bathroomgraffiti,all,dossier,d:pages,total,10.3,4,244,final
2025-06-20,bathroomgraffiti,all,dossier,d:pages,total,8.0,2,329,final
2025-06-21,bathroomgraffiti,all,dossier,d:pages,total,11.8,4,308,final
2025-06-22,bathroomgraffiti,all,dossier,d:pages,total,6.9,5,263,final
2025-06-23,bathroomgraffiti,all,dossier,d:pages,total,6.2,10,295,final
2025-06-24,bathroomgraffiti,all,dossier,d:pages,total,6.6,5,357,final
2025-06-25,bathroomgraffiti,all,dossier,d:pages,total,6.6,4,312,final
2025-06-26,bathroomgraffiti,all,dossier,d:pages,total,7.8,0,320,final
2025-06-27,bathroomgraffiti,all,dossier,d:pages,total,7.6,4,288,final
2025-06-28,bathroomgraffiti,all,dossier,d:pages,total,8.8,1,288,final
2025-06-29,bathroomgraffiti,all,dossier,d:pages,total,9.6,2,276,final
2025-06-30,bathroomgraffiti,all,dossier,d:pages,total,5.9,5,290,final
2025-07-01,bathroomgraffiti,all,dossier,d:pages,total,7.5,2,267,final
2025-07-02,bathroomgraffiti,all,dossier,d:pages,total,5.5,4,285,final
2025-07-03,bathroomgraffiti,all,dossier,d:pages,total,7.4,4,315,final
2025-07-04,bathroomgraffiti,all,dossier,d:pages,total,8.3,4,270,final
2025-07-05,bathroomgraffiti,all,dossier,d:pages,total,8.5,5,308,final
2025-07-06,bathroomgraffiti,all,dossier,d:pages,total,8.3,5,255,final
2025-07-07,bathroomgraffiti,all,dossier,d:pages,total,8.3,4,335,final
2025-07-08,bathroomgraffiti,all,dossier,d:pages,total,6.1,5,238,final
2025-07-09,bathroomgraffiti,all,dossier,d:pages,total,6.6,2,301,final
2025-07-10,bathroomgraffiti,all,dossier,d:pages,total,14.8,3,333,final
2025-07-11,bathroomgraffiti,all,dossier,d:pages,total,18.2,2,326,final
2025-07-12,bathroomgraffiti,all,dossier,d:pages,total,13.1,5,213,final
2025-07-13,bathroomgraffiti,all,dossier,d:pages,total,10.3,3,188,final
2025-07-14,bathroomgraffiti,all,dossier,d:pages,total,10.5,3,189,final
2025-07-15,bathroomgraffiti,all,dossier,d:pages,total,11.9,2,234,final
2025-07-16,bathroomgraffiti,all,dossier,d:pages,total,8.5,3,228,final
2025-07-17,bathroomgraffiti,all,dossier,d:pages,total,9.2,3,172,final
2025-07-18,bathroomgraffiti,all,dossier,d:pages,total,11.8,0,213,final
2025-07-19,bathroomgraffiti,all,dossier,d:pages,total,7.2,3,175,final
2025-07-20,bathroomgraffiti,all,dossier,d:pages,total,8.5,3,199,final
2025-07-21,bathroomgraffiti,all,dossier,d:pages,total,10.2,2,171,final
2025-07-22,bathroomgraffiti,all,dossier,d:pages,total,14.5,4,238,final
2025-07-23,bathroomgraffiti,all,dossier,d:pages,total,7.9,2,265,final
2025-07-24,bathroomgraffiti,all,dossier,d:pages,total,7.2,2,244,final
2025-07-25,bathroomgraffiti,all,dossier,d:pages,total,10.5,4,325,final
2025-07-26,bathroomgraffiti,all,dossier,d:pages,total,9.3,2,228,final
2025-07-27,bathroomgraffiti,all,dossier,d:pages,total,12.2,2,213,final
2025-07-28,bathroomgraffiti,all,dossier,d:pages,total,10.1,5,252,final
2025-07-29,bathroomgraffiti,all,dossier,d:pages,total,11.2,0,201,final
2025-07-30,bathroomgraffiti,all,dossier,d:pages,total,8.2,5,228,final
2025-07-31,bathroomgraffiti,all,dossier,d:pages,total,6.7,3,181,final
2025-08-01,bathroomgraffiti,all,dossier,d:pages,total,12.8,3,238,final
2025-08-02,bathroomgraffiti,all,dossier,d:pages,total,8.3,1,191,final
2025-08-03,bathroomgraffiti,all,dossier,d:pages,total,10.6,0,174,final
2025-08-04,bathroomgraffiti,all,dossier,d:pages,total,8.8,5,246,final
2025-08-05,bathroomgraffiti,all,dossier,d:pages,total,7.3,3,248,final
2025-08-06,bathroomgraffiti,all,dossier,d:pages,total,11.1,2,288,final
2025-08-07,bathroomgraffiti,all,dossier,d:pages,total,17.1,0,246,final
2025-08-08,bathroomgraffiti,all,dossier,d:pages,total,13.0,2,253,final
2025-08-09,bathroomgraffiti,all,dossier,d:pages,total,12.6,0,204,final
2025-08-10,bathroomgraffiti,all,dossier,d:pages,total,16.0,2,208,final
2025-08-11,bathroomgraffiti,all,dossier,d:pages,total,19.0,1,287,final
2025-08-12,bathroomgraffiti,all,dossier,d:pages,total,7.9,4,163,final
2025-08-13,bathroomgraffiti,all,dossier,d:pages,total,10.9,1,151,final
2025-08-14,bathroomgraffiti,all,dossier,d:pages,total,8.7,1,154,final
2025-08-15,bathroomgraffiti,all,dossier,d:pages,total,10.0,1,170,final
2025-08-16,bathroomgraffiti,all,dossier,d:pages,total,8.7,3,187,final
2025-08-17,bathroomgraffiti,all,dossier,d:pages,total,8.9,2,139,final
2025-08-18,bathroomgraffiti,all,dossier,d:pages,total,9.8,0,173,final
2025-08-19,bathroomgraffiti,all,dossier,d:pages,total,7.1,1,194,final
2025-08-20,bathroomgraffiti,all,dossier,d:pages,total,9.5,7,163,final
2025-08-21,bathroomgraffiti,all,dossier,d:pages,total,11.1,1,182,final
2025-08-22,bathroomgraffiti,all,dossier,d:pages,total,7.6,2,187,final
2025-08-23,bathroomgraffiti,all,dossier,d:pages,total,8.4,3,124,final
2025-08-24,bathroomgraffiti,all,dossier,d:pages,total,10.7,5,163,final
2025-08-25,bathroomgraffiti,all,dossier,d:pages,total,7.3,1,166,final
2025-08-26,bathroomgraffiti,all,dossier,d:pages,total,9.0,0,181,final
2025-08-27,bathroomgraffiti,all,dossier,d:pages,total,10.0,0,209,final
2025-08-28,bathroomgraffiti,all,dossier,d:pages,total,8.8,0,214,final
2025-08-29,bathroomgraffiti,all,dossier,d:pages,total,11.4,2,215,final
2025-08-30,bathroomgraffiti,all,dossier,d:pages,total,10.6,5,232,final
2025-08-31,bathroomgraffiti,all,dossier,d:pages,total,6.5,2,164,final
2025-09-01,bathroomgraffiti,all,dossier,d:pages,total,9.0,4,176,final
2025-09-02,bathroomgraffiti,all,dossier,d:pages,total,8.7,3,181,final
2025-09-03,bathroomgraffiti,all,dossier,d:pages,total,10.0,5,174,final
2025-09-04,bathroomgraffiti,all,dossier,d:pages,total,7.9,6,205,final
2025-09-05,bathroomgraffiti,all,dossier,d:pages,total,13.7,2,182,final
2025-09-06,bathroomgraffiti,all,dossier,d:pages,total,10.7,4,188,final
2025-09-07,bathroomgraffiti,all,dossier,d:pages,total,8.1,7,177,final
2025-09-08,bathroomgraffiti,all,dossier,d:pages,total,12.8,4,189,final
2025-09-09,bathroomgraffiti,all,dossier,d:pages,total,8.7,0,162,final
2025-09-10,bathroomgraffiti,all,dossier,d:pages,total,10.7,3,149,final
2025-09-11,bathroomgraffiti,all,dossier,d:pages,total,6.6,0,154,final
2025-09-12,bathroomgraffiti,all,dossier,d:pages,total,8.2,3,136,final
2025-09-13,bathroomgraffiti,all,dossier,d:pages,total,3.8,1,172,final
2025-09-14,bathroomgraffiti,all,dossier,d:pages,total,5.7,1,109,final
2025-09-15,bathroomgraffiti,all,dossier,d:pages,total,4.6,1,132,final
2025-09-16,bathroomgraffiti,all,dossier,d:pages,total,5.0,3,160,final
2025-09-17,bathroomgraffiti,all,dossier,d:pages,total,6.0,4,170,final
2025-09-18,bathroomgraffiti,all,dossier,d:pages,total,5.5,2,179,final
2025-09-19,bathroomgraffiti,all,dossier,d:pages,total,6.0,2,181,final
2025-09-20,bathroomgraffiti,all,dossier,d:pages,total,5.9,4,202,final
2025-09-21,bathroomgraffiti,all,dossier,d:pages,total,6.1,3,211,final
2025-09-22,bathroomgraffiti,all,dossier,d:pages,total,6.7,3,160,final
2025-09-23,bathroomgraffiti,all,dossier,d:pages,total,6.0,3,203,final
2025-09-24,bathroomgraffiti,all,dossier,d:pages,total,5.9,3,160,final
2025-09-25,bathroomgraffiti,all,dossier,d:pages,total,5.3,2,180,final
2025-09-26,bathroomgraffiti,all,dossier,d:pages,total,5.1,8,239,final
2025-09-27,bathroomgraffiti,all,dossier,d:pages,total,5.4,3,202,final
2025-09-28,bathroomgraffiti,all,dossier,d:pages,total,7.7,5,217,final
2025-09-29,bathroomgraffiti,all,dossier,d:pages,total,6.4,6,209,final
2025-09-30,bathroomgraffiti,all,dossier,d:pages,total,6.5,1,258,final
2025-10-01,bathroomgraffiti,all,dossier,d:pages,total,5.5,4,200,final
2025-10-02,bathroomgraffiti,all,dossier,d:pages,total,6.2,2,161,final
2025-10-03,bathroomgraffiti,all,dossier,d:pages,total,6.2,5,233,final
2025-10-04,bathroomgraffiti,all,dossier,d:pages,total,5.4,7,230,final
2025-10-05,bathroomgraffiti,all,dossier,d:pages,total,6.7,5,194,final
2025-10-06,bathroomgraffiti,all,dossier,d:pages,total,6.3,3,226,final
2025-10-07,bathroomgraffiti,all,dossier,d:pages,total,6.6,3,193,final
2025-10-08,bathroomgraffiti,all,dossier,d:pages,total,5.6,2,227,final
2025-10-09,bathroomgraffiti,all,dossier,d:pages,total,6.4,4,275,final
2025-10-10,bathroomgraffiti,all,dossier,d:pages,total,5.4,2,206,final
2025-10-11,bathroomgraffiti,all,dossier,d:pages,total,5.1,1,210,final
2025-10-12,bathroomgraffiti,all,dossier,d:pages,total,6.2,3,262,final
2025-10-13,bathroomgraffiti,all,dossier,d:pages,total,6.4,2,222,final
2025-10-14,bathroomgraffiti,all,dossier,d:pages,total,5.9,2,178,final
2025-10-15,bathroomgraffiti,all,dossier,d:pages,total,7.7,3,239,final
2025-10-16,bathroomgraffiti,all,dossier,d:pages,total,8.6,7,200,final
2025-10-17,bathroomgraffiti,all,dossier,d:pages,total,6.3,1,211,final
2025-10-18,bathroomgraffiti,all,dossier,d:pages,total,4.2,1,160,final
2025-10-19,bathroomgraffiti,all,dossier,d:pages,total,5.1,2,184,final
2025-10-20,bathroomgraffiti,all,dossier,d:pages,total,5.0,2,180,final
2025-10-21,bathroomgraffiti,all,dossier,d:pages,total,4.9,4,170,final
2025-10-22,bathroomgraffiti,all,dossier,d:pages,total,5.9,1,182,final
2025-10-23,bathroomgraffiti,all,dossier,d:pages,total,6.0,2,199,final
2025-10-24,bathroomgraffiti,all,dossier,d:pages,total,8.0,4,341,final
2025-10-25,bathroomgraffiti,all,dossier,d:pages,total,6.2,6,203,final
2025-10-26,bathroomgraffiti,all,dossier,d:pages,total,6.0,2,171,final
2025-10-27,bathroomgraffiti,all,dossier,d:pages,total,6.0,1,181,final
2025-10-28,bathroomgraffiti,all,dossier,d:pages,total,5.9,2,192,final
2025-10-29,bathroomgraffiti,all,dossier,d:pages,total,5.8,1,192,final
2025-10-30,bathroomgraffiti,all,dossier,d:pages,total,6.2,4,247,final
2025-10-31,bathroomgraffiti,all,dossier,d:pages,total,7.5,0,156,final
2025-11-01,bathroomgraffiti,all,dossier,d:pages,total,5.5,3,246,final
2025-11-02,bathroomgraffiti,all,dossier,d:pages,total,5.4,1,188,final
2025-11-03,bathroomgraffiti,all,dossier,d:pages,total,5.4,5,264,final
2025-11-04,bathroomgraffiti,all,dossier,d:pages,total,5.7,5,213,final
2025-11-05,bathroomgraffiti,all,dossier,d:pages,total,5.6,1,228,final
2025-11-06,bathroomgraffiti,all,dossier,d:pages,total,6.6,1,271,final
2025-11-07,bathroomgraffiti,all,dossier,d:pages,total,5.9,2,270,final
2025-11-08,bathroomgraffiti,all,dossier,d:pages,total,4.7,5,277,final
2025-11-09,bathroomgraffiti,all,dossier,d:pages,total,5.1,1,247,final
2025-11-10,bathroomgraffiti,all,dossier,d:pages,total,7.4,5,240,final
2025-11-11,bathroomgraffiti,all,dossier,d:pages,total,5.8,3,211,final
2025-11-12,bathroomgraffiti,all,dossier,d:pages,total,5.4,3,246,final
2025-11-13,bathroomgraffiti,all,dossier,d:pages,total,4.1,8,201,final
2025-11-14,bathroomgraffiti,all,dossier,d:pages,total,5.9,2,248,final
2025-11-15,bathroomgraffiti,all,dossier,d:pages,total,4.0,6,198,final
2025-11-16,bathroomgraffiti,all,dossier,d:pages,total,4.1,5,200,final
2025-11-17,bathroomgraffiti,all,dossier,d:pages,total,4.7,0,265,final
2025-11-18,bathroomgraffiti,all,dossier,d:pages,total,4.2,4,203,final
2025-11-19,bathroomgraffiti,all,dossier,d:pages,total,4.4,4,223,final
2025-11-20,bathroomgraffiti,all,dossier,d:pages,total,4.7,2,222,final
2025-11-21,bathroomgraffiti,all,dossier,d:pages,total,4.5,0,195,final
2025-11-22,bathroomgraffiti,all,dossier,d:pages,total,5.1,4,199,final
2025-11-23,bathroomgraffiti,all,dossier,d:pages,total,4.7,2,255,final
2025-11-24,bathroomgraffiti,all,dossier,d:pages,total,4.9,5,287,final
2025-11-25,bathroomgraffiti,all,dossier,d:pages,total,5.4,3,288,final
2025-11-26,bathroomgraffiti,all,dossier,d:pages,total,5.2,4,238,final
2025-11-27,bathroomgraffiti,all,dossier,d:pages,total,4.8,6,326,final
2025-11-28,bathroomgraffiti,all,dossier,d:pages,total,4.6,2,398,final
2025-11-29,bathroomgraffiti,all,dossier,d:pages,total,4.2,4,335,final
2025-11-30,bathroomgraffiti,all,dossier,d:pages,total,4.0,2,355,final
2025-12-01,bathroomgraffiti,all,dossier,d:pages,total,3.9,1,407,final
2025-12-02,bathroomgraffiti,all,dossier,d:pages,total,4.3,6,317,final
2025-12-03,bathroomgraffiti,all,dossier,d:pages,total,4.9,5,326,final
2025-12-04,bathroomgraffiti,all,dossier,d:pages,total,6.4,6,397,final
2025-12-05,bathroomgraffiti,all,dossier,d:pages,total,4.7,5,352,final
2025-12-06,bathroomgraffiti,all,dossier,d:pages,total,4.6,6,316,final
2025-12-07,bathroomgraffiti,all,dossier,d:pages,total,5.8,6,389,final
2025-12-08,bathroomgraffiti,all,dossier,d:pages,total,4.7,4,397,final
2025-12-09,bathroomgraffiti,all,dossier,d:pages,total,4.7,8,366,final
2025-12-10,bathroomgraffiti,all,dossier,d:pages,total,5.9,8,446,final
2025-12-11,bathroomgraffiti,all,dossier,d:pages,total,5.8,5,365,final
2025-12-12,bathroomgraffiti,all,dossier,d:pages,total,7.1,3,478,final
2025-12-13,bathroomgraffiti,all,dossier,d:pages,total,4.1,5,460,final
2025-12-14,bathroomgraffiti,all,dossier,d:pages,total,4.2,9,486,final
2025-12-15,bathroomgraffiti,all,dossier,d:pages,total,6.1,6,529,final
2025-12-16,bathroomgraffiti,all,dossier,d:pages,total,4.9,6,481,final
2025-12-17,bathroomgraffiti,all,dossier,d:pages,total,4.5,6,464,final
2025-12-18,bathroomgraffiti,all,dossier,d:pages,total,6.7,7,415,final
2025-12-19,bathroomgraffiti,all,dossier,d:pages,total,4.3,4,344,final
2025-12-20,bathroomgraffiti,all,dossier,d:pages,total,4.6,14,420,final
2025-12-21,bathroomgraffiti,all,dossier,d:pages,total,5.2,7,411,final
2025-12-22,bathroomgraffiti,all,dossier,d:pages,total,5.5,6,424,final
2025-12-23,bathroomgraffiti,all,dossier,d:pages,total,5.3,2,383,final
2025-12-24,bathroomgraffiti,all,dossier,d:pages,total,6.1,5,306,final
2025-12-25,bathroomgraffiti,all,dossier,d:pages,total,9.4,3,217,final
2025-12-26,bathroomgraffiti,all,dossier,d:pages,total,5.7,3,226,final
2025-12-27,bathroomgraffiti,all,dossier,d:pages,total,5.3,3,188,final
2025-12-28,bathroomgraffiti,all,dossier,d:pages,total,5.7,3,164,final
2025-12-29,bathroomgraffiti,all,dossier,d:pages,total,5.2,3,198,final
2025-12-30,bathroomgraffiti,all,dossier,d:pages,total,6.7,5,191,final
2025-12-31,bathroomgraffiti,all,dossier,d:pages,total,6.5,2,132,final
2026-01-01,bathroomgraffiti,all,dossier,d:pages,total,11.2,2,157,final
2026-01-02,bathroomgraffiti,all,dossier,d:pages,total,5.1,5,216,final
2026-01-03,bathroomgraffiti,all,dossier,d:pages,total,6.9,4,194,final
2026-01-04,bathroomgraffiti,all,dossier,d:pages,total,5.5,1,168,final
2026-01-05,bathroomgraffiti,all,dossier,d:pages,total,5.8,0,101,final
2026-01-06,bathroomgraffiti,all,dossier,d:pages,total,3.9,2,151,final
2026-01-07,bathroomgraffiti,all,dossier,d:pages,total,4.2,1,173,final
2026-01-08,bathroomgraffiti,all,dossier,d:pages,total,3.6,1,149,final
2026-01-09,bathroomgraffiti,all,dossier,d:pages,total,15.2,1,198,final
2026-01-10,bathroomgraffiti,all,dossier,d:pages,total,5.7,4,232,final
2026-01-11,bathroomgraffiti,all,dossier,d:pages,total,3.3,3,205,final
2026-01-12,bathroomgraffiti,all,dossier,d:pages,total,3.5,1,212,final
2026-01-13,bathroomgraffiti,all,dossier,d:pages,total,4.6,1,258,final
2026-01-14,bathroomgraffiti,all,dossier,d:pages,total,3.8,6,174,final
2026-01-15,bathroomgraffiti,all,dossier,d:pages,total,3.4,5,189,final
2026-01-16,bathroomgraffiti,all,dossier,d:pages,total,7.1,7,231,final
2026-01-17,bathroomgraffiti,all,dossier,d:pages,total,3.1,6,236,final
2026-01-18,bathroomgraffiti,all,dossier,d:pages,total,4.4,2,184,final
2026-01-19,bathroomgraffiti,all,dossier,d:pages,total,7.0,0,174,final
2026-01-20,bathroomgraffiti,all,dossier,d:pages,total,4.0,2,211,final
2026-01-21,bathroomgraffiti,all,dossier,d:pages,total,4.4,4,190,final
2026-01-22,bathroomgraffiti,all,dossier,d:pages,total,6.7,2,185,final
2026-01-23,bathroomgraffiti,all,dossier,d:pages,total,9.6,2,270,final
2026-01-24,bathroomgraffiti,all,dossier,d:pages,total,4.5,4,191,final
2026-01-25,bathroomgraffiti,all,dossier,d:pages,total,3.1,1,231,final
2026-01-26,bathroomgraffiti,all,dossier,d:pages,total,4.1,1,195,final
2026-01-27,bathroomgraffiti,all,dossier,d:pages,total,3.8,1,251,final
2026-01-28,bathroomgraffiti,all,dossier,d:pages,total,3.9,2,197,final
2026-01-29,bathroomgraffiti,all,dossier,d:pages,total,4.8,3,164,final
2026-01-30,bathroomgraffiti,all,dossier,d:pages,total,9.8,0,209,final
2026-01-31,bathroomgraffiti,all,dossier,d:pages,total,3.4,3,237,final
2026-02-01,bathroomgraffiti,all,dossier,d:pages,total,3.8,0,165,final
2026-02-02,bathroomgraffiti,all,dossier,d:pages,total,4.4,0,200,final
2026-02-03,bathroomgraffiti,all,dossier,d:pages,total,4.0,3,177,final
2026-02-04,bathroomgraffiti,all,dossier,d:pages,total,3.6,3,239,final
2026-02-05,bathroomgraffiti,all,dossier,d:pages,total,4.1,2,173,final
2026-02-06,bathroomgraffiti,all,dossier,d:pages,total,7.7,2,229,final
2026-02-07,bathroomgraffiti,all,dossier,d:pages,total,3.0,0,206,final
2026-02-08,bathroomgraffiti,all,dossier,d:pages,total,3.4,1,167,final
2026-02-09,bathroomgraffiti,all,dossier,d:pages,total,8.2,0,131,final
2026-02-10,bathroomgraffiti,all,dossier,d:pages,total,4.5,0,188,final
2026-02-11,bathroomgraffiti,all,dossier,d:pages,total,3.6,0,148,final
2026-02-12,bathroomgraffiti,all,dossier,d:pages,total,4.0,2,209,final
2026-02-13,bathroomgraffiti,all,dossier,d:pages,total,5.9,1,296,final
2026-02-14,bathroomgraffiti,all,dossier,d:pages,total,5.5,3,311,final
2026-02-15,bathroomgraffiti,all,dossier,d:pages,total,5.1,2,168,final
2026-02-16,bathroomgraffiti,all,dossier,d:pages,total,5.7,0,169,final
2026-02-17,bathroomgraffiti,all,dossier,d:pages,total,6.0,1,165,final
2026-02-18,bathroomgraffiti,all,dossier,d:pages,total,2.7,4,225,final
2026-02-19,bathroomgraffiti,all,dossier,d:pages,total,5.1,0,192,final
2026-02-20,bathroomgraffiti,all,dossier,d:pages,total,5.0,0,259,final
2026-02-21,bathroomgraffiti,all,dossier,d:pages,total,4.2,1,163,final
2026-02-22,bathroomgraffiti,all,dossier,d:pages,total,3.8,0,192,final
2026-02-23,bathroomgraffiti,all,dossier,d:pages,total,4.0,2,184,final
2026-02-24,bathroomgraffiti,all,dossier,d:pages,total,6.7,1,206,final
2026-02-25,bathroomgraffiti,all,dossier,d:pages,total,4.8,0,151,final
2026-02-26,bathroomgraffiti,all,dossier,d:pages,total,5.7,1,118,final
2026-02-27,bathroomgraffiti,all,dossier,d:pages,total,5.6,0,150,final
2026-02-28,bathroomgraffiti,all,dossier,d:pages,total,10.8,0,163,final
2026-03-01,bathroomgraffiti,all,dossier,d:pages,total,6.0,0,109,final
2026-03-02,bathroomgraffiti,all,dossier,d:pages,total,5.9,0,136,final
2026-03-03,bathroomgraffiti,all,dossier,d:pages,total,6.2,0,129,final
2026-03-04,bathroomgraffiti,all,dossier,d:pages,total,5.2,3,178,final
2026-03-05,bathroomgraffiti,all,dossier,d:pages,total,3.6,0,114,final
2026-03-06,bathroomgraffiti,all,dossier,d:pages,total,8.7,0,144,final
2026-03-07,bathroomgraffiti,all,dossier,d:pages,total,11.5,0,255,final
2026-03-08,bathroomgraffiti,all,dossier,d:pages,total,6.2,2,188,final
2026-03-09,bathroomgraffiti,all,dossier,d:pages,total,6.4,1,133,final
2026-03-10,bathroomgraffiti,all,dossier,d:pages,total,7.4,0,158,final
2026-03-11,bathroomgraffiti,all,dossier,d:pages,total,5.1,2,147,final
2026-03-12,bathroomgraffiti,all,dossier,d:pages,total,3.8,0,169,final
2026-03-13,bathroomgraffiti,all,dossier,d:pages,total,5.6,0,149,final
2026-03-14,bathroomgraffiti,all,dossier,d:pages,total,5.5,2,196,final
2026-03-15,bathroomgraffiti,all,dossier,d:pages,total,5.7,2,180,final
2026-03-16,bathroomgraffiti,all,dossier,d:pages,total,3.5,0,187,final
2026-03-17,bathroomgraffiti,all,dossier,d:pages,total,7.4,0,152,final
2026-03-18,bathroomgraffiti,all,dossier,d:pages,total,4.8,0,130,final
2026-03-19,bathroomgraffiti,all,dossier,d:pages,total,3.0,4,160,final
2026-03-20,bathroomgraffiti,all,dossier,d:pages,total,6.5,0,154,final
2026-03-21,bathroomgraffiti,all,dossier,d:pages,total,4.5,1,159,final
2026-03-22,bathroomgraffiti,all,dossier,d:pages,total,2.8,3,134,final
2026-03-23,bathroomgraffiti,all,dossier,d:pages,total,3.7,3,115,final
2026-03-24,bathroomgraffiti,all,dossier,d:pages,total,4.0,1,130,final
2026-03-25,bathroomgraffiti,all,dossier,d:pages,total,3.0,0,156,final
2026-03-26,bathroomgraffiti,all,dossier,d:pages,total,4.2,1,125,final
2026-03-27,bathroomgraffiti,all,dossier,d:pages,total,4.0,3,163,final
2026-03-28,bathroomgraffiti,all,dossier,d:pages,total,4.6,1,199,final
2026-03-29,bathroomgraffiti,all,dossier,d:pages,total,2.8,1,156,final
2026-03-30,bathroomgraffiti,all,dossier,d:pages,total,3.3,2,135,final
2026-03-31,bathroomgraffiti,all,dossier,d:pages,total,3.7,0,166,final
2026-04-01,bathroomgraffiti,all,dossier,d:pages,total,3.3,0,156,final
2026-04-02,bathroomgraffiti,all,dossier,d:pages,total,3.5,1,138,final
2026-04-03,bathroomgraffiti,all,dossier,d:pages,total,5.2,3,161,final
2026-04-04,bathroomgraffiti,all,dossier,d:pages,total,4.3,0,167,final
2026-04-05,bathroomgraffiti,all,dossier,d:pages,total,3.3,3,123,final
2026-04-06,bathroomgraffiti,all,dossier,d:pages,total,3.1,1,235,final
2026-04-07,bathroomgraffiti,all,dossier,d:pages,total,3.1,0,145,final
2026-04-08,bathroomgraffiti,all,dossier,d:pages,total,3.4,0,161,final
2026-04-09,bathroomgraffiti,all,dossier,d:pages,total,6.1,0,153,final
2026-04-10,bathroomgraffiti,all,dossier,d:pages,total,4.3,1,181,final
2026-04-11,bathroomgraffiti,all,dossier,d:pages,total,3.8,0,191,final
2026-04-12,bathroomgraffiti,all,dossier,d:pages,total,3.7,5,176,final
2026-04-13,bathroomgraffiti,all,dossier,d:pages,total,3.8,5,144,final
2026-04-14,bathroomgraffiti,all,dossier,d:pages,total,2.8,0,140,final
2026-04-15,bathroomgraffiti,all,dossier,d:pages,total,3.1,1,188,final
2026-04-16,bathroomgraffiti,all,dossier,d:pages,total,3.0,1,165,final
2026-04-17,bathroomgraffiti,all,dossier,d:pages,total,3.7,0,159,final
2026-04-18,bathroomgraffiti,all,dossier,d:pages,total,3.0,2,199,final
2026-04-19,bathroomgraffiti,all,dossier,d:pages,total,2.6,1,175,final
2026-04-20,bathroomgraffiti,all,dossier,d:pages,total,2.5,1,206,final
2026-04-21,bathroomgraffiti,all,dossier,d:pages,total,3.4,1,213,final
2026-04-22,bathroomgraffiti,all,dossier,d:pages,total,2.5,1,189,final
2026-04-23,bathroomgraffiti,all,dossier,d:pages,total,3.1,2,188,final
2026-04-24,bathroomgraffiti,all,dossier,d:pages,total,5.5,0,188,final
2026-04-25,bathroomgraffiti,all,dossier,d:pages,total,4.8,0,155,final
2026-04-26,bathroomgraffiti,all,dossier,d:pages,total,4.3,0,116,final
2026-04-27,bathroomgraffiti,all,dossier,d:pages,total,3.2,0,186,final
2026-04-28,bathroomgraffiti,all,dossier,d:pages,total,3.7,1,131,final
2026-04-29,bathroomgraffiti,all,dossier,d:pages,total,3.5,1,133,final
2026-04-30,bathroomgraffiti,all,dossier,d:pages,total,3.4,3,135,final
2026-05-01,bathroomgraffiti,all,dossier,d:pages,total,4.5,2,147,final
2026-05-02,bathroomgraffiti,all,dossier,d:pages,total,4.1,1,165,final
2026-05-03,bathroomgraffiti,all,dossier,d:pages,total,2.4,0,168,final
2026-05-04,bathroomgraffiti,all,dossier,d:pages,total,3.7,2,183,final
2026-05-05,bathroomgraffiti,all,dossier,d:pages,total,4.2,4,129,final
2026-05-06,bathroomgraffiti,all,dossier,d:pages,total,2.4,2,190,final
2026-05-07,bathroomgraffiti,all,dossier,d:pages,total,6.0,1,180,final
2026-05-08,bathroomgraffiti,all,dossier,d:pages,total,3.7,3,196,final
2026-05-09,bathroomgraffiti,all,dossier,d:pages,total,3.4,4,178,final
2026-05-10,bathroomgraffiti,all,dossier,d:pages,total,3.3,0,159,final
2026-05-11,bathroomgraffiti,all,dossier,d:pages,total,4.0,2,166,final
2026-05-12,bathroomgraffiti,all,dossier,d:pages,total,3.1,0,121,final
2026-05-13,bathroomgraffiti,all,dossier,d:pages,total,3.4,5,193,final
2026-05-14,bathroomgraffiti,all,dossier,d:pages,total,3.0,1,226,final
2026-05-15,bathroomgraffiti,all,dossier,d:pages,total,2.9,0,196,final
2026-05-16,bathroomgraffiti,all,dossier,d:pages,total,2.9,6,136,final
2026-05-17,bathroomgraffiti,all,dossier,d:pages,total,2.8,2,172,final
2026-05-18,bathroomgraffiti,all,dossier,d:pages,total,4.0,1,145,final
2026-05-19,bathroomgraffiti,all,dossier,d:pages,total,3.1,1,155,final
2026-05-20,bathroomgraffiti,all,dossier,d:pages,total,2.9,1,197,final
2026-05-21,bathroomgraffiti,all,dossier,d:pages,total,3.6,1,171,final
2026-05-22,bathroomgraffiti,all,dossier,d:pages,total,3.9,1,179,final
2026-05-23,bathroomgraffiti,all,dossier,d:pages,total,3.5,3,154,final
2026-05-24,bathroomgraffiti,all,dossier,d:pages,total,3.2,2,171,final
2026-05-25,bathroomgraffiti,all,dossier,d:pages,total,3.9,0,207,final
2026-05-26,bathroomgraffiti,all,dossier,d:pages,total,3.4,1,209,final
2026-05-27,bathroomgraffiti,all,dossier,d:pages,total,3.6,2,192,final
2026-05-28,bathroomgraffiti,all,dossier,d:pages,total,3.4,1,181,final
2026-05-29,bathroomgraffiti,all,dossier,d:pages,total,3.4,1,184,final
2026-05-30,bathroomgraffiti,all,dossier,d:pages,total,3.3,0,184,final
2026-05-31,bathroomgraffiti,all,dossier,d:pages,total,2.6,3,239,final
2026-06-01,bathroomgraffiti,all,dossier,d:pages,total,2.5,2,159,final
2026-06-02,bathroomgraffiti,all,dossier,d:pages,total,2.4,1,189,final
2026-06-03,bathroomgraffiti,all,dossier,d:pages,total,3.1,4,200,final
2026-06-04,bathroomgraffiti,all,dossier,d:pages,total,3.5,1,165,final
2026-06-05,bathroomgraffiti,all,dossier,d:pages,total,3.8,3,183,final
2026-06-06,bathroomgraffiti,all,dossier,d:pages,total,4.0,1,156,final
2026-06-07,bathroomgraffiti,all,dossier,d:pages,total,6.5,1,183,final
2026-06-08,bathroomgraffiti,all,dossier,d:pages,total,3.5,1,133,final
2026-06-09,bathroomgraffiti,all,dossier,d:pages,total,3.5,2,191,final
2026-06-10,bathroomgraffiti,all,dossier,d:pages,total,3.1,2,199,final
2026-06-11,bathroomgraffiti,all,dossier,d:pages,total,2.4,0,174,final
2026-06-12,bathroomgraffiti,all,dossier,d:pages,total,3.4,2,178,final
2026-06-13,bathroomgraffiti,all,dossier,d:pages,total,2.9,1,219,final
2026-06-14,bathroomgraffiti,all,dossier,d:pages,total,2.7,0,200,final
2026-06-15,bathroomgraffiti,all,dossier,d:pages,total,2.9,0,174,final
2026-06-16,bathroomgraffiti,all,dossier,d:pages,total,2.8,0,216,final
2026-06-17,bathroomgraffiti,all,dossier,d:pages,total,2.9,4,200,final
2026-06-18,bathroomgraffiti,all,dossier,d:pages,total,3.7,1,204,final
2026-06-19,bathroomgraffiti,all,dossier,d:pages,total,2.8,2,209,final
2026-06-20,bathroomgraffiti,all,dossier,d:pages,total,3.1,1,242,final
2026-06-21,bathroomgraffiti,all,dossier,d:pages,total,3.0,2,188,final
2026-06-22,bathroomgraffiti,all,dossier,d:pages,total,2.5,0,188,final
2026-06-23,bathroomgraffiti,all,dossier,d:pages,total,3.0,2,187,final
2026-06-24,bathroomgraffiti,all,dossier,d:pages,total,2.9,6,225,final
2026-06-25,bathroomgraffiti,all,dossier,d:pages,total,3.2,1,203,final
2026-06-26,bathroomgraffiti,all,dossier,d:pages,total,3.9,1,178,final
2026-06-27,bathroomgraffiti,all,dossier,d:pages,total,3.3,2,160,final
2026-06-28,bathroomgraffiti,all,dossier,d:pages,total,3.3,0,209,final
2026-06-29,bathroomgraffiti,all,dossier,d:pages,total,2.8,3,184,final
2026-06-30,bathroomgraffiti,all,dossier,d:pages,total,3.1,4,169,final
2026-07-01,bathroomgraffiti,all,dossier,d:pages,total,2.4,2,184,final
2026-07-02,bathroomgraffiti,all,dossier,d:pages,total,2.4,3,242,final
2026-07-03,bathroomgraffiti,all,dossier,d:pages,total,4.0,0,201,final
2026-07-04,bathroomgraffiti,all,dossier,d:pages,total,3.8,0,155,final
2026-07-05,bathroomgraffiti,all,dossier,d:pages,total,2.2,5,206,final
2026-07-06,bathroomgraffiti,all,dossier,d:pages,total,3.1,6,273,final
2026-07-07,bathroomgraffiti,all,dossier,d:pages,total,2.8,3,210,final
2026-07-08,bathroomgraffiti,all,dossier,d:pages,total,3.4,4,198,final
2026-07-09,bathroomgraffiti,all,dossier,d:pages,total,3.3,1,175,final
2026-07-10,bathroomgraffiti,all,dossier,d:pages,total,3.0,0,200,final
2026-07-11,bathroomgraffiti,all,dossier,d:pages,total,4.5,5,200,final
2026-07-12,bathroomgraffiti,all,dossier,d:pages,total,3.3,1,176,final
2026-07-13,bathroomgraffiti,all,dossier,d:pages,total,2.6,5,213,final
2026-07-14,bathroomgraffiti,all,dossier,d:pages,total,4.3,4,183,final
2026-07-15,bathroomgraffiti,all,dossier,d:pages,total,3.7,2,144,final
2026-07-16,bathroomgraffiti,all,dossier,d:pages,total,3.7,2,140,final
2026-07-17,bathroomgraffiti,all,dossier,d:pages,total,2.7,0,182,final
2026-07-18,bathroomgraffiti,all,dossier,d:pages,total,2.9,3,192,final
2026-07-19,bathroomgraffiti,all,dossier,d:pages,total,3.0,1,200,final
2026-07-20,bathroomgraffiti,all,dossier,d:pages,total,2.9,0,191,final
2026-07-21,bathroomgraffiti,all,dossier,d:pages,total,2.7,1,213,final
2026-07-22,bathroomgraffiti,all,dossier,d:pages,total,2.3,3,161,final
2026-07-23,bathroomgraffiti,all,dossier,d:pages,total,2.5,4,140,final
2026-07-24,bathroomgraffiti,all,dossier,d:pages,total,3.6,1,210,final
2026-07-25,bathroomgraffiti,all,dossier,d:pages,total,2.4,0,186,final
2026-07-26,bathroomgraffiti,all,dossier,d:pages,total,2.6,2,166,final
2026-07-27,bathroomgraffiti,all,dossier,d:pages,total,2.4,2,215,final
2026-07-28,bathroomgraffiti,all,dossier,d:pages,total,2.5,2,187,final
2026-07-29,bathroomgraffiti,all,dossier,d:pages,total,2.5,2,209,final
2026-07-30,bathroomgraffiti,all,dossier,d:pages,total,2.6,7,186,final
2026-07-31,bathroomgraffiti,all,dossier,d:pages,total,3.0,3,188,final
2026-08-01,bathroomgraffiti,all,dossier,d:pages,total,2.0,2,175,final
2026-08-02,bathroomgraffiti,all,dossier,d:pages,total,2.0,3,178,final
2026-08-03,bathroomgraffiti,all,dossier,d:pages,total,5.1,1,125,final
2026-08-04,bathroomgraffiti,all,dossier,d:pages,total,1.8,2,169,final
2026-08-05,bathroomgraffiti,all,dossier,d:pages,total,2.8,3,150,final
2026-08-06,bathroomgraffiti,all,dossier,d:pages,total,3.4,1,163,final
2026-08-07,bathroomgraffiti,all,dossier,d:pages,total,2.3,6,147,final
2026-08-08,bathroomgraffiti,all,dossier,d:pages,total,1.5,2,137,final
2026-08-09,bathroomgraffiti,all,dossier,d:pages,total,3.3,0,170,final
2026-08-10,bathroomgraffiti,all,dossier,d:pages,total,1.9,4,145,final
2026-08-11,bathroomgraffiti,all,dossier,d:pages,total,3.9,4,181,final
2026-08-12,bathroomgraffiti,all,dossier,d:pages,total,2.5,4,129,final
2026-08-13,bathroomgraffiti,all,dossier,d:pages,total,2.5,3,151,final
2026-08-14,bathroomgraffiti,all,dossier,d:pages,total,3.6,2,130,final
2026-08-15,bathroomgraffiti,all,dossier,d:pages,total,1.9,4,145,final
2026-08-16,bathroomgraffiti,all,dossier,d:pages,total,2.1,3,152,final
2026-08-17,bathroomgraffiti,all,dossier,d:pages,total,3.4,2,164,final
2026-08-18,bathroomgraffiti,all,dossier,d:pages,total,1.5,3,192,final
2026-08-19,bathroomgraffiti,all,dossier,d:pages,total,1.7,2,163,final
2026-08-20,bathroomgraffiti,all,dossier,d:pages,total,2.1,5,148,final
2026-08-21,bathroomgraffiti,all,dossier,d:pages,total,2.0,3,159,final
2026-08-22,bathroomgraffiti,all,dossier,d:pages,total,1.8,2,123,final
2026-08-23,bathroomgraffiti,all,dossier,d:pages,total,1.6,2,151,final
2026-08-24,bathroomgraffiti,all,dossier,d:pages,total,2.0,3,156,final
2026-08-25,bathroomgraffiti,all,dossier,d:pages,total,2.1,4,181,final
2026-08-26,bathroomgraffiti,all,dossier,d:pages,total,2.7,4,169,final
2026-08-27,bathroomgraffiti,all,dossier,d:pages,total,1.4,6,306,final
2026-08-28,bathroomgraffiti,all,dossier,d:pages,total,2.1,3,166,final
2026-08-29,bathroomgraffiti,all,dossier,d:pages,total,1.9,2,225,final
2026-08-30,bathroomgraffiti,all,dossier,d:pages,total,2.2,2,206,final
2026-08-31,bathroomgraffiti,all,dossier,d:pages,total,1.5,4,213,final
2026-09-01,bathroomgraffiti,all,dossier,d:pages,total,1.6,5,148,final
2026-09-02,bathroomgraffiti,all,dossier,d:pages,total,2.8,2,138,final
2026-09-03,bathroomgraffiti,all,dossier,d:pages,total,3.3,0,173,final
2026-09-04,bathroomgraffiti,all,dossier,d:pages,total,2.5,0,195,final
2026-09-05,bathroomgraffiti,all,dossier,d:pages,total,2.6,4,175,final
2026-09-06,bathroomgraffiti,all,dossier,d:pages,total,1.9,7,231,final
2026-09-07,bathroomgraffiti,all,dossier,d:pages,total,4.0,0,128,final
2026-09-08,bathroomgraffiti,all,dossier,d:pages,total,1.8,3,205,final
2026-09-09,bathroomgraffiti,all,dossier,d:pages,total,1.6,3,196,final
2026-09-10,bathroomgraffiti,all,dossier,d:pages,total,1.4,2,180,final
2026-09-11,bathroomgraffiti,all,dossier,d:pages,total,2.1,3,169,final
2026-09-12,bathroomgraffiti,all,dossier,d:pages,total,1.4,6,197,final
2026-09-13,bathroomgraffiti,all,dossier,d:pages,total,1.5,1,156,final
2026-09-14,bathroomgraffiti,all,dossier,d:pages,total,1.8,2,195,final
2026-09-15,bathroomgraffiti,all,dossier,d:pages,total,1.4,0,136,final
2026-09-16,bathroomgraffiti,all,dossier,d:pages,total,2.2,3,105,final
2026-09-17,bathroomgraffiti,all,dossier,d:pages,total,2.1,0,145,final
2026-09-18,bathroomgraffiti,all,dossier,d:pages,total,2.5,6,135,final
2026-09-19,bathroomgraffiti,all,dossier,d:pages,total,1.7,2,162,final
2026-09-20,bathroomgraffiti,all,dossier,d:pages,total,1.9,2,142,final
2026-09-21,bathroomgraffiti,all,dossier,d:pages,total,1.9,1,118,final
2026-09-22,bathroomgraffiti,all,dossier,d:pages,total,2.5,3,134,final
2026-09-23,bathroomgraffiti,all,dossier,d:pages,total,1.6,6,167,final
2026-09-24,bathroomgraffiti,all,dossier,d:pages,total,1.7,1,161,final
2026-09-25,bathroomgraffiti,all,dossier,d:pages,total,2.0,2,166,final
2026-09-26,bathroomgraffiti,all,dossier,d:pages,total,1.9,2,140,final
2026-09-27,bathroomgraffiti,all,dossier,d:pages,total,1.7,5,152,final
2026-09-28,bathroomgraffiti,all,dossier,d:pages,total,2.6,2,164,final
2026-09-29,bathroomgraffiti,all,dossier,d:pages,total,2.1,1,174,final
2026-09-30,bathroomgraffiti,all,dossier,d:pages,total,2.1,4,114,final
2026-10-01,bathroomgraffiti,all,dossier,d:pages,total,1.9,1,110,final
2026-10-02,bathroomgraffiti,all,dossier,d:pages,total,2.3,2,129,final
2026-10-03,bathroomgraffiti,all,dossier,d:pages,total,2.4,4,171,fresh
2026-10-04,bathroomgraffiti,all,dossier,d:pages,total,2.5,5,150,fresh
2025-06-12,bathroomgraffiti,all,dossier,d:products,total,14.0,22,3947,final
2025-06-13,bathroomgraffiti,all,dossier,d:products,total,13.8,20,3863,final
2025-06-14,bathroomgraffiti,all,dossier,d:products,total,12.9,17,4407,final
2025-06-15,bathroomgraffiti,all,dossier,d:products,total,13.1,13,4394,final
2025-06-16,bathroomgraffiti,all,dossier,d:products,total,14.1,17,3980,final
2025-06-17,bathroomgraffiti,all,dossier,d:products,total,12.8,17,4158,final
2025-06-18,bathroomgraffiti,all,dossier,d:products,total,13.2,22,5490,final
2025-06-19,bathroomgraffiti,all,dossier,d:products,total,12.4,12,5144,final
2025-06-20,bathroomgraffiti,all,dossier,d:products,total,12.2,12,4926,final
2025-06-21,bathroomgraffiti,all,dossier,d:products,total,12.8,17,4828,final
2025-06-22,bathroomgraffiti,all,dossier,d:products,total,11.1,13,5128,final
2025-06-23,bathroomgraffiti,all,dossier,d:products,total,12.1,14,5323,final
2025-06-24,bathroomgraffiti,all,dossier,d:products,total,12.5,15,5190,final
2025-06-25,bathroomgraffiti,all,dossier,d:products,total,12.2,11,4776,final
2025-06-26,bathroomgraffiti,all,dossier,d:products,total,14.8,14,5387,final
2025-06-27,bathroomgraffiti,all,dossier,d:products,total,12.3,10,6189,final
2025-06-28,bathroomgraffiti,all,dossier,d:products,total,12.2,18,6028,final
2025-06-29,bathroomgraffiti,all,dossier,d:products,total,11.7,21,6275,final
2025-06-30,bathroomgraffiti,all,dossier,d:products,total,11.9,16,5990,final
2025-07-01,bathroomgraffiti,all,dossier,d:products,total,11.8,15,6167,final
2025-07-02,bathroomgraffiti,all,dossier,d:products,total,12.1,18,6818,final
2025-07-03,bathroomgraffiti,all,dossier,d:products,total,11.5,9,6617,final
2025-07-04,bathroomgraffiti,all,dossier,d:products,total,13.1,17,6234,final
2025-07-05,bathroomgraffiti,all,dossier,d:products,total,12.5,11,6687,final
2025-07-06,bathroomgraffiti,all,dossier,d:products,total,12.3,17,6675,final
2025-07-07,bathroomgraffiti,all,dossier,d:products,total,12.3,14,6163,final
2025-07-08,bathroomgraffiti,all,dossier,d:products,total,12.1,23,6614,final
2025-07-09,bathroomgraffiti,all,dossier,d:products,total,13.0,13,6656,final
2025-07-10,bathroomgraffiti,all,dossier,d:products,total,15.8,12,6362,final
2025-07-11,bathroomgraffiti,all,dossier,d:products,total,19.5,6,6558,final
2025-07-12,bathroomgraffiti,all,dossier,d:products,total,16.5,8,5235,final
2025-07-13,bathroomgraffiti,all,dossier,d:products,total,14.4,21,4695,final
2025-07-14,bathroomgraffiti,all,dossier,d:products,total,13.9,10,4551,final
2025-07-15,bathroomgraffiti,all,dossier,d:products,total,14.3,19,4492,final
2025-07-16,bathroomgraffiti,all,dossier,d:products,total,13.9,9,4385,final
2025-07-17,bathroomgraffiti,all,dossier,d:products,total,12.9,13,4725,final
2025-07-18,bathroomgraffiti,all,dossier,d:products,total,13.5,8,4055,final
2025-07-19,bathroomgraffiti,all,dossier,d:products,total,16.6,6,4614,final
2025-07-20,bathroomgraffiti,all,dossier,d:products,total,15.2,9,4636,final
2025-07-21,bathroomgraffiti,all,dossier,d:products,total,13.2,5,3982,final
2025-07-22,bathroomgraffiti,all,dossier,d:products,total,13.4,11,4842,final
2025-07-23,bathroomgraffiti,all,dossier,d:products,total,12.3,20,5370,final
2025-07-24,bathroomgraffiti,all,dossier,d:products,total,12.6,12,4955,final
2025-07-25,bathroomgraffiti,all,dossier,d:products,total,11.9,15,4394,final
2025-07-26,bathroomgraffiti,all,dossier,d:products,total,11.9,10,4265,final
2025-07-27,bathroomgraffiti,all,dossier,d:products,total,11.2,18,4532,final
2025-07-28,bathroomgraffiti,all,dossier,d:products,total,11.8,23,4583,final
2025-07-29,bathroomgraffiti,all,dossier,d:products,total,11.1,14,4943,final
2025-07-30,bathroomgraffiti,all,dossier,d:products,total,11.9,12,5333,final
2025-07-31,bathroomgraffiti,all,dossier,d:products,total,10.7,13,4903,final
2025-08-01,bathroomgraffiti,all,dossier,d:products,total,11.3,14,5221,final
2025-08-02,bathroomgraffiti,all,dossier,d:products,total,12.8,14,5188,final
2025-08-03,bathroomgraffiti,all,dossier,d:products,total,12.8,10,4775,final
2025-08-04,bathroomgraffiti,all,dossier,d:products,total,12.1,16,4411,final
2025-08-05,bathroomgraffiti,all,dossier,d:products,total,11.8,14,4631,final
2025-08-06,bathroomgraffiti,all,dossier,d:products,total,13.1,8,5394,final
2025-08-07,bathroomgraffiti,all,dossier,d:products,total,12.5,13,5259,final
2025-08-08,bathroomgraffiti,all,dossier,d:products,total,11.5,10,5396,final
2025-08-09,bathroomgraffiti,all,dossier,d:products,total,12.6,17,4936,final
2025-08-10,bathroomgraffiti,all,dossier,d:products,total,12.0,14,5397,final
2025-08-11,bathroomgraffiti,all,dossier,d:products,total,16.2,20,7733,final
2025-08-12,bathroomgraffiti,all,dossier,d:products,total,12.0,22,6572,final
2025-08-13,bathroomgraffiti,all,dossier,d:products,total,11.3,18,6159,final
2025-08-14,bathroomgraffiti,all,dossier,d:products,total,11.7,22,5781,final
2025-08-15,bathroomgraffiti,all,dossier,d:products,total,11.4,19,5800,final
2025-08-16,bathroomgraffiti,all,dossier,d:products,total,11.8,14,5681,final
2025-08-17,bathroomgraffiti,all,dossier,d:products,total,11.3,14,5657,final
2025-08-18,bathroomgraffiti,all,dossier,d:products,total,11.7,19,5960,final
2025-08-19,bathroomgraffiti,all,dossier,d:products,total,13.2,14,5046,final
2025-08-20,bathroomgraffiti,all,dossier,d:products,total,13.0,23,4855,final
2025-08-21,bathroomgraffiti,all,dossier,d:products,total,13.5,16,4846,final
2025-08-22,bathroomgraffiti,all,dossier,d:products,total,12.5,10,4496,final
2025-08-23,bathroomgraffiti,all,dossier,d:products,total,12.7,7,4622,final
2025-08-24,bathroomgraffiti,all,dossier,d:products,total,13.3,10,5367,final
2025-08-25,bathroomgraffiti,all,dossier,d:products,total,12.5,11,4807,final
2025-08-26,bathroomgraffiti,all,dossier,d:products,total,12.3,12,5245,final
2025-08-27,bathroomgraffiti,all,dossier,d:products,total,12.8,11,6041,final
2025-08-28,bathroomgraffiti,all,dossier,d:products,total,13.4,10,5264,final
2025-08-29,bathroomgraffiti,all,dossier,d:products,total,12.6,15,5650,final
2025-08-30,bathroomgraffiti,all,dossier,d:products,total,12.7,19,5577,final
2025-08-31,bathroomgraffiti,all,dossier,d:products,total,12.3,15,5544,final
2025-09-01,bathroomgraffiti,all,dossier,d:products,total,14.3,15,4416,final
2025-09-02,bathroomgraffiti,all,dossier,d:products,total,13.6,10,4373,final
2025-09-03,bathroomgraffiti,all,dossier,d:products,total,12.6,17,4705,final
2025-09-04,bathroomgraffiti,all,dossier,d:products,total,12.0,11,5811,final
2025-09-05,bathroomgraffiti,all,dossier,d:products,total,11.4,13,6153,final
2025-09-06,bathroomgraffiti,all,dossier,d:products,total,11.6,17,6652,final
2025-09-07,bathroomgraffiti,all,dossier,d:products,total,11.9,14,6336,final
2025-09-08,bathroomgraffiti,all,dossier,d:products,total,12.5,9,5424,final
2025-09-09,bathroomgraffiti,all,dossier,d:products,total,12.2,16,5584,final
2025-09-10,bathroomgraffiti,all,dossier,d:products,total,11.0,14,5910,final
2025-09-11,bathroomgraffiti,all,dossier,d:products,total,11.0,12,5145,final
2025-09-12,bathroomgraffiti,all,dossier,d:products,total,9.9,19,4922,final
2025-09-13,bathroomgraffiti,all,dossier,d:products,total,8.1,15,5824,final
2025-09-14,bathroomgraffiti,all,dossier,d:products,total,8.8,16,5857,final
2025-09-15,bathroomgraffiti,all,dossier,d:products,total,8.9,13,5094,final
2025-09-16,bathroomgraffiti,all,dossier,d:products,total,8.2,29,5335,final
2025-09-17,bathroomgraffiti,all,dossier,d:products,total,8.6,32,5638,final
2025-09-18,bathroomgraffiti,all,dossier,d:products,total,8.7,25,5141,final
2025-09-19,bathroomgraffiti,all,dossier,d:products,total,8.7,19,4469,final
2025-09-20,bathroomgraffiti,all,dossier,d:products,total,8.4,31,5572,final
2025-09-21,bathroomgraffiti,all,dossier,d:products,total,8.6,17,5563,final
2025-09-22,bathroomgraffiti,all,dossier,d:products,total,8.7,13,4410,final
2025-09-23,bathroomgraffiti,all,dossier,d:products,total,8.4,18,4219,final
2025-09-24,bathroomgraffiti,all,dossier,d:products,total,8.1,15,5028,final
2025-09-25,bathroomgraffiti,all,dossier,d:products,total,8.8,27,4597,final
2025-09-26,bathroomgraffiti,all,dossier,d:products,total,8.5,14,5313,final
2025-09-27,bathroomgraffiti,all,dossier,d:products,total,8.0,25,6464,final
2025-09-28,bathroomgraffiti,all,dossier,d:products,total,8.2,20,6149,final
2025-09-29,bathroomgraffiti,all,dossier,d:products,total,9.1,20,4986,final
2025-09-30,bathroomgraffiti,all,dossier,d:products,total,8.4,22,4986,final
2025-10-01,bathroomgraffiti,all,dossier,d:products,total,8.3,19,5530,final
2025-10-02,bathroomgraffiti,all,dossier,d:products,total,8.8,16,5218,final
2025-10-03,bathroomgraffiti,all,dossier,d:products,total,8.4,16,5022,final
2025-10-04,bathroomgraffiti,all,dossier,d:products,total,8.5,34,6290,final
2025-10-05,bathroomgraffiti,all,dossier,d:products,total,8.7,22,5773,final
2025-10-06,bathroomgraffiti,all,dossier,d:products,total,9.3,29,4824,final
2025-10-07,bathroomgraffiti,all,dossier,d:products,total,8.8,16,4613,final
2025-10-08,bathroomgraffiti,all,dossier,d:products,total,8.7,14,5341,final
2025-10-09,bathroomgraffiti,all,dossier,d:products,total,9.2,14,5030,final
2025-10-10,bathroomgraffiti,all,dossier,d:products,total,9.2,35,4754,final
2025-10-11,bathroomgraffiti,all,dossier,d:products,total,8.3,43,5378,final
2025-10-12,bathroomgraffiti,all,dossier,d:products,total,8.4,22,5598,final
2025-10-13,bathroomgraffiti,all,dossier,d:products,total,8.8,30,4564,final
2025-10-14,bathroomgraffiti,all,dossier,d:products,total,9.4,19,4601,final
2025-10-15,bathroomgraffiti,all,dossier,d:products,total,10.6,19,5708,final
2025-10-16,bathroomgraffiti,all,dossier,d:products,total,10.6,77,5945,final
2025-10-17,bathroomgraffiti,all,dossier,d:products,total,8.8,43,4967,final
2025-10-18,bathroomgraffiti,all,dossier,d:products,total,8.6,30,6160,final
2025-10-19,bathroomgraffiti,all,dossier,d:products,total,8.1,75,6941,final
2025-10-20,bathroomgraffiti,all,dossier,d:products,total,7.7,51,6327,final
2025-10-21,bathroomgraffiti,all,dossier,d:products,total,8.1,54,6493,final
2025-10-22,bathroomgraffiti,all,dossier,d:products,total,8.2,51,6790,final
2025-10-23,bathroomgraffiti,all,dossier,d:products,total,8.4,48,7177,final
2025-10-24,bathroomgraffiti,all,dossier,d:products,total,7.6,52,8304,final
2025-10-25,bathroomgraffiti,all,dossier,d:products,total,7.5,68,9315,final
2025-10-26,bathroomgraffiti,all,dossier,d:products,total,7.0,72,9291,final
2025-10-27,bathroomgraffiti,all,dossier,d:products,total,8.1,33,5664,final
2025-10-28,bathroomgraffiti,all,dossier,d:products,total,8.3,25,6555,final
2025-10-29,bathroomgraffiti,all,dossier,d:products,total,8.3,25,6547,final
2025-10-30,bathroomgraffiti,all,dossier,d:products,total,8.6,28,6936,final
2025-10-31,bathroomgraffiti,all,dossier,d:products,total,7.9,40,5669,final
2025-11-01,bathroomgraffiti,all,dossier,d:products,total,8.1,101,7539,final
2025-11-02,bathroomgraffiti,all,dossier,d:products,total,8.4,70,7928,final
2025-11-03,bathroomgraffiti,all,dossier,d:products,total,8.4,35,6266,final
2025-11-04,bathroomgraffiti,all,dossier,d:products,total,8.8,22,5976,final
2025-11-05,bathroomgraffiti,all,dossier,d:products,total,8.0,50,6270,final
2025-11-06,bathroomgraffiti,all,dossier,d:products,total,8.6,31,5257,final
2025-11-07,bathroomgraffiti,all,dossier,d:products,total,8.3,10,5527,final
2025-11-08,bathroomgraffiti,all,dossier,d:products,total,7.8,45,7055,final
2025-11-09,bathroomgraffiti,all,dossier,d:products,total,8.2,44,6957,final
2025-11-10,bathroomgraffiti,all,dossier,d:products,total,10.2,36,6632,final
2025-11-11,bathroomgraffiti,all,dossier,d:products,total,8.5,38,8869,final
2025-11-12,bathroomgraffiti,all,dossier,d:products,total,7.8,44,8225,final
2025-11-13,bathroomgraffiti,all,dossier,d:products,total,8.0,29,7309,final
2025-11-14,bathroomgraffiti,all,dossier,d:products,total,7.6,42,7348,final
2025-11-15,bathroomgraffiti,all,dossier,d:products,total,7.4,41,10255,final
2025-11-16,bathroomgraffiti,all,dossier,d:products,total,7.2,42,10349,final
2025-11-17,bathroomgraffiti,all,dossier,d:products,total,8.2,42,8232,final
2025-11-18,bathroomgraffiti,all,dossier,d:products,total,8.1,48,7880,final
2025-11-19,bathroomgraffiti,all,dossier,d:products,total,8.1,45,7554,final
2025-11-20,bathroomgraffiti,all,dossier,d:products,total,8.4,36,7692,final
2025-11-21,bathroomgraffiti,all,dossier,d:products,total,8.0,26,7210,final
2025-11-22,bathroomgraffiti,all,dossier,d:products,total,8.2,31,9326,final
2025-11-23,bathroomgraffiti,all,dossier,d:products,total,8.1,55,11368,final
2025-11-24,bathroomgraffiti,all,dossier,d:products,total,8.1,55,9930,final
2025-11-25,bathroomgraffiti,all,dossier,d:products,total,8.4,58,10163,final
2025-11-26,bathroomgraffiti,all,dossier,d:products,total,8.2,55,11052,final
2025-11-27,bathroomgraffiti,all,dossier,d:products,total,9.0,52,9064,final
2025-11-28,bathroomgraffiti,all,dossier,d:products,total,8.9,49,8923,final
2025-11-29,bathroomgraffiti,all,dossier,d:products,total,8.8,50,9605,final
2025-11-30,bathroomgraffiti,all,dossier,d:products,total,8.7,56,12500,final
2025-12-01,bathroomgraffiti,all,dossier,d:products,total,8.7,44,9834,final
2025-12-02,bathroomgraffiti,all,dossier,d:products,total,8.9,53,9801,final
2025-12-03,bathroomgraffiti,all,dossier,d:products,total,8.8,58,10593,final
2025-12-04,bathroomgraffiti,all,dossier,d:products,total,9.1,49,9317,final
2025-12-05,bathroomgraffiti,all,dossier,d:products,total,8.8,50,9148,final
2025-12-06,bathroomgraffiti,all,dossier,d:products,total,8.7,55,10404,final
2025-12-07,bathroomgraffiti,all,dossier,d:products,total,8.9,49,11988,final
2025-12-08,bathroomgraffiti,all,dossier,d:products,total,9.2,41,10354,final
2025-12-09,bathroomgraffiti,all,dossier,d:products,total,10.0,38,8589,final
2025-12-10,bathroomgraffiti,all,dossier,d:products,total,10.9,55,10817,final
2025-12-11,bathroomgraffiti,all,dossier,d:products,total,9.4,54,8281,final
2025-12-12,bathroomgraffiti,all,dossier,d:products,total,10.5,44,8286,final
2025-12-13,bathroomgraffiti,all,dossier,d:products,total,9.2,63,10642,final
2025-12-14,bathroomgraffiti,all,dossier,d:products,total,8.8,64,10480,final
2025-12-15,bathroomgraffiti,all,dossier,d:products,total,10.6,47,9497,final
2025-12-16,bathroomgraffiti,all,dossier,d:products,total,9.8,42,8437,final
2025-12-17,bathroomgraffiti,all,dossier,d:products,total,9.5,37,7923,final
2025-12-18,bathroomgraffiti,all,dossier,d:products,total,9.9,23,7524,final
2025-12-19,bathroomgraffiti,all,dossier,d:products,total,10.3,26,7350,final
2025-12-20,bathroomgraffiti,all,dossier,d:products,total,9.6,35,7833,final
2025-12-21,bathroomgraffiti,all,dossier,d:products,total,9.7,22,7002,final
2025-12-22,bathroomgraffiti,all,dossier,d:products,total,10.2,27,6390,final
2025-12-23,bathroomgraffiti,all,dossier,d:products,total,10.0,13,6338,final
2025-12-24,bathroomgraffiti,all,dossier,d:products,total,10.2,16,6284,final
2025-12-25,bathroomgraffiti,all,dossier,d:products,total,9.6,22,8370,final
2025-12-26,bathroomgraffiti,all,dossier,d:products,total,9.5,39,7410,final
2025-12-27,bathroomgraffiti,all,dossier,d:products,total,9.9,24,6428,final
2025-12-28,bathroomgraffiti,all,dossier,d:products,total,9.8,18,5881,final
2025-12-29,bathroomgraffiti,all,dossier,d:products,total,10.2,13,5587,final
2025-12-30,bathroomgraffiti,all,dossier,d:products,total,10.3,19,5283,final
2025-12-31,bathroomgraffiti,all,dossier,d:products,total,10.3,11,4167,final
2026-01-01,bathroomgraffiti,all,dossier,d:products,total,11.2,12,4512,final
2026-01-02,bathroomgraffiti,all,dossier,d:products,total,10.8,15,5169,final
2026-01-03,bathroomgraffiti,all,dossier,d:products,total,10.6,18,4910,final
2026-01-04,bathroomgraffiti,all,dossier,d:products,total,11.2,15,4971,final
2026-01-05,bathroomgraffiti,all,dossier,d:products,total,11.5,13,4346,final
2026-01-06,bathroomgraffiti,all,dossier,d:products,total,10.5,13,4348,final
2026-01-07,bathroomgraffiti,all,dossier,d:products,total,10.4,8,5708,final
2026-01-08,bathroomgraffiti,all,dossier,d:products,total,10.3,16,5196,final
2026-01-09,bathroomgraffiti,all,dossier,d:products,total,11.9,14,4445,final
2026-01-10,bathroomgraffiti,all,dossier,d:products,total,12.1,24,5460,final
2026-01-11,bathroomgraffiti,all,dossier,d:products,total,10.4,14,5227,final
2026-01-12,bathroomgraffiti,all,dossier,d:products,total,10.2,17,3843,final
2026-01-13,bathroomgraffiti,all,dossier,d:products,total,9.6,15,4182,final
2026-01-14,bathroomgraffiti,all,dossier,d:products,total,9.2,33,5065,final
2026-01-15,bathroomgraffiti,all,dossier,d:products,total,9.1,18,4414,final
2026-01-16,bathroomgraffiti,all,dossier,d:products,total,9.5,20,4488,final
2026-01-17,bathroomgraffiti,all,dossier,d:products,total,9.4,20,4746,final
2026-01-18,bathroomgraffiti,all,dossier,d:products,total,9.5,15,4562,final
2026-01-19,bathroomgraffiti,all,dossier,d:products,total,9.6,12,3695,final
2026-01-20,bathroomgraffiti,all,dossier,d:products,total,10.1,20,3875,final
2026-01-21,bathroomgraffiti,all,dossier,d:products,total,10.6,17,4736,final
2026-01-22,bathroomgraffiti,all,dossier,d:products,total,10.7,22,4054,final
2026-01-23,bathroomgraffiti,all,dossier,d:products,total,10.6,19,3893,final
2026-01-24,bathroomgraffiti,all,dossier,d:products,total,10.1,20,4122,final
2026-01-25,bathroomgraffiti,all,dossier,d:products,total,9.2,26,4752,final
2026-01-26,bathroomgraffiti,all,dossier,d:products,total,10.2,29,4786,final
2026-01-27,bathroomgraffiti,all,dossier,d:products,total,10.3,27,5049,final
2026-01-28,bathroomgraffiti,all,dossier,d:products,total,8.9,36,4550,final
2026-01-29,bathroomgraffiti,all,dossier,d:products,total,9.9,30,4917,final
2026-01-30,bathroomgraffiti,all,dossier,d:products,total,9.9,25,5364,final
2026-01-31,bathroomgraffiti,all,dossier,d:products,total,9.3,25,5357,final
2026-02-01,bathroomgraffiti,all,dossier,d:products,total,9.6,18,5207,final
2026-02-02,bathroomgraffiti,all,dossier,d:products,total,9.9,17,4790,final
2026-02-03,bathroomgraffiti,all,dossier,d:products,total,8.9,16,4303,final
2026-02-04,bathroomgraffiti,all,dossier,d:products,total,9.8,15,4713,final
2026-02-05,bathroomgraffiti,all,dossier,d:products,total,10.1,25,4318,final
2026-02-06,bathroomgraffiti,all,dossier,d:products,total,10.5,11,4623,final
2026-02-07,bathroomgraffiti,all,dossier,d:products,total,8.7,17,4645,final
2026-02-08,bathroomgraffiti,all,dossier,d:products,total,9.8,14,4531,final
2026-02-09,bathroomgraffiti,all,dossier,d:products,total,9.7,11,3890,final
2026-02-10,bathroomgraffiti,all,dossier,d:products,total,9.6,11,3684,final
2026-02-11,bathroomgraffiti,all,dossier,d:products,total,9.2,15,3575,final
2026-02-12,bathroomgraffiti,all,dossier,d:products,total,10.8,13,3321,final
2026-02-13,bathroomgraffiti,all,dossier,d:products,total,9.6,24,4035,final
2026-02-14,bathroomgraffiti,all,dossier,d:products,total,9.3,16,4269,final
2026-02-15,bathroomgraffiti,all,dossier,d:products,total,8.7,16,4172,final
2026-02-16,bathroomgraffiti,all,dossier,d:products,total,9.9,9,3890,final
2026-02-17,bathroomgraffiti,all,dossier,d:products,total,11.0,14,4062,final
2026-02-18,bathroomgraffiti,all,dossier,d:products,total,11.0,15,4084,final
2026-02-19,bathroomgraffiti,all,dossier,d:products,total,10.0,20,4132,final
2026-02-20,bathroomgraffiti,all,dossier,d:products,total,10.5,13,3884,final
2026-02-21,bathroomgraffiti,all,dossier,d:products,total,8.4,20,5449,final
2026-02-22,bathroomgraffiti,all,dossier,d:products,total,8.7,17,5605,final
2026-02-23,bathroomgraffiti,all,dossier,d:products,total,9.4,17,4899,final
2026-02-24,bathroomgraffiti,all,dossier,d:products,total,9.5,22,4972,final
2026-02-25,bathroomgraffiti,all,dossier,d:products,total,9.7,13,4948,final
2026-02-26,bathroomgraffiti,all,dossier,d:products,total,9.5,8,4429,final
2026-02-27,bathroomgraffiti,all,dossier,d:products,total,10.0,21,6808,final
2026-02-28,bathroomgraffiti,all,dossier,d:products,total,9.4,21,6060,final
2026-03-01,bathroomgraffiti,all,dossier,d:products,total,10.0,17,4952,final
2026-03-02,bathroomgraffiti,all,dossier,d:products,total,10.2,20,4857,final
2026-03-03,bathroomgraffiti,all,dossier,d:products,total,8.1,19,5676,final
2026-03-04,bathroomgraffiti,all,dossier,d:products,total,7.8,11,5418,final
2026-03-05,bathroomgraffiti,all,dossier,d:products,total,8.8,14,4802,final
2026-03-06,bathroomgraffiti,all,dossier,d:products,total,8.4,14,4433,final
2026-03-07,bathroomgraffiti,all,dossier,d:products,total,8.5,16,5395,final
2026-03-08,bathroomgraffiti,all,dossier,d:products,total,9.5,20,5650,final
2026-03-09,bathroomgraffiti,all,dossier,d:products,total,9.3,17,5282,final
2026-03-10,bathroomgraffiti,all,dossier,d:products,total,8.5,22,5265,final
2026-03-11,bathroomgraffiti,all,dossier,d:products,total,8.6,14,5613,final
2026-03-12,bathroomgraffiti,all,dossier,d:products,total,8.4,16,5223,final
2026-03-13,bathroomgraffiti,all,dossier,d:products,total,8.3,26,4693,final
2026-03-14,bathroomgraffiti,all,dossier,d:products,total,7.5,24,5877,final
2026-03-15,bathroomgraffiti,all,dossier,d:products,total,8.4,16,5037,final
2026-03-16,bathroomgraffiti,all,dossier,d:products,total,8.7,14,4737,final
2026-03-17,bathroomgraffiti,all,dossier,d:products,total,8.6,15,4715,final
2026-03-18,bathroomgraffiti,all,dossier,d:products,total,8.7,21,4771,final
2026-03-19,bathroomgraffiti,all,dossier,d:products,total,8.8,12,3970,final
2026-03-20,bathroomgraffiti,all,dossier,d:products,total,9.1,13,4015,final
2026-03-21,bathroomgraffiti,all,dossier,d:products,total,8.1,12,4742,final
2026-03-22,bathroomgraffiti,all,dossier,d:products,total,8.6,32,4679,final
2026-03-23,bathroomgraffiti,all,dossier,d:products,total,8.4,8,4283,final
2026-03-24,bathroomgraffiti,all,dossier,d:products,total,8.1,18,4271,final
2026-03-25,bathroomgraffiti,all,dossier,d:products,total,8.5,17,4535,final
2026-03-26,bathroomgraffiti,all,dossier,d:products,total,8.4,20,3972,final
2026-03-27,bathroomgraffiti,all,dossier,d:products,total,8.8,8,3662,final
2026-03-28,bathroomgraffiti,all,dossier,d:products,total,8.1,17,4228,final
2026-03-29,bathroomgraffiti,all,dossier,d:products,total,8.9,14,4115,final
2026-03-30,bathroomgraffiti,all,dossier,d:products,total,8.5,14,3529,final
2026-03-31,bathroomgraffiti,all,dossier,d:products,total,8.6,11,3864,final
2026-04-01,bathroomgraffiti,all,dossier,d:products,total,8.3,14,4080,final
2026-04-02,bathroomgraffiti,all,dossier,d:products,total,8.7,13,3647,final
2026-04-03,bathroomgraffiti,all,dossier,d:products,total,9.1,5,3462,final
2026-04-04,bathroomgraffiti,all,dossier,d:products,total,8.8,10,3722,final
2026-04-05,bathroomgraffiti,all,dossier,d:products,total,9.1,10,3879,final
2026-04-06,bathroomgraffiti,all,dossier,d:products,total,9.0,10,3648,final
2026-04-07,bathroomgraffiti,all,dossier,d:products,total,7.9,12,3026,final
2026-04-08,bathroomgraffiti,all,dossier,d:products,total,8.0,13,3815,final
2026-04-09,bathroomgraffiti,all,dossier,d:products,total,7.8,10,3936,final
2026-04-10,bathroomgraffiti,all,dossier,d:products,total,7.7,11,3661,final
2026-04-11,bathroomgraffiti,all,dossier,d:products,total,7.1,8,4104,final
2026-04-12,bathroomgraffiti,all,dossier,d:products,total,7.9,11,4151,final
2026-04-13,bathroomgraffiti,all,dossier,d:products,total,8.8,8,3658,final
2026-04-14,bathroomgraffiti,all,dossier,d:products,total,8.5,12,3321,final
2026-04-15,bathroomgraffiti,all,dossier,d:products,total,7.7,6,3182,final
2026-04-16,bathroomgraffiti,all,dossier,d:products,total,8.4,6,3076,final
2026-04-17,bathroomgraffiti,all,dossier,d:products,total,7.9,12,2912,final
2026-04-18,bathroomgraffiti,all,dossier,d:products,total,8.6,10,3091,final
2026-04-19,bathroomgraffiti,all,dossier,d:products,total,8.5,11,3001,final
2026-04-20,bathroomgraffiti,all,dossier,d:products,total,8.7,13,2861,final
2026-04-21,bathroomgraffiti,all,dossier,d:products,total,8.5,8,3066,final
2026-04-22,bathroomgraffiti,all,dossier,d:products,total,8.6,9,3146,final
2026-04-23,bathroomgraffiti,all,dossier,d:products,total,8.3,10,2882,final
2026-04-24,bathroomgraffiti,all,dossier,d:products,total,8.4,6,2910,final
2026-04-25,bathroomgraffiti,all,dossier,d:products,total,8.3,7,2983,final
2026-04-26,bathroomgraffiti,all,dossier,d:products,total,9.2,12,3369,final
2026-04-27,bathroomgraffiti,all,dossier,d:products,total,8.6,5,3240,final
2026-04-28,bathroomgraffiti,all,dossier,d:products,total,8.9,6,3746,final
2026-04-29,bathroomgraffiti,all,dossier,d:products,total,8.6,9,3697,final
2026-04-30,bathroomgraffiti,all,dossier,d:products,total,8.6,8,4211,final
2026-05-01,bathroomgraffiti,all,dossier,d:products,total,8.7,12,3620,final
2026-05-02,bathroomgraffiti,all,dossier,d:products,total,8.5,6,3529,final
2026-05-03,bathroomgraffiti,all,dossier,d:products,total,8.0,21,5709,final
2026-05-04,bathroomgraffiti,all,dossier,d:products,total,8.7,8,3332,final
2026-05-05,bathroomgraffiti,all,dossier,d:products,total,8.6,7,3327,final
2026-05-06,bathroomgraffiti,all,dossier,d:products,total,8.4,7,3328,final
2026-05-07,bathroomgraffiti,all,dossier,d:products,total,8.9,3,3942,final
2026-05-08,bathroomgraffiti,all,dossier,d:products,total,8.5,5,3610,final
2026-05-09,bathroomgraffiti,all,dossier,d:products,total,8.1,15,3721,final
2026-05-10,bathroomgraffiti,all,dossier,d:products,total,8.2,11,3501,final
2026-05-11,bathroomgraffiti,all,dossier,d:products,total,8.2,11,2758,final
2026-05-12,bathroomgraffiti,all,dossier,d:products,total,8.2,8,2932,final
2026-05-13,bathroomgraffiti,all,dossier,d:products,total,8.3,4,3117,final
2026-05-14,bathroomgraffiti,all,dossier,d:products,total,7.6,13,3334,final
2026-05-15,bathroomgraffiti,all,dossier,d:products,total,6.7,14,3215,final
2026-05-16,bathroomgraffiti,all,dossier,d:products,total,7.0,13,3146,final
2026-05-17,bathroomgraffiti,all,dossier,d:products,total,6.8,11,3025,final
2026-05-18,bathroomgraffiti,all,dossier,d:products,total,7.1,13,3003,final
2026-05-19,bathroomgraffiti,all,dossier,d:products,total,7.3,10,2865,final
2026-05-20,bathroomgraffiti,all,dossier,d:products,total,7.1,7,2900,final
2026-05-21,bathroomgraffiti,all,dossier,d:products,total,7.3,7,2789,final
2026-05-22,bathroomgraffiti,all,dossier,d:products,total,7.3,7,2756,final
2026-05-23,bathroomgraffiti,all,dossier,d:products,total,7.1,7,2640,final
2026-05-24,bathroomgraffiti,all,dossier,d:products,total,7.1,24,3349,final
2026-05-25,bathroomgraffiti,all,dossier,d:products,total,7.0,23,3501,final
2026-05-26,bathroomgraffiti,all,dossier,d:products,total,6.9,20,3719,final
2026-05-27,bathroomgraffiti,all,dossier,d:products,total,5.9,27,3343,final
2026-05-28,bathroomgraffiti,all,dossier,d:products,total,6.4,28,2967,final
2026-05-29,bathroomgraffiti,all,dossier,d:products,total,6.7,14,2717,final
2026-05-30,bathroomgraffiti,all,dossier,d:products,total,6.6,10,2620,final
2026-05-31,bathroomgraffiti,all,dossier,d:products,total,6.6,11,2440,final
2026-06-01,bathroomgraffiti,all,dossier,d:products,total,7.7,12,2438,final
2026-06-02,bathroomgraffiti,all,dossier,d:products,total,6.9,6,2518,final
2026-06-03,bathroomgraffiti,all,dossier,d:products,total,6.1,7,2819,final
2026-06-04,bathroomgraffiti,all,dossier,d:products,total,7.8,9,2057,final
2026-06-05,bathroomgraffiti,all,dossier,d:products,total,7.3,7,1902,final
2026-06-06,bathroomgraffiti,all,dossier,d:products,total,7.3,9,2217,final
2026-06-07,bathroomgraffiti,all,dossier,d:products,total,7.4,9,2539,final
2026-06-08,bathroomgraffiti,all,dossier,d:products,total,7.0,10,2192,final
2026-06-09,bathroomgraffiti,all,dossier,d:products,total,7.1,9,2058,final
2026-06-10,bathroomgraffiti,all,dossier,d:products,total,6.8,13,2112,final
2026-06-11,bathroomgraffiti,all,dossier,d:products,total,6.6,11,2105,final
2026-06-12,bathroomgraffiti,all,dossier,d:products,total,7.1,11,1973,final
2026-06-13,bathroomgraffiti,all,dossier,d:products,total,7.6,11,2104,final
2026-06-14,bathroomgraffiti,all,dossier,d:products,total,7.1,15,2248,final
2026-06-15,bathroomgraffiti,all,dossier,d:products,total,7.7,14,2143,final
2026-06-16,bathroomgraffiti,all,dossier,d:products,total,7.2,14,2405,final
2026-06-17,bathroomgraffiti,all,dossier,d:products,total,7.2,9,2304,final
2026-06-18,bathroomgraffiti,all,dossier,d:products,total,7.3,10,1988,final
2026-06-19,bathroomgraffiti,all,dossier,d:products,total,7.6,5,1847,final
2026-06-20,bathroomgraffiti,all,dossier,d:products,total,7.5,9,2063,final
2026-06-21,bathroomgraffiti,all,dossier,d:products,total,7.5,16,1936,final
2026-06-22,bathroomgraffiti,all,dossier,d:products,total,7.6,9,1837,final
2026-06-23,bathroomgraffiti,all,dossier,d:products,total,7.3,12,1956,final
2026-06-24,bathroomgraffiti,all,dossier,d:products,total,7.1,13,2149,final
2026-06-25,bathroomgraffiti,all,dossier,d:products,total,8.0,11,2021,final
2026-06-26,bathroomgraffiti,all,dossier,d:products,total,6.8,7,1952,final
2026-06-27,bathroomgraffiti,all,dossier,d:products,total,6.8,8,2202,final
2026-06-28,bathroomgraffiti,all,dossier,d:products,total,6.8,5,2110,final
2026-06-29,bathroomgraffiti,all,dossier,d:products,total,7.2,15,2069,final
2026-06-30,bathroomgraffiti,all,dossier,d:products,total,7.2,12,2113,final
2026-07-01,bathroomgraffiti,all,dossier,d:products,total,6.1,14,2620,final
2026-07-02,bathroomgraffiti,all,dossier,d:products,total,7.0,12,2244,final
2026-07-03,bathroomgraffiti,all,dossier,d:products,total,7.4,11,2082,final
2026-07-04,bathroomgraffiti,all,dossier,d:products,total,7.1,11,2217,final
2026-07-05,bathroomgraffiti,all,dossier,d:products,total,7.6,8,2229,final
2026-07-06,bathroomgraffiti,all,dossier,d:products,total,8.0,4,2107,final
2026-07-07,bathroomgraffiti,all,dossier,d:products,total,7.8,7,2136,final
2026-07-08,bathroomgraffiti,all,dossier,d:products,total,7.7,10,2299,final
2026-07-09,bathroomgraffiti,all,dossier,d:products,total,8.2,11,2225,final
2026-07-10,bathroomgraffiti,all,dossier,d:products,total,7.9,6,2076,final
2026-07-11,bathroomgraffiti,all,dossier,d:products,total,8.4,1,2129,final
2026-07-12,bathroomgraffiti,all,dossier,d:products,total,8.3,11,2228,final
2026-07-13,bathroomgraffiti,all,dossier,d:products,total,7.6,6,2315,final
2026-07-14,bathroomgraffiti,all,dossier,d:products,total,8.0,11,2342,final
2026-07-15,bathroomgraffiti,all,dossier,d:products,total,7.2,10,2114,final
2026-07-16,bathroomgraffiti,all,dossier,d:products,total,7.1,12,2533,final
2026-07-17,bathroomgraffiti,all,dossier,d:products,total,7.0,14,2248,final
2026-07-18,bathroomgraffiti,all,dossier,d:products,total,7.2,12,2360,final
2026-07-19,bathroomgraffiti,all,dossier,d:products,total,7.4,10,2205,final
2026-07-20,bathroomgraffiti,all,dossier,d:products,total,7.3,19,2190,final
2026-07-21,bathroomgraffiti,all,dossier,d:products,total,7.1,5,2239,final
2026-07-22,bathroomgraffiti,all,dossier,d:products,total,7.1,10,2246,final
2026-07-23,bathroomgraffiti,all,dossier,d:products,total,7.5,13,2329,final
2026-07-24,bathroomgraffiti,all,dossier,d:products,total,7.6,16,2195,final
2026-07-25,bathroomgraffiti,all,dossier,d:products,total,7.8,12,2312,final
2026-07-26,bathroomgraffiti,all,dossier,d:products,total,8.5,15,2522,final
2026-07-27,bathroomgraffiti,all,dossier,d:products,total,8.5,15,2477,final
2026-07-28,bathroomgraffiti,all,dossier,d:products,total,8.2,18,2458,final
2026-07-29,bathroomgraffiti,all,dossier,d:products,total,8.6,16,2848,final
2026-07-30,bathroomgraffiti,all,dossier,d:products,total,9.0,15,2806,final
2026-07-31,bathroomgraffiti,all,dossier,d:products,total,8.2,23,2574,final
2026-08-01,bathroomgraffiti,all,dossier,d:products,total,8.1,26,2661,final
2026-08-02,bathroomgraffiti,all,dossier,d:products,total,8.2,18,3358,final
2026-08-03,bathroomgraffiti,all,dossier,d:products,total,7.8,23,3150,final
2026-08-04,bathroomgraffiti,all,dossier,d:products,total,7.7,22,3306,final
2026-08-05,bathroomgraffiti,all,dossier,d:products,total,8.2,26,3872,final
2026-08-06,bathroomgraffiti,all,dossier,d:products,total,9.3,14,3963,final
2026-08-07,bathroomgraffiti,all,dossier,d:products,total,8.6,14,3308,final
2026-08-08,bathroomgraffiti,all,dossier,d:products,total,7.8,13,3582,final
2026-08-09,bathroomgraffiti,all,dossier,d:products,total,8.4,20,3638,final
2026-08-10,bathroomgraffiti,all,dossier,d:products,total,8.6,27,3717,final
2026-08-11,bathroomgraffiti,all,dossier,d:products,total,8.4,10,3674,final
2026-08-12,bathroomgraffiti,all,dossier,d:products,total,8.7,10,3422,final
2026-08-13,bathroomgraffiti,all,dossier,d:products,total,8.8,4,3578,final
2026-08-14,bathroomgraffiti,all,dossier,d:products,total,8.6,8,3661,final
2026-08-15,bathroomgraffiti,all,dossier,d:products,total,7.7,13,3606,final
2026-08-16,bathroomgraffiti,all,dossier,d:products,total,7.8,18,4024,final
2026-08-17,bathroomgraffiti,all,dossier,d:products,total,7.8,17,4338,final
2026-08-18,bathroomgraffiti,all,dossier,d:products,total,7.1,22,4220,final
2026-08-19,bathroomgraffiti,all,dossier,d:products,total,7.4,10,4250,final
2026-08-20,bathroomgraffiti,all,dossier,d:products,total,7.2,20,4252,final
2026-08-21,bathroomgraffiti,all,dossier,d:products,total,7.0,14,3990,final
2026-08-22,bathroomgraffiti,all,dossier,d:products,total,6.4,9,3955,final
2026-08-23,bathroomgraffiti,all,dossier,d:products,total,6.8,14,3859,final
2026-08-24,bathroomgraffiti,all,dossier,d:products,total,7.0,9,4161,final
2026-08-25,bathroomgraffiti,all,dossier,d:products,total,7.5,17,4168,final
2026-08-26,bathroomgraffiti,all,dossier,d:products,total,8.1,22,4159,final
2026-08-27,bathroomgraffiti,all,dossier,d:products,total,7.4,21,4240,final
2026-08-28,bathroomgraffiti,all,dossier,d:products,total,8.0,10,4078,final
2026-08-29,bathroomgraffiti,all,dossier,d:products,total,8.3,15,3144,final
2026-08-30,bathroomgraffiti,all,dossier,d:products,total,8.0,6,2920,final
2026-08-31,bathroomgraffiti,all,dossier,d:products,total,7.8,10,2818,final
2026-09-01,bathroomgraffiti,all,dossier,d:products,total,8.2,14,2744,final
2026-09-02,bathroomgraffiti,all,dossier,d:products,total,7.8,14,2770,final
2026-09-03,bathroomgraffiti,all,dossier,d:products,total,12.1,8,3001,final
2026-09-04,bathroomgraffiti,all,dossier,d:products,total,9.5,16,2689,final
2026-09-05,bathroomgraffiti,all,dossier,d:products,total,6.9,13,3166,final
2026-09-06,bathroomgraffiti,all,dossier,d:products,total,6.7,13,3169,final
2026-09-07,bathroomgraffiti,all,dossier,d:products,total,6.6,7,2891,final
2026-09-08,bathroomgraffiti,all,dossier,d:products,total,7.6,19,2465,final
2026-09-09,bathroomgraffiti,all,dossier,d:products,total,7.1,12,2541,final
2026-09-10,bathroomgraffiti,all,dossier,d:products,total,8.4,3,1923,final
2026-09-11,bathroomgraffiti,all,dossier,d:products,total,7.3,7,2276,final
2026-09-12,bathroomgraffiti,all,dossier,d:products,total,7.6,17,2592,final
2026-09-13,bathroomgraffiti,all,dossier,d:products,total,7.1,14,2481,final
2026-09-14,bathroomgraffiti,all,dossier,d:products,total,7.8,20,2125,final
2026-09-15,bathroomgraffiti,all,dossier,d:products,total,7.7,13,1908,final
2026-09-16,bathroomgraffiti,all,dossier,d:products,total,7.9,14,2188,final
2026-09-17,bathroomgraffiti,all,dossier,d:products,total,7.2,9,1819,final
2026-09-18,bathroomgraffiti,all,dossier,d:products,total,6.9,12,1909,final
2026-09-19,bathroomgraffiti,all,dossier,d:products,total,7.4,8,2150,final
2026-09-20,bathroomgraffiti,all,dossier,d:products,total,6.7,13,2002,final
2026-09-21,bathroomgraffiti,all,dossier,d:products,total,6.7,8,1801,final
2026-09-22,bathroomgraffiti,all,dossier,d:products,total,7.2,11,1766,final
2026-09-23,bathroomgraffiti,all,dossier,d:products,total,7.4,11,1874,final
2026-09-24,bathroomgraffiti,all,dossier,d:products,total,8.1,9,1652,final
2026-09-25,bathroomgraffiti,all,dossier,d:products,total,7.5,6,1803,final
2026-09-26,bathroomgraffiti,all,dossier,d:products,total,8.1,13,2167,final
2026-09-27,bathroomgraffiti,all,dossier,d:products,total,7.9,7,2030,final
2026-09-28,bathroomgraffiti,all,dossier,d:products,total,7.5,12,1449,final
2026-09-29,bathroomgraffiti,all,dossier,d:products,total,8.3,7,1617,final
2026-09-30,bathroomgraffiti,all,dossier,d:products,total,8.0,9,1950,final
2026-10-01,bathroomgraffiti,all,dossier,d:products,total,7.8,10,1725,final
2026-10-02,bathroomgraffiti,all,dossier,d:products,total,8.4,9,1858,final
2026-10-03,bathroomgraffiti,all,dossier,d:products,total,9.1,9,2309,fresh
2026-10-04,bathroomgraffiti,all,dossier,d:products,total,9.3,8,2137,fresh
2025-06-12,bathroomgraffiti,all,dossier,racine,total,11.6,54,457,final
2025-06-13,bathroomgraffiti,all,dossier,racine,total,12.2,39,443,final
2025-06-14,bathroomgraffiti,all,dossier,racine,total,9.6,55,471,final
2025-06-15,bathroomgraffiti,all,dossier,racine,total,9.1,57,542,final
2025-06-16,bathroomgraffiti,all,dossier,racine,total,11.0,65,478,final
2025-06-17,bathroomgraffiti,all,dossier,racine,total,11.9,58,425,final
2025-06-18,bathroomgraffiti,all,dossier,racine,total,12.4,49,465,final
2025-06-19,bathroomgraffiti,all,dossier,racine,total,15.3,47,381,final
2025-06-20,bathroomgraffiti,all,dossier,racine,total,13.9,61,479,final
2025-06-21,bathroomgraffiti,all,dossier,racine,total,14.0,41,431,final
2025-06-22,bathroomgraffiti,all,dossier,racine,total,13.9,55,391,final
2025-06-23,bathroomgraffiti,all,dossier,racine,total,12.2,54,464,final
2025-06-24,bathroomgraffiti,all,dossier,racine,total,12.1,70,524,final
2025-06-25,bathroomgraffiti,all,dossier,racine,total,13.0,71,501,final
2025-06-26,bathroomgraffiti,all,dossier,racine,total,13.0,59,505,final
2025-06-27,bathroomgraffiti,all,dossier,racine,total,14.0,49,466,final
2025-06-28,bathroomgraffiti,all,dossier,racine,total,13.0,55,455,final
2025-06-29,bathroomgraffiti,all,dossier,racine,total,13.6,43,417,final
2025-06-30,bathroomgraffiti,all,dossier,racine,total,13.7,50,500,final
2025-07-01,bathroomgraffiti,all,dossier,racine,total,13.1,52,503,final
2025-07-02,bathroomgraffiti,all,dossier,racine,total,13.1,56,489,final
2025-07-03,bathroomgraffiti,all,dossier,racine,total,11.9,61,515,final
2025-07-04,bathroomgraffiti,all,dossier,racine,total,15.3,56,533,final
2025-07-05,bathroomgraffiti,all,dossier,racine,total,11.9,51,524,final
2025-07-06,bathroomgraffiti,all,dossier,racine,total,12.5,42,498,final
2025-07-07,bathroomgraffiti,all,dossier,racine,total,11.1,61,576,final
2025-07-08,bathroomgraffiti,all,dossier,racine,total,11.3,43,575,final
2025-07-09,bathroomgraffiti,all,dossier,racine,total,12.2,61,553,final
2025-07-10,bathroomgraffiti,all,dossier,racine,total,13.3,62,553,final
2025-07-11,bathroomgraffiti,all,dossier,racine,total,13.9,50,588,final
2025-07-12,bathroomgraffiti,all,dossier,racine,total,11.8,48,456,final
2025-07-13,bathroomgraffiti,all,dossier,racine,total,11.0,55,462,final
2025-07-14,bathroomgraffiti,all,dossier,racine,total,10.2,37,457,final
2025-07-15,bathroomgraffiti,all,dossier,racine,total,10.4,61,506,final
2025-07-16,bathroomgraffiti,all,dossier,racine,total,10.6,62,527,final
2025-07-17,bathroomgraffiti,all,dossier,racine,total,12.5,42,444,final
2025-07-18,bathroomgraffiti,all,dossier,racine,total,10.6,49,482,final
2025-07-19,bathroomgraffiti,all,dossier,racine,total,10.7,52,431,final
2025-07-20,bathroomgraffiti,all,dossier,racine,total,8.0,62,488,final
2025-07-21,bathroomgraffiti,all,dossier,racine,total,10.9,48,424,final
2025-07-22,bathroomgraffiti,all,dossier,racine,total,11.2,49,492,final
2025-07-23,bathroomgraffiti,all,dossier,racine,total,8.1,83,545,final
2025-07-24,bathroomgraffiti,all,dossier,racine,total,8.9,63,511,final
2025-07-25,bathroomgraffiti,all,dossier,racine,total,10.3,83,620,final
2025-07-26,bathroomgraffiti,all,dossier,racine,total,9.1,60,525,final
2025-07-27,bathroomgraffiti,all,dossier,racine,total,9.8,57,477,final
2025-07-28,bathroomgraffiti,all,dossier,racine,total,9.6,60,539,final
2025-07-29,bathroomgraffiti,all,dossier,racine,total,10.0,46,439,final
2025-07-30,bathroomgraffiti,all,dossier,racine,total,8.9,68,488,final
2025-07-31,bathroomgraffiti,all,dossier,racine,total,9.0,46,414,final
2025-08-01,bathroomgraffiti,all,dossier,racine,total,12.9,55,533,final
2025-08-02,bathroomgraffiti,all,dossier,racine,total,9.4,49,416,final
2025-08-03,bathroomgraffiti,all,dossier,racine,total,10.1,43,400,final
2025-08-04,bathroomgraffiti,all,dossier,racine,total,9.7,62,557,final
2025-08-05,bathroomgraffiti,all,dossier,racine,total,9.4,67,544,final
2025-08-06,bathroomgraffiti,all,dossier,racine,total,10.1,54,560,final
2025-08-07,bathroomgraffiti,all,dossier,racine,total,11.3,48,503,final
2025-08-08,bathroomgraffiti,all,dossier,racine,total,11.2,47,501,final
2025-08-09,bathroomgraffiti,all,dossier,racine,total,9.2,43,513,final
2025-08-10,bathroomgraffiti,all,dossier,racine,total,9.0,43,498,final
2025-08-11,bathroomgraffiti,all,dossier,racine,total,13.6,48,582,final
2025-08-12,bathroomgraffiti,all,dossier,racine,total,11.0,46,416,final
2025-08-13,bathroomgraffiti,all,dossier,racine,total,10.0,43,397,final
2025-08-14,bathroomgraffiti,all,dossier,racine,total,10.0,42,409,final
2025-08-15,bathroomgraffiti,all,dossier,racine,total,11.0,47,444,final
2025-08-16,bathroomgraffiti,all,dossier,racine,total,8.3,56,437,final
2025-08-17,bathroomgraffiti,all,dossier,racine,total,8.3,36,398,final
2025-08-18,bathroomgraffiti,all,dossier,racine,total,9.9,39,395,final
2025-08-19,bathroomgraffiti,all,dossier,racine,total,8.9,64,516,final
2025-08-20,bathroomgraffiti,all,dossier,racine,total,9.3,45,454,final
2025-08-21,bathroomgraffiti,all,dossier,racine,total,10.7,50,414,final
2025-08-22,bathroomgraffiti,all,dossier,racine,total,12.1,50,413,final
2025-08-23,bathroomgraffiti,all,dossier,racine,total,10.9,27,373,final
2025-08-24,bathroomgraffiti,all,dossier,racine,total,9.4,41,377,final
2025-08-25,bathroomgraffiti,all,dossier,racine,total,8.5,47,516,final
2025-08-26,bathroomgraffiti,all,dossier,racine,total,9.8,41,500,final
2025-08-27,bathroomgraffiti,all,dossier,racine,total,10.5,59,551,final
2025-08-28,bathroomgraffiti,all,dossier,racine,total,9.1,59,539,final
2025-08-29,bathroomgraffiti,all,dossier,racine,total,10.0,56,513,final
2025-08-30,bathroomgraffiti,all,dossier,racine,total,10.0,56,500,final
2025-08-31,bathroomgraffiti,all,dossier,racine,total,12.0,49,507,final
2025-09-01,bathroomgraffiti,all,dossier,racine,total,10.8,30,505,final
2025-09-02,bathroomgraffiti,all,dossier,racine,total,11.2,43,462,final
2025-09-03,bathroomgraffiti,all,dossier,racine,total,11.0,46,481,final
2025-09-04,bathroomgraffiti,all,dossier,racine,total,11.1,60,547,final
2025-09-05,bathroomgraffiti,all,dossier,racine,total,12.1,45,521,final
2025-09-06,bathroomgraffiti,all,dossier,racine,total,10.4,53,501,final
2025-09-07,bathroomgraffiti,all,dossier,racine,total,10.5,42,459,final
2025-09-08,bathroomgraffiti,all,dossier,racine,total,10.8,57,503,final
2025-09-09,bathroomgraffiti,all,dossier,racine,total,9.6,46,468,final
2025-09-10,bathroomgraffiti,all,dossier,racine,total,8.1,43,440,final
2025-09-11,bathroomgraffiti,all,dossier,racine,total,7.9,46,474,final
2025-09-12,bathroomgraffiti,all,dossier,racine,total,8.2,39,401,final
2025-09-13,bathroomgraffiti,all,dossier,racine,total,6.6,55,444,final
2025-09-14,bathroomgraffiti,all,dossier,racine,total,6.6,23,315,final
2025-09-15,bathroomgraffiti,all,dossier,racine,total,7.5,38,380,final
2025-09-16,bathroomgraffiti,all,dossier,racine,total,6.8,46,367,final
2025-09-17,bathroomgraffiti,all,dossier,racine,total,6.6,51,401,final
2025-09-18,bathroomgraffiti,all,dossier,racine,total,7.1,52,394,final
2025-09-19,bathroomgraffiti,all,dossier,racine,total,6.9,49,377,final
2025-09-20,bathroomgraffiti,all,dossier,racine,total,6.4,54,442,final
2025-09-21,bathroomgraffiti,all,dossier,racine,total,6.5,51,464,final
2025-09-22,bathroomgraffiti,all,dossier,racine,total,6.8,43,377,final
2025-09-23,bathroomgraffiti,all,dossier,racine,total,7.2,44,431,final
2025-09-24,bathroomgraffiti,all,dossier,racine,total,7.1,51,403,final
2025-09-25,bathroomgraffiti,all,dossier,racine,total,6.6,52,429,final
2025-09-26,bathroomgraffiti,all,dossier,racine,total,6.2,63,523,final
2025-09-27,bathroomgraffiti,all,dossier,racine,total,6.2,52,455,final
2025-09-28,bathroomgraffiti,all,dossier,racine,total,7.5,42,481,final
2025-09-29,bathroomgraffiti,all,dossier,racine,total,7.6,42,405,final
2025-09-30,bathroomgraffiti,all,dossier,racine,total,6.7,66,487,final
2025-10-01,bathroomgraffiti,all,dossier,racine,total,7.1,40,433,final
2025-10-02,bathroomgraffiti,all,dossier,racine,total,8.4,30,400,final
2025-10-03,bathroomgraffiti,all,dossier,racine,total,7.2,48,453,final
2025-10-04,bathroomgraffiti,all,dossier,racine,total,14.5,53,651,final
2025-10-05,bathroomgraffiti,all,dossier,racine,total,7.2,44,413,final
2025-10-06,bathroomgraffiti,all,dossier,racine,total,7.6,52,451,final
2025-10-07,bathroomgraffiti,all,dossier,racine,total,8.6,36,629,final
2025-10-08,bathroomgraffiti,all,dossier,racine,total,7.3,49,513,final
2025-10-09,bathroomgraffiti,all,dossier,racine,total,24.0,62,778,final
2025-10-10,bathroomgraffiti,all,dossier,racine,total,8.4,39,455,final
2025-10-11,bathroomgraffiti,all,dossier,racine,total,6.4,33,470,final
2025-10-12,bathroomgraffiti,all,dossier,racine,total,7.3,50,555,final
2025-10-13,bathroomgraffiti,all,dossier,racine,total,7.7,33,441,final
2025-10-14,bathroomgraffiti,all,dossier,racine,total,7.6,37,438,final
2025-10-15,bathroomgraffiti,all,dossier,racine,total,7.9,56,526,final
2025-10-16,bathroomgraffiti,all,dossier,racine,total,9.0,48,463,final
2025-10-17,bathroomgraffiti,all,dossier,racine,total,7.7,52,488,final
2025-10-18,bathroomgraffiti,all,dossier,racine,total,6.5,32,434,final
2025-10-19,bathroomgraffiti,all,dossier,racine,total,7.0,19,458,final
2025-10-20,bathroomgraffiti,all,dossier,racine,total,7.3,45,398,final
2025-10-21,bathroomgraffiti,all,dossier,racine,total,7.3,43,412,final
2025-10-22,bathroomgraffiti,all,dossier,racine,total,6.7,47,375,final
2025-10-23,bathroomgraffiti,all,dossier,racine,total,6.1,35,371,final
2025-10-24,bathroomgraffiti,all,dossier,racine,total,8.6,54,673,final
2025-10-25,bathroomgraffiti,all,dossier,racine,total,9.3,42,443,final
2025-10-26,bathroomgraffiti,all,dossier,racine,total,6.5,54,410,final
2025-10-27,bathroomgraffiti,all,dossier,racine,total,7.5,46,385,final
2025-10-28,bathroomgraffiti,all,dossier,racine,total,6.8,50,358,final
2025-10-29,bathroomgraffiti,all,dossier,racine,total,5.3,54,345,final
2025-10-30,bathroomgraffiti,all,dossier,racine,total,6.7,52,427,final
2025-10-31,bathroomgraffiti,all,dossier,racine,total,7.6,38,340,final
2025-11-01,bathroomgraffiti,all,dossier,racine,total,6.9,46,453,final
2025-11-02,bathroomgraffiti,all,dossier,racine,total,7.9,51,437,final
2025-11-03,bathroomgraffiti,all,dossier,racine,total,7.2,56,440,final
2025-11-04,bathroomgraffiti,all,dossier,racine,total,6.7,45,443,final
2025-11-05,bathroomgraffiti,all,dossier,racine,total,7.8,66,447,final
2025-11-06,bathroomgraffiti,all,dossier,racine,total,7.0,54,480,final
2025-11-07,bathroomgraffiti,all,dossier,racine,total,6.2,63,385,final
2025-11-08,bathroomgraffiti,all,dossier,racine,total,5.9,63,407,final
2025-11-09,bathroomgraffiti,all,dossier,racine,total,5.6,79,434,final
2025-11-10,bathroomgraffiti,all,dossier,racine,total,6.8,56,426,final
2025-11-11,bathroomgraffiti,all,dossier,racine,total,6.4,55,421,final
2025-11-12,bathroomgraffiti,all,dossier,racine,total,6.0,70,437,final
2025-11-13,bathroomgraffiti,all,dossier,racine,total,5.8,68,378,final
2025-11-14,bathroomgraffiti,all,dossier,racine,total,7.1,58,460,final
2025-11-15,bathroomgraffiti,all,dossier,racine,total,5.4,69,412,final
2025-11-16,bathroomgraffiti,all,dossier,racine,total,5.3,77,387,final
2025-11-17,bathroomgraffiti,all,dossier,racine,total,5.7,76,464,final
2025-11-18,bathroomgraffiti,all,dossier,racine,total,5.3,55,361,final
2025-11-19,bathroomgraffiti,all,dossier,racine,total,5.7,82,419,final
2025-11-20,bathroomgraffiti,all,dossier,racine,total,5.5,79,420,final
2025-11-21,bathroomgraffiti,all,dossier,racine,total,6.2,74,405,final
2025-11-22,bathroomgraffiti,all,dossier,racine,total,6.3,69,444,final
2025-11-23,bathroomgraffiti,all,dossier,racine,total,6.4,92,505,final
2025-11-24,bathroomgraffiti,all,dossier,racine,total,7.0,91,552,final
2025-11-25,bathroomgraffiti,all,dossier,racine,total,6.7,96,531,final
2025-11-26,bathroomgraffiti,all,dossier,racine,total,6.9,91,540,final
2025-11-27,bathroomgraffiti,all,dossier,racine,total,7.2,111,558,final
2025-11-28,bathroomgraffiti,all,dossier,racine,total,6.4,112,565,final
2025-11-29,bathroomgraffiti,all,dossier,racine,total,6.2,97,553,final
2025-11-30,bathroomgraffiti,all,dossier,racine,total,5.5,126,615,final
2025-12-01,bathroomgraffiti,all,dossier,racine,total,6.0,116,606,final
2025-12-02,bathroomgraffiti,all,dossier,racine,total,6.7,108,546,final
2025-12-03,bathroomgraffiti,all,dossier,racine,total,6.3,114,553,final
2025-12-04,bathroomgraffiti,all,dossier,racine,total,8.8,120,755,final
2025-12-05,bathroomgraffiti,all,dossier,racine,total,5.6,103,577,final
2025-12-06,bathroomgraffiti,all,dossier,racine,total,5.6,100,611,final
2025-12-07,bathroomgraffiti,all,dossier,racine,total,6.5,107,705,final
2025-12-08,bathroomgraffiti,all,dossier,racine,total,5.0,146,676,final
2025-12-09,bathroomgraffiti,all,dossier,racine,total,5.3,132,666,final
2025-12-10,bathroomgraffiti,all,dossier,racine,total,7.1,135,715,final
2025-12-11,bathroomgraffiti,all,dossier,racine,total,6.3,113,614,final
2025-12-12,bathroomgraffiti,all,dossier,racine,total,6.4,155,832,final
2025-12-13,bathroomgraffiti,all,dossier,racine,total,5.0,144,839,final
2025-12-14,bathroomgraffiti,all,dossier,racine,total,4.5,151,831,final
2025-12-15,bathroomgraffiti,all,dossier,racine,total,6.2,162,862,final
2025-12-16,bathroomgraffiti,all,dossier,racine,total,5.1,146,710,final
2025-12-17,bathroomgraffiti,all,dossier,racine,total,4.6,136,689,final
2025-12-18,bathroomgraffiti,all,dossier,racine,total,6.6,127,716,final
2025-12-19,bathroomgraffiti,all,dossier,racine,total,4.7,103,569,final
2025-12-20,bathroomgraffiti,all,dossier,racine,total,5.2,129,726,final
2025-12-21,bathroomgraffiti,all,dossier,racine,total,4.9,114,669,final
2025-12-22,bathroomgraffiti,all,dossier,racine,total,5.3,128,645,final
2025-12-23,bathroomgraffiti,all,dossier,racine,total,5.7,110,679,final
2025-12-24,bathroomgraffiti,all,dossier,racine,total,6.6,79,551,final
2025-12-25,bathroomgraffiti,all,dossier,racine,total,8.2,64,438,final
2025-12-26,bathroomgraffiti,all,dossier,racine,total,8.5,67,440,final
2025-12-27,bathroomgraffiti,all,dossier,racine,total,6.3,47,390,final
2025-12-28,bathroomgraffiti,all,dossier,racine,total,6.2,47,341,final
2025-12-29,bathroomgraffiti,all,dossier,racine,total,6.6,60,428,final
2025-12-30,bathroomgraffiti,all,dossier,racine,total,6.8,35,379,final
2025-12-31,bathroomgraffiti,all,dossier,racine,total,7.7,30,304,final
2026-01-01,bathroomgraffiti,all,dossier,racine,total,11.6,39,371,final
2026-01-02,bathroomgraffiti,all,dossier,racine,total,6.2,53,424,final
2026-01-03,bathroomgraffiti,all,dossier,racine,total,7.3,32,368,final
2026-01-04,bathroomgraffiti,all,dossier,racine,total,8.2,48,404,final
2026-01-05,bathroomgraffiti,all,dossier,racine,total,8.4,30,340,final
2026-01-06,bathroomgraffiti,all,dossier,racine,total,8.5,48,382,final
2026-01-07,bathroomgraffiti,all,dossier,racine,total,7.4,48,483,final
2026-01-08,bathroomgraffiti,all,dossier,racine,total,6.7,47,392,final
2026-01-09,bathroomgraffiti,all,dossier,racine,total,10.1,39,451,final
2026-01-10,bathroomgraffiti,all,dossier,racine,total,7.6,39,401,final
2026-01-11,bathroomgraffiti,all,dossier,racine,total,6.9,56,411,final
2026-01-12,bathroomgraffiti,all,dossier,racine,total,7.8,58,474,final
2026-01-13,bathroomgraffiti,all,dossier,racine,total,6.7,50,506,final
2026-01-14,bathroomgraffiti,all,dossier,racine,total,7.6,37,411,final
2026-01-15,bathroomgraffiti,all,dossier,racine,total,6.6,43,333,final
2026-01-16,bathroomgraffiti,all,dossier,racine,total,7.5,50,388,final
2026-01-17,bathroomgraffiti,all,dossier,racine,total,6.7,55,427,final
2026-01-18,bathroomgraffiti,all,dossier,racine,total,6.0,35,338,final
2026-01-19,bathroomgraffiti,all,dossier,racine,total,6.8,38,368,final
2026-01-20,bathroomgraffiti,all,dossier,racine,total,6.7,49,367,final
2026-01-21,bathroomgraffiti,all,dossier,racine,total,7.1,30,349,final
2026-01-22,bathroomgraffiti,all,dossier,racine,total,8.5,21,335,final
2026-01-23,bathroomgraffiti,all,dossier,racine,total,7.9,31,437,final
2026-01-24,bathroomgraffiti,all,dossier,racine,total,6.9,18,353,final
2026-01-25,bathroomgraffiti,all,dossier,racine,total,6.3,26,400,final
2026-01-26,bathroomgraffiti,all,dossier,racine,total,6.8,23,351,final
2026-01-27,bathroomgraffiti,all,dossier,racine,total,6.2,21,458,final
2026-01-28,bathroomgraffiti,all,dossier,racine,total,5.7,18,357,final
2026-01-29,bathroomgraffiti,all,dossier,racine,total,7.1,11,349,final
2026-01-30,bathroomgraffiti,all,dossier,racine,total,8.2,19,380,final
2026-01-31,bathroomgraffiti,all,dossier,racine,total,6.0,30,421,final
2026-02-01,bathroomgraffiti,all,dossier,racine,total,8.8,20,385,final
2026-02-02,bathroomgraffiti,all,dossier,racine,total,6.9,23,361,final
2026-02-03,bathroomgraffiti,all,dossier,racine,total,5.8,20,341,final
2026-02-04,bathroomgraffiti,all,dossier,racine,total,7.2,31,487,final
2026-02-05,bathroomgraffiti,all,dossier,racine,total,5.9,21,315,final
2026-02-06,bathroomgraffiti,all,dossier,racine,total,8.9,22,445,final
2026-02-07,bathroomgraffiti,all,dossier,racine,total,6.4,23,405,final
2026-02-08,bathroomgraffiti,all,dossier,racine,total,7.6,17,360,final
2026-02-09,bathroomgraffiti,all,dossier,racine,total,7.5,10,330,final
2026-02-10,bathroomgraffiti,all,dossier,racine,total,8.9,18,425,final
2026-02-11,bathroomgraffiti,all,dossier,racine,total,9.3,23,381,final
2026-02-12,bathroomgraffiti,all,dossier,racine,total,7.3,23,449,final
2026-02-13,bathroomgraffiti,all,dossier,racine,total,6.8,23,519,final
2026-02-14,bathroomgraffiti,all,dossier,racine,total,5.2,31,484,final
2026-02-15,bathroomgraffiti,all,dossier,racine,total,7.3,20,333,final
2026-02-16,bathroomgraffiti,all,dossier,racine,total,5.7,19,354,final
2026-02-17,bathroomgraffiti,all,dossier,racine,total,6.2,11,327,final
2026-02-18,bathroomgraffiti,all,dossier,racine,total,5.9,18,410,final
2026-02-19,bathroomgraffiti,all,dossier,racine,total,6.1,7,339,final
2026-02-20,bathroomgraffiti,all,dossier,racine,total,7.5,23,585,final
2026-02-21,bathroomgraffiti,all,dossier,racine,total,5.8,17,296,final
2026-02-22,bathroomgraffiti,all,dossier,racine,total,7.1,13,362,final
2026-02-23,bathroomgraffiti,all,dossier,racine,total,7.4,18,395,final
2026-02-24,bathroomgraffiti,all,dossier,racine,total,5.9,18,353,final
2026-02-25,bathroomgraffiti,all,dossier,racine,total,7.5,13,324,final
2026-02-26,bathroomgraffiti,all,dossier,racine,total,8.0,15,292,final
2026-02-27,bathroomgraffiti,all,dossier,racine,total,7.9,12,405,final
2026-02-28,bathroomgraffiti,all,dossier,racine,total,7.5,17,349,final
2026-03-01,bathroomgraffiti,all,dossier,racine,total,7.5,11,272,final
2026-03-02,bathroomgraffiti,all,dossier,racine,total,9.4,17,463,final
2026-03-03,bathroomgraffiti,all,dossier,racine,total,7.9,15,360,final
2026-03-04,bathroomgraffiti,all,dossier,racine,total,6.2,16,375,final
2026-03-05,bathroomgraffiti,all,dossier,racine,total,8.1,8,352,final
2026-03-06,bathroomgraffiti,all,dossier,racine,total,7.5,19,310,final
2026-03-07,bathroomgraffiti,all,dossier,racine,total,5.4,23,371,final
2026-03-08,bathroomgraffiti,all,dossier,racine,total,6.9,10,473,final
2026-03-09,bathroomgraffiti,all,dossier,racine,total,6.7,10,366,final
2026-03-10,bathroomgraffiti,all,dossier,racine,total,6.3,11,336,final
2026-03-11,bathroomgraffiti,all,dossier,racine,total,6.9,8,380,final
2026-03-12,bathroomgraffiti,all,dossier,racine,total,6.2,17,383,final
2026-03-13,bathroomgraffiti,all,dossier,racine,total,7.7,16,410,final
2026-03-14,bathroomgraffiti,all,dossier,racine,total,5.3,31,376,final
2026-03-15,bathroomgraffiti,all,dossier,racine,total,6.9,11,347,final
2026-03-16,bathroomgraffiti,all,dossier,racine,total,6.4,8,391,final
2026-03-17,bathroomgraffiti,all,dossier,racine,total,6.8,6,306,final
2026-03-18,bathroomgraffiti,all,dossier,racine,total,6.3,11,305,final
2026-03-19,bathroomgraffiti,all,dossier,racine,total,5.4,12,347,final
2026-03-20,bathroomgraffiti,all,dossier,racine,total,6.7,13,362,final
2026-03-21,bathroomgraffiti,all,dossier,racine,total,6.0,11,339,final
2026-03-22,bathroomgraffiti,all,dossier,racine,total,5.7,12,328,final
2026-03-23,bathroomgraffiti,all,dossier,racine,total,6.4,10,342,final
2026-03-24,bathroomgraffiti,all,dossier,racine,total,6.8,13,354,final
2026-03-25,bathroomgraffiti,all,dossier,racine,total,6.6,17,391,final
2026-03-26,bathroomgraffiti,all,dossier,racine,total,7.3,11,292,final
2026-03-27,bathroomgraffiti,all,dossier,racine,total,6.1,15,352,final
2026-03-28,bathroomgraffiti,all,dossier,racine,total,5.2,18,361,final
2026-03-29,bathroomgraffiti,all,dossier,racine,total,5.0,16,315,final
2026-03-30,bathroomgraffiti,all,dossier,racine,total,6.3,33,293,final
2026-03-31,bathroomgraffiti,all,dossier,racine,total,5.5,17,311,final
2026-04-01,bathroomgraffiti,all,dossier,racine,total,6.6,14,375,final
2026-04-02,bathroomgraffiti,all,dossier,racine,total,5.8,15,294,final
2026-04-03,bathroomgraffiti,all,dossier,racine,total,6.7,20,363,final
2026-04-04,bathroomgraffiti,all,dossier,racine,total,6.8,15,363,final
2026-04-05,bathroomgraffiti,all,dossier,racine,total,5.7,14,307,final
2026-04-06,bathroomgraffiti,all,dossier,racine,total,5.5,26,477,final
2026-04-07,bathroomgraffiti,all,dossier,racine,total,7.5,14,380,final
2026-04-08,bathroomgraffiti,all,dossier,racine,total,6.5,27,381,final
2026-04-09,bathroomgraffiti,all,dossier,racine,total,8.6,19,396,final
2026-04-10,bathroomgraffiti,all,dossier,racine,total,8.1,12,370,final
2026-04-11,bathroomgraffiti,all,dossier,racine,total,5.4,16,324,final
2026-04-12,bathroomgraffiti,all,dossier,racine,total,5.9,15,307,final
2026-04-13,bathroomgraffiti,all,dossier,racine,total,6.9,12,309,final
2026-04-14,bathroomgraffiti,all,dossier,racine,total,7.4,10,374,final
2026-04-15,bathroomgraffiti,all,dossier,racine,total,7.0,23,395,final
2026-04-16,bathroomgraffiti,all,dossier,racine,total,7.2,16,365,final
2026-04-17,bathroomgraffiti,all,dossier,racine,total,6.1,19,335,final
2026-04-18,bathroomgraffiti,all,dossier,racine,total,6.0,24,371,final
2026-04-19,bathroomgraffiti,all,dossier,racine,total,6.6,18,379,final
2026-04-20,bathroomgraffiti,all,dossier,racine,total,6.6,21,447,final
2026-04-21,bathroomgraffiti,all,dossier,racine,total,6.8,15,437,final
2026-04-22,bathroomgraffiti,all,dossier,racine,total,7.2,13,418,final
2026-04-23,bathroomgraffiti,all,dossier,racine,total,6.1,24,380,final
2026-04-24,bathroomgraffiti,all,dossier,racine,total,7.9,14,451,final
2026-04-25,bathroomgraffiti,all,dossier,racine,total,7.1,15,353,final
2026-04-26,bathroomgraffiti,all,dossier,racine,total,7.7,10,330,final
2026-04-27,bathroomgraffiti,all,dossier,racine,total,6.4,10,414,final
2026-04-28,bathroomgraffiti,all,dossier,racine,total,6.8,16,361,final
2026-04-29,bathroomgraffiti,all,dossier,racine,total,8.2,25,404,final
2026-04-30,bathroomgraffiti,all,dossier,racine,total,8.2,12,359,final
2026-05-01,bathroomgraffiti,all,dossier,racine,total,7.0,14,365,final
2026-05-02,bathroomgraffiti,all,dossier,racine,total,7.5,23,389,final
2026-05-03,bathroomgraffiti,all,dossier,racine,total,6.9,16,376,final
2026-05-04,bathroomgraffiti,all,dossier,racine,total,6.6,14,364,final
2026-05-05,bathroomgraffiti,all,dossier,racine,total,8.1,9,290,final
2026-05-06,bathroomgraffiti,all,dossier,racine,total,5.5,14,334,final
2026-05-07,bathroomgraffiti,all,dossier,racine,total,6.5,8,424,final
2026-05-08,bathroomgraffiti,all,dossier,racine,total,5.2,23,365,final
2026-05-09,bathroomgraffiti,all,dossier,racine,total,5.7,14,327,final
2026-05-10,bathroomgraffiti,all,dossier,racine,total,6.0,12,333,final
2026-05-11,bathroomgraffiti,all,dossier,racine,total,6.1,17,389,final
2026-05-12,bathroomgraffiti,all,dossier,racine,total,6.7,15,354,final
2026-05-13,bathroomgraffiti,all,dossier,racine,total,5.5,19,349,final
2026-05-14,bathroomgraffiti,all,dossier,racine,total,4.8,30,385,final
2026-05-15,bathroomgraffiti,all,dossier,racine,total,5.1,14,353,final
2026-05-16,bathroomgraffiti,all,dossier,racine,total,5.3,15,312,final
2026-05-17,bathroomgraffiti,all,dossier,racine,total,5.0,18,316,final
2026-05-18,bathroomgraffiti,all,dossier,racine,total,5.6,23,303,final
2026-05-19,bathroomgraffiti,all,dossier,racine,total,5.9,14,299,final
2026-05-20,bathroomgraffiti,all,dossier,racine,total,5.5,19,338,final
2026-05-21,bathroomgraffiti,all,dossier,racine,total,5.8,18,287,final
2026-05-22,bathroomgraffiti,all,dossier,racine,total,5.2,24,321,final
2026-05-23,bathroomgraffiti,all,dossier,racine,total,4.6,15,289,final
2026-05-24,bathroomgraffiti,all,dossier,racine,total,4.8,19,291,final
2026-05-25,bathroomgraffiti,all,dossier,racine,total,5.0,15,367,final
2026-05-26,bathroomgraffiti,all,dossier,racine,total,4.6,37,335,final
2026-05-27,bathroomgraffiti,all,dossier,racine,total,5.2,21,347,final
2026-05-28,bathroomgraffiti,all,dossier,racine,total,4.9,28,356,final
2026-05-29,bathroomgraffiti,all,dossier,racine,total,5.3,16,326,final
2026-05-30,bathroomgraffiti,all,dossier,racine,total,5.1,13,311,final
2026-05-31,bathroomgraffiti,all,dossier,racine,total,4.6,32,356,final
2026-06-01,bathroomgraffiti,all,dossier,racine,total,5.6,36,361,final
2026-06-02,bathroomgraffiti,all,dossier,racine,total,5.0,27,405,final
2026-06-03,bathroomgraffiti,all,dossier,racine,total,5.7,29,398,final
2026-06-04,bathroomgraffiti,all,dossier,racine,total,5.6,13,383,final
2026-06-05,bathroomgraffiti,all,dossier,racine,total,5.6,14,384,final
2026-06-06,bathroomgraffiti,all,dossier,racine,total,5.5,19,328,final
2026-06-07,bathroomgraffiti,all,dossier,racine,total,6.3,14,428,final
2026-06-08,bathroomgraffiti,all,dossier,racine,total,6.6,15,383,final
2026-06-09,bathroomgraffiti,all,dossier,racine,total,6.0,22,419,final
2026-06-10,bathroomgraffiti,all,dossier,racine,total,5.1,24,369,final
2026-06-11,bathroomgraffiti,all,dossier,racine,total,5.5,13,304,final
2026-06-12,bathroomgraffiti,all,dossier,racine,total,5.8,16,302,final
2026-06-13,bathroomgraffiti,all,dossier,racine,total,4.8,19,334,final
2026-06-14,bathroomgraffiti,all,dossier,racine,total,5.3,17,363,final
2026-06-15,bathroomgraffiti,all,dossier,racine,total,4.9,25,332,final
2026-06-16,bathroomgraffiti,all,dossier,racine,total,4.8,13,392,final
2026-06-17,bathroomgraffiti,all,dossier,racine,total,5.7,18,429,final
2026-06-18,bathroomgraffiti,all,dossier,racine,total,6.1,19,394,final
2026-06-19,bathroomgraffiti,all,dossier,racine,total,5.2,19,405,final
2026-06-20,bathroomgraffiti,all,dossier,racine,total,4.7,24,426,final
2026-06-21,bathroomgraffiti,all,dossier,racine,total,4.5,22,364,final
2026-06-22,bathroomgraffiti,all,dossier,racine,total,5.4,21,387,final
2026-06-23,bathroomgraffiti,all,dossier,racine,total,5.7,19,387,final
2026-06-24,bathroomgraffiti,all,dossier,racine,total,5.3,26,428,final
2026-06-25,bathroomgraffiti,all,dossier,racine,total,5.1,19,397,final
2026-06-26,bathroomgraffiti,all,dossier,racine,total,6.3,13,363,final
2026-06-27,bathroomgraffiti,all,dossier,racine,total,6.5,15,366,final
2026-06-28,bathroomgraffiti,all,dossier,racine,total,4.5,23,334,final
2026-06-29,bathroomgraffiti,all,dossier,racine,total,6.2,18,433,final
2026-06-30,bathroomgraffiti,all,dossier,racine,total,6.0,15,395,final
2026-07-01,bathroomgraffiti,all,dossier,racine,total,5.9,16,372,final
2026-07-02,bathroomgraffiti,all,dossier,racine,total,4.6,42,417,final
2026-07-03,bathroomgraffiti,all,dossier,racine,total,4.9,38,372,final
2026-07-04,bathroomgraffiti,all,dossier,racine,total,4.1,42,300,final
2026-07-05,bathroomgraffiti,all,dossier,racine,total,4.0,46,393,final
2026-07-06,bathroomgraffiti,all,dossier,racine,total,4.5,67,466,final
2026-07-07,bathroomgraffiti,all,dossier,racine,total,4.5,51,383,final
2026-07-08,bathroomgraffiti,all,dossier,racine,total,5.7,48,397,final
2026-07-09,bathroomgraffiti,all,dossier,racine,total,6.2,43,386,final
2026-07-10,bathroomgraffiti,all,dossier,racine,total,5.9,43,393,final
2026-07-11,bathroomgraffiti,all,dossier,racine,total,4.4,37,338,final
2026-07-12,bathroomgraffiti,all,dossier,racine,total,4.1,49,355,final
2026-07-13,bathroomgraffiti,all,dossier,racine,total,4.5,40,375,final
2026-07-14,bathroomgraffiti,all,dossier,racine,total,4.8,43,374,final
2026-07-15,bathroomgraffiti,all,dossier,racine,total,4.9,48,365,final
2026-07-16,bathroomgraffiti,all,dossier,racine,total,4.6,42,307,final
2026-07-17,bathroomgraffiti,all,dossier,racine,total,4.9,57,348,final
2026-07-18,bathroomgraffiti,all,dossier,racine,total,4.5,47,390,final
2026-07-19,bathroomgraffiti,all,dossier,racine,total,4.3,58,393,final
2026-07-20,bathroomgraffiti,all,dossier,racine,total,4.4,49,398,final
2026-07-21,bathroomgraffiti,all,dossier,racine,total,4.8,42,445,final
2026-07-22,bathroomgraffiti,all,dossier,racine,total,4.8,50,366,final
2026-07-23,bathroomgraffiti,all,dossier,racine,total,4.7,44,332,final
2026-07-24,bathroomgraffiti,all,dossier,racine,total,3.9,45,423,final
2026-07-25,bathroomgraffiti,all,dossier,racine,total,3.8,44,394,final
2026-07-26,bathroomgraffiti,all,dossier,racine,total,4.9,39,385,final
2026-07-27,bathroomgraffiti,all,dossier,racine,total,4.8,55,429,final
2026-07-28,bathroomgraffiti,all,dossier,racine,total,4.2,55,374,final
2026-07-29,bathroomgraffiti,all,dossier,racine,total,4.5,76,385,final
2026-07-30,bathroomgraffiti,all,dossier,racine,total,4.8,56,362,final
2026-07-31,bathroomgraffiti,all,dossier,racine,total,4.6,63,365,final
2026-08-01,bathroomgraffiti,all,dossier,racine,total,4.4,49,339,final
2026-08-02,bathroomgraffiti,all,dossier,racine,total,4.1,45,362,final
2026-08-03,bathroomgraffiti,all,dossier,racine,total,4.9,51,306,final
2026-08-04,bathroomgraffiti,all,dossier,racine,total,4.6,45,372,final
2026-08-05,bathroomgraffiti,all,dossier,racine,total,4.6,39,324,final
2026-08-06,bathroomgraffiti,all,dossier,racine,total,5.3,44,351,final
2026-08-07,bathroomgraffiti,all,dossier,racine,total,5.8,33,306,final
2026-08-08,bathroomgraffiti,all,dossier,racine,total,4.6,30,302,final
2026-08-09,bathroomgraffiti,all,dossier,racine,total,4.2,42,360,final
2026-08-10,bathroomgraffiti,all,dossier,racine,total,4.8,45,346,final
2026-08-11,bathroomgraffiti,all,dossier,racine,total,4.5,49,386,final
2026-08-12,bathroomgraffiti,all,dossier,racine,total,5.0,40,335,final
2026-08-13,bathroomgraffiti,all,dossier,racine,total,4.9,46,360,final
2026-08-14,bathroomgraffiti,all,dossier,racine,total,5.7,33,339,final
2026-08-15,bathroomgraffiti,all,dossier,racine,total,4.7,34,301,final
2026-08-16,bathroomgraffiti,all,dossier,racine,total,4.7,39,320,final
2026-08-17,bathroomgraffiti,all,dossier,racine,total,4.3,41,276,final
2026-08-18,bathroomgraffiti,all,dossier,racine,total,3.8,51,319,final
2026-08-19,bathroomgraffiti,all,dossier,racine,total,4.5,51,325,final
2026-08-20,bathroomgraffiti,all,dossier,racine,total,4.3,38,313,final
2026-08-21,bathroomgraffiti,all,dossier,racine,total,5.4,42,340,final
2026-08-22,bathroomgraffiti,all,dossier,racine,total,4.7,38,325,final
2026-08-23,bathroomgraffiti,all,dossier,racine,total,4.4,49,348,final
2026-08-24,bathroomgraffiti,all,dossier,racine,total,5.1,49,336,final
2026-08-25,bathroomgraffiti,all,dossier,racine,total,4.8,52,358,final
2026-08-26,bathroomgraffiti,all,dossier,racine,total,4.7,45,332,final
2026-08-27,bathroomgraffiti,all,dossier,racine,total,4.1,70,433,final
2026-08-28,bathroomgraffiti,all,dossier,racine,total,5.2,40,344,final
2026-08-29,bathroomgraffiti,all,dossier,racine,total,4.2,49,346,final
2026-08-30,bathroomgraffiti,all,dossier,racine,total,4.5,48,334,final
2026-08-31,bathroomgraffiti,all,dossier,racine,total,4.2,41,393,final
2026-09-01,bathroomgraffiti,all,dossier,racine,total,4.5,41,316,final
2026-09-02,bathroomgraffiti,all,dossier,racine,total,4.6,42,330,final
2026-09-03,bathroomgraffiti,all,dossier,racine,total,4.8,41,368,final
2026-09-04,bathroomgraffiti,all,dossier,racine,total,4.9,45,427,final
2026-09-05,bathroomgraffiti,all,dossier,racine,total,3.9,39,453,final
2026-09-06,bathroomgraffiti,all,dossier,racine,total,3.7,49,456,final
2026-09-07,bathroomgraffiti,all,dossier,racine,total,4.6,38,389,final
2026-09-08,bathroomgraffiti,all,dossier,racine,total,4.3,53,432,final
2026-09-09,bathroomgraffiti,all,dossier,racine,total,4.0,44,471,final
2026-09-10,bathroomgraffiti,all,dossier,racine,total,4.0,55,382,final
2026-09-11,bathroomgraffiti,all,dossier,racine,total,3.9,53,395,final
2026-09-12,bathroomgraffiti,all,dossier,racine,total,3.4,49,414,final
2026-09-13,bathroomgraffiti,all,dossier,racine,total,3.8,43,371,final
2026-09-14,bathroomgraffiti,all,dossier,racine,total,3.9,63,426,final
2026-09-15,bathroomgraffiti,all,dossier,racine,total,3.8,46,368,final
2026-09-16,bathroomgraffiti,all,dossier,racine,total,4.7,32,347,final
2026-09-17,bathroomgraffiti,all,dossier,racine,total,3.6,47,371,final
2026-09-18,bathroomgraffiti,all,dossier,racine,total,4.5,42,391,final
2026-09-19,bathroomgraffiti,all,dossier,racine,total,5.1,47,386,final
2026-09-20,bathroomgraffiti,all,dossier,racine,total,3.8,44,352,final
2026-09-21,bathroomgraffiti,all,dossier,racine,total,4.6,41,341,final
2026-09-22,bathroomgraffiti,all,dossier,racine,total,4.3,35,322,final
2026-09-23,bathroomgraffiti,all,dossier,racine,total,4.2,53,428,final
2026-09-24,bathroomgraffiti,all,dossier,racine,total,3.6,60,406,final
2026-09-25,bathroomgraffiti,all,dossier,racine,total,5.2,54,410,final
2026-09-26,bathroomgraffiti,all,dossier,racine,total,6.5,47,352,final
2026-09-27,bathroomgraffiti,all,dossier,racine,total,4.7,45,345,final
2026-09-28,bathroomgraffiti,all,dossier,racine,total,4.3,59,337,final
2026-09-29,bathroomgraffiti,all,dossier,racine,total,5.7,63,407,final
2026-09-30,bathroomgraffiti,all,dossier,racine,total,4.9,34,332,final
2026-10-01,bathroomgraffiti,all,dossier,racine,total,4.5,37,312,final
2026-10-02,bathroomgraffiti,all,dossier,racine,total,5.6,46,361,final
2026-10-03,bathroomgraffiti,all,dossier,racine,total,5.4,68,435,fresh
2026-10-04,bathroomgraffiti,all,dossier,racine,total,4.9,42,369,fresh
2025-06-12,bathroomgraffiti,fra,dossier,autres,total,9.5,0,4,final
2025-06-13,bathroomgraffiti,fra,dossier,autres,total,16.0,0,2,final
2025-06-14,bathroomgraffiti,fra,dossier,autres,total,11.3,0,3,final
2025-06-15,bathroomgraffiti,fra,dossier,autres,total,11.7,0,3,final
2025-06-16,bathroomgraffiti,fra,dossier,autres,total,11.5,0,2,final
2025-06-17,bathroomgraffiti,fra,dossier,autres,total,14.2,0,6,final
2025-06-18,bathroomgraffiti,fra,dossier,autres,total,11.0,0,1,final
2025-06-20,bathroomgraffiti,fra,dossier,autres,total,12.0,0,2,final
2025-06-22,bathroomgraffiti,fra,dossier,autres,total,13.0,0,2,final
2025-06-23,bathroomgraffiti,fra,dossier,autres,total,12.2,0,4,final
2025-06-24,bathroomgraffiti,fra,dossier,autres,total,13.0,0,3,final
2025-06-25,bathroomgraffiti,fra,dossier,autres,total,11.8,0,4,final
2025-06-26,bathroomgraffiti,fra,dossier,autres,total,11.3,0,3,final
2025-06-27,bathroomgraffiti,fra,dossier,autres,total,8.7,0,3,final
2025-06-29,bathroomgraffiti,fra,dossier,autres,total,1.0,0,4,final
2025-06-30,bathroomgraffiti,fra,dossier,autres,total,4.8,0,5,final
2025-07-01,bathroomgraffiti,fra,dossier,autres,total,37.1,0,7,final
2025-07-02,bathroomgraffiti,fra,dossier,autres,total,4.0,0,2,final
2025-07-03,bathroomgraffiti,fra,dossier,autres,total,23.8,0,5,final
2025-07-04,bathroomgraffiti,fra,dossier,autres,total,19.1,0,8,final
2025-07-05,bathroomgraffiti,fra,dossier,autres,total,41.5,0,11,final
2025-07-06,bathroomgraffiti,fra,dossier,autres,total,3.8,0,4,final
2025-07-07,bathroomgraffiti,fra,dossier,autres,total,15.6,0,9,final
2025-07-08,bathroomgraffiti,fra,dossier,autres,total,18.0,0,3,final
2025-07-09,bathroomgraffiti,fra,dossier,autres,total,36.0,0,4,final
2025-07-10,bathroomgraffiti,fra,dossier,autres,total,34.9,0,24,final
2025-07-11,bathroomgraffiti,fra,dossier,autres,total,14.5,0,12,final
2025-07-12,bathroomgraffiti,fra,dossier,autres,total,7.2,0,5,final
2025-07-13,bathroomgraffiti,fra,dossier,autres,total,3.7,0,3,final
2025-07-14,bathroomgraffiti,fra,dossier,autres,total,8.0,0,1,final
2025-07-15,bathroomgraffiti,fra,dossier,autres,total,12.7,0,6,final
2025-07-16,bathroomgraffiti,fra,dossier,autres,total,24.0,0,5,final
2025-07-17,bathroomgraffiti,fra,dossier,autres,total,28.2,0,4,final
2025-07-18,bathroomgraffiti,fra,dossier,autres,total,5.7,0,3,final
2025-07-19,bathroomgraffiti,fra,dossier,autres,total,3.4,0,7,final
2025-07-20,bathroomgraffiti,fra,dossier,autres,total,4.8,0,5,final
2025-07-21,bathroomgraffiti,fra,dossier,autres,total,45.5,0,2,final
2025-07-25,bathroomgraffiti,fra,dossier,autres,total,6.0,0,1,final
2025-07-28,bathroomgraffiti,fra,dossier,autres,total,19.0,0,1,final
2025-07-30,bathroomgraffiti,fra,dossier,autres,total,45.0,0,1,final
2025-07-31,bathroomgraffiti,fra,dossier,autres,total,18.0,0,1,final
2025-08-02,bathroomgraffiti,fra,dossier,autres,total,43.0,0,1,final
2025-08-03,bathroomgraffiti,fra,dossier,autres,total,17.0,0,1,final
2025-08-04,bathroomgraffiti,fra,dossier,autres,total,16.0,0,1,final
2025-08-06,bathroomgraffiti,fra,dossier,autres,total,15.5,0,2,final
2025-08-07,bathroomgraffiti,fra,dossier,autres,total,29.0,0,2,final
2025-08-09,bathroomgraffiti,fra,dossier,autres,total,26.0,0,2,final
2025-08-11,bathroomgraffiti,fra,dossier,autres,total,26.0,0,2,final
2025-08-12,bathroomgraffiti,fra,dossier,autres,total,9.0,0,1,final
2025-08-14,bathroomgraffiti,fra,dossier,autres,total,17.0,0,1,final
2025-08-15,bathroomgraffiti,fra,dossier,autres,total,11.5,0,2,final
2025-08-22,bathroomgraffiti,fra,dossier,autres,total,38.0,0,1,final
2025-08-24,bathroomgraffiti,fra,dossier,autres,total,15.0,0,1,final
2025-08-25,bathroomgraffiti,fra,dossier,autres,total,15.0,0,3,final
2025-08-26,bathroomgraffiti,fra,dossier,autres,total,39.0,0,1,final
2025-08-27,bathroomgraffiti,fra,dossier,autres,total,29.0,0,3,final
2025-08-28,bathroomgraffiti,fra,dossier,autres,total,14.0,0,2,final
2025-08-30,bathroomgraffiti,fra,dossier,autres,total,13.0,0,1,final
2025-09-01,bathroomgraffiti,fra,dossier,autres,total,8.0,0,1,final
2025-09-03,bathroomgraffiti,fra,dossier,autres,total,23.5,0,2,final
2025-09-07,bathroomgraffiti,fra,dossier,autres,total,12.0,0,1,final
2025-09-08,bathroomgraffiti,fra,dossier,autres,total,9.5,0,2,final
2025-09-09,bathroomgraffiti,fra,dossier,autres,total,18.0,0,4,final
2025-09-10,bathroomgraffiti,fra,dossier,autres,total,12.0,0,1,final
2025-09-11,bathroomgraffiti,fra,dossier,autres,total,36.0,0,1,final
2025-09-12,bathroomgraffiti,fra,dossier,autres,total,14.0,0,1,final
2025-09-13,bathroomgraffiti,fra,dossier,autres,total,11.0,0,1,final
2025-09-21,bathroomgraffiti,fra,dossier,autres,total,18.0,0,1,final
2025-09-22,bathroomgraffiti,fra,dossier,autres,total,13.0,0,1,final
2025-09-25,bathroomgraffiti,fra,dossier,autres,total,7.0,0,1,final
2025-09-26,bathroomgraffiti,fra,dossier,autres,total,11.0,0,3,final
2025-09-27,bathroomgraffiti,fra,dossier,autres,total,11.0,0,1,final
2025-09-28,bathroomgraffiti,fra,dossier,autres,total,28.0,0,1,final
2025-09-29,bathroomgraffiti,fra,dossier,autres,total,10.5,0,4,final
2025-09-30,bathroomgraffiti,fra,dossier,autres,total,23.0,0,1,final
2025-10-02,bathroomgraffiti,fra,dossier,autres,total,8.5,0,2,final
2025-10-03,bathroomgraffiti,fra,dossier,autres,total,12.5,0,2,final
2025-10-04,bathroomgraffiti,fra,dossier,autres,total,8.0,0,1,final
2025-10-05,bathroomgraffiti,fra,dossier,autres,total,10.0,0,1,final
2025-10-06,bathroomgraffiti,fra,dossier,autres,total,8.0,0,4,final
2025-10-07,bathroomgraffiti,fra,dossier,autres,total,8.0,0,1,final
2025-10-09,bathroomgraffiti,fra,dossier,autres,total,8.0,0,1,final
2025-10-10,bathroomgraffiti,fra,dossier,autres,total,9.3,0,3,final
2025-10-11,bathroomgraffiti,fra,dossier,autres,total,9.0,0,2,final
2025-10-12,bathroomgraffiti,fra,dossier,autres,total,8.0,0,2,final
2025-10-13,bathroomgraffiti,fra,dossier,autres,total,8.5,0,4,final
2025-10-14,bathroomgraffiti,fra,dossier,autres,total,9.5,0,2,final
2025-10-16,bathroomgraffiti,fra,dossier,autres,total,9.5,0,6,final
2025-10-17,bathroomgraffiti,fra,dossier,autres,total,13.7,0,3,final
2025-10-18,bathroomgraffiti,fra,dossier,autres,total,8.5,0,2,final
2025-10-19,bathroomgraffiti,fra,dossier,autres,total,8.0,0,1,final
2025-10-20,bathroomgraffiti,fra,dossier,autres,total,8.3,0,3,final
2025-10-21,bathroomgraffiti,fra,dossier,autres,total,8.0,0,4,final
2025-10-22,bathroomgraffiti,fra,dossier,autres,total,8.0,0,2,final
2025-10-23,bathroomgraffiti,fra,dossier,autres,total,9.0,0,2,final
2025-10-24,bathroomgraffiti,fra,dossier,autres,total,7.0,0,1,final
2025-10-25,bathroomgraffiti,fra,dossier,autres,total,9.0,0,2,final
2025-10-26,bathroomgraffiti,fra,dossier,autres,total,7.0,0,1,final
2025-10-27,bathroomgraffiti,fra,dossier,autres,total,12.5,0,2,final
2025-10-28,bathroomgraffiti,fra,dossier,autres,total,6.0,0,1,final
2025-10-29,bathroomgraffiti,fra,dossier,autres,total,7.7,0,3,final
2025-10-30,bathroomgraffiti,fra,dossier,autres,total,6.0,0,1,final
2025-10-31,bathroomgraffiti,fra,dossier,autres,total,8.3,0,3,final
2025-11-01,bathroomgraffiti,fra,dossier,autres,total,6.8,0,4,final
2025-11-02,bathroomgraffiti,fra,dossier,autres,total,14.3,0,3,final
2025-11-03,bathroomgraffiti,fra,dossier,autres,total,7.5,0,4,final
2025-11-04,bathroomgraffiti,fra,dossier,autres,total,14.0,0,1,final
2025-11-05,bathroomgraffiti,fra,dossier,autres,total,10.5,0,2,final
2025-11-06,bathroomgraffiti,fra,dossier,autres,total,6.0,0,1,final
2025-11-07,bathroomgraffiti,fra,dossier,autres,total,10.5,0,2,final
2025-11-08,bathroomgraffiti,fra,dossier,autres,total,7.5,0,2,final
2025-11-09,bathroomgraffiti,fra,dossier,autres,total,8.0,0,2,final
2025-11-10,bathroomgraffiti,fra,dossier,autres,total,9.0,0,2,final
2025-11-11,bathroomgraffiti,fra,dossier,autres,total,8.3,0,3,final
2025-11-12,bathroomgraffiti,fra,dossier,autres,total,12.0,0,2,final
2025-11-13,bathroomgraffiti,fra,dossier,autres,total,6.5,0,2,final
2025-11-14,bathroomgraffiti,fra,dossier,autres,total,11.0,0,1,final
2025-11-15,bathroomgraffiti,fra,dossier,autres,total,8.2,0,5,final
2025-11-16,bathroomgraffiti,fra,dossier,autres,total,8.0,0,2,final
2025-11-17,bathroomgraffiti,fra,dossier,autres,total,6.0,0,1,final
2025-11-19,bathroomgraffiti,fra,dossier,autres,total,7.0,0,2,final
2025-11-20,bathroomgraffiti,fra,dossier,autres,total,7.0,0,1,final
2025-11-21,bathroomgraffiti,fra,dossier,autres,total,11.2,0,4,final
2025-11-22,bathroomgraffiti,fra,dossier,autres,total,9.7,0,3,final
2025-11-23,bathroomgraffiti,fra,dossier,autres,total,11.3,0,3,final
2025-11-24,bathroomgraffiti,fra,dossier,autres,total,10.8,0,4,final
2025-11-25,bathroomgraffiti,fra,dossier,autres,total,10.8,0,6,final
2025-11-27,bathroomgraffiti,fra,dossier,autres,total,8.8,0,4,final
2025-11-28,bathroomgraffiti,fra,dossier,autres,total,13.2,0,8,final
2025-11-29,bathroomgraffiti,fra,dossier,autres,total,12.7,0,3,final
2025-12-01,bathroomgraffiti,fra,dossier,autres,total,9.5,0,2,final
2025-12-02,bathroomgraffiti,fra,dossier,autres,total,8.0,0,1,final
2025-12-03,bathroomgraffiti,fra,dossier,autres,total,11.0,0,2,final
2025-12-04,bathroomgraffiti,fra,dossier,autres,total,9.5,0,2,final
2025-12-05,bathroomgraffiti,fra,dossier,autres,total,13.7,0,3,final
2025-12-06,bathroomgraffiti,fra,dossier,autres,total,13.5,0,2,final
2025-12-07,bathroomgraffiti,fra,dossier,autres,total,9.5,0,2,final
2025-12-08,bathroomgraffiti,fra,dossier,autres,total,6.5,0,2,final
2025-12-09,bathroomgraffiti,fra,dossier,autres,total,64.7,0,3,final
2025-12-10,bathroomgraffiti,fra,dossier,autres,total,15.5,0,2,final
2025-12-11,bathroomgraffiti,fra,dossier,autres,total,17.0,0,3,final
2025-12-12,bathroomgraffiti,fra,dossier,autres,total,11.0,0,2,final
2025-12-13,bathroomgraffiti,fra,dossier,autres,total,18.0,0,2,final
2025-12-14,bathroomgraffiti,fra,dossier,autres,total,54.5,0,2,final
2025-12-15,bathroomgraffiti,fra,dossier,autres,total,24.7,0,3,final
2025-12-16,bathroomgraffiti,fra,dossier,autres,total,9.0,0,1,final
2025-12-18,bathroomgraffiti,fra,dossier,autres,total,13.0,0,1,final
2025-12-19,bathroomgraffiti,fra,dossier,autres,total,6.0,0,1,final
2025-12-20,bathroomgraffiti,fra,dossier,autres,total,53.5,0,2,final
2025-12-21,bathroomgraffiti,fra,dossier,autres,total,12.0,0,1,final
2025-12-22,bathroomgraffiti,fra,dossier,autres,total,11.0,0,1,final
2025-12-23,bathroomgraffiti,fra,dossier,autres,total,12.0,0,3,final
2025-12-25,bathroomgraffiti,fra,dossier,autres,total,15.0,0,2,final
2025-12-26,bathroomgraffiti,fra,dossier,autres,total,8.0,0,1,final
2025-12-27,bathroomgraffiti,fra,dossier,autres,total,8.5,0,2,final
2025-12-28,bathroomgraffiti,fra,dossier,autres,total,7.5,0,2,final
2025-12-29,bathroomgraffiti,fra,dossier,autres,total,9.0,0,1,final
2025-12-30,bathroomgraffiti,fra,dossier,autres,total,9.8,0,4,final
2026-01-01,bathroomgraffiti,fra,dossier,autres,total,10.6,0,5,final
2026-01-02,bathroomgraffiti,fra,dossier,autres,total,10.0,0,1,final
2026-01-04,bathroomgraffiti,fra,dossier,autres,total,9.5,0,2,final
2026-01-05,bathroomgraffiti,fra,dossier,autres,total,8.0,0,2,final
2026-01-06,bathroomgraffiti,fra,dossier,autres,total,8.8,0,5,final
2026-01-08,bathroomgraffiti,fra,dossier,autres,total,7.0,0,1,final
2026-01-09,bathroomgraffiti,fra,dossier,autres,total,17.0,0,3,final
2026-01-10,bathroomgraffiti,fra,dossier,autres,total,7.0,0,5,final
2026-01-11,bathroomgraffiti,fra,dossier,autres,total,38.3,0,3,final
2026-01-12,bathroomgraffiti,fra,dossier,autres,total,7.7,0,3,final
2026-01-13,bathroomgraffiti,fra,dossier,autres,total,6.0,0,1,final
2026-01-16,bathroomgraffiti,fra,dossier,autres,total,30.0,0,1,final
2026-01-17,bathroomgraffiti,fra,dossier,autres,total,32.0,0,1,final
2026-01-19,bathroomgraffiti,fra,dossier,autres,total,33.0,0,1,final
2026-01-20,bathroomgraffiti,fra,dossier,autres,total,31.0,0,1,final
2026-01-22,bathroomgraffiti,fra,dossier,autres,total,21.5,0,2,final
2026-01-23,bathroomgraffiti,fra,dossier,autres,total,7.0,0,1,final
2026-01-24,bathroomgraffiti,fra,dossier,autres,total,29.0,0,1,final
2026-01-25,bathroomgraffiti,fra,dossier,autres,total,33.0,0,1,final
2026-01-26,bathroomgraffiti,fra,dossier,autres,total,34.0,0,1,final
2026-01-28,bathroomgraffiti,fra,dossier,autres,total,18.2,0,6,final
2026-01-29,bathroomgraffiti,fra,dossier,autres,total,11.0,0,1,final
2026-01-30,bathroomgraffiti,fra,dossier,autres,total,21.0,0,2,final
2026-01-31,bathroomgraffiti,fra,dossier,autres,total,14.8,0,4,final
2026-02-02,bathroomgraffiti,fra,dossier,autres,total,15.5,0,2,final
2026-02-03,bathroomgraffiti,fra,dossier,autres,total,10.3,0,3,final
2026-02-04,bathroomgraffiti,fra,dossier,autres,total,9.0,0,1,final
2026-02-05,bathroomgraffiti,fra,dossier,autres,total,19.0,0,2,final
2026-02-06,bathroomgraffiti,fra,dossier,autres,total,18.5,1,2,final
2026-02-07,bathroomgraffiti,fra,dossier,autres,total,6.0,0,2,final
2026-02-08,bathroomgraffiti,fra,dossier,autres,total,9.0,0,1,final
2026-02-09,bathroomgraffiti,fra,dossier,autres,total,6.8,0,5,final
2026-02-10,bathroomgraffiti,fra,dossier,autres,total,6.0,0,3,final
2026-02-11,bathroomgraffiti,fra,dossier,autres,total,39.0,0,4,final
2026-02-12,bathroomgraffiti,fra,dossier,autres,total,30.0,0,1,final
2026-02-13,bathroomgraffiti,fra,dossier,autres,total,4.0,0,1,final
2026-02-14,bathroomgraffiti,fra,dossier,autres,total,13.5,0,2,final
2026-02-15,bathroomgraffiti,fra,dossier,autres,total,9.0,0,1,final
2026-02-16,bathroomgraffiti,fra,dossier,autres,total,20.0,0,6,final
2026-02-17,bathroomgraffiti,fra,dossier,autres,total,12.0,0,1,final
2026-02-19,bathroomgraffiti,fra,dossier,autres,total,18.7,0,3,final
2026-02-20,bathroomgraffiti,fra,dossier,autres,total,13.2,0,4,final
2026-02-21,bathroomgraffiti,fra,dossier,autres,total,9.0,0,1,final
2026-02-22,bathroomgraffiti,fra,dossier,autres,total,96.0,0,1,final
2026-02-23,bathroomgraffiti,fra,dossier,autres,total,11.3,0,3,final
2026-02-26,bathroomgraffiti,fra,dossier,autres,total,21.8,0,5,final
2026-02-27,bathroomgraffiti,fra,dossier,autres,total,16.3,0,3,final
2026-02-28,bathroomgraffiti,fra,dossier,autres,total,20.0,0,1,final
2026-03-02,bathroomgraffiti,fra,dossier,autres,total,18.8,0,4,final
2026-03-03,bathroomgraffiti,fra,dossier,autres,total,18.0,0,2,final
2026-03-04,bathroomgraffiti,fra,dossier,autres,total,5.0,0,1,final
2026-03-05,bathroomgraffiti,fra,dossier,autres,total,11.0,0,1,final
2026-03-07,bathroomgraffiti,fra,dossier,autres,total,23.0,0,1,final
2026-03-08,bathroomgraffiti,fra,dossier,autres,total,67.0,0,1,final
2026-03-12,bathroomgraffiti,fra,dossier,autres,total,23.5,0,2,final
2026-03-13,bathroomgraffiti,fra,dossier,autres,total,35.0,0,4,final
2026-03-17,bathroomgraffiti,fra,dossier,autres,total,15.0,0,1,final
2026-03-18,bathroomgraffiti,fra,dossier,autres,total,41.0,0,1,final
2026-03-21,bathroomgraffiti,fra,dossier,autres,total,58.0,0,2,final
2026-03-25,bathroomgraffiti,fra,dossier,autres,total,7.0,0,1,final
2026-03-26,bathroomgraffiti,fra,dossier,autres,total,30.0,0,1,final
2026-04-01,bathroomgraffiti,fra,dossier,autres,total,74.0,0,1,final
2026-04-12,bathroomgraffiti,fra,dossier,autres,total,100.0,0,1,final
2026-04-14,bathroomgraffiti,fra,dossier,autres,total,20.0,0,1,final
2026-04-15,bathroomgraffiti,fra,dossier,autres,total,29.0,0,1,final
2026-04-24,bathroomgraffiti,fra,dossier,autres,total,56.0,0,1,final
2026-05-01,bathroomgraffiti,fra,dossier,autres,total,69.0,0,1,final
2026-05-03,bathroomgraffiti,fra,dossier,autres,total,20.0,0,2,final
2026-05-06,bathroomgraffiti,fra,dossier,autres,total,71.0,0,1,final
2026-05-07,bathroomgraffiti,fra,dossier,autres,total,37.0,0,1,final
2026-05-10,bathroomgraffiti,fra,dossier,autres,total,56.0,0,1,final
2026-05-11,bathroomgraffiti,fra,dossier,autres,total,42.0,0,1,final
2026-05-12,bathroomgraffiti,fra,dossier,autres,total,44.0,0,1,final
2026-05-14,bathroomgraffiti,fra,dossier,autres,total,19.0,0,1,final
2026-05-24,bathroomgraffiti,fra,dossier,autres,total,1.0,0,1,final
2026-06-12,bathroomgraffiti,fra,dossier,autres,total,2.0,0,3,final
2026-06-25,bathroomgraffiti,fra,dossier,autres,total,2.0,0,1,final
2026-06-30,bathroomgraffiti,fra,dossier,autres,total,1.5,0,2,final
2026-07-10,bathroomgraffiti,fra,dossier,autres,total,18.0,0,1,final
2026-07-29,bathroomgraffiti,fra,dossier,autres,total,13.0,0,1,final
2026-09-22,bathroomgraffiti,fra,dossier,autres,total,1.0,0,1,final
2025-06-12,bathroomgraffiti,fra,dossier,d:blogs,total,58.8,0,44,final
2025-06-13,bathroomgraffiti,fra,dossier,d:blogs,total,57.8,0,53,final
2025-06-14,bathroomgraffiti,fra,dossier,d:blogs,total,47.8,0,58,final
2025-06-15,bathroomgraffiti,fra,dossier,d:blogs,total,44.7,1,49,final
2025-06-16,bathroomgraffiti,fra,dossier,d:blogs,total,48.6,0,45,final
2025-06-17,bathroomgraffiti,fra,dossier,d:blogs,total,48.2,0,39,final
2025-06-18,bathroomgraffiti,fra,dossier,d:blogs,total,53.2,0,43,final
2025-06-19,bathroomgraffiti,fra,dossier,d:blogs,total,60.3,0,63,final
2025-06-20,bathroomgraffiti,fra,dossier,d:blogs,total,54.5,0,49,final
2025-06-21,bathroomgraffiti,fra,dossier,d:blogs,total,52.3,1,50,final
2025-06-22,bathroomgraffiti,fra,dossier,d:blogs,total,41.9,0,33,final
2025-06-23,bathroomgraffiti,fra,dossier,d:blogs,total,46.9,1,82,final
2025-06-24,bathroomgraffiti,fra,dossier,d:blogs,total,51.8,0,58,final
2025-06-25,bathroomgraffiti,fra,dossier,d:blogs,total,42.0,0,57,final
2025-06-26,bathroomgraffiti,fra,dossier,d:blogs,total,47.7,0,71,final
2025-06-27,bathroomgraffiti,fra,dossier,d:blogs,total,41.1,0,60,final
2025-06-28,bathroomgraffiti,fra,dossier,d:blogs,total,51.0,1,52,final
2025-06-29,bathroomgraffiti,fra,dossier,d:blogs,total,42.7,0,58,final
2025-06-30,bathroomgraffiti,fra,dossier,d:blogs,total,40.6,0,59,final
2025-07-01,bathroomgraffiti,fra,dossier,d:blogs,total,40.9,0,124,final
2025-07-02,bathroomgraffiti,fra,dossier,d:blogs,total,42.7,0,259,final
2025-07-03,bathroomgraffiti,fra,dossier,d:blogs,total,40.9,1,298,final
2025-07-04,bathroomgraffiti,fra,dossier,d:blogs,total,47.7,0,251,final
2025-07-05,bathroomgraffiti,fra,dossier,d:blogs,total,43.8,0,217,final
2025-07-06,bathroomgraffiti,fra,dossier,d:blogs,total,41.2,1,271,final
2025-07-07,bathroomgraffiti,fra,dossier,d:blogs,total,43.8,0,226,final
2025-07-08,bathroomgraffiti,fra,dossier,d:blogs,total,45.5,0,178,final
2025-07-09,bathroomgraffiti,fra,dossier,d:blogs,total,47.6,0,227,final
2025-07-10,bathroomgraffiti,fra,dossier,d:blogs,total,45.4,0,225,final
2025-07-11,bathroomgraffiti,fra,dossier,d:blogs,total,40.5,0,339,final
2025-07-12,bathroomgraffiti,fra,dossier,d:blogs,total,41.5,0,195,final
2025-07-13,bathroomgraffiti,fra,dossier,d:blogs,total,45.6,0,174,final
2025-07-14,bathroomgraffiti,fra,dossier,d:blogs,total,44.6,0,173,final
2025-07-15,bathroomgraffiti,fra,dossier,d:blogs,total,40.5,0,176,final
2025-07-16,bathroomgraffiti,fra,dossier,d:blogs,total,39.1,0,171,final
2025-07-17,bathroomgraffiti,fra,dossier,d:blogs,total,45.3,0,210,final
2025-07-18,bathroomgraffiti,fra,dossier,d:blogs,total,41.6,0,236,final
2025-07-19,bathroomgraffiti,fra,dossier,d:blogs,total,39.3,0,258,final
2025-07-20,bathroomgraffiti,fra,dossier,d:blogs,total,43.1,0,288,final
2025-07-21,bathroomgraffiti,fra,dossier,d:blogs,total,43.4,1,287,final
2025-07-22,bathroomgraffiti,fra,dossier,d:blogs,total,41.8,0,322,final
2025-07-23,bathroomgraffiti,fra,dossier,d:blogs,total,42.8,0,391,final
2025-07-24,bathroomgraffiti,fra,dossier,d:blogs,total,46.7,0,381,final
2025-07-25,bathroomgraffiti,fra,dossier,d:blogs,total,45.3,1,462,final
2025-07-26,bathroomgraffiti,fra,dossier,d:blogs,total,41.6,0,395,final
2025-07-27,bathroomgraffiti,fra,dossier,d:blogs,total,43.3,1,434,final
2025-07-28,bathroomgraffiti,fra,dossier,d:blogs,total,42.3,0,454,final
2025-07-29,bathroomgraffiti,fra,dossier,d:blogs,total,42.6,0,426,final
2025-07-30,bathroomgraffiti,fra,dossier,d:blogs,total,42.6,0,388,final
2025-07-31,bathroomgraffiti,fra,dossier,d:blogs,total,41.5,0,323,final
2025-08-01,bathroomgraffiti,fra,dossier,d:blogs,total,44.4,0,433,final
2025-08-02,bathroomgraffiti,fra,dossier,d:blogs,total,44.7,0,349,final
2025-08-03,bathroomgraffiti,fra,dossier,d:blogs,total,42.7,1,380,final
2025-08-04,bathroomgraffiti,fra,dossier,d:blogs,total,46.3,0,381,final
2025-08-05,bathroomgraffiti,fra,dossier,d:blogs,total,48.8,0,348,final
2025-08-06,bathroomgraffiti,fra,dossier,d:blogs,total,44.5,1,386,final
2025-08-07,bathroomgraffiti,fra,dossier,d:blogs,total,43.7,0,401,final
2025-08-08,bathroomgraffiti,fra,dossier,d:blogs,total,43.8,0,344,final
2025-08-09,bathroomgraffiti,fra,dossier,d:blogs,total,47.1,0,367,final
2025-08-10,bathroomgraffiti,fra,dossier,d:blogs,total,45.7,0,365,final
2025-08-11,bathroomgraffiti,fra,dossier,d:blogs,total,45.5,1,593,final
2025-08-12,bathroomgraffiti,fra,dossier,d:blogs,total,46.0,1,434,final
2025-08-13,bathroomgraffiti,fra,dossier,d:blogs,total,44.6,2,422,final
2025-08-14,bathroomgraffiti,fra,dossier,d:blogs,total,46.8,0,522,final
2025-08-15,bathroomgraffiti,fra,dossier,d:blogs,total,47.2,0,495,final
2025-08-16,bathroomgraffiti,fra,dossier,d:blogs,total,48.3,1,520,final
2025-08-17,bathroomgraffiti,fra,dossier,d:blogs,total,45.1,1,475,final
2025-08-18,bathroomgraffiti,fra,dossier,d:blogs,total,45.8,0,475,final
2025-08-19,bathroomgraffiti,fra,dossier,d:blogs,total,48.3,0,558,final
2025-08-20,bathroomgraffiti,fra,dossier,d:blogs,total,47.6,0,467,final
2025-08-21,bathroomgraffiti,fra,dossier,d:blogs,total,49.4,1,543,final
2025-08-22,bathroomgraffiti,fra,dossier,d:blogs,total,46.6,0,560,final
2025-08-23,bathroomgraffiti,fra,dossier,d:blogs,total,45.1,2,546,final
2025-08-24,bathroomgraffiti,fra,dossier,d:blogs,total,44.5,1,543,final
2025-08-25,bathroomgraffiti,fra,dossier,d:blogs,total,47.2,0,569,final
2025-08-26,bathroomgraffiti,fra,dossier,d:blogs,total,54.8,2,565,final
2025-08-27,bathroomgraffiti,fra,dossier,d:blogs,total,54.9,0,535,final
2025-08-28,bathroomgraffiti,fra,dossier,d:blogs,total,59.8,1,493,final
2025-08-29,bathroomgraffiti,fra,dossier,d:blogs,total,56.1,0,503,final
2025-08-30,bathroomgraffiti,fra,dossier,d:blogs,total,59.4,0,467,final
2025-08-31,bathroomgraffiti,fra,dossier,d:blogs,total,60.3,0,484,final
2025-09-01,bathroomgraffiti,fra,dossier,d:blogs,total,59.7,2,453,final
2025-09-02,bathroomgraffiti,fra,dossier,d:blogs,total,59.9,0,448,final
2025-09-03,bathroomgraffiti,fra,dossier,d:blogs,total,57.3,1,485,final
2025-09-04,bathroomgraffiti,fra,dossier,d:blogs,total,59.0,2,488,final
2025-09-05,bathroomgraffiti,fra,dossier,d:blogs,total,58.3,0,489,final
2025-09-06,bathroomgraffiti,fra,dossier,d:blogs,total,53.2,0,534,final
2025-09-07,bathroomgraffiti,fra,dossier,d:blogs,total,46.4,0,560,final
2025-09-08,bathroomgraffiti,fra,dossier,d:blogs,total,43.9,1,521,final
2025-09-09,bathroomgraffiti,fra,dossier,d:blogs,total,45.3,1,520,final
2025-09-10,bathroomgraffiti,fra,dossier,d:blogs,total,49.5,0,336,final
2025-09-11,bathroomgraffiti,fra,dossier,d:blogs,total,48.4,0,263,final
2025-09-12,bathroomgraffiti,fra,dossier,d:blogs,total,45.5,1,280,final
2025-09-13,bathroomgraffiti,fra,dossier,d:blogs,total,26.2,2,149,final
2025-09-14,bathroomgraffiti,fra,dossier,d:blogs,total,30.8,0,208,final
2025-09-15,bathroomgraffiti,fra,dossier,d:blogs,total,36.8,0,202,final
2025-09-16,bathroomgraffiti,fra,dossier,d:blogs,total,37.5,2,147,final
2025-09-17,bathroomgraffiti,fra,dossier,d:blogs,total,30.9,0,162,final
2025-09-18,bathroomgraffiti,fra,dossier,d:blogs,total,35.9,0,198,final
2025-09-19,bathroomgraffiti,fra,dossier,d:blogs,total,32.4,0,226,final
2025-09-20,bathroomgraffiti,fra,dossier,d:blogs,total,31.7,0,211,final
2025-09-21,bathroomgraffiti,fra,dossier,d:blogs,total,29.9,0,212,final
2025-09-22,bathroomgraffiti,fra,dossier,d:blogs,total,35.0,0,217,final
2025-09-23,bathroomgraffiti,fra,dossier,d:blogs,total,36.3,0,192,final
2025-09-24,bathroomgraffiti,fra,dossier,d:blogs,total,33.0,1,230,final
2025-09-25,bathroomgraffiti,fra,dossier,d:blogs,total,26.0,1,175,final
2025-09-26,bathroomgraffiti,fra,dossier,d:blogs,total,29.1,0,181,final
2025-09-27,bathroomgraffiti,fra,dossier,d:blogs,total,31.9,0,183,final
2025-09-28,bathroomgraffiti,fra,dossier,d:blogs,total,27.7,0,167,final
2025-09-29,bathroomgraffiti,fra,dossier,d:blogs,total,31.4,2,159,final
2025-09-30,bathroomgraffiti,fra,dossier,d:blogs,total,31.4,0,172,final
2025-10-01,bathroomgraffiti,fra,dossier,d:blogs,total,29.8,1,191,final
2025-10-02,bathroomgraffiti,fra,dossier,d:blogs,total,28.3,0,195,final
2025-10-03,bathroomgraffiti,fra,dossier,d:blogs,total,36.2,0,202,final
2025-10-04,bathroomgraffiti,fra,dossier,d:blogs,total,31.2,2,193,final
2025-10-05,bathroomgraffiti,fra,dossier,d:blogs,total,28.3,2,288,final
2025-10-06,bathroomgraffiti,fra,dossier,d:blogs,total,27.6,2,208,final
2025-10-07,bathroomgraffiti,fra,dossier,d:blogs,total,22.3,0,220,final
2025-10-08,bathroomgraffiti,fra,dossier,d:blogs,total,15.1,0,310,final
2025-10-09,bathroomgraffiti,fra,dossier,d:blogs,total,19.2,0,299,final
2025-10-10,bathroomgraffiti,fra,dossier,d:blogs,total,26.7,0,197,final
2025-10-11,bathroomgraffiti,fra,dossier,d:blogs,total,27.1,0,138,final
2025-10-12,bathroomgraffiti,fra,dossier,d:blogs,total,20.9,0,146,final
2025-10-13,bathroomgraffiti,fra,dossier,d:blogs,total,26.2,0,160,final
2025-10-14,bathroomgraffiti,fra,dossier,d:blogs,total,27.2,1,148,final
2025-10-15,bathroomgraffiti,fra,dossier,d:blogs,total,30.6,0,239,final
2025-10-16,bathroomgraffiti,fra,dossier,d:blogs,total,43.5,1,188,final
2025-10-17,bathroomgraffiti,fra,dossier,d:blogs,total,40.2,0,78,final
2025-10-18,bathroomgraffiti,fra,dossier,d:blogs,total,38.4,0,100,final
2025-10-19,bathroomgraffiti,fra,dossier,d:blogs,total,28.0,2,157,final
2025-10-20,bathroomgraffiti,fra,dossier,d:blogs,total,26.0,1,143,final
2025-10-21,bathroomgraffiti,fra,dossier,d:blogs,total,27.8,0,168,final
2025-10-22,bathroomgraffiti,fra,dossier,d:blogs,total,23.8,0,182,final
2025-10-23,bathroomgraffiti,fra,dossier,d:blogs,total,23.3,1,242,final
2025-10-24,bathroomgraffiti,fra,dossier,d:blogs,total,13.9,0,569,final
2025-10-25,bathroomgraffiti,fra,dossier,d:blogs,total,29.7,1,448,final
2025-10-26,bathroomgraffiti,fra,dossier,d:blogs,total,25.0,0,220,final
2025-10-27,bathroomgraffiti,fra,dossier,d:blogs,total,27.8,0,448,final
2025-10-28,bathroomgraffiti,fra,dossier,d:blogs,total,20.0,1,180,final
2025-10-29,bathroomgraffiti,fra,dossier,d:blogs,total,25.5,0,193,final
2025-10-30,bathroomgraffiti,fra,dossier,d:blogs,total,21.9,0,194,final
2025-10-31,bathroomgraffiti,fra,dossier,d:blogs,total,24.7,0,174,final
2025-11-01,bathroomgraffiti,fra,dossier,d:blogs,total,29.6,1,394,final
2025-11-02,bathroomgraffiti,fra,dossier,d:blogs,total,28.3,0,323,final
2025-11-03,bathroomgraffiti,fra,dossier,d:blogs,total,27.0,2,190,final
2025-11-04,bathroomgraffiti,fra,dossier,d:blogs,total,27.5,0,193,final
2025-11-05,bathroomgraffiti,fra,dossier,d:blogs,total,28.5,0,214,final
2025-11-06,bathroomgraffiti,fra,dossier,d:blogs,total,28.8,0,208,final
2025-11-07,bathroomgraffiti,fra,dossier,d:blogs,total,25.9,1,266,final
2025-11-08,bathroomgraffiti,fra,dossier,d:blogs,total,26.7,1,248,final
2025-11-09,bathroomgraffiti,fra,dossier,d:blogs,total,33.0,2,282,final
2025-11-10,bathroomgraffiti,fra,dossier,d:blogs,total,31.2,1,262,final
2025-11-11,bathroomgraffiti,fra,dossier,d:blogs,total,28.2,1,276,final
2025-11-12,bathroomgraffiti,fra,dossier,d:blogs,total,28.6,1,229,final
2025-11-13,bathroomgraffiti,fra,dossier,d:blogs,total,19.8,0,298,final
2025-11-14,bathroomgraffiti,fra,dossier,d:blogs,total,16.9,0,407,final
2025-11-15,bathroomgraffiti,fra,dossier,d:blogs,total,15.8,1,373,final
2025-11-16,bathroomgraffiti,fra,dossier,d:blogs,total,16.7,2,502,final
2025-11-17,bathroomgraffiti,fra,dossier,d:blogs,total,19.5,5,340,final
2025-11-18,bathroomgraffiti,fra,dossier,d:blogs,total,22.8,5,246,final
2025-11-19,bathroomgraffiti,fra,dossier,d:blogs,total,21.4,2,366,final
2025-11-20,bathroomgraffiti,fra,dossier,d:blogs,total,23.2,1,288,final
2025-11-21,bathroomgraffiti,fra,dossier,d:blogs,total,22.9,2,244,final
2025-11-22,bathroomgraffiti,fra,dossier,d:blogs,total,24.8,1,287,final
2025-11-23,bathroomgraffiti,fra,dossier,d:blogs,total,23.7,2,307,final
2025-11-24,bathroomgraffiti,fra,dossier,d:blogs,total,21.6,1,209,final
2025-11-25,bathroomgraffiti,fra,dossier,d:blogs,total,21.6,4,368,final
2025-11-26,bathroomgraffiti,fra,dossier,d:blogs,total,25.8,1,284,final
2025-11-27,bathroomgraffiti,fra,dossier,d:blogs,total,26.2,5,255,final
2025-11-28,bathroomgraffiti,fra,dossier,d:blogs,total,24.0,10,265,final
2025-11-29,bathroomgraffiti,fra,dossier,d:blogs,total,23.6,2,296,final
2025-11-30,bathroomgraffiti,fra,dossier,d:blogs,total,21.8,2,317,final
2025-12-01,bathroomgraffiti,fra,dossier,d:blogs,total,22.2,0,258,final
2025-12-02,bathroomgraffiti,fra,dossier,d:blogs,total,21.5,2,273,final
2025-12-03,bathroomgraffiti,fra,dossier,d:blogs,total,21.7,2,337,final
2025-12-04,bathroomgraffiti,fra,dossier,d:blogs,total,22.6,2,296,final
2025-12-05,bathroomgraffiti,fra,dossier,d:blogs,total,25.7,5,287,final
2025-12-06,bathroomgraffiti,fra,dossier,d:blogs,total,21.7,4,380,final
2025-12-07,bathroomgraffiti,fra,dossier,d:blogs,total,23.6,5,391,final
2025-12-08,bathroomgraffiti,fra,dossier,d:blogs,total,25.8,4,358,final
2025-12-09,bathroomgraffiti,fra,dossier,d:blogs,total,29.7,2,482,final
2025-12-10,bathroomgraffiti,fra,dossier,d:blogs,total,26.6,10,747,final
2025-12-11,bathroomgraffiti,fra,dossier,d:blogs,total,22.6,9,433,final
2025-12-12,bathroomgraffiti,fra,dossier,d:blogs,total,32.0,7,448,final
2025-12-13,bathroomgraffiti,fra,dossier,d:blogs,total,25.6,8,321,final
2025-12-14,bathroomgraffiti,fra,dossier,d:blogs,total,26.5,3,306,final
2025-12-15,bathroomgraffiti,fra,dossier,d:blogs,total,28.5,1,327,final
2025-12-16,bathroomgraffiti,fra,dossier,d:blogs,total,27.2,2,268,final
2025-12-17,bathroomgraffiti,fra,dossier,d:blogs,total,17.6,0,205,final
2025-12-18,bathroomgraffiti,fra,dossier,d:blogs,total,32.6,2,303,final
2025-12-19,bathroomgraffiti,fra,dossier,d:blogs,total,29.8,4,307,final
2025-12-20,bathroomgraffiti,fra,dossier,d:blogs,total,26.0,2,263,final
2025-12-21,bathroomgraffiti,fra,dossier,d:blogs,total,26.8,2,230,final
2025-12-22,bathroomgraffiti,fra,dossier,d:blogs,total,32.3,1,296,final
2025-12-23,bathroomgraffiti,fra,dossier,d:blogs,total,28.3,0,249,final
2025-12-24,bathroomgraffiti,fra,dossier,d:blogs,total,38.4,0,181,final
2025-12-25,bathroomgraffiti,fra,dossier,d:blogs,total,35.2,2,163,final
2025-12-26,bathroomgraffiti,fra,dossier,d:blogs,total,33.5,0,223,final
2025-12-27,bathroomgraffiti,fra,dossier,d:blogs,total,34.3,0,175,final
2025-12-28,bathroomgraffiti,fra,dossier,d:blogs,total,35.9,1,166,final
2025-12-29,bathroomgraffiti,fra,dossier,d:blogs,total,34.5,1,222,final
2025-12-30,bathroomgraffiti,fra,dossier,d:blogs,total,35.4,0,194,final
2025-12-31,bathroomgraffiti,fra,dossier,d:blogs,total,35.6,1,132,final
2026-01-01,bathroomgraffiti,fra,dossier,d:blogs,total,39.7,1,159,final
2026-01-02,bathroomgraffiti,fra,dossier,d:blogs,total,36.5,0,161,final
2026-01-03,bathroomgraffiti,fra,dossier,d:blogs,total,32.5,0,156,final
2026-01-04,bathroomgraffiti,fra,dossier,d:blogs,total,34.8,2,197,final
2026-01-05,bathroomgraffiti,fra,dossier,d:blogs,total,35.2,1,161,final
2026-01-06,bathroomgraffiti,fra,dossier,d:blogs,total,36.3,0,102,final
2026-01-07,bathroomgraffiti,fra,dossier,d:blogs,total,31.6,0,136,final
2026-01-08,bathroomgraffiti,fra,dossier,d:blogs,total,30.6,1,102,final
2026-01-09,bathroomgraffiti,fra,dossier,d:blogs,total,29.9,1,129,final
2026-01-10,bathroomgraffiti,fra,dossier,d:blogs,total,34.4,0,147,final
2026-01-11,bathroomgraffiti,fra,dossier,d:blogs,total,26.7,0,88,final
2026-01-12,bathroomgraffiti,fra,dossier,d:blogs,total,23.9,0,75,final
2026-01-13,bathroomgraffiti,fra,dossier,d:blogs,total,29.2,0,97,final
2026-01-14,bathroomgraffiti,fra,dossier,d:blogs,total,31.2,0,123,final
2026-01-15,bathroomgraffiti,fra,dossier,d:blogs,total,37.7,1,61,final
2026-01-16,bathroomgraffiti,fra,dossier,d:blogs,total,32.9,0,68,final
2026-01-17,bathroomgraffiti,fra,dossier,d:blogs,total,32.1,0,43,final
2026-01-18,bathroomgraffiti,fra,dossier,d:blogs,total,27.6,0,60,final
2026-01-19,bathroomgraffiti,fra,dossier,d:blogs,total,29.7,0,59,final
2026-01-20,bathroomgraffiti,fra,dossier,d:blogs,total,26.3,1,101,final
2026-01-21,bathroomgraffiti,fra,dossier,d:blogs,total,25.7,1,103,final
2026-01-22,bathroomgraffiti,fra,dossier,d:blogs,total,18.0,2,231,final
2026-01-23,bathroomgraffiti,fra,dossier,d:blogs,total,29.2,0,133,final
2026-01-24,bathroomgraffiti,fra,dossier,d:blogs,total,30.8,1,102,final
2026-01-25,bathroomgraffiti,fra,dossier,d:blogs,total,17.0,3,248,final
2026-01-26,bathroomgraffiti,fra,dossier,d:blogs,total,30.0,0,188,final
2026-01-27,bathroomgraffiti,fra,dossier,d:blogs,total,17.6,1,257,final
2026-01-28,bathroomgraffiti,fra,dossier,d:blogs,total,21.7,2,98,final
2026-01-29,bathroomgraffiti,fra,dossier,d:blogs,total,15.0,0,168,final
2026-01-30,bathroomgraffiti,fra,dossier,d:blogs,total,10.7,0,209,final
2026-01-31,bathroomgraffiti,fra,dossier,d:blogs,total,22.1,1,81,final
2026-02-01,bathroomgraffiti,fra,dossier,d:blogs,total,24.2,0,75,final
2026-02-02,bathroomgraffiti,fra,dossier,d:blogs,total,25.8,0,78,final
2026-02-03,bathroomgraffiti,fra,dossier,d:blogs,total,21.7,1,90,final
2026-02-04,bathroomgraffiti,fra,dossier,d:blogs,total,20.4,0,96,final
2026-02-05,bathroomgraffiti,fra,dossier,d:blogs,total,28.5,0,95,final
2026-02-06,bathroomgraffiti,fra,dossier,d:blogs,total,22.7,0,79,final
2026-02-07,bathroomgraffiti,fra,dossier,d:blogs,total,21.6,0,50,final
2026-02-08,bathroomgraffiti,fra,dossier,d:blogs,total,25.5,1,93,final
2026-02-09,bathroomgraffiti,fra,dossier,d:blogs,total,28.5,0,124,final
2026-02-10,bathroomgraffiti,fra,dossier,d:blogs,total,30.3,0,146,final
2026-02-11,bathroomgraffiti,fra,dossier,d:blogs,total,20.1,0,94,final
2026-02-12,bathroomgraffiti,fra,dossier,d:blogs,total,21.2,0,71,final
2026-02-13,bathroomgraffiti,fra,dossier,d:blogs,total,26.3,0,77,final
2026-02-14,bathroomgraffiti,fra,dossier,d:blogs,total,25.6,0,120,final
2026-02-15,bathroomgraffiti,fra,dossier,d:blogs,total,27.7,0,75,final
2026-02-16,bathroomgraffiti,fra,dossier,d:blogs,total,26.9,0,82,final
2026-02-17,bathroomgraffiti,fra,dossier,d:blogs,total,23.0,0,95,final
2026-02-18,bathroomgraffiti,fra,dossier,d:blogs,total,26.0,0,128,final
2026-02-19,bathroomgraffiti,fra,dossier,d:blogs,total,25.7,1,107,final
2026-02-20,bathroomgraffiti,fra,dossier,d:blogs,total,27.6,2,130,final
2026-02-21,bathroomgraffiti,fra,dossier,d:blogs,total,26.1,1,133,final
2026-02-22,bathroomgraffiti,fra,dossier,d:blogs,total,18.9,1,166,final
2026-02-23,bathroomgraffiti,fra,dossier,d:blogs,total,26.8,0,144,final
2026-02-24,bathroomgraffiti,fra,dossier,d:blogs,total,29.8,0,109,final
2026-02-25,bathroomgraffiti,fra,dossier,d:blogs,total,28.0,0,150,final
2026-02-26,bathroomgraffiti,fra,dossier,d:blogs,total,29.7,0,111,final
2026-02-27,bathroomgraffiti,fra,dossier,d:blogs,total,29.3,0,77,final
2026-02-28,bathroomgraffiti,fra,dossier,d:blogs,total,32.6,1,80,final
2026-03-01,bathroomgraffiti,fra,dossier,d:blogs,total,27.8,0,79,final
2026-03-02,bathroomgraffiti,fra,dossier,d:blogs,total,20.8,0,77,final
2026-03-03,bathroomgraffiti,fra,dossier,d:blogs,total,29.2,0,52,final
2026-03-04,bathroomgraffiti,fra,dossier,d:blogs,total,19.3,0,67,final
2026-03-05,bathroomgraffiti,fra,dossier,d:blogs,total,17.9,0,49,final
2026-03-06,bathroomgraffiti,fra,dossier,d:blogs,total,19.8,2,86,final
2026-03-07,bathroomgraffiti,fra,dossier,d:blogs,total,17.3,1,46,final
2026-03-08,bathroomgraffiti,fra,dossier,d:blogs,total,22.1,1,137,final
2026-03-09,bathroomgraffiti,fra,dossier,d:blogs,total,17.1,0,93,final
2026-03-10,bathroomgraffiti,fra,dossier,d:blogs,total,17.9,0,68,final
2026-03-11,bathroomgraffiti,fra,dossier,d:blogs,total,17.7,0,76,final
2026-03-12,bathroomgraffiti,fra,dossier,d:blogs,total,17.2,0,64,final
2026-03-13,bathroomgraffiti,fra,dossier,d:blogs,total,25.3,1,105,final
2026-03-14,bathroomgraffiti,fra,dossier,d:blogs,total,31.0,0,122,final
2026-03-15,bathroomgraffiti,fra,dossier,d:blogs,total,21.5,1,120,final
2026-03-16,bathroomgraffiti,fra,dossier,d:blogs,total,26.7,0,109,final
2026-03-17,bathroomgraffiti,fra,dossier,d:blogs,total,25.2,1,133,final
2026-03-18,bathroomgraffiti,fra,dossier,d:blogs,total,27.0,0,109,final
2026-03-19,bathroomgraffiti,fra,dossier,d:blogs,total,27.4,0,109,final
2026-03-20,bathroomgraffiti,fra,dossier,d:blogs,total,23.1,0,93,final
2026-03-21,bathroomgraffiti,fra,dossier,d:blogs,total,24.1,0,75,final
2026-03-22,bathroomgraffiti,fra,dossier,d:blogs,total,28.3,0,75,final
2026-03-23,bathroomgraffiti,fra,dossier,d:blogs,total,26.9,0,69,final
2026-03-24,bathroomgraffiti,fra,dossier,d:blogs,total,26.1,0,43,final
2026-03-25,bathroomgraffiti,fra,dossier,d:blogs,total,22.3,0,59,final
2026-03-26,bathroomgraffiti,fra,dossier,d:blogs,total,20.9,0,47,final
2026-03-27,bathroomgraffiti,fra,dossier,d:blogs,total,24.6,0,45,final
2026-03-28,bathroomgraffiti,fra,dossier,d:blogs,total,19.2,0,40,final
2026-03-29,bathroomgraffiti,fra,dossier,d:blogs,total,24.4,0,44,final
2026-03-30,bathroomgraffiti,fra,dossier,d:blogs,total,24.8,0,41,final
2026-03-31,bathroomgraffiti,fra,dossier,d:blogs,total,22.2,0,60,final
2026-04-01,bathroomgraffiti,fra,dossier,d:blogs,total,26.1,0,49,final
2026-04-02,bathroomgraffiti,fra,dossier,d:blogs,total,19.8,0,54,final
2026-04-03,bathroomgraffiti,fra,dossier,d:blogs,total,20.6,0,67,final
2026-04-04,bathroomgraffiti,fra,dossier,d:blogs,total,18.9,0,44,final
2026-04-05,bathroomgraffiti,fra,dossier,d:blogs,total,23.1,0,40,final
2026-04-06,bathroomgraffiti,fra,dossier,d:blogs,total,19.8,0,50,final
2026-04-07,bathroomgraffiti,fra,dossier,d:blogs,total,17.3,0,44,final
2026-04-08,bathroomgraffiti,fra,dossier,d:blogs,total,21.0,0,65,final
2026-04-09,bathroomgraffiti,fra,dossier,d:blogs,total,15.0,0,65,final
2026-04-10,bathroomgraffiti,fra,dossier,d:blogs,total,18.1,0,68,final
2026-04-11,bathroomgraffiti,fra,dossier,d:blogs,total,16.5,1,74,final
2026-04-12,bathroomgraffiti,fra,dossier,d:blogs,total,21.8,0,95,final
2026-04-13,bathroomgraffiti,fra,dossier,d:blogs,total,21.0,1,110,final
2026-04-14,bathroomgraffiti,fra,dossier,d:blogs,total,17.9,0,61,final
2026-04-15,bathroomgraffiti,fra,dossier,d:blogs,total,19.7,0,59,final
2026-04-16,bathroomgraffiti,fra,dossier,d:blogs,total,20.9,0,69,final
2026-04-17,bathroomgraffiti,fra,dossier,d:blogs,total,16.2,0,58,final
2026-04-18,bathroomgraffiti,fra,dossier,d:blogs,total,19.3,1,59,final
2026-04-19,bathroomgraffiti,fra,dossier,d:blogs,total,18.3,0,68,final
2026-04-20,bathroomgraffiti,fra,dossier,d:blogs,total,14.7,0,73,final
2026-04-21,bathroomgraffiti,fra,dossier,d:blogs,total,18.0,0,70,final
2026-04-22,bathroomgraffiti,fra,dossier,d:blogs,total,18.1,0,53,final
2026-04-23,bathroomgraffiti,fra,dossier,d:blogs,total,24.6,1,75,final
2026-04-24,bathroomgraffiti,fra,dossier,d:blogs,total,19.1,0,78,final
2026-04-25,bathroomgraffiti,fra,dossier,d:blogs,total,19.7,0,78,final
2026-04-26,bathroomgraffiti,fra,dossier,d:blogs,total,17.7,0,75,final
2026-04-27,bathroomgraffiti,fra,dossier,d:blogs,total,21.8,2,72,final
2026-04-28,bathroomgraffiti,fra,dossier,d:blogs,total,21.9,1,61,final
2026-04-29,bathroomgraffiti,fra,dossier,d:blogs,total,15.7,0,55,final
2026-04-30,bathroomgraffiti,fra,dossier,d:blogs,total,19.2,0,75,final
2026-05-01,bathroomgraffiti,fra,dossier,d:blogs,total,18.3,0,68,final
2026-05-02,bathroomgraffiti,fra,dossier,d:blogs,total,17.8,0,49,final
2026-05-03,bathroomgraffiti,fra,dossier,d:blogs,total,24.3,0,43,final
2026-05-04,bathroomgraffiti,fra,dossier,d:blogs,total,17.1,0,41,final
2026-05-05,bathroomgraffiti,fra,dossier,d:blogs,total,17.0,0,77,final
2026-05-06,bathroomgraffiti,fra,dossier,d:blogs,total,16.0,0,83,final
2026-05-07,bathroomgraffiti,fra,dossier,d:blogs,total,16.6,0,93,final
2026-05-08,bathroomgraffiti,fra,dossier,d:blogs,total,19.6,0,60,final
2026-05-09,bathroomgraffiti,fra,dossier,d:blogs,total,30.1,0,74,final
2026-05-10,bathroomgraffiti,fra,dossier,d:blogs,total,22.3,0,74,final
2026-05-11,bathroomgraffiti,fra,dossier,d:blogs,total,20.4,0,51,final
2026-05-12,bathroomgraffiti,fra,dossier,d:blogs,total,20.3,0,72,final
2026-05-13,bathroomgraffiti,fra,dossier,d:blogs,total,21.0,0,69,final
2026-05-14,bathroomgraffiti,fra,dossier,d:blogs,total,18.6,1,57,final
2026-05-15,bathroomgraffiti,fra,dossier,d:blogs,total,17.2,0,46,final
2026-05-16,bathroomgraffiti,fra,dossier,d:blogs,total,15.2,1,65,final
2026-05-17,bathroomgraffiti,fra,dossier,d:blogs,total,14.2,1,60,final
2026-05-18,bathroomgraffiti,fra,dossier,d:blogs,total,21.8,1,53,final
2026-05-19,bathroomgraffiti,fra,dossier,d:blogs,total,13.1,1,45,final
2026-05-20,bathroomgraffiti,fra,dossier,d:blogs,total,14.8,0,57,final
2026-05-21,bathroomgraffiti,fra,dossier,d:blogs,total,19.9,0,83,final
2026-05-22,bathroomgraffiti,fra,dossier,d:blogs,total,18.3,0,44,final
2026-05-23,bathroomgraffiti,fra,dossier,d:blogs,total,18.0,0,47,final
2026-05-24,bathroomgraffiti,fra,dossier,d:blogs,total,13.8,0,35,final
2026-05-25,bathroomgraffiti,fra,dossier,d:blogs,total,14.9,0,54,final
2026-05-26,bathroomgraffiti,fra,dossier,d:blogs,total,15.2,0,43,final
2026-05-27,bathroomgraffiti,fra,dossier,d:blogs,total,12.9,0,58,final
2026-05-28,bathroomgraffiti,fra,dossier,d:blogs,total,13.7,0,57,final
2026-05-29,bathroomgraffiti,fra,dossier,d:blogs,total,14.5,0,71,final
2026-05-30,bathroomgraffiti,fra,dossier,d:blogs,total,13.6,1,64,final
2026-05-31,bathroomgraffiti,fra,dossier,d:blogs,total,15.5,0,63,final
2026-06-01,bathroomgraffiti,fra,dossier,d:blogs,total,15.8,0,68,final
2026-06-02,bathroomgraffiti,fra,dossier,d:blogs,total,13.0,0,57,final
2026-06-03,bathroomgraffiti,fra,dossier,d:blogs,total,14.3,0,53,final
2026-06-04,bathroomgraffiti,fra,dossier,d:blogs,total,15.3,0,83,final
2026-06-05,bathroomgraffiti,fra,dossier,d:blogs,total,18.3,1,74,final
2026-06-06,bathroomgraffiti,fra,dossier,d:blogs,total,16.8,1,86,final
2026-06-07,bathroomgraffiti,fra,dossier,d:blogs,total,16.0,1,106,final
2026-06-08,bathroomgraffiti,fra,dossier,d:blogs,total,12.3,0,56,final
2026-06-09,bathroomgraffiti,fra,dossier,d:blogs,total,14.0,0,52,final
2026-06-10,bathroomgraffiti,fra,dossier,d:blogs,total,14.0,0,51,final
2026-06-11,bathroomgraffiti,fra,dossier,d:blogs,total,11.1,1,48,final
2026-06-12,bathroomgraffiti,fra,dossier,d:blogs,total,12.3,0,35,final
2026-06-13,bathroomgraffiti,fra,dossier,d:blogs,total,13.7,0,47,final
2026-06-14,bathroomgraffiti,fra,dossier,d:blogs,total,12.9,0,42,final
2026-06-15,bathroomgraffiti,fra,dossier,d:blogs,total,11.7,1,46,final
2026-06-16,bathroomgraffiti,fra,dossier,d:blogs,total,13.5,0,47,final
2026-06-17,bathroomgraffiti,fra,dossier,d:blogs,total,11.7,1,47,final
2026-06-18,bathroomgraffiti,fra,dossier,d:blogs,total,15.6,0,47,final
2026-06-19,bathroomgraffiti,fra,dossier,d:blogs,total,13.5,0,60,final
2026-06-20,bathroomgraffiti,fra,dossier,d:blogs,total,11.8,0,51,final
2026-06-21,bathroomgraffiti,fra,dossier,d:blogs,total,10.3,0,35,final
2026-06-22,bathroomgraffiti,fra,dossier,d:blogs,total,13.5,0,60,final
2026-06-23,bathroomgraffiti,fra,dossier,d:blogs,total,10.1,0,36,final
2026-06-24,bathroomgraffiti,fra,dossier,d:blogs,total,13.0,0,51,final
2026-06-25,bathroomgraffiti,fra,dossier,d:blogs,total,15.5,0,53,final
2026-06-26,bathroomgraffiti,fra,dossier,d:blogs,total,14.2,0,56,final
2026-06-27,bathroomgraffiti,fra,dossier,d:blogs,total,12.3,1,53,final
2026-06-28,bathroomgraffiti,fra,dossier,d:blogs,total,14.9,0,47,final
2026-06-29,bathroomgraffiti,fra,dossier,d:blogs,total,10.3,1,56,final
2026-06-30,bathroomgraffiti,fra,dossier,d:blogs,total,12.1,1,54,final
2026-07-01,bathroomgraffiti,fra,dossier,d:blogs,total,12.3,2,75,final
2026-07-02,bathroomgraffiti,fra,dossier,d:blogs,total,14.2,0,45,final
2026-07-03,bathroomgraffiti,fra,dossier,d:blogs,total,10.7,0,51,final
2026-07-04,bathroomgraffiti,fra,dossier,d:blogs,total,15.7,1,53,final
2026-07-05,bathroomgraffiti,fra,dossier,d:blogs,total,15.3,0,43,final
2026-07-06,bathroomgraffiti,fra,dossier,d:blogs,total,11.9,1,41,final
2026-07-07,bathroomgraffiti,fra,dossier,d:blogs,total,15.1,0,32,final
2026-07-08,bathroomgraffiti,fra,dossier,d:blogs,total,15.5,0,69,final
2026-07-09,bathroomgraffiti,fra,dossier,d:blogs,total,16.5,0,62,final
2026-07-10,bathroomgraffiti,fra,dossier,d:blogs,total,14.6,0,55,final
2026-07-11,bathroomgraffiti,fra,dossier,d:blogs,total,15.5,0,50,final
2026-07-12,bathroomgraffiti,fra,dossier,d:blogs,total,16.0,0,45,final
2026-07-13,bathroomgraffiti,fra,dossier,d:blogs,total,13.0,2,43,final
2026-07-14,bathroomgraffiti,fra,dossier,d:blogs,total,11.8,0,53,final
2026-07-15,bathroomgraffiti,fra,dossier,d:blogs,total,13.6,0,40,final
2026-07-16,bathroomgraffiti,fra,dossier,d:blogs,total,13.9,0,54,final
2026-07-17,bathroomgraffiti,fra,dossier,d:blogs,total,14.9,0,52,final
2026-07-18,bathroomgraffiti,fra,dossier,d:blogs,total,11.0,1,42,final
2026-07-19,bathroomgraffiti,fra,dossier,d:blogs,total,13.0,0,37,final
2026-07-20,bathroomgraffiti,fra,dossier,d:blogs,total,10.7,0,47,final
2026-07-21,bathroomgraffiti,fra,dossier,d:blogs,total,12.7,0,58,final
2026-07-22,bathroomgraffiti,fra,dossier,d:blogs,total,12.9,0,47,final
2026-07-23,bathroomgraffiti,fra,dossier,d:blogs,total,13.3,0,54,final
2026-07-24,bathroomgraffiti,fra,dossier,d:blogs,total,13.0,1,57,final
2026-07-25,bathroomgraffiti,fra,dossier,d:blogs,total,14.8,1,41,final
2026-07-26,bathroomgraffiti,fra,dossier,d:blogs,total,14.6,1,60,final
2026-07-27,bathroomgraffiti,fra,dossier,d:blogs,total,10.3,0,49,final
2026-07-28,bathroomgraffiti,fra,dossier,d:blogs,total,17.6,0,55,final
2026-07-29,bathroomgraffiti,fra,dossier,d:blogs,total,13.0,0,72,final
2026-07-30,bathroomgraffiti,fra,dossier,d:blogs,total,16.9,0,52,final
2026-07-31,bathroomgraffiti,fra,dossier,d:blogs,total,21.0,1,61,final
2026-08-01,bathroomgraffiti,fra,dossier,d:blogs,total,16.3,1,48,final
2026-08-02,bathroomgraffiti,fra,dossier,d:blogs,total,16.3,0,72,final
2026-08-03,bathroomgraffiti,fra,dossier,d:blogs,total,18.2,0,45,final
2026-08-04,bathroomgraffiti,fra,dossier,d:blogs,total,13.8,0,53,final
2026-08-05,bathroomgraffiti,fra,dossier,d:blogs,total,15.3,1,51,final
2026-08-06,bathroomgraffiti,fra,dossier,d:blogs,total,19.7,1,94,final
2026-08-07,bathroomgraffiti,fra,dossier,d:blogs,total,17.9,0,64,final
2026-08-08,bathroomgraffiti,fra,dossier,d:blogs,total,13.8,0,42,final
2026-08-09,bathroomgraffiti,fra,dossier,d:blogs,total,13.2,1,28,final
2026-08-10,bathroomgraffiti,fra,dossier,d:blogs,total,16.2,0,47,final
2026-08-11,bathroomgraffiti,fra,dossier,d:blogs,total,16.5,0,54,final
2026-08-12,bathroomgraffiti,fra,dossier,d:blogs,total,17.1,0,53,final
2026-08-13,bathroomgraffiti,fra,dossier,d:blogs,total,18.9,0,72,final
2026-08-14,bathroomgraffiti,fra,dossier,d:blogs,total,14.3,0,47,final
2026-08-15,bathroomgraffiti,fra,dossier,d:blogs,total,18.8,1,50,final
2026-08-16,bathroomgraffiti,fra,dossier,d:blogs,total,19.5,0,67,final
2026-08-17,bathroomgraffiti,fra,dossier,d:blogs,total,19.6,0,75,final
2026-08-18,bathroomgraffiti,fra,dossier,d:blogs,total,21.3,1,67,final
2026-08-19,bathroomgraffiti,fra,dossier,d:blogs,total,17.3,0,59,final
2026-08-20,bathroomgraffiti,fra,dossier,d:blogs,total,19.4,0,72,final
2026-08-21,bathroomgraffiti,fra,dossier,d:blogs,total,21.7,0,80,final
2026-08-22,bathroomgraffiti,fra,dossier,d:blogs,total,16.4,0,82,final
2026-08-23,bathroomgraffiti,fra,dossier,d:blogs,total,12.8,0,107,final
2026-08-24,bathroomgraffiti,fra,dossier,d:blogs,total,16.3,0,100,final
2026-08-25,bathroomgraffiti,fra,dossier,d:blogs,total,19.6,0,73,final
2026-08-26,bathroomgraffiti,fra,dossier,d:blogs,total,24.6,2,133,final
2026-08-27,bathroomgraffiti,fra,dossier,d:blogs,total,21.4,0,67,final
2026-08-28,bathroomgraffiti,fra,dossier,d:blogs,total,22.1,0,67,final
2026-08-29,bathroomgraffiti,fra,dossier,d:blogs,total,22.3,0,78,final
2026-08-30,bathroomgraffiti,fra,dossier,d:blogs,total,24.2,0,81,final
2026-08-31,bathroomgraffiti,fra,dossier,d:blogs,total,25.0,1,65,final
2026-09-01,bathroomgraffiti,fra,dossier,d:blogs,total,25.7,0,57,final
2026-09-02,bathroomgraffiti,fra,dossier,d:blogs,total,21.8,0,53,final
2026-09-03,bathroomgraffiti,fra,dossier,d:blogs,total,25.8,0,101,final
2026-09-04,bathroomgraffiti,fra,dossier,d:blogs,total,25.2,0,84,final
2026-09-05,bathroomgraffiti,fra,dossier,d:blogs,total,22.9,0,112,final
2026-09-06,bathroomgraffiti,fra,dossier,d:blogs,total,22.3,0,64,final
2026-09-07,bathroomgraffiti,fra,dossier,d:blogs,total,24.1,0,58,final
2026-09-08,bathroomgraffiti,fra,dossier,d:blogs,total,22.8,0,50,final
2026-09-09,bathroomgraffiti,fra,dossier,d:blogs,total,22.8,0,50,final
2026-09-10,bathroomgraffiti,fra,dossier,d:blogs,total,27.0,0,43,final
2026-09-11,bathroomgraffiti,fra,dossier,d:blogs,total,20.6,0,29,final
2026-09-12,bathroomgraffiti,fra,dossier,d:blogs,total,25.2,0,39,final
2026-09-13,bathroomgraffiti,fra,dossier,d:blogs,total,26.2,0,33,final
2026-09-14,bathroomgraffiti,fra,dossier,d:blogs,total,22.2,0,34,final
2026-09-15,bathroomgraffiti,fra,dossier,d:blogs,total,19.7,0,31,final
2026-09-16,bathroomgraffiti,fra,dossier,d:blogs,total,19.4,0,41,final
2026-09-17,bathroomgraffiti,fra,dossier,d:blogs,total,23.8,0,37,final
2026-09-18,bathroomgraffiti,fra,dossier,d:blogs,total,17.9,0,30,final
2026-09-19,bathroomgraffiti,fra,dossier,d:blogs,total,22.4,0,29,final
2026-09-20,bathroomgraffiti,fra,dossier,d:blogs,total,13.8,0,20,final
2026-09-21,bathroomgraffiti,fra,dossier,d:blogs,total,19.0,0,35,final
2026-09-22,bathroomgraffiti,fra,dossier,d:blogs,total,16.1,0,34,final
2026-09-23,bathroomgraffiti,fra,dossier,d:blogs,total,18.4,0,41,final
2026-09-24,bathroomgraffiti,fra,dossier,d:blogs,total,20.2,0,33,final
2026-09-25,bathroomgraffiti,fra,dossier,d:blogs,total,16.9,0,33,final
2026-09-26,bathroomgraffiti,fra,dossier,d:blogs,total,20.2,0,30,final
2026-09-27,bathroomgraffiti,fra,dossier,d:blogs,total,15.1,0,19,final
2026-09-28,bathroomgraffiti,fra,dossier,d:blogs,total,19.9,0,33,final
2026-09-29,bathroomgraffiti,fra,dossier,d:blogs,total,15.3,1,33,final
2026-09-30,bathroomgraffiti,fra,dossier,d:blogs,total,15.8,0,47,final
2026-10-01,bathroomgraffiti,fra,dossier,d:blogs,total,22.8,0,32,final
2026-10-02,bathroomgraffiti,fra,dossier,d:blogs,total,23.0,0,47,final
2026-10-03,bathroomgraffiti,fra,dossier,d:blogs,total,24.5,0,60,fresh
2026-10-04,bathroomgraffiti,fra,dossier,d:blogs,total,23.3,0,58,fresh
2025-06-12,bathroomgraffiti,fra,dossier,d:collections,total,10.1,14,2558,final
2025-06-13,bathroomgraffiti,fra,dossier,d:collections,total,10.2,24,2521,final
2025-06-14,bathroomgraffiti,fra,dossier,d:collections,total,9.9,25,3560,final
2025-06-15,bathroomgraffiti,fra,dossier,d:collections,total,9.8,27,3171,final
2025-06-16,bathroomgraffiti,fra,dossier,d:collections,total,9.8,22,2829,final
2025-06-17,bathroomgraffiti,fra,dossier,d:collections,total,10.1,17,3007,final
2025-06-18,bathroomgraffiti,fra,dossier,d:collections,total,10.1,24,3029,final
2025-06-19,bathroomgraffiti,fra,dossier,d:collections,total,10.7,25,2810,final
2025-06-20,bathroomgraffiti,fra,dossier,d:collections,total,11.0,16,2654,final
2025-06-21,bathroomgraffiti,fra,dossier,d:collections,total,12.2,15,2523,final
2025-06-22,bathroomgraffiti,fra,dossier,d:collections,total,9.7,16,2868,final
2025-06-23,bathroomgraffiti,fra,dossier,d:collections,total,10.7,21,3101,final
2025-06-24,bathroomgraffiti,fra,dossier,d:collections,total,10.1,27,3148,final
2025-06-25,bathroomgraffiti,fra,dossier,d:collections,total,10.4,29,3321,final
2025-06-26,bathroomgraffiti,fra,dossier,d:collections,total,10.5,27,3189,final
2025-06-27,bathroomgraffiti,fra,dossier,d:collections,total,9.8,15,2978,final
2025-06-28,bathroomgraffiti,fra,dossier,d:collections,total,10.1,17,3040,final
2025-06-29,bathroomgraffiti,fra,dossier,d:collections,total,9.7,17,2955,final
2025-06-30,bathroomgraffiti,fra,dossier,d:collections,total,11.5,18,3000,final
2025-07-01,bathroomgraffiti,fra,dossier,d:collections,total,17.8,34,3843,final
2025-07-02,bathroomgraffiti,fra,dossier,d:collections,total,23.3,25,5140,final
2025-07-03,bathroomgraffiti,fra,dossier,d:collections,total,22.7,19,5295,final
2025-07-04,bathroomgraffiti,fra,dossier,d:collections,total,25.0,19,5152,final
2025-07-05,bathroomgraffiti,fra,dossier,d:collections,total,22.2,30,5046,final
2025-07-06,bathroomgraffiti,fra,dossier,d:collections,total,22.5,26,5000,final
2025-07-07,bathroomgraffiti,fra,dossier,d:collections,total,21.6,19,5052,final
2025-07-08,bathroomgraffiti,fra,dossier,d:collections,total,20.7,21,4552,final
2025-07-09,bathroomgraffiti,fra,dossier,d:collections,total,22.4,15,4926,final
2025-07-10,bathroomgraffiti,fra,dossier,d:collections,total,24.8,19,4488,final
2025-07-11,bathroomgraffiti,fra,dossier,d:collections,total,29.7,22,5399,final
2025-07-12,bathroomgraffiti,fra,dossier,d:collections,total,25.0,27,4418,final
2025-07-13,bathroomgraffiti,fra,dossier,d:collections,total,22.8,34,4326,final
2025-07-14,bathroomgraffiti,fra,dossier,d:collections,total,25.2,28,4167,final
2025-07-15,bathroomgraffiti,fra,dossier,d:collections,total,25.4,20,4450,final
2025-07-16,bathroomgraffiti,fra,dossier,d:collections,total,26.3,26,4158,final
2025-07-17,bathroomgraffiti,fra,dossier,d:collections,total,29.1,21,3758,final
2025-07-18,bathroomgraffiti,fra,dossier,d:collections,total,29.0,18,3697,final
2025-07-19,bathroomgraffiti,fra,dossier,d:collections,total,26.2,26,3924,final
2025-07-20,bathroomgraffiti,fra,dossier,d:collections,total,26.6,24,4118,final
2025-07-21,bathroomgraffiti,fra,dossier,d:collections,total,28.0,26,4324,final
2025-07-22,bathroomgraffiti,fra,dossier,d:collections,total,29.0,19,4583,final
2025-07-23,bathroomgraffiti,fra,dossier,d:collections,total,25.3,17,4421,final
2025-07-24,bathroomgraffiti,fra,dossier,d:collections,total,25.6,17,4346,final
2025-07-25,bathroomgraffiti,fra,dossier,d:collections,total,25.8,20,4663,final
2025-07-26,bathroomgraffiti,fra,dossier,d:collections,total,24.3,27,4474,final
2025-07-27,bathroomgraffiti,fra,dossier,d:collections,total,24.5,27,4505,final
2025-07-28,bathroomgraffiti,fra,dossier,d:collections,total,25.3,21,4836,final
2025-07-29,bathroomgraffiti,fra,dossier,d:collections,total,26.1,17,4693,final
2025-07-30,bathroomgraffiti,fra,dossier,d:collections,total,23.3,24,4844,final
2025-07-31,bathroomgraffiti,fra,dossier,d:collections,total,25.0,28,4362,final
2025-08-01,bathroomgraffiti,fra,dossier,d:collections,total,26.8,24,4843,final
2025-08-02,bathroomgraffiti,fra,dossier,d:collections,total,26.2,29,4470,final
2025-08-03,bathroomgraffiti,fra,dossier,d:collections,total,27.8,18,4757,final
2025-08-04,bathroomgraffiti,fra,dossier,d:collections,total,27.4,17,4843,final
2025-08-05,bathroomgraffiti,fra,dossier,d:collections,total,26.7,30,4956,final
2025-08-06,bathroomgraffiti,fra,dossier,d:collections,total,27.3,20,5187,final
2025-08-07,bathroomgraffiti,fra,dossier,d:collections,total,29.4,17,5062,final
2025-08-08,bathroomgraffiti,fra,dossier,d:collections,total,29.3,24,4720,final
2025-08-09,bathroomgraffiti,fra,dossier,d:collections,total,29.5,18,4681,final
2025-08-10,bathroomgraffiti,fra,dossier,d:collections,total,29.1,32,4466,final
2025-08-11,bathroomgraffiti,fra,dossier,d:collections,total,32.3,26,6139,final
2025-08-12,bathroomgraffiti,fra,dossier,d:collections,total,25.6,25,3921,final
2025-08-13,bathroomgraffiti,fra,dossier,d:collections,total,25.1,21,4208,final
2025-08-14,bathroomgraffiti,fra,dossier,d:collections,total,23.7,21,3954,final
2025-08-15,bathroomgraffiti,fra,dossier,d:collections,total,24.2,24,3415,final
2025-08-16,bathroomgraffiti,fra,dossier,d:collections,total,23.7,28,3396,final
2025-08-17,bathroomgraffiti,fra,dossier,d:collections,total,22.7,19,3303,final
2025-08-18,bathroomgraffiti,fra,dossier,d:collections,total,24.9,16,3496,final
2025-08-19,bathroomgraffiti,fra,dossier,d:collections,total,24.3,24,3744,final
2025-08-20,bathroomgraffiti,fra,dossier,d:collections,total,25.5,34,3562,final
2025-08-21,bathroomgraffiti,fra,dossier,d:collections,total,27.2,25,3761,final
2025-08-22,bathroomgraffiti,fra,dossier,d:collections,total,27.4,21,3649,final
2025-08-23,bathroomgraffiti,fra,dossier,d:collections,total,27.8,21,3512,final
2025-08-24,bathroomgraffiti,fra,dossier,d:collections,total,26.7,20,3596,final
2025-08-25,bathroomgraffiti,fra,dossier,d:collections,total,26.1,19,3601,final
2025-08-26,bathroomgraffiti,fra,dossier,d:collections,total,27.1,12,3768,final
2025-08-27,bathroomgraffiti,fra,dossier,d:collections,total,28.7,21,4022,final
2025-08-28,bathroomgraffiti,fra,dossier,d:collections,total,27.2,15,3928,final
2025-08-29,bathroomgraffiti,fra,dossier,d:collections,total,27.3,33,3959,final
2025-08-30,bathroomgraffiti,fra,dossier,d:collections,total,27.1,16,3880,final
2025-08-31,bathroomgraffiti,fra,dossier,d:collections,total,27.6,18,3730,final
2025-09-01,bathroomgraffiti,fra,dossier,d:collections,total,29.1,18,3532,final
2025-09-02,bathroomgraffiti,fra,dossier,d:collections,total,29.0,19,3497,final
2025-09-03,bathroomgraffiti,fra,dossier,d:collections,total,28.2,21,3553,final
2025-09-04,bathroomgraffiti,fra,dossier,d:collections,total,28.0,20,3768,final
2025-09-05,bathroomgraffiti,fra,dossier,d:collections,total,29.4,12,3772,final
2025-09-06,bathroomgraffiti,fra,dossier,d:collections,total,27.2,19,3628,final
2025-09-07,bathroomgraffiti,fra,dossier,d:collections,total,28.4,26,3505,final
2025-09-08,bathroomgraffiti,fra,dossier,d:collections,total,29.2,18,3421,final
2025-09-09,bathroomgraffiti,fra,dossier,d:collections,total,29.0,15,3453,final
2025-09-10,bathroomgraffiti,fra,dossier,d:collections,total,26.1,26,3305,final
2025-09-11,bathroomgraffiti,fra,dossier,d:collections,total,24.8,16,3179,final
2025-09-12,bathroomgraffiti,fra,dossier,d:collections,total,21.9,14,2582,final
2025-09-13,bathroomgraffiti,fra,dossier,d:collections,total,12.5,24,2553,final
2025-09-14,bathroomgraffiti,fra,dossier,d:collections,total,17.2,20,2502,final
2025-09-15,bathroomgraffiti,fra,dossier,d:collections,total,18.3,19,2440,final
2025-09-16,bathroomgraffiti,fra,dossier,d:collections,total,16.5,10,1997,final
2025-09-17,bathroomgraffiti,fra,dossier,d:collections,total,16.1,15,2246,final
2025-09-18,bathroomgraffiti,fra,dossier,d:collections,total,17.4,10,2280,final
2025-09-19,bathroomgraffiti,fra,dossier,d:collections,total,16.6,15,2254,final
2025-09-20,bathroomgraffiti,fra,dossier,d:collections,total,15.0,27,2503,final
2025-09-21,bathroomgraffiti,fra,dossier,d:collections,total,15.0,13,2601,final
2025-09-22,bathroomgraffiti,fra,dossier,d:collections,total,18.3,16,2220,final
2025-09-23,bathroomgraffiti,fra,dossier,d:collections,total,16.6,26,2435,final
2025-09-24,bathroomgraffiti,fra,dossier,d:collections,total,17.6,18,2344,final
2025-09-25,bathroomgraffiti,fra,dossier,d:collections,total,16.8,30,2341,final
2025-09-26,bathroomgraffiti,fra,dossier,d:collections,total,16.3,20,2437,final
2025-09-27,bathroomgraffiti,fra,dossier,d:collections,total,16.1,12,2490,final
2025-09-28,bathroomgraffiti,fra,dossier,d:collections,total,15.4,16,2375,final
2025-09-29,bathroomgraffiti,fra,dossier,d:collections,total,17.0,17,2280,final
2025-09-30,bathroomgraffiti,fra,dossier,d:collections,total,15.5,23,2382,final
2025-10-01,bathroomgraffiti,fra,dossier,d:collections,total,14.9,17,2234,final
2025-10-02,bathroomgraffiti,fra,dossier,d:collections,total,15.7,18,1995,final
2025-10-03,bathroomgraffiti,fra,dossier,d:collections,total,15.5,19,2119,final
2025-10-04,bathroomgraffiti,fra,dossier,d:collections,total,15.6,35,2657,final
2025-10-05,bathroomgraffiti,fra,dossier,d:collections,total,16.4,25,2717,final
2025-10-06,bathroomgraffiti,fra,dossier,d:collections,total,16.9,20,2320,final
2025-10-07,bathroomgraffiti,fra,dossier,d:collections,total,14.8,16,2053,final
2025-10-08,bathroomgraffiti,fra,dossier,d:collections,total,13.4,17,2343,final
2025-10-09,bathroomgraffiti,fra,dossier,d:collections,total,14.9,21,2425,final
2025-10-10,bathroomgraffiti,fra,dossier,d:collections,total,14.0,25,2224,final
2025-10-11,bathroomgraffiti,fra,dossier,d:collections,total,13.7,28,2477,final
2025-10-12,bathroomgraffiti,fra,dossier,d:collections,total,12.2,23,2389,final
2025-10-13,bathroomgraffiti,fra,dossier,d:collections,total,13.4,30,2197,final
2025-10-14,bathroomgraffiti,fra,dossier,d:collections,total,14.6,16,2234,final
2025-10-15,bathroomgraffiti,fra,dossier,d:collections,total,18.9,23,3172,final
2025-10-16,bathroomgraffiti,fra,dossier,d:collections,total,21.2,23,3036,final
2025-10-17,bathroomgraffiti,fra,dossier,d:collections,total,14.7,21,2531,final
2025-10-18,bathroomgraffiti,fra,dossier,d:collections,total,14.9,18,2449,final
2025-10-19,bathroomgraffiti,fra,dossier,d:collections,total,13.4,25,2447,final
2025-10-20,bathroomgraffiti,fra,dossier,d:collections,total,14.8,16,2332,final
2025-10-21,bathroomgraffiti,fra,dossier,d:collections,total,16.0,19,2387,final
2025-10-22,bathroomgraffiti,fra,dossier,d:collections,total,14.8,17,2414,final
2025-10-23,bathroomgraffiti,fra,dossier,d:collections,total,15.5,20,2169,final
2025-10-24,bathroomgraffiti,fra,dossier,d:collections,total,13.3,13,2456,final
2025-10-25,bathroomgraffiti,fra,dossier,d:collections,total,16.0,29,2790,final
2025-10-26,bathroomgraffiti,fra,dossier,d:collections,total,11.2,27,2357,final
2025-10-27,bathroomgraffiti,fra,dossier,d:collections,total,16.2,22,2575,final
2025-10-28,bathroomgraffiti,fra,dossier,d:collections,total,12.7,26,2160,final
2025-10-29,bathroomgraffiti,fra,dossier,d:collections,total,16.4,15,2693,final
2025-10-30,bathroomgraffiti,fra,dossier,d:collections,total,12.7,33,2455,final
2025-10-31,bathroomgraffiti,fra,dossier,d:collections,total,14.5,20,2119,final
2025-11-01,bathroomgraffiti,fra,dossier,d:collections,total,12.8,21,2650,final
2025-11-02,bathroomgraffiti,fra,dossier,d:collections,total,13.2,27,2837,final
2025-11-03,bathroomgraffiti,fra,dossier,d:collections,total,11.6,22,2239,final
2025-11-04,bathroomgraffiti,fra,dossier,d:collections,total,12.2,22,2338,final
2025-11-05,bathroomgraffiti,fra,dossier,d:collections,total,12.0,32,2479,final
2025-11-06,bathroomgraffiti,fra,dossier,d:collections,total,12.4,31,2547,final
2025-11-07,bathroomgraffiti,fra,dossier,d:collections,total,13.3,24,3149,final
2025-11-08,bathroomgraffiti,fra,dossier,d:collections,total,12.6,40,3756,final
2025-11-09,bathroomgraffiti,fra,dossier,d:collections,total,12.5,34,4553,final
2025-11-10,bathroomgraffiti,fra,dossier,d:collections,total,15.7,37,4356,final
2025-11-11,bathroomgraffiti,fra,dossier,d:collections,total,13.5,51,4613,final
2025-11-12,bathroomgraffiti,fra,dossier,d:collections,total,12.4,41,4010,final
2025-11-13,bathroomgraffiti,fra,dossier,d:collections,total,12.0,31,2802,final
2025-11-14,bathroomgraffiti,fra,dossier,d:collections,total,12.2,32,3143,final
2025-11-15,bathroomgraffiti,fra,dossier,d:collections,total,10.6,46,3438,final
2025-11-16,bathroomgraffiti,fra,dossier,d:collections,total,10.9,46,3777,final
2025-11-17,bathroomgraffiti,fra,dossier,d:collections,total,11.9,46,3303,final
2025-11-18,bathroomgraffiti,fra,dossier,d:collections,total,13.1,48,3337,final
2025-11-19,bathroomgraffiti,fra,dossier,d:collections,total,11.8,57,5622,final
2025-11-20,bathroomgraffiti,fra,dossier,d:collections,total,11.3,65,5087,final
2025-11-21,bathroomgraffiti,fra,dossier,d:collections,total,10.7,54,5156,final
2025-11-22,bathroomgraffiti,fra,dossier,d:collections,total,11.1,69,6646,final
2025-11-23,bathroomgraffiti,fra,dossier,d:collections,total,11.7,64,6160,final
2025-11-24,bathroomgraffiti,fra,dossier,d:collections,total,12.0,38,4756,final
2025-11-25,bathroomgraffiti,fra,dossier,d:collections,total,12.9,47,4290,final
2025-11-26,bathroomgraffiti,fra,dossier,d:collections,total,13.8,56,4609,final
2025-11-27,bathroomgraffiti,fra,dossier,d:collections,total,13.2,67,5110,final
2025-11-28,bathroomgraffiti,fra,dossier,d:collections,total,12.2,77,6604,final
2025-11-29,bathroomgraffiti,fra,dossier,d:collections,total,12.8,53,6095,final
2025-11-30,bathroomgraffiti,fra,dossier,d:collections,total,12.3,97,6860,final
2025-12-01,bathroomgraffiti,fra,dossier,d:collections,total,12.7,72,5693,final
2025-12-02,bathroomgraffiti,fra,dossier,d:collections,total,13.5,102,6291,final
2025-12-03,bathroomgraffiti,fra,dossier,d:collections,total,13.0,135,7251,final
2025-12-04,bathroomgraffiti,fra,dossier,d:collections,total,14.6,79,6368,final
2025-12-05,bathroomgraffiti,fra,dossier,d:collections,total,14.2,87,5810,final
2025-12-06,bathroomgraffiti,fra,dossier,d:collections,total,11.9,96,6710,final
2025-12-07,bathroomgraffiti,fra,dossier,d:collections,total,11.3,110,8263,final
2025-12-08,bathroomgraffiti,fra,dossier,d:collections,total,11.4,97,6463,final
2025-12-09,bathroomgraffiti,fra,dossier,d:collections,total,14.1,90,6298,final
2025-12-10,bathroomgraffiti,fra,dossier,d:collections,total,17.8,125,7630,final
2025-12-11,bathroomgraffiti,fra,dossier,d:collections,total,12.0,80,5859,final
2025-12-12,bathroomgraffiti,fra,dossier,d:collections,total,14.6,85,7308,final
2025-12-13,bathroomgraffiti,fra,dossier,d:collections,total,12.5,92,6351,final
2025-12-14,bathroomgraffiti,fra,dossier,d:collections,total,11.7,90,5979,final
2025-12-15,bathroomgraffiti,fra,dossier,d:collections,total,15.9,71,5539,final
2025-12-16,bathroomgraffiti,fra,dossier,d:collections,total,13.7,61,4593,final
2025-12-17,bathroomgraffiti,fra,dossier,d:collections,total,10.8,59,5298,final
2025-12-18,bathroomgraffiti,fra,dossier,d:collections,total,14.6,50,5715,final
2025-12-19,bathroomgraffiti,fra,dossier,d:collections,total,14.0,56,5439,final
2025-12-20,bathroomgraffiti,fra,dossier,d:collections,total,11.6,48,4971,final
2025-12-21,bathroomgraffiti,fra,dossier,d:collections,total,11.1,52,5449,final
2025-12-22,bathroomgraffiti,fra,dossier,d:collections,total,12.0,44,5189,final
2025-12-23,bathroomgraffiti,fra,dossier,d:collections,total,11.9,39,4811,final
2025-12-24,bathroomgraffiti,fra,dossier,d:collections,total,13.3,26,4664,final
2025-12-25,bathroomgraffiti,fra,dossier,d:collections,total,11.4,58,6396,final
2025-12-26,bathroomgraffiti,fra,dossier,d:collections,total,14.7,45,5461,final
2025-12-27,bathroomgraffiti,fra,dossier,d:collections,total,14.4,44,4987,final
2025-12-28,bathroomgraffiti,fra,dossier,d:collections,total,14.5,52,4614,final
2025-12-29,bathroomgraffiti,fra,dossier,d:collections,total,14.7,39,4384,final
2025-12-30,bathroomgraffiti,fra,dossier,d:collections,total,16.5,40,4446,final
2025-12-31,bathroomgraffiti,fra,dossier,d:collections,total,18.6,28,3594,final
2026-01-01,bathroomgraffiti,fra,dossier,d:collections,total,18.8,38,3668,final
2026-01-02,bathroomgraffiti,fra,dossier,d:collections,total,14.3,43,4215,final
2026-01-03,bathroomgraffiti,fra,dossier,d:collections,total,16.7,29,3127,final
2026-01-04,bathroomgraffiti,fra,dossier,d:collections,total,18.1,31,2908,final
2026-01-05,bathroomgraffiti,fra,dossier,d:collections,total,20.2,23,2526,final
2026-01-06,bathroomgraffiti,fra,dossier,d:collections,total,16.5,25,2266,final
2026-01-07,bathroomgraffiti,fra,dossier,d:collections,total,18.1,26,2909,final
2026-01-08,bathroomgraffiti,fra,dossier,d:collections,total,18.0,37,2926,final
2026-01-09,bathroomgraffiti,fra,dossier,d:collections,total,21.1,38,3641,final
2026-01-10,bathroomgraffiti,fra,dossier,d:collections,total,19.4,37,3845,final
2026-01-11,bathroomgraffiti,fra,dossier,d:collections,total,14.3,46,3018,final
2026-01-12,bathroomgraffiti,fra,dossier,d:collections,total,14.9,34,2503,final
2026-01-13,bathroomgraffiti,fra,dossier,d:collections,total,20.2,29,2866,final
2026-01-14,bathroomgraffiti,fra,dossier,d:collections,total,19.0,25,2972,final
2026-01-15,bathroomgraffiti,fra,dossier,d:collections,total,16.9,30,2440,final
2026-01-16,bathroomgraffiti,fra,dossier,d:collections,total,14.9,31,2430,final
2026-01-17,bathroomgraffiti,fra,dossier,d:collections,total,14.0,34,2703,final
2026-01-18,bathroomgraffiti,fra,dossier,d:collections,total,13.7,29,2484,final
2026-01-19,bathroomgraffiti,fra,dossier,d:collections,total,14.9,35,2194,final
2026-01-20,bathroomgraffiti,fra,dossier,d:collections,total,15.8,35,2207,final
2026-01-21,bathroomgraffiti,fra,dossier,d:collections,total,17.6,17,2100,final
2026-01-22,bathroomgraffiti,fra,dossier,d:collections,total,24.3,15,2620,final
2026-01-23,bathroomgraffiti,fra,dossier,d:collections,total,19.7,20,2428,final
2026-01-24,bathroomgraffiti,fra,dossier,d:collections,total,18.2,16,2507,final
2026-01-25,bathroomgraffiti,fra,dossier,d:collections,total,15.8,25,2424,final
2026-01-26,bathroomgraffiti,fra,dossier,d:collections,total,23.7,18,2498,final
2026-01-27,bathroomgraffiti,fra,dossier,d:collections,total,19.1,21,2583,final
2026-01-28,bathroomgraffiti,fra,dossier,d:collections,total,12.8,19,2118,final
2026-01-29,bathroomgraffiti,fra,dossier,d:collections,total,19.8,16,2489,final
2026-01-30,bathroomgraffiti,fra,dossier,d:collections,total,18.4,23,2807,final
2026-01-31,bathroomgraffiti,fra,dossier,d:collections,total,14.8,19,3722,final
2026-02-01,bathroomgraffiti,fra,dossier,d:collections,total,14.3,45,3255,final
2026-02-02,bathroomgraffiti,fra,dossier,d:collections,total,13.0,24,2572,final
2026-02-03,bathroomgraffiti,fra,dossier,d:collections,total,11.2,21,2233,final
2026-02-04,bathroomgraffiti,fra,dossier,d:collections,total,13.6,26,2452,final
2026-02-05,bathroomgraffiti,fra,dossier,d:collections,total,19.9,20,2709,final
2026-02-06,bathroomgraffiti,fra,dossier,d:collections,total,20.7,10,2775,final
2026-02-07,bathroomgraffiti,fra,dossier,d:collections,total,13.4,25,2334,final
2026-02-08,bathroomgraffiti,fra,dossier,d:collections,total,17.1,22,2729,final
2026-02-09,bathroomgraffiti,fra,dossier,d:collections,total,19.9,13,2440,final
2026-02-10,bathroomgraffiti,fra,dossier,d:collections,total,19.8,20,2885,final
2026-02-11,bathroomgraffiti,fra,dossier,d:collections,total,15.2,22,2886,final
2026-02-12,bathroomgraffiti,fra,dossier,d:collections,total,15.4,18,2867,final
2026-02-13,bathroomgraffiti,fra,dossier,d:collections,total,14.9,11,2996,final
2026-02-14,bathroomgraffiti,fra,dossier,d:collections,total,15.0,20,3387,final
2026-02-15,bathroomgraffiti,fra,dossier,d:collections,total,14.8,30,3889,final
2026-02-16,bathroomgraffiti,fra,dossier,d:collections,total,17.1,21,2828,final
2026-02-17,bathroomgraffiti,fra,dossier,d:collections,total,15.3,30,3842,final
2026-02-18,bathroomgraffiti,fra,dossier,d:collections,total,16.3,29,3353,final
2026-02-19,bathroomgraffiti,fra,dossier,d:collections,total,14.5,21,3388,final
2026-02-20,bathroomgraffiti,fra,dossier,d:collections,total,15.2,18,3085,final
2026-02-21,bathroomgraffiti,fra,dossier,d:collections,total,14.0,19,2648,final
2026-02-22,bathroomgraffiti,fra,dossier,d:collections,total,14.5,15,2952,final
2026-02-23,bathroomgraffiti,fra,dossier,d:collections,total,14.8,20,2559,final
2026-02-24,bathroomgraffiti,fra,dossier,d:collections,total,17.9,21,2813,final
2026-02-25,bathroomgraffiti,fra,dossier,d:collections,total,17.5,22,2377,final
2026-02-26,bathroomgraffiti,fra,dossier,d:collections,total,19.6,13,2739,final
2026-02-27,bathroomgraffiti,fra,dossier,d:collections,total,18.5,18,2978,final
2026-02-28,bathroomgraffiti,fra,dossier,d:collections,total,17.8,18,2978,final
2026-03-01,bathroomgraffiti,fra,dossier,d:collections,total,17.2,18,2815,final
2026-03-02,bathroomgraffiti,fra,dossier,d:collections,total,19.6,25,3108,final
2026-03-03,bathroomgraffiti,fra,dossier,d:collections,total,15.8,25,2802,final
2026-03-04,bathroomgraffiti,fra,dossier,d:collections,total,12.6,16,2467,final
2026-03-05,bathroomgraffiti,fra,dossier,d:collections,total,12.8,15,2435,final
2026-03-06,bathroomgraffiti,fra,dossier,d:collections,total,12.2,16,2529,final
2026-03-07,bathroomgraffiti,fra,dossier,d:collections,total,15.5,21,3137,final
2026-03-08,bathroomgraffiti,fra,dossier,d:collections,total,14.9,21,4022,final
2026-03-09,bathroomgraffiti,fra,dossier,d:collections,total,13.4,27,3977,final
2026-03-10,bathroomgraffiti,fra,dossier,d:collections,total,14.8,20,2912,final
2026-03-11,bathroomgraffiti,fra,dossier,d:collections,total,14.5,21,2544,final
2026-03-12,bathroomgraffiti,fra,dossier,d:collections,total,14.3,20,2548,final
2026-03-13,bathroomgraffiti,fra,dossier,d:collections,total,14.1,14,2532,final
2026-03-14,bathroomgraffiti,fra,dossier,d:collections,total,12.1,25,3131,final
2026-03-15,bathroomgraffiti,fra,dossier,d:collections,total,13.1,23,2729,final
2026-03-16,bathroomgraffiti,fra,dossier,d:collections,total,11.9,19,2628,final
2026-03-17,bathroomgraffiti,fra,dossier,d:collections,total,12.3,17,2456,final
2026-03-18,bathroomgraffiti,fra,dossier,d:collections,total,11.6,13,2001,final
2026-03-19,bathroomgraffiti,fra,dossier,d:collections,total,10.5,20,1880,final
2026-03-20,bathroomgraffiti,fra,dossier,d:collections,total,11.9,16,1882,final
2026-03-21,bathroomgraffiti,fra,dossier,d:collections,total,10.9,19,2011,final
2026-03-22,bathroomgraffiti,fra,dossier,d:collections,total,10.2,22,2548,final
2026-03-23,bathroomgraffiti,fra,dossier,d:collections,total,9.6,27,2278,final
2026-03-24,bathroomgraffiti,fra,dossier,d:collections,total,9.5,19,2388,final
2026-03-25,bathroomgraffiti,fra,dossier,d:collections,total,9.7,15,2576,final
2026-03-26,bathroomgraffiti,fra,dossier,d:collections,total,10.4,15,2091,final
2026-03-27,bathroomgraffiti,fra,dossier,d:collections,total,10.0,24,2157,final
2026-03-28,bathroomgraffiti,fra,dossier,d:collections,total,9.4,5,1843,final
2026-03-29,bathroomgraffiti,fra,dossier,d:collections,total,10.2,16,1724,final
2026-03-30,bathroomgraffiti,fra,dossier,d:collections,total,10.6,12,1461,final
2026-03-31,bathroomgraffiti,fra,dossier,d:collections,total,11.3,11,1375,final
2026-04-01,bathroomgraffiti,fra,dossier,d:collections,total,10.1,7,1442,final
2026-04-02,bathroomgraffiti,fra,dossier,d:collections,total,10.2,9,1371,final
2026-04-03,bathroomgraffiti,fra,dossier,d:collections,total,11.3,9,1428,final
2026-04-04,bathroomgraffiti,fra,dossier,d:collections,total,11.0,8,1569,final
2026-04-05,bathroomgraffiti,fra,dossier,d:collections,total,11.8,6,1603,final
2026-04-06,bathroomgraffiti,fra,dossier,d:collections,total,10.3,15,1601,final
2026-04-07,bathroomgraffiti,fra,dossier,d:collections,total,13.9,9,1353,final
2026-04-08,bathroomgraffiti,fra,dossier,d:collections,total,13.2,8,1509,final
2026-04-09,bathroomgraffiti,fra,dossier,d:collections,total,13.9,16,1281,final
2026-04-10,bathroomgraffiti,fra,dossier,d:collections,total,11.4,15,1284,final
2026-04-11,bathroomgraffiti,fra,dossier,d:collections,total,14.8,12,1688,final
2026-04-12,bathroomgraffiti,fra,dossier,d:collections,total,13.3,21,1769,final
2026-04-13,bathroomgraffiti,fra,dossier,d:collections,total,14.0,8,1511,final
2026-04-14,bathroomgraffiti,fra,dossier,d:collections,total,13.8,8,1595,final
2026-04-15,bathroomgraffiti,fra,dossier,d:collections,total,11.9,9,1625,final
2026-04-16,bathroomgraffiti,fra,dossier,d:collections,total,13.0,10,1548,final
2026-04-17,bathroomgraffiti,fra,dossier,d:collections,total,12.4,9,1469,final
2026-04-18,bathroomgraffiti,fra,dossier,d:collections,total,12.8,8,1766,final
2026-04-19,bathroomgraffiti,fra,dossier,d:collections,total,12.7,14,1719,final
2026-04-20,bathroomgraffiti,fra,dossier,d:collections,total,13.1,11,1521,final
2026-04-21,bathroomgraffiti,fra,dossier,d:collections,total,15.2,10,1536,final
2026-04-22,bathroomgraffiti,fra,dossier,d:collections,total,13.1,17,1487,final
2026-04-23,bathroomgraffiti,fra,dossier,d:collections,total,13.5,10,1455,final
2026-04-24,bathroomgraffiti,fra,dossier,d:collections,total,14.2,4,1358,final
2026-04-25,bathroomgraffiti,fra,dossier,d:collections,total,13.0,11,1428,final
2026-04-26,bathroomgraffiti,fra,dossier,d:collections,total,15.6,5,1351,final
2026-04-27,bathroomgraffiti,fra,dossier,d:collections,total,13.3,6,1459,final
2026-04-28,bathroomgraffiti,fra,dossier,d:collections,total,15.7,8,1411,final
2026-04-29,bathroomgraffiti,fra,dossier,d:collections,total,14.1,8,1309,final
2026-04-30,bathroomgraffiti,fra,dossier,d:collections,total,13.8,9,1304,final
2026-05-01,bathroomgraffiti,fra,dossier,d:collections,total,14.5,9,1170,final
2026-05-02,bathroomgraffiti,fra,dossier,d:collections,total,11.3,17,1323,final
2026-05-03,bathroomgraffiti,fra,dossier,d:collections,total,13.1,9,1407,final
2026-05-04,bathroomgraffiti,fra,dossier,d:collections,total,13.2,7,1392,final
2026-05-05,bathroomgraffiti,fra,dossier,d:collections,total,13.9,9,1307,final
2026-05-06,bathroomgraffiti,fra,dossier,d:collections,total,11.4,11,1389,final
2026-05-07,bathroomgraffiti,fra,dossier,d:collections,total,12.5,7,1668,final
2026-05-08,bathroomgraffiti,fra,dossier,d:collections,total,11.8,7,1569,final
2026-05-09,bathroomgraffiti,fra,dossier,d:collections,total,12.6,16,1425,final
2026-05-10,bathroomgraffiti,fra,dossier,d:collections,total,12.3,19,1543,final
2026-05-11,bathroomgraffiti,fra,dossier,d:collections,total,14.4,11,1298,final
2026-05-12,bathroomgraffiti,fra,dossier,d:collections,total,15.0,8,1322,final
2026-05-13,bathroomgraffiti,fra,dossier,d:collections,total,13.7,7,1561,final
2026-05-14,bathroomgraffiti,fra,dossier,d:collections,total,11.0,20,1733,final
2026-05-15,bathroomgraffiti,fra,dossier,d:collections,total,6.8,12,1404,final
2026-05-16,bathroomgraffiti,fra,dossier,d:collections,total,7.1,11,1326,final
2026-05-17,bathroomgraffiti,fra,dossier,d:collections,total,7.0,17,1445,final
2026-05-18,bathroomgraffiti,fra,dossier,d:collections,total,7.6,13,1082,final
2026-05-19,bathroomgraffiti,fra,dossier,d:collections,total,7.9,10,1090,final
2026-05-20,bathroomgraffiti,fra,dossier,d:collections,total,7.1,14,1199,final
2026-05-21,bathroomgraffiti,fra,dossier,d:collections,total,6.9,12,920,final
2026-05-22,bathroomgraffiti,fra,dossier,d:collections,total,6.5,8,889,final
2026-05-23,bathroomgraffiti,fra,dossier,d:collections,total,6.7,13,1095,final
2026-05-24,bathroomgraffiti,fra,dossier,d:collections,total,7.8,10,1046,final
2026-05-25,bathroomgraffiti,fra,dossier,d:collections,total,7.2,10,1258,final
2026-05-26,bathroomgraffiti,fra,dossier,d:collections,total,8.2,11,1266,final
2026-05-27,bathroomgraffiti,fra,dossier,d:collections,total,7.8,11,1179,final
2026-05-28,bathroomgraffiti,fra,dossier,d:collections,total,8.3,13,1211,final
2026-05-29,bathroomgraffiti,fra,dossier,d:collections,total,8.3,5,1254,final
2026-05-30,bathroomgraffiti,fra,dossier,d:collections,total,8.1,9,1212,final
2026-05-31,bathroomgraffiti,fra,dossier,d:collections,total,7.2,14,1274,final
2026-06-01,bathroomgraffiti,fra,dossier,d:collections,total,9.6,10,1108,final
2026-06-02,bathroomgraffiti,fra,dossier,d:collections,total,8.3,20,1253,final
2026-06-03,bathroomgraffiti,fra,dossier,d:collections,total,7.1,8,1187,final
2026-06-04,bathroomgraffiti,fra,dossier,d:collections,total,9.3,9,1258,final
2026-06-05,bathroomgraffiti,fra,dossier,d:collections,total,8.4,10,1256,final
2026-06-06,bathroomgraffiti,fra,dossier,d:collections,total,8.1,8,1313,final
2026-06-07,bathroomgraffiti,fra,dossier,d:collections,total,8.7,11,1470,final
2026-06-08,bathroomgraffiti,fra,dossier,d:collections,total,9.0,9,1147,final
2026-06-09,bathroomgraffiti,fra,dossier,d:collections,total,8.8,17,1229,final
2026-06-10,bathroomgraffiti,fra,dossier,d:collections,total,8.1,15,1210,final
2026-06-11,bathroomgraffiti,fra,dossier,d:collections,total,8.7,8,1025,final
2026-06-12,bathroomgraffiti,fra,dossier,d:collections,total,8.6,10,1016,final
2026-06-13,bathroomgraffiti,fra,dossier,d:collections,total,7.9,7,1320,final
2026-06-14,bathroomgraffiti,fra,dossier,d:collections,total,8.2,14,1232,final
2026-06-15,bathroomgraffiti,fra,dossier,d:collections,total,8.7,3,1191,final
2026-06-16,bathroomgraffiti,fra,dossier,d:collections,total,8.7,6,1360,final
2026-06-17,bathroomgraffiti,fra,dossier,d:collections,total,8.3,8,1162,final
2026-06-18,bathroomgraffiti,fra,dossier,d:collections,total,8.3,10,1216,final
2026-06-19,bathroomgraffiti,fra,dossier,d:collections,total,8.1,7,1176,final
2026-06-20,bathroomgraffiti,fra,dossier,d:collections,total,7.8,9,1262,final
2026-06-21,bathroomgraffiti,fra,dossier,d:collections,total,7.4,10,1229,final
2026-06-22,bathroomgraffiti,fra,dossier,d:collections,total,8.3,13,1151,final
2026-06-23,bathroomgraffiti,fra,dossier,d:collections,total,7.7,9,1166,final
2026-06-24,bathroomgraffiti,fra,dossier,d:collections,total,7.7,15,1288,final
2026-06-25,bathroomgraffiti,fra,dossier,d:collections,total,7.7,9,1209,final
2026-06-26,bathroomgraffiti,fra,dossier,d:collections,total,8.6,11,1118,final
2026-06-27,bathroomgraffiti,fra,dossier,d:collections,total,8.6,11,1155,final
2026-06-28,bathroomgraffiti,fra,dossier,d:collections,total,7.8,8,1256,final
2026-06-29,bathroomgraffiti,fra,dossier,d:collections,total,7.5,13,1169,final
2026-06-30,bathroomgraffiti,fra,dossier,d:collections,total,8.3,12,1108,final
2026-07-01,bathroomgraffiti,fra,dossier,d:collections,total,8.4,8,1255,final
2026-07-02,bathroomgraffiti,fra,dossier,d:collections,total,8.0,16,1254,final
2026-07-03,bathroomgraffiti,fra,dossier,d:collections,total,7.8,9,1165,final
2026-07-04,bathroomgraffiti,fra,dossier,d:collections,total,8.6,13,1294,final
2026-07-05,bathroomgraffiti,fra,dossier,d:collections,total,8.1,20,1267,final
2026-07-06,bathroomgraffiti,fra,dossier,d:collections,total,7.4,21,1273,final
2026-07-07,bathroomgraffiti,fra,dossier,d:collections,total,8.6,17,1093,final
2026-07-08,bathroomgraffiti,fra,dossier,d:collections,total,8.5,11,1139,final
2026-07-09,bathroomgraffiti,fra,dossier,d:collections,total,9.4,15,1252,final
2026-07-10,bathroomgraffiti,fra,dossier,d:collections,total,8.5,15,1136,final
2026-07-11,bathroomgraffiti,fra,dossier,d:collections,total,8.4,11,1170,final
2026-07-12,bathroomgraffiti,fra,dossier,d:collections,total,8.4,20,1183,final
2026-07-13,bathroomgraffiti,fra,dossier,d:collections,total,8.0,17,1286,final
2026-07-14,bathroomgraffiti,fra,dossier,d:collections,total,8.9,14,1192,final
2026-07-15,bathroomgraffiti,fra,dossier,d:collections,total,8.6,11,1106,final
2026-07-16,bathroomgraffiti,fra,dossier,d:collections,total,9.2,9,1154,final
2026-07-17,bathroomgraffiti,fra,dossier,d:collections,total,8.3,13,1185,final
2026-07-18,bathroomgraffiti,fra,dossier,d:collections,total,8.6,16,1283,final
2026-07-19,bathroomgraffiti,fra,dossier,d:collections,total,8.6,16,1314,final
2026-07-20,bathroomgraffiti,fra,dossier,d:collections,total,9.2,7,1204,final
2026-07-21,bathroomgraffiti,fra,dossier,d:collections,total,8.7,26,1379,final
2026-07-22,bathroomgraffiti,fra,dossier,d:collections,total,9.4,17,1114,final
2026-07-23,bathroomgraffiti,fra,dossier,d:collections,total,9.1,11,1146,final
2026-07-24,bathroomgraffiti,fra,dossier,d:collections,total,8.7,13,1231,final
2026-07-25,bathroomgraffiti,fra,dossier,d:collections,total,11.1,27,1459,final
2026-07-26,bathroomgraffiti,fra,dossier,d:collections,total,11.1,21,1453,final
2026-07-27,bathroomgraffiti,fra,dossier,d:collections,total,11.0,15,1521,final
2026-07-28,bathroomgraffiti,fra,dossier,d:collections,total,13.3,8,1469,final
2026-07-29,bathroomgraffiti,fra,dossier,d:collections,total,11.7,21,1555,final
2026-07-30,bathroomgraffiti,fra,dossier,d:collections,total,12.4,12,1333,final
2026-07-31,bathroomgraffiti,fra,dossier,d:collections,total,12.6,11,1446,final
2026-08-01,bathroomgraffiti,fra,dossier,d:collections,total,11.9,11,1305,final
2026-08-02,bathroomgraffiti,fra,dossier,d:collections,total,11.6,20,1476,final
2026-08-03,bathroomgraffiti,fra,dossier,d:collections,total,11.5,15,1412,final
2026-08-04,bathroomgraffiti,fra,dossier,d:collections,total,12.0,11,1563,final
2026-08-05,bathroomgraffiti,fra,dossier,d:collections,total,13.3,14,1524,final
2026-08-06,bathroomgraffiti,fra,dossier,d:collections,total,14.7,16,1864,final
2026-08-07,bathroomgraffiti,fra,dossier,d:collections,total,12.6,21,1435,final
2026-08-08,bathroomgraffiti,fra,dossier,d:collections,total,11.7,15,1386,final
2026-08-09,bathroomgraffiti,fra,dossier,d:collections,total,12.0,28,1546,final
2026-08-10,bathroomgraffiti,fra,dossier,d:collections,total,12.7,16,1489,final
2026-08-11,bathroomgraffiti,fra,dossier,d:collections,total,12.5,17,1519,final
2026-08-12,bathroomgraffiti,fra,dossier,d:collections,total,13.5,8,1462,final
2026-08-13,bathroomgraffiti,fra,dossier,d:collections,total,13.1,22,1473,final
2026-08-14,bathroomgraffiti,fra,dossier,d:collections,total,12.4,12,1222,final
2026-08-15,bathroomgraffiti,fra,dossier,d:collections,total,12.1,17,1204,final
2026-08-16,bathroomgraffiti,fra,dossier,d:collections,total,12.9,14,1257,final
2026-08-17,bathroomgraffiti,fra,dossier,d:collections,total,14.3,11,1321,final
2026-08-18,bathroomgraffiti,fra,dossier,d:collections,total,11.8,11,1373,final
2026-08-19,bathroomgraffiti,fra,dossier,d:collections,total,13.5,10,1509,final
2026-08-20,bathroomgraffiti,fra,dossier,d:collections,total,12.2,13,1687,final
2026-08-21,bathroomgraffiti,fra,dossier,d:collections,total,11.9,19,1428,final
2026-08-22,bathroomgraffiti,fra,dossier,d:collections,total,11.0,14,1501,final
2026-08-23,bathroomgraffiti,fra,dossier,d:collections,total,10.0,15,1547,final
2026-08-24,bathroomgraffiti,fra,dossier,d:collections,total,11.5,15,1374,final
2026-08-25,bathroomgraffiti,fra,dossier,d:collections,total,11.9,19,1473,final
2026-08-26,bathroomgraffiti,fra,dossier,d:collections,total,12.9,15,1633,final
2026-08-27,bathroomgraffiti,fra,dossier,d:collections,total,10.6,14,1559,final
2026-08-28,bathroomgraffiti,fra,dossier,d:collections,total,12.4,11,1458,final
2026-08-29,bathroomgraffiti,fra,dossier,d:collections,total,11.7,11,1552,final
2026-08-30,bathroomgraffiti,fra,dossier,d:collections,total,12.4,24,1548,final
2026-08-31,bathroomgraffiti,fra,dossier,d:collections,total,12.5,14,1376,final
2026-09-01,bathroomgraffiti,fra,dossier,d:collections,total,13.0,18,1337,final
2026-09-02,bathroomgraffiti,fra,dossier,d:collections,total,14.1,18,1391,final
2026-09-03,bathroomgraffiti,fra,dossier,d:collections,total,17.3,10,1891,final
2026-09-04,bathroomgraffiti,fra,dossier,d:collections,total,13.9,13,1657,final
2026-09-05,bathroomgraffiti,fra,dossier,d:collections,total,12.7,22,1514,final
2026-09-06,bathroomgraffiti,fra,dossier,d:collections,total,11.2,15,1457,final
2026-09-07,bathroomgraffiti,fra,dossier,d:collections,total,14.0,6,1250,final
2026-09-08,bathroomgraffiti,fra,dossier,d:collections,total,12.4,13,1324,final
2026-09-09,bathroomgraffiti,fra,dossier,d:collections,total,12.1,10,1320,final
2026-09-10,bathroomgraffiti,fra,dossier,d:collections,total,11.3,8,1162,final
2026-09-11,bathroomgraffiti,fra,dossier,d:collections,total,10.4,6,1173,final
2026-09-12,bathroomgraffiti,fra,dossier,d:collections,total,11.8,12,1324,final
2026-09-13,bathroomgraffiti,fra,dossier,d:collections,total,10.4,7,1338,final
2026-09-14,bathroomgraffiti,fra,dossier,d:collections,total,11.2,5,1182,final
2026-09-15,bathroomgraffiti,fra,dossier,d:collections,total,11.9,8,1046,final
2026-09-16,bathroomgraffiti,fra,dossier,d:collections,total,14.1,14,1030,final
2026-09-17,bathroomgraffiti,fra,dossier,d:collections,total,10.4,8,962,final
2026-09-18,bathroomgraffiti,fra,dossier,d:collections,total,10.7,9,935,final
2026-09-19,bathroomgraffiti,fra,dossier,d:collections,total,10.5,13,1036,final
2026-09-20,bathroomgraffiti,fra,dossier,d:collections,total,10.5,7,1047,final
2026-09-21,bathroomgraffiti,fra,dossier,d:collections,total,11.3,9,913,final
2026-09-22,bathroomgraffiti,fra,dossier,d:collections,total,11.3,10,1011,final
2026-09-23,bathroomgraffiti,fra,dossier,d:collections,total,11.5,4,1036,final
2026-09-24,bathroomgraffiti,fra,dossier,d:collections,total,10.6,12,1026,final
2026-09-25,bathroomgraffiti,fra,dossier,d:collections,total,9.2,14,989,final
2026-09-26,bathroomgraffiti,fra,dossier,d:collections,total,10.3,10,1198,final
2026-09-27,bathroomgraffiti,fra,dossier,d:collections,total,9.9,12,1197,final
2026-09-28,bathroomgraffiti,fra,dossier,d:collections,total,9.8,10,1126,final
2026-09-29,bathroomgraffiti,fra,dossier,d:collections,total,9.4,5,1152,final
2026-09-30,bathroomgraffiti,fra,dossier,d:collections,total,12.2,12,1060,final
2026-10-01,bathroomgraffiti,fra,dossier,d:collections,total,12.2,8,1166,final
2026-10-02,bathroomgraffiti,fra,dossier,d:collections,total,11.9,9,1267,final
2026-10-03,bathroomgraffiti,fra,dossier,d:collections,total,12.0,21,1665,fresh
2026-10-04,bathroomgraffiti,fra,dossier,d:collections,total,12.1,18,1571,fresh
2025-06-12,bathroomgraffiti,fra,dossier,d:pages,total,5.2,0,236,final
2025-06-13,bathroomgraffiti,fra,dossier,d:pages,total,4.9,2,195,final
2025-06-14,bathroomgraffiti,fra,dossier,d:pages,total,4.7,6,300,final
2025-06-15,bathroomgraffiti,fra,dossier,d:pages,total,4.4,1,277,final
2025-06-16,bathroomgraffiti,fra,dossier,d:pages,total,4.0,1,268,final
2025-06-17,bathroomgraffiti,fra,dossier,d:pages,total,4.4,3,251,final
2025-06-18,bathroomgraffiti,fra,dossier,d:pages,total,4.6,2,263,final
2025-06-19,bathroomgraffiti,fra,dossier,d:pages,total,4.7,4,198,final
2025-06-20,bathroomgraffiti,fra,dossier,d:pages,total,4.5,2,248,final
2025-06-21,bathroomgraffiti,fra,dossier,d:pages,total,4.9,4,217,final
2025-06-22,bathroomgraffiti,fra,dossier,d:pages,total,4.5,5,223,final
2025-06-23,bathroomgraffiti,fra,dossier,d:pages,total,4.9,10,259,final
2025-06-24,bathroomgraffiti,fra,dossier,d:pages,total,4.7,4,301,final
2025-06-25,bathroomgraffiti,fra,dossier,d:pages,total,4.5,4,273,final
2025-06-26,bathroomgraffiti,fra,dossier,d:pages,total,5.1,0,261,final
2025-06-27,bathroomgraffiti,fra,dossier,d:pages,total,4.3,4,228,final
2025-06-28,bathroomgraffiti,fra,dossier,d:pages,total,4.3,1,230,final
2025-06-29,bathroomgraffiti,fra,dossier,d:pages,total,4.8,2,213,final
2025-06-30,bathroomgraffiti,fra,dossier,d:pages,total,4.2,5,259,final
2025-07-01,bathroomgraffiti,fra,dossier,d:pages,total,5.9,2,230,final
2025-07-02,bathroomgraffiti,fra,dossier,d:pages,total,5.0,4,262,final
2025-07-03,bathroomgraffiti,fra,dossier,d:pages,total,7.1,4,278,final
2025-07-04,bathroomgraffiti,fra,dossier,d:pages,total,8.0,3,236,final
2025-07-05,bathroomgraffiti,fra,dossier,d:pages,total,8.1,5,285,final
2025-07-06,bathroomgraffiti,fra,dossier,d:pages,total,7.8,4,215,final
2025-07-07,bathroomgraffiti,fra,dossier,d:pages,total,6.9,4,302,final
2025-07-08,bathroomgraffiti,fra,dossier,d:pages,total,6.1,4,219,final
2025-07-09,bathroomgraffiti,fra,dossier,d:pages,total,6.0,2,274,final
2025-07-10,bathroomgraffiti,fra,dossier,d:pages,total,14.5,3,314,final
2025-07-11,bathroomgraffiti,fra,dossier,d:pages,total,18.3,2,290,final
2025-07-12,bathroomgraffiti,fra,dossier,d:pages,total,12.3,5,179,final
2025-07-13,bathroomgraffiti,fra,dossier,d:pages,total,8.4,3,159,final
2025-07-14,bathroomgraffiti,fra,dossier,d:pages,total,9.2,3,163,final
2025-07-15,bathroomgraffiti,fra,dossier,d:pages,total,9.9,2,201,final
2025-07-16,bathroomgraffiti,fra,dossier,d:pages,total,7.7,3,199,final
2025-07-17,bathroomgraffiti,fra,dossier,d:pages,total,9.8,2,152,final
2025-07-18,bathroomgraffiti,fra,dossier,d:pages,total,12.8,0,184,final
2025-07-19,bathroomgraffiti,fra,dossier,d:pages,total,7.5,2,156,final
2025-07-20,bathroomgraffiti,fra,dossier,d:pages,total,9.2,2,167,final
2025-07-21,bathroomgraffiti,fra,dossier,d:pages,total,10.2,2,155,final
2025-07-22,bathroomgraffiti,fra,dossier,d:pages,total,14.4,4,216,final
2025-07-23,bathroomgraffiti,fra,dossier,d:pages,total,8.2,2,239,final
2025-07-24,bathroomgraffiti,fra,dossier,d:pages,total,7.7,2,198,final
2025-07-25,bathroomgraffiti,fra,dossier,d:pages,total,11.0,4,289,final
2025-07-26,bathroomgraffiti,fra,dossier,d:pages,total,9.9,2,203,final
2025-07-27,bathroomgraffiti,fra,dossier,d:pages,total,12.9,2,185,final
2025-07-28,bathroomgraffiti,fra,dossier,d:pages,total,11.1,5,213,final
2025-07-29,bathroomgraffiti,fra,dossier,d:pages,total,10.8,0,182,final
2025-07-30,bathroomgraffiti,fra,dossier,d:pages,total,8.0,5,203,final
2025-07-31,bathroomgraffiti,fra,dossier,d:pages,total,7.0,3,154,final
2025-08-01,bathroomgraffiti,fra,dossier,d:pages,total,12.2,3,204,final
2025-08-02,bathroomgraffiti,fra,dossier,d:pages,total,8.7,1,166,final
2025-08-03,bathroomgraffiti,fra,dossier,d:pages,total,11.3,0,151,final
2025-08-04,bathroomgraffiti,fra,dossier,d:pages,total,9.0,4,212,final
2025-08-05,bathroomgraffiti,fra,dossier,d:pages,total,7.1,3,217,final
2025-08-06,bathroomgraffiti,fra,dossier,d:pages,total,11.3,2,259,final
2025-08-07,bathroomgraffiti,fra,dossier,d:pages,total,18.0,0,223,final
2025-08-08,bathroomgraffiti,fra,dossier,d:pages,total,13.5,2,214,final
2025-08-09,bathroomgraffiti,fra,dossier,d:pages,total,12.5,0,182,final
2025-08-10,bathroomgraffiti,fra,dossier,d:pages,total,14.1,2,173,final
2025-08-11,bathroomgraffiti,fra,dossier,d:pages,total,19.8,1,267,final
2025-08-12,bathroomgraffiti,fra,dossier,d:pages,total,8.0,4,141,final
2025-08-13,bathroomgraffiti,fra,dossier,d:pages,total,10.6,1,130,final
2025-08-14,bathroomgraffiti,fra,dossier,d:pages,total,9.0,1,137,final
2025-08-15,bathroomgraffiti,fra,dossier,d:pages,total,10.5,1,150,final
2025-08-16,bathroomgraffiti,fra,dossier,d:pages,total,9.0,3,162,final
2025-08-17,bathroomgraffiti,fra,dossier,d:pages,total,8.1,2,117,final
2025-08-18,bathroomgraffiti,fra,dossier,d:pages,total,10.5,0,144,final
2025-08-19,bathroomgraffiti,fra,dossier,d:pages,total,6.2,1,170,final
2025-08-20,bathroomgraffiti,fra,dossier,d:pages,total,7.8,7,137,final
2025-08-21,bathroomgraffiti,fra,dossier,d:pages,total,9.6,1,151,final
2025-08-22,bathroomgraffiti,fra,dossier,d:pages,total,7.3,2,163,final
2025-08-23,bathroomgraffiti,fra,dossier,d:pages,total,9.0,3,111,final
2025-08-24,bathroomgraffiti,fra,dossier,d:pages,total,9.5,5,138,final
2025-08-25,bathroomgraffiti,fra,dossier,d:pages,total,5.9,1,139,final
2025-08-26,bathroomgraffiti,fra,dossier,d:pages,total,9.2,0,157,final
2025-08-27,bathroomgraffiti,fra,dossier,d:pages,total,10.2,0,177,final
2025-08-28,bathroomgraffiti,fra,dossier,d:pages,total,9.1,0,187,final
2025-08-29,bathroomgraffiti,fra,dossier,d:pages,total,11.5,2,187,final
2025-08-30,bathroomgraffiti,fra,dossier,d:pages,total,11.1,5,200,final
2025-08-31,bathroomgraffiti,fra,dossier,d:pages,total,6.2,1,147,final
2025-09-01,bathroomgraffiti,fra,dossier,d:pages,total,8.8,4,154,final
2025-09-02,bathroomgraffiti,fra,dossier,d:pages,total,8.4,3,167,final
2025-09-03,bathroomgraffiti,fra,dossier,d:pages,total,9.2,5,153,final
2025-09-04,bathroomgraffiti,fra,dossier,d:pages,total,7.3,6,179,final
2025-09-05,bathroomgraffiti,fra,dossier,d:pages,total,12.6,2,149,final
2025-09-06,bathroomgraffiti,fra,dossier,d:pages,total,8.9,3,154,final
2025-09-07,bathroomgraffiti,fra,dossier,d:pages,total,5.9,7,129,final
2025-09-08,bathroomgraffiti,fra,dossier,d:pages,total,8.0,4,152,final
2025-09-09,bathroomgraffiti,fra,dossier,d:pages,total,8.4,0,134,final
2025-09-10,bathroomgraffiti,fra,dossier,d:pages,total,9.2,3,117,final
2025-09-11,bathroomgraffiti,fra,dossier,d:pages,total,6.4,0,129,final
2025-09-12,bathroomgraffiti,fra,dossier,d:pages,total,7.9,3,113,final
2025-09-13,bathroomgraffiti,fra,dossier,d:pages,total,3.3,1,150,final
2025-09-14,bathroomgraffiti,fra,dossier,d:pages,total,5.6,1,93,final
2025-09-15,bathroomgraffiti,fra,dossier,d:pages,total,4.0,1,107,final
2025-09-16,bathroomgraffiti,fra,dossier,d:pages,total,4.7,2,130,final
2025-09-17,bathroomgraffiti,fra,dossier,d:pages,total,4.5,4,139,final
2025-09-18,bathroomgraffiti,fra,dossier,d:pages,total,4.8,2,157,final
2025-09-19,bathroomgraffiti,fra,dossier,d:pages,total,4.9,2,144,final
2025-09-20,bathroomgraffiti,fra,dossier,d:pages,total,4.5,4,154,final
2025-09-21,bathroomgraffiti,fra,dossier,d:pages,total,4.3,3,142,final
2025-09-22,bathroomgraffiti,fra,dossier,d:pages,total,5.1,3,109,final
2025-09-23,bathroomgraffiti,fra,dossier,d:pages,total,4.8,3,146,final
2025-09-24,bathroomgraffiti,fra,dossier,d:pages,total,4.6,3,125,final
2025-09-25,bathroomgraffiti,fra,dossier,d:pages,total,4.2,2,143,final
2025-09-26,bathroomgraffiti,fra,dossier,d:pages,total,4.4,7,199,final
2025-09-27,bathroomgraffiti,fra,dossier,d:pages,total,4.6,3,154,final
2025-09-28,bathroomgraffiti,fra,dossier,d:pages,total,5.5,5,147,final
2025-09-29,bathroomgraffiti,fra,dossier,d:pages,total,5.6,6,161,final
2025-09-30,bathroomgraffiti,fra,dossier,d:pages,total,5.1,1,192,final
2025-10-01,bathroomgraffiti,fra,dossier,d:pages,total,4.5,4,154,final
2025-10-02,bathroomgraffiti,fra,dossier,d:pages,total,4.8,2,115,final
2025-10-03,bathroomgraffiti,fra,dossier,d:pages,total,5.6,5,200,final
2025-10-04,bathroomgraffiti,fra,dossier,d:pages,total,4.8,7,190,final
2025-10-05,bathroomgraffiti,fra,dossier,d:pages,total,6.3,4,154,final
2025-10-06,bathroomgraffiti,fra,dossier,d:pages,total,5.4,3,177,final
2025-10-07,bathroomgraffiti,fra,dossier,d:pages,total,6.0,3,160,final
2025-10-08,bathroomgraffiti,fra,dossier,d:pages,total,5.3,2,185,final
2025-10-09,bathroomgraffiti,fra,dossier,d:pages,total,5.5,4,219,final
2025-10-10,bathroomgraffiti,fra,dossier,d:pages,total,4.6,2,162,final
2025-10-11,bathroomgraffiti,fra,dossier,d:pages,total,3.9,1,163,final
2025-10-12,bathroomgraffiti,fra,dossier,d:pages,total,4.6,3,187,final
2025-10-13,bathroomgraffiti,fra,dossier,d:pages,total,5.4,2,175,final
2025-10-14,bathroomgraffiti,fra,dossier,d:pages,total,4.3,1,115,final
2025-10-15,bathroomgraffiti,fra,dossier,d:pages,total,7.2,3,196,final
2025-10-16,bathroomgraffiti,fra,dossier,d:pages,total,8.9,7,169,final
2025-10-17,bathroomgraffiti,fra,dossier,d:pages,total,5.4,1,172,final
2025-10-18,bathroomgraffiti,fra,dossier,d:pages,total,3.3,1,123,final
2025-10-19,bathroomgraffiti,fra,dossier,d:pages,total,3.6,1,131,final
2025-10-20,bathroomgraffiti,fra,dossier,d:pages,total,4.3,2,152,final
2025-10-21,bathroomgraffiti,fra,dossier,d:pages,total,4.3,4,146,final
2025-10-22,bathroomgraffiti,fra,dossier,d:pages,total,5.0,1,141,final
2025-10-23,bathroomgraffiti,fra,dossier,d:pages,total,4.2,2,141,final
2025-10-24,bathroomgraffiti,fra,dossier,d:pages,total,8.0,4,286,final
2025-10-25,bathroomgraffiti,fra,dossier,d:pages,total,5.4,6,154,final
2025-10-26,bathroomgraffiti,fra,dossier,d:pages,total,5.2,2,135,final
2025-10-27,bathroomgraffiti,fra,dossier,d:pages,total,5.6,1,144,final
2025-10-28,bathroomgraffiti,fra,dossier,d:pages,total,5.4,2,155,final
2025-10-29,bathroomgraffiti,fra,dossier,d:pages,total,5.0,1,159,final
2025-10-30,bathroomgraffiti,fra,dossier,d:pages,total,5.0,3,191,final
2025-10-31,bathroomgraffiti,fra,dossier,d:pages,total,7.3,0,113,final
2025-11-01,bathroomgraffiti,fra,dossier,d:pages,total,4.7,3,198,final
2025-11-02,bathroomgraffiti,fra,dossier,d:pages,total,4.3,1,146,final
2025-11-03,bathroomgraffiti,fra,dossier,d:pages,total,4.8,5,216,final
2025-11-04,bathroomgraffiti,fra,dossier,d:pages,total,4.6,5,156,final
2025-11-05,bathroomgraffiti,fra,dossier,d:pages,total,5.3,1,198,final
2025-11-06,bathroomgraffiti,fra,dossier,d:pages,total,5.4,1,200,final
2025-11-07,bathroomgraffiti,fra,dossier,d:pages,total,5.2,2,244,final
2025-11-08,bathroomgraffiti,fra,dossier,d:pages,total,4.6,5,252,final
2025-11-09,bathroomgraffiti,fra,dossier,d:pages,total,5.1,1,229,final
2025-11-10,bathroomgraffiti,fra,dossier,d:pages,total,7.3,5,223,final
2025-11-11,bathroomgraffiti,fra,dossier,d:pages,total,5.7,3,191,final
2025-11-12,bathroomgraffiti,fra,dossier,d:pages,total,5.5,3,233,final
2025-11-13,bathroomgraffiti,fra,dossier,d:pages,total,3.5,8,169,final
2025-11-14,bathroomgraffiti,fra,dossier,d:pages,total,6.1,2,233,final
2025-11-15,bathroomgraffiti,fra,dossier,d:pages,total,3.8,6,186,final
2025-11-16,bathroomgraffiti,fra,dossier,d:pages,total,3.8,5,176,final
2025-11-17,bathroomgraffiti,fra,dossier,d:pages,total,4.2,0,239,final
2025-11-18,bathroomgraffiti,fra,dossier,d:pages,total,3.8,4,186,final
2025-11-19,bathroomgraffiti,fra,dossier,d:pages,total,4.4,4,212,final
2025-11-20,bathroomgraffiti,fra,dossier,d:pages,total,4.4,2,204,final
2025-11-21,bathroomgraffiti,fra,dossier,d:pages,total,3.6,0,172,final
2025-11-22,bathroomgraffiti,fra,dossier,d:pages,total,4.2,4,174,final
2025-11-23,bathroomgraffiti,fra,dossier,d:pages,total,4.0,2,223,final
2025-11-24,bathroomgraffiti,fra,dossier,d:pages,total,3.8,5,235,final
2025-11-25,bathroomgraffiti,fra,dossier,d:pages,total,4.4,3,223,final
2025-11-26,bathroomgraffiti,fra,dossier,d:pages,total,4.4,4,199,final
2025-11-27,bathroomgraffiti,fra,dossier,d:pages,total,3.9,6,271,final
2025-11-28,bathroomgraffiti,fra,dossier,d:pages,total,3.6,2,352,final
2025-11-29,bathroomgraffiti,fra,dossier,d:pages,total,3.6,4,290,final
2025-11-30,bathroomgraffiti,fra,dossier,d:pages,total,3.5,2,318,final
2025-12-01,bathroomgraffiti,fra,dossier,d:pages,total,3.2,1,359,final
2025-12-02,bathroomgraffiti,fra,dossier,d:pages,total,3.6,6,272,final
2025-12-03,bathroomgraffiti,fra,dossier,d:pages,total,3.7,5,280,final
2025-12-04,bathroomgraffiti,fra,dossier,d:pages,total,6.1,6,331,final
2025-12-05,bathroomgraffiti,fra,dossier,d:pages,total,3.4,5,287,final
2025-12-06,bathroomgraffiti,fra,dossier,d:pages,total,3.3,6,253,final
2025-12-07,bathroomgraffiti,fra,dossier,d:pages,total,3.6,6,292,final
2025-12-08,bathroomgraffiti,fra,dossier,d:pages,total,3.8,4,340,final
2025-12-09,bathroomgraffiti,fra,dossier,d:pages,total,4.2,8,320,final
2025-12-10,bathroomgraffiti,fra,dossier,d:pages,total,5.6,8,404,final
2025-12-11,bathroomgraffiti,fra,dossier,d:pages,total,5.3,5,323,final
2025-12-12,bathroomgraffiti,fra,dossier,d:pages,total,7.0,3,430,final
2025-12-13,bathroomgraffiti,fra,dossier,d:pages,total,3.3,5,421,final
2025-12-14,bathroomgraffiti,fra,dossier,d:pages,total,3.7,9,445,final
2025-12-15,bathroomgraffiti,fra,dossier,d:pages,total,5.3,5,474,final
2025-12-16,bathroomgraffiti,fra,dossier,d:pages,total,4.3,6,433,final
2025-12-17,bathroomgraffiti,fra,dossier,d:pages,total,4.1,5,421,final
2025-12-18,bathroomgraffiti,fra,dossier,d:pages,total,6.2,7,378,final
2025-12-19,bathroomgraffiti,fra,dossier,d:pages,total,3.7,4,300,final
2025-12-20,bathroomgraffiti,fra,dossier,d:pages,total,3.7,14,366,final
2025-12-21,bathroomgraffiti,fra,dossier,d:pages,total,4.4,7,367,final
2025-12-22,bathroomgraffiti,fra,dossier,d:pages,total,4.8,6,378,final
2025-12-23,bathroomgraffiti,fra,dossier,d:pages,total,3.8,2,315,final
2025-12-24,bathroomgraffiti,fra,dossier,d:pages,total,4.3,5,246,final
2025-12-25,bathroomgraffiti,fra,dossier,d:pages,total,9.3,3,179,final
2025-12-26,bathroomgraffiti,fra,dossier,d:pages,total,4.5,3,175,final
2025-12-27,bathroomgraffiti,fra,dossier,d:pages,total,3.8,3,152,final
2025-12-28,bathroomgraffiti,fra,dossier,d:pages,total,4.1,3,130,final
2025-12-29,bathroomgraffiti,fra,dossier,d:pages,total,4.3,3,165,final
2025-12-30,bathroomgraffiti,fra,dossier,d:pages,total,4.9,5,143,final
2025-12-31,bathroomgraffiti,fra,dossier,d:pages,total,5.9,2,100,final
2026-01-01,bathroomgraffiti,fra,dossier,d:pages,total,11.8,2,120,final
2026-01-02,bathroomgraffiti,fra,dossier,d:pages,total,4.2,5,171,final
2026-01-03,bathroomgraffiti,fra,dossier,d:pages,total,6.0,3,140,final
2026-01-04,bathroomgraffiti,fra,dossier,d:pages,total,3.8,1,127,final
2026-01-05,bathroomgraffiti,fra,dossier,d:pages,total,5.9,0,97,final
2026-01-06,bathroomgraffiti,fra,dossier,d:pages,total,3.5,2,137,final
2026-01-07,bathroomgraffiti,fra,dossier,d:pages,total,4.0,1,161,final
2026-01-08,bathroomgraffiti,fra,dossier,d:pages,total,3.3,1,141,final
2026-01-09,bathroomgraffiti,fra,dossier,d:pages,total,15.6,1,181,final
2026-01-10,bathroomgraffiti,fra,dossier,d:pages,total,5.9,4,218,final
2026-01-11,bathroomgraffiti,fra,dossier,d:pages,total,3.4,2,198,final
2026-01-12,bathroomgraffiti,fra,dossier,d:pages,total,3.4,1,202,final
2026-01-13,bathroomgraffiti,fra,dossier,d:pages,total,4.6,1,240,final
2026-01-14,bathroomgraffiti,fra,dossier,d:pages,total,3.5,6,164,final
2026-01-15,bathroomgraffiti,fra,dossier,d:pages,total,3.2,3,173,final
2026-01-16,bathroomgraffiti,fra,dossier,d:pages,total,7.3,7,221,final
2026-01-17,bathroomgraffiti,fra,dossier,d:pages,total,2.7,6,224,final
2026-01-18,bathroomgraffiti,fra,dossier,d:pages,total,2.9,2,157,final
2026-01-19,bathroomgraffiti,fra,dossier,d:pages,total,4.5,0,158,final
2026-01-20,bathroomgraffiti,fra,dossier,d:pages,total,3.9,2,195,final
2026-01-21,bathroomgraffiti,fra,dossier,d:pages,total,3.3,4,176,final
2026-01-22,bathroomgraffiti,fra,dossier,d:pages,total,5.5,2,170,final
2026-01-23,bathroomgraffiti,fra,dossier,d:pages,total,9.7,2,265,final
2026-01-24,bathroomgraffiti,fra,dossier,d:pages,total,4.4,4,189,final
2026-01-25,bathroomgraffiti,fra,dossier,d:pages,total,3.1,1,216,final
2026-01-26,bathroomgraffiti,fra,dossier,d:pages,total,3.8,1,181,final
2026-01-27,bathroomgraffiti,fra,dossier,d:pages,total,3.6,1,228,final
2026-01-28,bathroomgraffiti,fra,dossier,d:pages,total,2.7,2,180,final
2026-01-29,bathroomgraffiti,fra,dossier,d:pages,total,3.7,3,148,final
2026-01-30,bathroomgraffiti,fra,dossier,d:pages,total,9.7,0,205,final
2026-01-31,bathroomgraffiti,fra,dossier,d:pages,total,3.5,3,226,final
2026-02-01,bathroomgraffiti,fra,dossier,d:pages,total,3.3,0,159,final
2026-02-02,bathroomgraffiti,fra,dossier,d:pages,total,4.1,0,181,final
2026-02-03,bathroomgraffiti,fra,dossier,d:pages,total,3.7,3,164,final
2026-02-04,bathroomgraffiti,fra,dossier,d:pages,total,3.6,3,232,final
2026-02-05,bathroomgraffiti,fra,dossier,d:pages,total,3.6,2,160,final
2026-02-06,bathroomgraffiti,fra,dossier,d:pages,total,7.8,2,212,final
2026-02-07,bathroomgraffiti,fra,dossier,d:pages,total,3.1,0,189,final
2026-02-08,bathroomgraffiti,fra,dossier,d:pages,total,3.1,1,157,final
2026-02-09,bathroomgraffiti,fra,dossier,d:pages,total,6.6,0,122,final
2026-02-10,bathroomgraffiti,fra,dossier,d:pages,total,4.4,0,185,final
2026-02-11,bathroomgraffiti,fra,dossier,d:pages,total,3.3,0,136,final
2026-02-12,bathroomgraffiti,fra,dossier,d:pages,total,4.1,2,193,final
2026-02-13,bathroomgraffiti,fra,dossier,d:pages,total,5.7,1,290,final
2026-02-14,bathroomgraffiti,fra,dossier,d:pages,total,5.2,2,295,final
2026-02-15,bathroomgraffiti,fra,dossier,d:pages,total,5.1,1,149,final
2026-02-16,bathroomgraffiti,fra,dossier,d:pages,total,5.6,0,154,final
2026-02-17,bathroomgraffiti,fra,dossier,d:pages,total,5.7,1,157,final
2026-02-18,bathroomgraffiti,fra,dossier,d:pages,total,2.7,4,217,final
2026-02-19,bathroomgraffiti,fra,dossier,d:pages,total,5.2,0,184,final
2026-02-20,bathroomgraffiti,fra,dossier,d:pages,total,4.9,0,257,final
2026-02-21,bathroomgraffiti,fra,dossier,d:pages,total,4.1,1,161,final
2026-02-22,bathroomgraffiti,fra,dossier,d:pages,total,3.8,0,183,final
2026-02-23,bathroomgraffiti,fra,dossier,d:pages,total,3.6,2,171,final
2026-02-24,bathroomgraffiti,fra,dossier,d:pages,total,6.8,1,203,final
2026-02-25,bathroomgraffiti,fra,dossier,d:pages,total,4.6,0,144,final
2026-02-26,bathroomgraffiti,fra,dossier,d:pages,total,5.7,1,112,final
2026-02-27,bathroomgraffiti,fra,dossier,d:pages,total,5.0,0,137,final
2026-02-28,bathroomgraffiti,fra,dossier,d:pages,total,10.9,0,159,final
2026-03-01,bathroomgraffiti,fra,dossier,d:pages,total,6.2,0,102,final
2026-03-02,bathroomgraffiti,fra,dossier,d:pages,total,4.8,0,129,final
2026-03-03,bathroomgraffiti,fra,dossier,d:pages,total,6.1,0,126,final
2026-03-04,bathroomgraffiti,fra,dossier,d:pages,total,5.2,3,171,final
2026-03-05,bathroomgraffiti,fra,dossier,d:pages,total,3.6,0,107,final
2026-03-06,bathroomgraffiti,fra,dossier,d:pages,total,9.0,0,137,final
2026-03-07,bathroomgraffiti,fra,dossier,d:pages,total,11.8,0,245,final
2026-03-08,bathroomgraffiti,fra,dossier,d:pages,total,6.5,1,176,final
2026-03-09,bathroomgraffiti,fra,dossier,d:pages,total,5.5,1,127,final
2026-03-10,bathroomgraffiti,fra,dossier,d:pages,total,7.5,0,149,final
2026-03-11,bathroomgraffiti,fra,dossier,d:pages,total,4.7,2,132,final
2026-03-12,bathroomgraffiti,fra,dossier,d:pages,total,3.6,0,167,final
2026-03-13,bathroomgraffiti,fra,dossier,d:pages,total,5.7,0,145,final
2026-03-14,bathroomgraffiti,fra,dossier,d:pages,total,4.7,2,176,final
2026-03-15,bathroomgraffiti,fra,dossier,d:pages,total,4.9,2,168,final
2026-03-16,bathroomgraffiti,fra,dossier,d:pages,total,3.4,0,165,final
2026-03-17,bathroomgraffiti,fra,dossier,d:pages,total,7.2,0,145,final
2026-03-18,bathroomgraffiti,fra,dossier,d:pages,total,3.0,0,120,final
2026-03-19,bathroomgraffiti,fra,dossier,d:pages,total,2.7,4,157,final
2026-03-20,bathroomgraffiti,fra,dossier,d:pages,total,5.2,0,142,final
2026-03-21,bathroomgraffiti,fra,dossier,d:pages,total,4.0,1,146,final
2026-03-22,bathroomgraffiti,fra,dossier,d:pages,total,2.7,3,122,final
2026-03-23,bathroomgraffiti,fra,dossier,d:pages,total,3.7,3,110,final
2026-03-24,bathroomgraffiti,fra,dossier,d:pages,total,4.0,1,125,final
2026-03-25,bathroomgraffiti,fra,dossier,d:pages,total,3.0,0,151,final
2026-03-26,bathroomgraffiti,fra,dossier,d:pages,total,3.5,1,115,final
2026-03-27,bathroomgraffiti,fra,dossier,d:pages,total,3.4,3,160,final
2026-03-28,bathroomgraffiti,fra,dossier,d:pages,total,4.7,1,191,final
2026-03-29,bathroomgraffiti,fra,dossier,d:pages,total,2.8,1,152,final
2026-03-30,bathroomgraffiti,fra,dossier,d:pages,total,3.1,2,126,final
2026-03-31,bathroomgraffiti,fra,dossier,d:pages,total,3.8,0,157,final
2026-04-01,bathroomgraffiti,fra,dossier,d:pages,total,3.4,0,150,final
2026-04-02,bathroomgraffiti,fra,dossier,d:pages,total,2.5,1,128,final
2026-04-03,bathroomgraffiti,fra,dossier,d:pages,total,5.3,3,158,final
2026-04-04,bathroomgraffiti,fra,dossier,d:pages,total,4.0,0,151,final
2026-04-05,bathroomgraffiti,fra,dossier,d:pages,total,3.4,3,104,final
2026-04-06,bathroomgraffiti,fra,dossier,d:pages,total,3.2,1,221,final
2026-04-07,bathroomgraffiti,fra,dossier,d:pages,total,3.1,0,124,final
2026-04-08,bathroomgraffiti,fra,dossier,d:pages,total,2.3,0,143,final
2026-04-09,bathroomgraffiti,fra,dossier,d:pages,total,5.9,0,148,final
2026-04-10,bathroomgraffiti,fra,dossier,d:pages,total,4.1,1,174,final
2026-04-11,bathroomgraffiti,fra,dossier,d:pages,total,3.5,0,180,final
2026-04-12,bathroomgraffiti,fra,dossier,d:pages,total,3.8,5,171,final
2026-04-13,bathroomgraffiti,fra,dossier,d:pages,total,3.3,5,136,final
2026-04-14,bathroomgraffiti,fra,dossier,d:pages,total,2.9,0,133,final
2026-04-15,bathroomgraffiti,fra,dossier,d:pages,total,3.1,1,180,final
2026-04-16,bathroomgraffiti,fra,dossier,d:pages,total,2.8,1,161,final
2026-04-17,bathroomgraffiti,fra,dossier,d:pages,total,3.4,0,149,final
2026-04-18,bathroomgraffiti,fra,dossier,d:pages,total,2.8,2,188,final
2026-04-19,bathroomgraffiti,fra,dossier,d:pages,total,2.3,1,167,final
2026-04-20,bathroomgraffiti,fra,dossier,d:pages,total,2.5,1,202,final
2026-04-21,bathroomgraffiti,fra,dossier,d:pages,total,3.4,1,199,final
2026-04-22,bathroomgraffiti,fra,dossier,d:pages,total,2.3,1,184,final
2026-04-23,bathroomgraffiti,fra,dossier,d:pages,total,3.2,2,180,final
2026-04-24,bathroomgraffiti,fra,dossier,d:pages,total,5.7,0,176,final
2026-04-25,bathroomgraffiti,fra,dossier,d:pages,total,4.5,0,153,final
2026-04-26,bathroomgraffiti,fra,dossier,d:pages,total,4.2,0,108,final
2026-04-27,bathroomgraffiti,fra,dossier,d:pages,total,3.0,0,170,final
2026-04-28,bathroomgraffiti,fra,dossier,d:pages,total,3.5,1,125,final
2026-04-29,bathroomgraffiti,fra,dossier,d:pages,total,3.3,1,127,final
2026-04-30,bathroomgraffiti,fra,dossier,d:pages,total,3.3,3,125,final
2026-05-01,bathroomgraffiti,fra,dossier,d:pages,total,4.6,2,141,final
2026-05-02,bathroomgraffiti,fra,dossier,d:pages,total,3.3,1,158,final
2026-05-03,bathroomgraffiti,fra,dossier,d:pages,total,2.4,0,153,final
2026-05-04,bathroomgraffiti,fra,dossier,d:pages,total,3.8,2,178,final
2026-05-05,bathroomgraffiti,fra,dossier,d:pages,total,4.2,4,127,final
2026-05-06,bathroomgraffiti,fra,dossier,d:pages,total,2.4,2,185,final
2026-05-07,bathroomgraffiti,fra,dossier,d:pages,total,6.0,1,179,final
2026-05-08,bathroomgraffiti,fra,dossier,d:pages,total,3.7,3,188,final
2026-05-09,bathroomgraffiti,fra,dossier,d:pages,total,3.0,4,167,final
2026-05-10,bathroomgraffiti,fra,dossier,d:pages,total,2.7,0,152,final
2026-05-11,bathroomgraffiti,fra,dossier,d:pages,total,4.1,2,144,final
2026-05-12,bathroomgraffiti,fra,dossier,d:pages,total,2.9,0,105,final
2026-05-13,bathroomgraffiti,fra,dossier,d:pages,total,3.4,5,182,final
2026-05-14,bathroomgraffiti,fra,dossier,d:pages,total,3.0,1,211,final
2026-05-15,bathroomgraffiti,fra,dossier,d:pages,total,2.8,0,193,final
2026-05-16,bathroomgraffiti,fra,dossier,d:pages,total,2.5,6,127,final
2026-05-17,bathroomgraffiti,fra,dossier,d:pages,total,2.8,2,165,final
2026-05-18,bathroomgraffiti,fra,dossier,d:pages,total,4.0,1,144,final
2026-05-19,bathroomgraffiti,fra,dossier,d:pages,total,3.1,1,146,final
2026-05-20,bathroomgraffiti,fra,dossier,d:pages,total,2.4,1,189,final
2026-05-21,bathroomgraffiti,fra,dossier,d:pages,total,3.4,1,159,final
2026-05-22,bathroomgraffiti,fra,dossier,d:pages,total,3.7,1,169,final
2026-05-23,bathroomgraffiti,fra,dossier,d:pages,total,3.0,3,147,final
2026-05-24,bathroomgraffiti,fra,dossier,d:pages,total,2.9,2,151,final
2026-05-25,bathroomgraffiti,fra,dossier,d:pages,total,3.7,0,200,final
2026-05-26,bathroomgraffiti,fra,dossier,d:pages,total,3.3,1,196,final
2026-05-27,bathroomgraffiti,fra,dossier,d:pages,total,3.5,2,190,final
2026-05-28,bathroomgraffiti,fra,dossier,d:pages,total,2.8,1,170,final
2026-05-29,bathroomgraffiti,fra,dossier,d:pages,total,3.1,1,179,final
2026-05-30,bathroomgraffiti,fra,dossier,d:pages,total,3.2,0,180,final
2026-05-31,bathroomgraffiti,fra,dossier,d:pages,total,2.6,3,235,final
2026-06-01,bathroomgraffiti,fra,dossier,d:pages,total,2.5,1,138,final
2026-06-02,bathroomgraffiti,fra,dossier,d:pages,total,2.5,1,173,final
2026-06-03,bathroomgraffiti,fra,dossier,d:pages,total,2.9,4,188,final
2026-06-04,bathroomgraffiti,fra,dossier,d:pages,total,3.4,1,162,final
2026-06-05,bathroomgraffiti,fra,dossier,d:pages,total,3.8,3,176,final
2026-06-06,bathroomgraffiti,fra,dossier,d:pages,total,2.9,1,147,final
2026-06-07,bathroomgraffiti,fra,dossier,d:pages,total,6.2,1,174,final
2026-06-08,bathroomgraffiti,fra,dossier,d:pages,total,3.0,1,125,final
2026-06-09,bathroomgraffiti,fra,dossier,d:pages,total,2.5,2,173,final
2026-06-10,bathroomgraffiti,fra,dossier,d:pages,total,3.2,1,190,final
2026-06-11,bathroomgraffiti,fra,dossier,d:pages,total,2.3,0,170,final
2026-06-12,bathroomgraffiti,fra,dossier,d:pages,total,2.8,2,170,final
2026-06-13,bathroomgraffiti,fra,dossier,d:pages,total,2.9,1,214,final
2026-06-14,bathroomgraffiti,fra,dossier,d:pages,total,2.5,0,189,final
2026-06-15,bathroomgraffiti,fra,dossier,d:pages,total,2.8,0,165,final
2026-06-16,bathroomgraffiti,fra,dossier,d:pages,total,2.6,0,202,final
2026-06-17,bathroomgraffiti,fra,dossier,d:pages,total,2.5,4,189,final
2026-06-18,bathroomgraffiti,fra,dossier,d:pages,total,3.5,1,199,final
2026-06-19,bathroomgraffiti,fra,dossier,d:pages,total,2.8,2,203,final
2026-06-20,bathroomgraffiti,fra,dossier,d:pages,total,2.9,1,231,final
2026-06-21,bathroomgraffiti,fra,dossier,d:pages,total,2.7,2,180,final
2026-06-22,bathroomgraffiti,fra,dossier,d:pages,total,2.5,0,176,final
2026-06-23,bathroomgraffiti,fra,dossier,d:pages,total,2.5,2,178,final
2026-06-24,bathroomgraffiti,fra,dossier,d:pages,total,2.8,5,205,final
2026-06-25,bathroomgraffiti,fra,dossier,d:pages,total,3.2,1,190,final
2026-06-26,bathroomgraffiti,fra,dossier,d:pages,total,3.8,1,166,final
2026-06-27,bathroomgraffiti,fra,dossier,d:pages,total,3.3,2,151,final
2026-06-28,bathroomgraffiti,fra,dossier,d:pages,total,3.0,0,193,final
2026-06-29,bathroomgraffiti,fra,dossier,d:pages,total,2.6,3,171,final
2026-06-30,bathroomgraffiti,fra,dossier,d:pages,total,3.0,4,165,final
2026-07-01,bathroomgraffiti,fra,dossier,d:pages,total,2.4,2,172,final
2026-07-02,bathroomgraffiti,fra,dossier,d:pages,total,2.3,3,228,final
2026-07-03,bathroomgraffiti,fra,dossier,d:pages,total,3.1,0,191,final
2026-07-04,bathroomgraffiti,fra,dossier,d:pages,total,2.8,0,150,final
2026-07-05,bathroomgraffiti,fra,dossier,d:pages,total,2.1,5,196,final
2026-07-06,bathroomgraffiti,fra,dossier,d:pages,total,3.1,6,256,final
2026-07-07,bathroomgraffiti,fra,dossier,d:pages,total,2.3,3,195,final
2026-07-08,bathroomgraffiti,fra,dossier,d:pages,total,3.4,4,186,final
2026-07-09,bathroomgraffiti,fra,dossier,d:pages,total,2.4,1,161,final
2026-07-10,bathroomgraffiti,fra,dossier,d:pages,total,2.9,0,196,final
2026-07-11,bathroomgraffiti,fra,dossier,d:pages,total,4.0,5,189,final
2026-07-12,bathroomgraffiti,fra,dossier,d:pages,total,2.4,1,163,final
2026-07-13,bathroomgraffiti,fra,dossier,d:pages,total,2.6,5,207,final
2026-07-14,bathroomgraffiti,fra,dossier,d:pages,total,4.2,4,169,final
2026-07-15,bathroomgraffiti,fra,dossier,d:pages,total,3.3,2,137,final
2026-07-16,bathroomgraffiti,fra,dossier,d:pages,total,3.2,2,126,final
2026-07-17,bathroomgraffiti,fra,dossier,d:pages,total,2.8,0,179,final
2026-07-18,bathroomgraffiti,fra,dossier,d:pages,total,2.8,3,184,final
2026-07-19,bathroomgraffiti,fra,dossier,d:pages,total,2.5,1,185,final
2026-07-20,bathroomgraffiti,fra,dossier,d:pages,total,2.4,0,173,final
2026-07-21,bathroomgraffiti,fra,dossier,d:pages,total,2.4,1,197,final
2026-07-22,bathroomgraffiti,fra,dossier,d:pages,total,2.3,3,150,final
2026-07-23,bathroomgraffiti,fra,dossier,d:pages,total,2.3,3,128,final
2026-07-24,bathroomgraffiti,fra,dossier,d:pages,total,2.8,1,178,final
2026-07-25,bathroomgraffiti,fra,dossier,d:pages,total,2.1,0,173,final
2026-07-26,bathroomgraffiti,fra,dossier,d:pages,total,2.3,2,154,final
2026-07-27,bathroomgraffiti,fra,dossier,d:pages,total,1.8,2,195,final
2026-07-28,bathroomgraffiti,fra,dossier,d:pages,total,2.4,2,182,final
2026-07-29,bathroomgraffiti,fra,dossier,d:pages,total,2.3,2,202,final
2026-07-30,bathroomgraffiti,fra,dossier,d:pages,total,2.5,7,174,final
2026-07-31,bathroomgraffiti,fra,dossier,d:pages,total,2.4,3,167,final
2026-08-01,bathroomgraffiti,fra,dossier,d:pages,total,1.8,2,162,final
2026-08-02,bathroomgraffiti,fra,dossier,d:pages,total,1.8,3,158,final
2026-08-03,bathroomgraffiti,fra,dossier,d:pages,total,5.5,1,111,final
2026-08-04,bathroomgraffiti,fra,dossier,d:pages,total,1.7,2,155,final
2026-08-05,bathroomgraffiti,fra,dossier,d:pages,total,2.8,3,144,final
2026-08-06,bathroomgraffiti,fra,dossier,d:pages,total,3.0,1,156,final
2026-08-07,bathroomgraffiti,fra,dossier,d:pages,total,2.0,5,137,final
2026-08-08,bathroomgraffiti,fra,dossier,d:pages,total,1.5,2,133,final
2026-08-09,bathroomgraffiti,fra,dossier,d:pages,total,2.3,0,159,final
2026-08-10,bathroomgraffiti,fra,dossier,d:pages,total,1.7,4,131,final
2026-08-11,bathroomgraffiti,fra,dossier,d:pages,total,4.0,4,176,final
2026-08-12,bathroomgraffiti,fra,dossier,d:pages,total,2.5,2,113,final
2026-08-13,bathroomgraffiti,fra,dossier,d:pages,total,1.9,3,136,final
2026-08-14,bathroomgraffiti,fra,dossier,d:pages,total,3.9,2,109,final
2026-08-15,bathroomgraffiti,fra,dossier,d:pages,total,1.8,4,133,final
2026-08-16,bathroomgraffiti,fra,dossier,d:pages,total,2.2,3,133,final
2026-08-17,bathroomgraffiti,fra,dossier,d:pages,total,3.6,2,138,final
2026-08-18,bathroomgraffiti,fra,dossier,d:pages,total,1.5,3,180,final
2026-08-19,bathroomgraffiti,fra,dossier,d:pages,total,1.5,2,141,final
2026-08-20,bathroomgraffiti,fra,dossier,d:pages,total,1.9,5,140,final
2026-08-21,bathroomgraffiti,fra,dossier,d:pages,total,2.0,3,145,final
2026-08-22,bathroomgraffiti,fra,dossier,d:pages,total,1.8,1,115,final
2026-08-23,bathroomgraffiti,fra,dossier,d:pages,total,1.5,2,137,final
2026-08-24,bathroomgraffiti,fra,dossier,d:pages,total,1.8,3,144,final
2026-08-25,bathroomgraffiti,fra,dossier,d:pages,total,2.1,4,159,final
2026-08-26,bathroomgraffiti,fra,dossier,d:pages,total,2.7,4,160,final
2026-08-27,bathroomgraffiti,fra,dossier,d:pages,total,1.4,3,293,final
2026-08-28,bathroomgraffiti,fra,dossier,d:pages,total,2.0,3,160,final
2026-08-29,bathroomgraffiti,fra,dossier,d:pages,total,1.7,2,201,final
2026-08-30,bathroomgraffiti,fra,dossier,d:pages,total,2.2,2,198,final
2026-08-31,bathroomgraffiti,fra,dossier,d:pages,total,1.5,4,206,final
2026-09-01,bathroomgraffiti,fra,dossier,d:pages,total,1.5,5,140,final
2026-09-02,bathroomgraffiti,fra,dossier,d:pages,total,2.1,2,119,final
2026-09-03,bathroomgraffiti,fra,dossier,d:pages,total,3.4,0,161,final
2026-09-04,bathroomgraffiti,fra,dossier,d:pages,total,2.6,0,186,final
2026-09-05,bathroomgraffiti,fra,dossier,d:pages,total,2.6,4,170,final
2026-09-06,bathroomgraffiti,fra,dossier,d:pages,total,1.8,7,216,final
2026-09-07,bathroomgraffiti,fra,dossier,d:pages,total,2.7,0,120,final
2026-09-08,bathroomgraffiti,fra,dossier,d:pages,total,1.9,3,196,final
2026-09-09,bathroomgraffiti,fra,dossier,d:pages,total,1.5,3,187,final
2026-09-10,bathroomgraffiti,fra,dossier,d:pages,total,1.4,2,175,final
2026-09-11,bathroomgraffiti,fra,dossier,d:pages,total,2.1,3,154,final
2026-09-12,bathroomgraffiti,fra,dossier,d:pages,total,1.4,6,190,final
2026-09-13,bathroomgraffiti,fra,dossier,d:pages,total,1.4,1,146,final
2026-09-14,bathroomgraffiti,fra,dossier,d:pages,total,1.5,2,180,final
2026-09-15,bathroomgraffiti,fra,dossier,d:pages,total,1.3,0,125,final
2026-09-16,bathroomgraffiti,fra,dossier,d:pages,total,1.7,3,91,final
2026-09-17,bathroomgraffiti,fra,dossier,d:pages,total,2.1,0,134,final
2026-09-18,bathroomgraffiti,fra,dossier,d:pages,total,2.5,6,131,final
2026-09-19,bathroomgraffiti,fra,dossier,d:pages,total,1.5,2,157,final
2026-09-20,bathroomgraffiti,fra,dossier,d:pages,total,1.7,2,133,final
2026-09-21,bathroomgraffiti,fra,dossier,d:pages,total,2.0,1,106,final
2026-09-22,bathroomgraffiti,fra,dossier,d:pages,total,2.5,3,124,final
2026-09-23,bathroomgraffiti,fra,dossier,d:pages,total,1.6,4,149,final
2026-09-24,bathroomgraffiti,fra,dossier,d:pages,total,1.7,1,146,final
2026-09-25,bathroomgraffiti,fra,dossier,d:pages,total,1.9,2,155,final
2026-09-26,bathroomgraffiti,fra,dossier,d:pages,total,1.8,2,129,final
2026-09-27,bathroomgraffiti,fra,dossier,d:pages,total,1.6,5,144,final
2026-09-28,bathroomgraffiti,fra,dossier,d:pages,total,2.5,2,150,final
2026-09-29,bathroomgraffiti,fra,dossier,d:pages,total,2.1,1,164,final
2026-09-30,bathroomgraffiti,fra,dossier,d:pages,total,2.1,3,103,final
2026-10-01,bathroomgraffiti,fra,dossier,d:pages,total,1.7,1,107,final
2026-10-02,bathroomgraffiti,fra,dossier,d:pages,total,2.3,2,126,final
2026-10-03,bathroomgraffiti,fra,dossier,d:pages,total,2.3,4,161,fresh
2026-10-04,bathroomgraffiti,fra,dossier,d:pages,total,2.4,5,141,fresh
2025-06-12,bathroomgraffiti,fra,dossier,d:products,total,7.5,14,2354,final
2025-06-13,bathroomgraffiti,fra,dossier,d:products,total,7.4,13,2330,final
2025-06-14,bathroomgraffiti,fra,dossier,d:products,total,7.3,12,2823,final
2025-06-15,bathroomgraffiti,fra,dossier,d:products,total,7.1,9,2890,final
2025-06-16,bathroomgraffiti,fra,dossier,d:products,total,7.5,13,2431,final
2025-06-17,bathroomgraffiti,fra,dossier,d:products,total,7.4,10,2615,final
2025-06-18,bathroomgraffiti,fra,dossier,d:products,total,8.1,17,3781,final
2025-06-19,bathroomgraffiti,fra,dossier,d:products,total,7.5,8,3575,final
2025-06-20,bathroomgraffiti,fra,dossier,d:products,total,7.5,7,3379,final
2025-06-21,bathroomgraffiti,fra,dossier,d:products,total,7.9,15,3333,final
2025-06-22,bathroomgraffiti,fra,dossier,d:products,total,6.8,11,3687,final
2025-06-23,bathroomgraffiti,fra,dossier,d:products,total,6.9,9,3728,final
2025-06-24,bathroomgraffiti,fra,dossier,d:products,total,7.2,13,3492,final
2025-06-25,bathroomgraffiti,fra,dossier,d:products,total,7.1,9,3230,final
2025-06-26,bathroomgraffiti,fra,dossier,d:products,total,7.2,13,3179,final
2025-06-27,bathroomgraffiti,fra,dossier,d:products,total,8.1,9,4353,final
2025-06-28,bathroomgraffiti,fra,dossier,d:products,total,7.6,17,4093,final
2025-06-29,bathroomgraffiti,fra,dossier,d:products,total,7.6,19,4494,final
2025-06-30,bathroomgraffiti,fra,dossier,d:products,total,7.5,15,4289,final
2025-07-01,bathroomgraffiti,fra,dossier,d:products,total,9.5,13,4798,final
2025-07-02,bathroomgraffiti,fra,dossier,d:products,total,11.9,16,5818,final
2025-07-03,bathroomgraffiti,fra,dossier,d:products,total,11.3,8,5722,final
2025-07-04,bathroomgraffiti,fra,dossier,d:products,total,12.9,15,5310,final
2025-07-05,bathroomgraffiti,fra,dossier,d:products,total,12.3,11,5759,final
2025-07-06,bathroomgraffiti,fra,dossier,d:products,total,12.0,16,5836,final
2025-07-07,bathroomgraffiti,fra,dossier,d:products,total,11.7,12,5341,final
2025-07-08,bathroomgraffiti,fra,dossier,d:products,total,11.6,16,5612,final
2025-07-09,bathroomgraffiti,fra,dossier,d:products,total,12.8,10,5706,final
2025-07-10,bathroomgraffiti,fra,dossier,d:products,total,15.7,6,5618,final
2025-07-11,bathroomgraffiti,fra,dossier,d:products,total,19.5,1,6016,final
2025-07-12,bathroomgraffiti,fra,dossier,d:products,total,15.4,5,4608,final
2025-07-13,bathroomgraffiti,fra,dossier,d:products,total,13.7,20,4224,final
2025-07-14,bathroomgraffiti,fra,dossier,d:products,total,13.3,8,3977,final
2025-07-15,bathroomgraffiti,fra,dossier,d:products,total,13.8,18,3940,final
2025-07-16,bathroomgraffiti,fra,dossier,d:products,total,13.6,8,3836,final
2025-07-17,bathroomgraffiti,fra,dossier,d:products,total,12.8,8,4208,final
2025-07-18,bathroomgraffiti,fra,dossier,d:products,total,13.3,6,3613,final
2025-07-19,bathroomgraffiti,fra,dossier,d:products,total,16.8,5,4154,final
2025-07-20,bathroomgraffiti,fra,dossier,d:products,total,15.0,7,4158,final
2025-07-21,bathroomgraffiti,fra,dossier,d:products,total,12.4,4,3501,final
2025-07-22,bathroomgraffiti,fra,dossier,d:products,total,13.1,8,4342,final
2025-07-23,bathroomgraffiti,fra,dossier,d:products,total,11.8,17,4817,final
2025-07-24,bathroomgraffiti,fra,dossier,d:products,total,12.0,8,4346,final
2025-07-25,bathroomgraffiti,fra,dossier,d:products,total,12.3,14,3613,final
2025-07-26,bathroomgraffiti,fra,dossier,d:products,total,11.9,7,3784,final
2025-07-27,bathroomgraffiti,fra,dossier,d:products,total,11.0,14,4018,final
2025-07-28,bathroomgraffiti,fra,dossier,d:products,total,11.7,15,4020,final
2025-07-29,bathroomgraffiti,fra,dossier,d:products,total,11.0,11,4359,final
2025-07-30,bathroomgraffiti,fra,dossier,d:products,total,11.8,8,4746,final
2025-07-31,bathroomgraffiti,fra,dossier,d:products,total,10.6,13,4305,final
2025-08-01,bathroomgraffiti,fra,dossier,d:products,total,11.1,10,4548,final
2025-08-02,bathroomgraffiti,fra,dossier,d:products,total,11.1,13,4412,final
2025-08-03,bathroomgraffiti,fra,dossier,d:products,total,11.7,9,4167,final
2025-08-04,bathroomgraffiti,fra,dossier,d:products,total,12.0,12,3762,final
2025-08-05,bathroomgraffiti,fra,dossier,d:products,total,11.8,11,4026,final
2025-08-06,bathroomgraffiti,fra,dossier,d:products,total,12.8,7,4688,final
2025-08-07,bathroomgraffiti,fra,dossier,d:products,total,12.4,11,4556,final
2025-08-08,bathroomgraffiti,fra,dossier,d:products,total,11.6,6,4592,final
2025-08-09,bathroomgraffiti,fra,dossier,d:products,total,12.6,17,4277,final
2025-08-10,bathroomgraffiti,fra,dossier,d:products,total,12.0,10,4649,final
2025-08-11,bathroomgraffiti,fra,dossier,d:products,total,16.8,18,6935,final
2025-08-12,bathroomgraffiti,fra,dossier,d:products,total,11.8,19,5580,final
2025-08-13,bathroomgraffiti,fra,dossier,d:products,total,10.9,12,5232,final
2025-08-14,bathroomgraffiti,fra,dossier,d:products,total,11.4,19,4936,final
2025-08-15,bathroomgraffiti,fra,dossier,d:products,total,11.1,14,4971,final
2025-08-16,bathroomgraffiti,fra,dossier,d:products,total,11.5,9,4852,final
2025-08-17,bathroomgraffiti,fra,dossier,d:products,total,11.1,13,4805,final
2025-08-18,bathroomgraffiti,fra,dossier,d:products,total,11.4,15,5136,final
2025-08-19,bathroomgraffiti,fra,dossier,d:products,total,12.8,10,4372,final
2025-08-20,bathroomgraffiti,fra,dossier,d:products,total,12.6,20,4201,final
2025-08-21,bathroomgraffiti,fra,dossier,d:products,total,13.4,15,4200,final
2025-08-22,bathroomgraffiti,fra,dossier,d:products,total,12.1,6,3839,final
2025-08-23,bathroomgraffiti,fra,dossier,d:products,total,12.3,6,4059,final
2025-08-24,bathroomgraffiti,fra,dossier,d:products,total,13.1,9,4720,final
2025-08-25,bathroomgraffiti,fra,dossier,d:products,total,12.2,8,4141,final
2025-08-26,bathroomgraffiti,fra,dossier,d:products,total,12.0,11,4606,final
2025-08-27,bathroomgraffiti,fra,dossier,d:products,total,12.4,10,5272,final
2025-08-28,bathroomgraffiti,fra,dossier,d:products,total,13.1,8,4609,final
2025-08-29,bathroomgraffiti,fra,dossier,d:products,total,12.3,12,4897,final
2025-08-30,bathroomgraffiti,fra,dossier,d:products,total,12.4,17,4919,final
2025-08-31,bathroomgraffiti,fra,dossier,d:products,total,11.8,12,4907,final
2025-09-01,bathroomgraffiti,fra,dossier,d:products,total,13.9,11,3737,final
2025-09-02,bathroomgraffiti,fra,dossier,d:products,total,12.7,8,3621,final
2025-09-03,bathroomgraffiti,fra,dossier,d:products,total,12.3,11,4011,final
2025-09-04,bathroomgraffiti,fra,dossier,d:products,total,11.4,10,5001,final
2025-09-05,bathroomgraffiti,fra,dossier,d:products,total,11.0,12,5217,final
2025-09-06,bathroomgraffiti,fra,dossier,d:products,total,11.3,16,5785,final
2025-09-07,bathroomgraffiti,fra,dossier,d:products,total,11.5,11,5554,final
2025-09-08,bathroomgraffiti,fra,dossier,d:products,total,12.2,6,4662,final
2025-09-09,bathroomgraffiti,fra,dossier,d:products,total,11.8,14,4841,final
2025-09-10,bathroomgraffiti,fra,dossier,d:products,total,10.7,11,5182,final
2025-09-11,bathroomgraffiti,fra,dossier,d:products,total,11.1,9,4534,final
2025-09-12,bathroomgraffiti,fra,dossier,d:products,total,10.0,16,4306,final
2025-09-13,bathroomgraffiti,fra,dossier,d:products,total,8.3,11,5179,final
2025-09-14,bathroomgraffiti,fra,dossier,d:products,total,9.1,12,5249,final
2025-09-15,bathroomgraffiti,fra,dossier,d:products,total,9.0,13,4541,final
2025-09-16,bathroomgraffiti,fra,dossier,d:products,total,8.4,24,4679,final
2025-09-17,bathroomgraffiti,fra,dossier,d:products,total,8.7,31,4900,final
2025-09-18,bathroomgraffiti,fra,dossier,d:products,total,8.9,21,4480,final
2025-09-19,bathroomgraffiti,fra,dossier,d:products,total,8.8,19,3911,final
2025-09-20,bathroomgraffiti,fra,dossier,d:products,total,8.4,30,4916,final
2025-09-21,bathroomgraffiti,fra,dossier,d:products,total,8.7,16,4968,final
2025-09-22,bathroomgraffiti,fra,dossier,d:products,total,8.6,10,3883,final
2025-09-23,bathroomgraffiti,fra,dossier,d:products,total,8.4,13,3718,final
2025-09-24,bathroomgraffiti,fra,dossier,d:products,total,8.2,13,4310,final
2025-09-25,bathroomgraffiti,fra,dossier,d:products,total,8.8,21,3949,final
2025-09-26,bathroomgraffiti,fra,dossier,d:products,total,8.6,9,4643,final
2025-09-27,bathroomgraffiti,fra,dossier,d:products,total,8.2,18,5663,final
2025-09-28,bathroomgraffiti,fra,dossier,d:products,total,8.2,16,5489,final
2025-09-29,bathroomgraffiti,fra,dossier,d:products,total,9.1,13,4401,final
2025-09-30,bathroomgraffiti,fra,dossier,d:products,total,8.5,18,4327,final
2025-10-01,bathroomgraffiti,fra,dossier,d:products,total,8.2,14,4819,final
2025-10-02,bathroomgraffiti,fra,dossier,d:products,total,8.6,12,4575,final
2025-10-03,bathroomgraffiti,fra,dossier,d:products,total,8.5,9,4402,final
2025-10-04,bathroomgraffiti,fra,dossier,d:products,total,8.6,23,5412,final
2025-10-05,bathroomgraffiti,fra,dossier,d:products,total,8.9,14,5057,final
2025-10-06,bathroomgraffiti,fra,dossier,d:products,total,9.3,19,4213,final
2025-10-07,bathroomgraffiti,fra,dossier,d:products,total,8.8,14,3975,final
2025-10-08,bathroomgraffiti,fra,dossier,d:products,total,8.6,13,4776,final
2025-10-09,bathroomgraffiti,fra,dossier,d:products,total,9.3,8,4413,final
2025-10-10,bathroomgraffiti,fra,dossier,d:products,total,9.2,27,4111,final
2025-10-11,bathroomgraffiti,fra,dossier,d:products,total,8.4,32,4714,final
2025-10-12,bathroomgraffiti,fra,dossier,d:products,total,8.5,17,4890,final
2025-10-13,bathroomgraffiti,fra,dossier,d:products,total,8.7,21,3948,final
2025-10-14,bathroomgraffiti,fra,dossier,d:products,total,9.1,12,3996,final
2025-10-15,bathroomgraffiti,fra,dossier,d:products,total,10.8,15,5060,final
2025-10-16,bathroomgraffiti,fra,dossier,d:products,total,10.8,57,5216,final
2025-10-17,bathroomgraffiti,fra,dossier,d:products,total,8.7,36,4336,final
2025-10-18,bathroomgraffiti,fra,dossier,d:products,total,8.5,25,5433,final
2025-10-19,bathroomgraffiti,fra,dossier,d:products,total,8.2,51,6121,final
2025-10-20,bathroomgraffiti,fra,dossier,d:products,total,7.8,34,5500,final
2025-10-21,bathroomgraffiti,fra,dossier,d:products,total,8.3,36,5567,final
2025-10-22,bathroomgraffiti,fra,dossier,d:products,total,8.2,36,6008,final
2025-10-23,bathroomgraffiti,fra,dossier,d:products,total,8.4,36,6213,final
2025-10-24,bathroomgraffiti,fra,dossier,d:products,total,7.6,38,7304,final
2025-10-25,bathroomgraffiti,fra,dossier,d:products,total,7.6,54,8096,final
2025-10-26,bathroomgraffiti,fra,dossier,d:products,total,7.0,59,8199,final
2025-10-27,bathroomgraffiti,fra,dossier,d:products,total,8.1,28,4929,final
2025-10-28,bathroomgraffiti,fra,dossier,d:products,total,8.3,18,5777,final
2025-10-29,bathroomgraffiti,fra,dossier,d:products,total,8.3,22,5437,final
2025-10-30,bathroomgraffiti,fra,dossier,d:products,total,8.7,21,5972,final
2025-10-31,bathroomgraffiti,fra,dossier,d:products,total,7.7,34,5013,final
2025-11-01,bathroomgraffiti,fra,dossier,d:products,total,8.1,79,6808,final
2025-11-02,bathroomgraffiti,fra,dossier,d:products,total,8.4,63,7039,final
2025-11-03,bathroomgraffiti,fra,dossier,d:products,total,8.4,29,5463,final
2025-11-04,bathroomgraffiti,fra,dossier,d:products,total,8.7,19,5237,final
2025-11-05,bathroomgraffiti,fra,dossier,d:products,total,8.0,44,5503,final
2025-11-06,bathroomgraffiti,fra,dossier,d:products,total,8.3,29,4538,final
2025-11-07,bathroomgraffiti,fra,dossier,d:products,total,8.2,8,4647,final
2025-11-08,bathroomgraffiti,fra,dossier,d:products,total,7.7,32,6005,final
2025-11-09,bathroomgraffiti,fra,dossier,d:products,total,8.3,33,5920,final
2025-11-10,bathroomgraffiti,fra,dossier,d:products,total,10.5,23,5613,final
2025-11-11,bathroomgraffiti,fra,dossier,d:products,total,8.5,32,7810,final
2025-11-12,bathroomgraffiti,fra,dossier,d:products,total,7.7,32,7287,final
2025-11-13,bathroomgraffiti,fra,dossier,d:products,total,7.8,20,6421,final
2025-11-14,bathroomgraffiti,fra,dossier,d:products,total,7.4,37,6549,final
2025-11-15,bathroomgraffiti,fra,dossier,d:products,total,7.4,36,9295,final
2025-11-16,bathroomgraffiti,fra,dossier,d:products,total,7.2,35,9487,final
2025-11-17,bathroomgraffiti,fra,dossier,d:products,total,8.1,36,7467,final
2025-11-18,bathroomgraffiti,fra,dossier,d:products,total,7.9,38,7152,final
2025-11-19,bathroomgraffiti,fra,dossier,d:products,total,8.0,40,6818,final
2025-11-20,bathroomgraffiti,fra,dossier,d:products,total,8.1,30,6859,final
2025-11-21,bathroomgraffiti,fra,dossier,d:products,total,7.8,22,6547,final
2025-11-22,bathroomgraffiti,fra,dossier,d:products,total,7.9,26,8464,final
2025-11-23,bathroomgraffiti,fra,dossier,d:products,total,8.0,45,10448,final
2025-11-24,bathroomgraffiti,fra,dossier,d:products,total,8.0,42,8996,final
2025-11-25,bathroomgraffiti,fra,dossier,d:products,total,8.2,46,9232,final
2025-11-26,bathroomgraffiti,fra,dossier,d:products,total,8.0,45,10109,final
2025-11-27,bathroomgraffiti,fra,dossier,d:products,total,8.8,38,8068,final
2025-11-28,bathroomgraffiti,fra,dossier,d:products,total,8.8,42,7952,final
2025-11-29,bathroomgraffiti,fra,dossier,d:products,total,8.5,38,8661,final
2025-11-30,bathroomgraffiti,fra,dossier,d:products,total,8.7,47,11500,final
2025-12-01,bathroomgraffiti,fra,dossier,d:products,total,8.7,33,8810,final
2025-12-02,bathroomgraffiti,fra,dossier,d:products,total,8.7,44,8831,final
2025-12-03,bathroomgraffiti,fra,dossier,d:products,total,8.7,49,9624,final
2025-12-04,bathroomgraffiti,fra,dossier,d:products,total,8.9,42,8442,final
2025-12-05,bathroomgraffiti,fra,dossier,d:products,total,8.7,47,8310,final
2025-12-06,bathroomgraffiti,fra,dossier,d:products,total,8.6,45,9436,final
2025-12-07,bathroomgraffiti,fra,dossier,d:products,total,8.9,41,11085,final
2025-12-08,bathroomgraffiti,fra,dossier,d:products,total,9.0,34,9393,final
2025-12-09,bathroomgraffiti,fra,dossier,d:products,total,9.9,30,7858,final
2025-12-10,bathroomgraffiti,fra,dossier,d:products,total,11.0,47,10027,final
2025-12-11,bathroomgraffiti,fra,dossier,d:products,total,9.1,43,7493,final
2025-12-12,bathroomgraffiti,fra,dossier,d:products,total,10.5,36,7556,final
2025-12-13,bathroomgraffiti,fra,dossier,d:products,total,9.2,55,9790,final
2025-12-14,bathroomgraffiti,fra,dossier,d:products,total,8.5,52,9537,final
2025-12-15,bathroomgraffiti,fra,dossier,d:products,total,10.4,35,8665,final
2025-12-16,bathroomgraffiti,fra,dossier,d:products,total,9.6,37,7643,final
2025-12-17,bathroomgraffiti,fra,dossier,d:products,total,9.2,28,7192,final
2025-12-18,bathroomgraffiti,fra,dossier,d:products,total,9.8,21,6804,final
2025-12-19,bathroomgraffiti,fra,dossier,d:products,total,10.2,19,6647,final
2025-12-20,bathroomgraffiti,fra,dossier,d:products,total,9.4,29,7148,final
2025-12-21,bathroomgraffiti,fra,dossier,d:products,total,9.5,16,6298,final
2025-12-22,bathroomgraffiti,fra,dossier,d:products,total,10.2,26,5689,final
2025-12-23,bathroomgraffiti,fra,dossier,d:products,total,9.9,11,5589,final
2025-12-24,bathroomgraffiti,fra,dossier,d:products,total,10.0,13,5671,final
2025-12-25,bathroomgraffiti,fra,dossier,d:products,total,9.6,17,7584,final
2025-12-26,bathroomgraffiti,fra,dossier,d:products,total,9.5,36,6521,final
2025-12-27,bathroomgraffiti,fra,dossier,d:products,total,9.8,19,5815,final
2025-12-28,bathroomgraffiti,fra,dossier,d:products,total,9.7,14,5300,final
2025-12-29,bathroomgraffiti,fra,dossier,d:products,total,10.1,13,5057,final
2025-12-30,bathroomgraffiti,fra,dossier,d:products,total,10.0,16,4724,final
2025-12-31,bathroomgraffiti,fra,dossier,d:products,total,10.0,7,3747,final
2026-01-01,bathroomgraffiti,fra,dossier,d:products,total,10.9,9,4047,final
2026-01-02,bathroomgraffiti,fra,dossier,d:products,total,10.8,12,4702,final
2026-01-03,bathroomgraffiti,fra,dossier,d:products,total,10.4,14,4442,final
2026-01-04,bathroomgraffiti,fra,dossier,d:products,total,10.7,13,4545,final
2026-01-05,bathroomgraffiti,fra,dossier,d:products,total,11.1,13,3900,final
2026-01-06,bathroomgraffiti,fra,dossier,d:products,total,10.2,9,3946,final
2026-01-07,bathroomgraffiti,fra,dossier,d:products,total,10.1,6,5298,final
2026-01-08,bathroomgraffiti,fra,dossier,d:products,total,10.0,13,4771,final
2026-01-09,bathroomgraffiti,fra,dossier,d:products,total,11.4,11,4030,final
2026-01-10,bathroomgraffiti,fra,dossier,d:products,total,11.8,19,4978,final
2026-01-11,bathroomgraffiti,fra,dossier,d:products,total,10.0,13,4843,final
2026-01-12,bathroomgraffiti,fra,dossier,d:products,total,9.9,13,3460,final
2026-01-13,bathroomgraffiti,fra,dossier,d:products,total,9.3,11,3813,final
2026-01-14,bathroomgraffiti,fra,dossier,d:products,total,9.1,22,4658,final
2026-01-15,bathroomgraffiti,fra,dossier,d:products,total,9.1,16,4039,final
2026-01-16,bathroomgraffiti,fra,dossier,d:products,total,9.4,19,4108,final
2026-01-17,bathroomgraffiti,fra,dossier,d:products,total,9.3,15,4302,final
2026-01-18,bathroomgraffiti,fra,dossier,d:products,total,9.4,13,4135,final
2026-01-19,bathroomgraffiti,fra,dossier,d:products,total,9.6,11,3310,final
2026-01-20,bathroomgraffiti,fra,dossier,d:products,total,10.1,12,3457,final
2026-01-21,bathroomgraffiti,fra,dossier,d:products,total,10.4,14,4284,final
2026-01-22,bathroomgraffiti,fra,dossier,d:products,total,10.5,18,3605,final
2026-01-23,bathroomgraffiti,fra,dossier,d:products,total,10.5,14,3484,final
2026-01-24,bathroomgraffiti,fra,dossier,d:products,total,10.1,12,3758,final
2026-01-25,bathroomgraffiti,fra,dossier,d:products,total,9.1,13,4226,final
2026-01-26,bathroomgraffiti,fra,dossier,d:products,total,10.0,15,4206,final
2026-01-27,bathroomgraffiti,fra,dossier,d:products,total,9.9,15,4407,final
2026-01-28,bathroomgraffiti,fra,dossier,d:products,total,8.5,24,4096,final
2026-01-29,bathroomgraffiti,fra,dossier,d:products,total,9.7,22,4362,final
2026-01-30,bathroomgraffiti,fra,dossier,d:products,total,9.8,20,4713,final
2026-01-31,bathroomgraffiti,fra,dossier,d:products,total,9.4,13,4743,final
2026-02-01,bathroomgraffiti,fra,dossier,d:products,total,9.6,13,4652,final
2026-02-02,bathroomgraffiti,fra,dossier,d:products,total,9.8,11,4359,final
2026-02-03,bathroomgraffiti,fra,dossier,d:products,total,9.0,12,3906,final
2026-02-04,bathroomgraffiti,fra,dossier,d:products,total,9.9,14,4269,final
2026-02-05,bathroomgraffiti,fra,dossier,d:products,total,10.0,21,3847,final
2026-02-06,bathroomgraffiti,fra,dossier,d:products,total,10.5,7,4076,final
2026-02-07,bathroomgraffiti,fra,dossier,d:products,total,8.8,12,4045,final
2026-02-08,bathroomgraffiti,fra,dossier,d:products,total,10.0,12,4068,final
2026-02-09,bathroomgraffiti,fra,dossier,d:products,total,9.9,8,3472,final
2026-02-10,bathroomgraffiti,fra,dossier,d:products,total,9.8,8,3222,final
2026-02-11,bathroomgraffiti,fra,dossier,d:products,total,9.4,6,3022,final
2026-02-12,bathroomgraffiti,fra,dossier,d:products,total,10.7,6,2737,final
2026-02-13,bathroomgraffiti,fra,dossier,d:products,total,9.8,18,3503,final
2026-02-14,bathroomgraffiti,fra,dossier,d:products,total,9.5,12,3763,final
2026-02-15,bathroomgraffiti,fra,dossier,d:products,total,8.7,14,3723,final
2026-02-16,bathroomgraffiti,fra,dossier,d:products,total,10.2,8,3466,final
2026-02-17,bathroomgraffiti,fra,dossier,d:products,total,11.2,9,3596,final
2026-02-18,bathroomgraffiti,fra,dossier,d:products,total,11.0,10,3691,final
2026-02-19,bathroomgraffiti,fra,dossier,d:products,total,10.0,17,3678,final
2026-02-20,bathroomgraffiti,fra,dossier,d:products,total,10.6,10,3413,final
2026-02-21,bathroomgraffiti,fra,dossier,d:products,total,8.4,16,4833,final
2026-02-22,bathroomgraffiti,fra,dossier,d:products,total,8.7,15,5096,final
2026-02-23,bathroomgraffiti,fra,dossier,d:products,total,9.6,14,4351,final
2026-02-24,bathroomgraffiti,fra,dossier,d:products,total,9.6,18,4403,final
2026-02-25,bathroomgraffiti,fra,dossier,d:products,total,9.9,10,4390,final
2026-02-26,bathroomgraffiti,fra,dossier,d:products,total,9.6,7,3996,final
2026-02-27,bathroomgraffiti,fra,dossier,d:products,total,9.9,18,6221,final
2026-02-28,bathroomgraffiti,fra,dossier,d:products,total,9.5,21,5627,final
2026-03-01,bathroomgraffiti,fra,dossier,d:products,total,10.0,15,4566,final
2026-03-02,bathroomgraffiti,fra,dossier,d:products,total,10.2,16,4416,final
2026-03-03,bathroomgraffiti,fra,dossier,d:products,total,8.1,18,5261,final
2026-03-04,bathroomgraffiti,fra,dossier,d:products,total,7.7,11,4948,final
2026-03-05,bathroomgraffiti,fra,dossier,d:products,total,8.8,10,4344,final
2026-03-06,bathroomgraffiti,fra,dossier,d:products,total,8.3,11,4000,final
2026-03-07,bathroomgraffiti,fra,dossier,d:products,total,8.3,14,4908,final
2026-03-08,bathroomgraffiti,fra,dossier,d:products,total,9.5,19,5227,final
2026-03-09,bathroomgraffiti,fra,dossier,d:products,total,9.2,13,4836,final
2026-03-10,bathroomgraffiti,fra,dossier,d:products,total,8.3,16,4874,final
2026-03-11,bathroomgraffiti,fra,dossier,d:products,total,8.5,9,5153,final
2026-03-12,bathroomgraffiti,fra,dossier,d:products,total,8.4,11,4759,final
2026-03-13,bathroomgraffiti,fra,dossier,d:products,total,8.3,19,4292,final
2026-03-14,bathroomgraffiti,fra,dossier,d:products,total,7.2,21,5405,final
2026-03-15,bathroomgraffiti,fra,dossier,d:products,total,8.3,13,4608,final
2026-03-16,bathroomgraffiti,fra,dossier,d:products,total,8.7,10,4332,final
2026-03-17,bathroomgraffiti,fra,dossier,d:products,total,8.5,11,4275,final
2026-03-18,bathroomgraffiti,fra,dossier,d:products,total,8.6,11,4290,final
2026-03-19,bathroomgraffiti,fra,dossier,d:products,total,8.7,9,3590,final
2026-03-20,bathroomgraffiti,fra,dossier,d:products,total,9.1,11,3613,final
2026-03-21,bathroomgraffiti,fra,dossier,d:products,total,8.1,11,4323,final
2026-03-22,bathroomgraffiti,fra,dossier,d:products,total,8.5,27,4138,final
2026-03-23,bathroomgraffiti,fra,dossier,d:products,total,8.4,5,3819,final
2026-03-24,bathroomgraffiti,fra,dossier,d:products,total,8.2,16,3834,final
2026-03-25,bathroomgraffiti,fra,dossier,d:products,total,8.7,12,4098,final
2026-03-26,bathroomgraffiti,fra,dossier,d:products,total,8.5,15,3478,final
2026-03-27,bathroomgraffiti,fra,dossier,d:products,total,8.8,5,3251,final
2026-03-28,bathroomgraffiti,fra,dossier,d:products,total,8.3,15,3783,final
2026-03-29,bathroomgraffiti,fra,dossier,d:products,total,8.9,10,3724,final
2026-03-30,bathroomgraffiti,fra,dossier,d:products,total,8.3,11,3070,final
2026-03-31,bathroomgraffiti,fra,dossier,d:products,total,8.3,11,3463,final
2026-04-01,bathroomgraffiti,fra,dossier,d:products,total,8.2,11,3679,final
2026-04-02,bathroomgraffiti,fra,dossier,d:products,total,8.7,8,3269,final
2026-04-03,bathroomgraffiti,fra,dossier,d:products,total,9.2,3,3066,final
2026-04-04,bathroomgraffiti,fra,dossier,d:products,total,8.8,6,3361,final
2026-04-05,bathroomgraffiti,fra,dossier,d:products,total,9.2,8,3516,final
2026-04-06,bathroomgraffiti,fra,dossier,d:products,total,9.1,8,3354,final
2026-04-07,bathroomgraffiti,fra,dossier,d:products,total,8.0,8,2732,final
2026-04-08,bathroomgraffiti,fra,dossier,d:products,total,8.1,10,3412,final
2026-04-09,bathroomgraffiti,fra,dossier,d:products,total,7.9,9,3604,final
2026-04-10,bathroomgraffiti,fra,dossier,d:products,total,7.5,11,3296,final
2026-04-11,bathroomgraffiti,fra,dossier,d:products,total,7.1,6,3730,final
2026-04-12,bathroomgraffiti,fra,dossier,d:products,total,7.9,10,3736,final
2026-04-13,bathroomgraffiti,fra,dossier,d:products,total,8.8,7,3301,final
2026-04-14,bathroomgraffiti,fra,dossier,d:products,total,8.5,10,2944,final
2026-04-15,bathroomgraffiti,fra,dossier,d:products,total,7.6,6,2814,final
2026-04-16,bathroomgraffiti,fra,dossier,d:products,total,8.2,5,2699,final
2026-04-17,bathroomgraffiti,fra,dossier,d:products,total,7.6,10,2521,final
2026-04-18,bathroomgraffiti,fra,dossier,d:products,total,8.4,9,2659,final
2026-04-19,bathroomgraffiti,fra,dossier,d:products,total,8.5,7,2609,final
2026-04-20,bathroomgraffiti,fra,dossier,d:products,total,8.7,10,2527,final
2026-04-21,bathroomgraffiti,fra,dossier,d:products,total,8.5,5,2703,final
2026-04-22,bathroomgraffiti,fra,dossier,d:products,total,8.5,8,2758,final
2026-04-23,bathroomgraffiti,fra,dossier,d:products,total,8.6,8,2536,final
2026-04-24,bathroomgraffiti,fra,dossier,d:products,total,8.4,3,2537,final
2026-04-25,bathroomgraffiti,fra,dossier,d:products,total,8.3,5,2633,final
2026-04-26,bathroomgraffiti,fra,dossier,d:products,total,9.3,11,3049,final
2026-04-27,bathroomgraffiti,fra,dossier,d:products,total,8.5,3,2918,final
2026-04-28,bathroomgraffiti,fra,dossier,d:products,total,8.8,4,3362,final
2026-04-29,bathroomgraffiti,fra,dossier,d:products,total,8.7,8,3294,final
2026-04-30,bathroomgraffiti,fra,dossier,d:products,total,8.8,7,3846,final
2026-05-01,bathroomgraffiti,fra,dossier,d:products,total,8.7,9,3251,final
2026-05-02,bathroomgraffiti,fra,dossier,d:products,total,8.6,6,3178,final
2026-05-03,bathroomgraffiti,fra,dossier,d:products,total,7.9,16,5316,final
2026-05-04,bathroomgraffiti,fra,dossier,d:products,total,8.7,6,2978,final
2026-05-05,bathroomgraffiti,fra,dossier,d:products,total,8.6,6,2940,final
2026-05-06,bathroomgraffiti,fra,dossier,d:products,total,8.3,6,2983,final
2026-05-07,bathroomgraffiti,fra,dossier,d:products,total,9.2,3,3566,final
2026-05-08,bathroomgraffiti,fra,dossier,d:products,total,8.4,4,3275,final
2026-05-09,bathroomgraffiti,fra,dossier,d:products,total,8.0,14,3331,final
2026-05-10,bathroomgraffiti,fra,dossier,d:products,total,8.2,9,3142,final
2026-05-11,bathroomgraffiti,fra,dossier,d:products,total,8.1,7,2444,final
2026-05-12,bathroomgraffiti,fra,dossier,d:products,total,8.2,5,2605,final
2026-05-13,bathroomgraffiti,fra,dossier,d:products,total,8.4,4,2732,final
2026-05-14,bathroomgraffiti,fra,dossier,d:products,total,7.4,10,2985,final
2026-05-15,bathroomgraffiti,fra,dossier,d:products,total,6.6,10,2811,final
2026-05-16,bathroomgraffiti,fra,dossier,d:products,total,6.9,6,2747,final
2026-05-17,bathroomgraffiti,fra,dossier,d:products,total,6.8,9,2621,final
2026-05-18,bathroomgraffiti,fra,dossier,d:products,total,7.1,12,2594,final
2026-05-19,bathroomgraffiti,fra,dossier,d:products,total,7.0,7,2378,final
2026-05-20,bathroomgraffiti,fra,dossier,d:products,total,7.2,5,2446,final
2026-05-21,bathroomgraffiti,fra,dossier,d:products,total,7.5,5,2349,final
2026-05-22,bathroomgraffiti,fra,dossier,d:products,total,7.5,5,2293,final
2026-05-23,bathroomgraffiti,fra,dossier,d:products,total,7.0,4,2175,final
2026-05-24,bathroomgraffiti,fra,dossier,d:products,total,7.1,22,2849,final
2026-05-25,bathroomgraffiti,fra,dossier,d:products,total,6.9,19,3028,final
2026-05-26,bathroomgraffiti,fra,dossier,d:products,total,6.8,15,3184,final
2026-05-27,bathroomgraffiti,fra,dossier,d:products,total,5.9,24,2828,final
2026-05-28,bathroomgraffiti,fra,dossier,d:products,total,6.3,25,2481,final
2026-05-29,bathroomgraffiti,fra,dossier,d:products,total,6.6,14,2275,final
2026-05-30,bathroomgraffiti,fra,dossier,d:products,total,6.5,10,2186,final
2026-05-31,bathroomgraffiti,fra,dossier,d:products,total,6.3,10,2024,final
2026-06-01,bathroomgraffiti,fra,dossier,d:products,total,7.5,8,1961,final
2026-06-02,bathroomgraffiti,fra,dossier,d:products,total,6.8,3,2039,final
2026-06-03,bathroomgraffiti,fra,dossier,d:products,total,6.2,6,2371,final
2026-06-04,bathroomgraffiti,fra,dossier,d:products,total,8.1,7,1689,final
2026-06-05,bathroomgraffiti,fra,dossier,d:products,total,7.2,6,1559,final
2026-06-06,bathroomgraffiti,fra,dossier,d:products,total,7.0,6,1840,final
2026-06-07,bathroomgraffiti,fra,dossier,d:products,total,7.6,9,2104,final
2026-06-08,bathroomgraffiti,fra,dossier,d:products,total,7.0,8,1828,final
2026-06-09,bathroomgraffiti,fra,dossier,d:products,total,7.2,9,1632,final
2026-06-10,bathroomgraffiti,fra,dossier,d:products,total,6.7,7,1737,final
2026-06-11,bathroomgraffiti,fra,dossier,d:products,total,6.7,8,1690,final
2026-06-12,bathroomgraffiti,fra,dossier,d:products,total,6.8,10,1602,final
2026-06-13,bathroomgraffiti,fra,dossier,d:products,total,7.4,8,1777,final
2026-06-14,bathroomgraffiti,fra,dossier,d:products,total,7.1,12,1889,final
2026-06-15,bathroomgraffiti,fra,dossier,d:products,total,7.3,12,1815,final
2026-06-16,bathroomgraffiti,fra,dossier,d:products,total,6.9,11,2048,final
2026-06-17,bathroomgraffiti,fra,dossier,d:products,total,7.0,7,1991,final
2026-06-18,bathroomgraffiti,fra,dossier,d:products,total,7.3,9,1651,final
2026-06-19,bathroomgraffiti,fra,dossier,d:products,total,7.6,3,1545,final
2026-06-20,bathroomgraffiti,fra,dossier,d:products,total,7.4,7,1763,final
2026-06-21,bathroomgraffiti,fra,dossier,d:products,total,7.5,9,1582,final
2026-06-22,bathroomgraffiti,fra,dossier,d:products,total,7.4,8,1475,final
2026-06-23,bathroomgraffiti,fra,dossier,d:products,total,7.2,7,1561,final
2026-06-24,bathroomgraffiti,fra,dossier,d:products,total,7.0,10,1794,final
2026-06-25,bathroomgraffiti,fra,dossier,d:products,total,8.0,9,1657,final
2026-06-26,bathroomgraffiti,fra,dossier,d:products,total,6.7,3,1600,final
2026-06-27,bathroomgraffiti,fra,dossier,d:products,total,6.6,8,1821,final
2026-06-28,bathroomgraffiti,fra,dossier,d:products,total,6.7,3,1761,final
2026-06-29,bathroomgraffiti,fra,dossier,d:products,total,6.9,11,1707,final
2026-06-30,bathroomgraffiti,fra,dossier,d:products,total,6.9,11,1736,final
2026-07-01,bathroomgraffiti,fra,dossier,d:products,total,6.0,12,2286,final
2026-07-02,bathroomgraffiti,fra,dossier,d:products,total,6.9,11,1895,final
2026-07-03,bathroomgraffiti,fra,dossier,d:products,total,7.3,6,1717,final
2026-07-04,bathroomgraffiti,fra,dossier,d:products,total,6.9,5,1815,final
2026-07-05,bathroomgraffiti,fra,dossier,d:products,total,7.2,6,1837,final
2026-07-06,bathroomgraffiti,fra,dossier,d:products,total,7.5,3,1668,final
2026-07-07,bathroomgraffiti,fra,dossier,d:products,total,7.5,7,1709,final
2026-07-08,bathroomgraffiti,fra,dossier,d:products,total,7.7,5,1888,final
2026-07-09,bathroomgraffiti,fra,dossier,d:products,total,8.5,7,1841,final
2026-07-10,bathroomgraffiti,fra,dossier,d:products,total,7.9,5,1666,final
2026-07-11,bathroomgraffiti,fra,dossier,d:products,total,8.0,0,1652,final
2026-07-12,bathroomgraffiti,fra,dossier,d:products,total,7.7,8,1727,final
2026-07-13,bathroomgraffiti,fra,dossier,d:products,total,7.4,3,1807,final
2026-07-14,bathroomgraffiti,fra,dossier,d:products,total,8.0,7,1812,final
2026-07-15,bathroomgraffiti,fra,dossier,d:products,total,7.1,5,1632,final
2026-07-16,bathroomgraffiti,fra,dossier,d:products,total,7.4,6,2004,final
2026-07-17,bathroomgraffiti,fra,dossier,d:products,total,7.1,9,1787,final
2026-07-18,bathroomgraffiti,fra,dossier,d:products,total,7.0,10,1850,final
2026-07-19,bathroomgraffiti,fra,dossier,d:products,total,7.5,7,1735,final
2026-07-20,bathroomgraffiti,fra,dossier,d:products,total,7.4,11,1724,final
2026-07-21,bathroomgraffiti,fra,dossier,d:products,total,7.5,3,1761,final
2026-07-22,bathroomgraffiti,fra,dossier,d:products,total,7.3,5,1714,final
2026-07-23,bathroomgraffiti,fra,dossier,d:products,total,7.5,9,1847,final
2026-07-24,bathroomgraffiti,fra,dossier,d:products,total,7.6,13,1698,final
2026-07-25,bathroomgraffiti,fra,dossier,d:products,total,7.9,6,1830,final
2026-07-26,bathroomgraffiti,fra,dossier,d:products,total,8.7,11,2005,final
2026-07-27,bathroomgraffiti,fra,dossier,d:products,total,8.4,12,1926,final
2026-07-28,bathroomgraffiti,fra,dossier,d:products,total,8.0,14,1912,final
2026-07-29,bathroomgraffiti,fra,dossier,d:products,total,8.8,10,2170,final
2026-07-30,bathroomgraffiti,fra,dossier,d:products,total,9.4,12,2193,final
2026-07-31,bathroomgraffiti,fra,dossier,d:products,total,8.4,21,1963,final
2026-08-01,bathroomgraffiti,fra,dossier,d:products,total,8.4,16,1986,final
2026-08-02,bathroomgraffiti,fra,dossier,d:products,total,8.4,12,2579,final
2026-08-03,bathroomgraffiti,fra,dossier,d:products,total,8.0,20,2419,final
2026-08-04,bathroomgraffiti,fra,dossier,d:products,total,8.3,19,2515,final
2026-08-05,bathroomgraffiti,fra,dossier,d:products,total,8.6,21,3023,final
2026-08-06,bathroomgraffiti,fra,dossier,d:products,total,10.2,12,3075,final
2026-08-07,bathroomgraffiti,fra,dossier,d:products,total,9.7,11,2432,final
2026-08-08,bathroomgraffiti,fra,dossier,d:products,total,8.6,8,2675,final
2026-08-09,bathroomgraffiti,fra,dossier,d:products,total,9.0,16,2698,final
2026-08-10,bathroomgraffiti,fra,dossier,d:products,total,9.1,25,2719,final
2026-08-11,bathroomgraffiti,fra,dossier,d:products,total,9.3,5,2615,final
2026-08-12,bathroomgraffiti,fra,dossier,d:products,total,9.4,7,2489,final
2026-08-13,bathroomgraffiti,fra,dossier,d:products,total,9.6,4,2652,final
2026-08-14,bathroomgraffiti,fra,dossier,d:products,total,9.6,4,2568,final
2026-08-15,bathroomgraffiti,fra,dossier,d:products,total,8.6,9,2499,final
2026-08-16,bathroomgraffiti,fra,dossier,d:products,total,8.7,15,2924,final
2026-08-17,bathroomgraffiti,fra,dossier,d:products,total,9.0,16,3027,final
2026-08-18,bathroomgraffiti,fra,dossier,d:products,total,8.1,18,2910,final
2026-08-19,bathroomgraffiti,fra,dossier,d:products,total,8.4,9,2811,final
2026-08-20,bathroomgraffiti,fra,dossier,d:products,total,8.7,13,2815,final
2026-08-21,bathroomgraffiti,fra,dossier,d:products,total,8.5,12,2626,final
2026-08-22,bathroomgraffiti,fra,dossier,d:products,total,7.5,7,2615,final
2026-08-23,bathroomgraffiti,fra,dossier,d:products,total,8.1,9,2507,final
2026-08-24,bathroomgraffiti,fra,dossier,d:products,total,8.2,9,2847,final
2026-08-25,bathroomgraffiti,fra,dossier,d:products,total,8.8,12,2876,final
2026-08-26,bathroomgraffiti,fra,dossier,d:products,total,9.3,21,2952,final
2026-08-27,bathroomgraffiti,fra,dossier,d:products,total,8.9,15,2884,final
2026-08-28,bathroomgraffiti,fra,dossier,d:products,total,9.5,10,2809,final
2026-08-29,bathroomgraffiti,fra,dossier,d:products,total,9.9,11,2089,final
2026-08-30,bathroomgraffiti,fra,dossier,d:products,total,9.5,5,1872,final
2026-08-31,bathroomgraffiti,fra,dossier,d:products,total,9.3,5,1817,final
2026-09-01,bathroomgraffiti,fra,dossier,d:products,total,10.3,10,1811,final
2026-09-02,bathroomgraffiti,fra,dossier,d:products,total,9.9,11,1793,final
2026-09-03,bathroomgraffiti,fra,dossier,d:products,total,12.7,5,1893,final
2026-09-04,bathroomgraffiti,fra,dossier,d:products,total,10.7,12,1581,final
2026-09-05,bathroomgraffiti,fra,dossier,d:products,total,9.0,10,1860,final
2026-09-06,bathroomgraffiti,fra,dossier,d:products,total,8.3,11,1876,final
2026-09-07,bathroomgraffiti,fra,dossier,d:products,total,8.8,7,1658,final
2026-09-08,bathroomgraffiti,fra,dossier,d:products,total,9.0,16,1595,final
2026-09-09,bathroomgraffiti,fra,dossier,d:products,total,7.4,9,1813,final
2026-09-10,bathroomgraffiti,fra,dossier,d:products,total,8.9,3,1399,final
2026-09-11,bathroomgraffiti,fra,dossier,d:products,total,6.6,4,1849,final
2026-09-12,bathroomgraffiti,fra,dossier,d:products,total,7.2,17,2074,final
2026-09-13,bathroomgraffiti,fra,dossier,d:products,total,6.7,13,1886,final
2026-09-14,bathroomgraffiti,fra,dossier,d:products,total,7.5,16,1566,final
2026-09-15,bathroomgraffiti,fra,dossier,d:products,total,7.3,10,1307,final
2026-09-16,bathroomgraffiti,fra,dossier,d:products,total,7.6,10,1626,final
2026-09-17,bathroomgraffiti,fra,dossier,d:products,total,7.3,9,1375,final
2026-09-18,bathroomgraffiti,fra,dossier,d:products,total,6.7,11,1391,final
2026-09-19,bathroomgraffiti,fra,dossier,d:products,total,5.8,5,1573,final
2026-09-20,bathroomgraffiti,fra,dossier,d:products,total,6.4,9,1517,final
2026-09-21,bathroomgraffiti,fra,dossier,d:products,total,6.3,6,1355,final
2026-09-22,bathroomgraffiti,fra,dossier,d:products,total,7.2,11,1330,final
2026-09-23,bathroomgraffiti,fra,dossier,d:products,total,7.1,9,1473,final
2026-09-24,bathroomgraffiti,fra,dossier,d:products,total,7.7,7,1215,final
2026-09-25,bathroomgraffiti,fra,dossier,d:products,total,7.6,6,1345,final
2026-09-26,bathroomgraffiti,fra,dossier,d:products,total,8.0,12,1716,final
2026-09-27,bathroomgraffiti,fra,dossier,d:products,total,7.3,7,1558,final
2026-09-28,bathroomgraffiti,fra,dossier,d:products,total,7.7,9,1093,final
2026-09-29,bathroomgraffiti,fra,dossier,d:products,total,8.5,4,1218,final
2026-09-30,bathroomgraffiti,fra,dossier,d:products,total,8.1,6,1475,final
2026-10-01,bathroomgraffiti,fra,dossier,d:products,total,8.6,5,1198,final
2026-10-02,bathroomgraffiti,fra,dossier,d:products,total,8.6,9,1372,final
2026-10-03,bathroomgraffiti,fra,dossier,d:products,total,9.9,6,1854,fresh
2026-10-04,bathroomgraffiti,fra,dossier,d:products,total,9.0,8,1674,fresh
2025-06-12,bathroomgraffiti,fra,dossier,racine,total,5.2,50,341,final
2025-06-13,bathroomgraffiti,fra,dossier,racine,total,5.2,36,313,final
2025-06-14,bathroomgraffiti,fra,dossier,racine,total,4.5,53,380,final
2025-06-15,bathroomgraffiti,fra,dossier,racine,total,4.7,49,431,final
2025-06-16,bathroomgraffiti,fra,dossier,racine,total,5.3,58,367,final
2025-06-17,bathroomgraffiti,fra,dossier,racine,total,5.1,55,320,final
2025-06-18,bathroomgraffiti,fra,dossier,racine,total,5.1,42,344,final
2025-06-19,bathroomgraffiti,fra,dossier,racine,total,5.5,42,276,final
2025-06-20,bathroomgraffiti,fra,dossier,racine,total,4.7,57,307,final
2025-06-21,bathroomgraffiti,fra,dossier,racine,total,6.0,36,302,final
2025-06-22,bathroomgraffiti,fra,dossier,racine,total,5.2,49,288,final
2025-06-23,bathroomgraffiti,fra,dossier,racine,total,5.4,45,355,final
2025-06-24,bathroomgraffiti,fra,dossier,racine,total,5.3,65,394,final
2025-06-25,bathroomgraffiti,fra,dossier,racine,total,5.2,68,378,final
2025-06-26,bathroomgraffiti,fra,dossier,racine,total,5.5,52,356,final
2025-06-27,bathroomgraffiti,fra,dossier,racine,total,5.8,44,339,final
2025-06-28,bathroomgraffiti,fra,dossier,racine,total,5.4,49,339,final
2025-06-29,bathroomgraffiti,fra,dossier,racine,total,5.2,37,290,final
2025-06-30,bathroomgraffiti,fra,dossier,racine,total,5.9,44,388,final
2025-07-01,bathroomgraffiti,fra,dossier,racine,total,7.8,46,393,final
2025-07-02,bathroomgraffiti,fra,dossier,racine,total,11.0,50,434,final
2025-07-03,bathroomgraffiti,fra,dossier,racine,total,10.4,53,449,final
2025-07-04,bathroomgraffiti,fra,dossier,racine,total,14.2,48,472,final
2025-07-05,bathroomgraffiti,fra,dossier,racine,total,10.5,50,475,final
2025-07-06,bathroomgraffiti,fra,dossier,racine,total,11.3,38,425,final
2025-07-07,bathroomgraffiti,fra,dossier,racine,total,9.9,56,513,final
2025-07-08,bathroomgraffiti,fra,dossier,racine,total,9.6,41,521,final
2025-07-09,bathroomgraffiti,fra,dossier,racine,total,10.3,57,477,final
2025-07-10,bathroomgraffiti,fra,dossier,racine,total,12.4,57,512,final
2025-07-11,bathroomgraffiti,fra,dossier,racine,total,14.3,42,534,final
2025-07-12,bathroomgraffiti,fra,dossier,racine,total,11.1,38,392,final
2025-07-13,bathroomgraffiti,fra,dossier,racine,total,10.3,50,400,final
2025-07-14,bathroomgraffiti,fra,dossier,racine,total,9.8,30,404,final
2025-07-15,bathroomgraffiti,fra,dossier,racine,total,10.1,54,450,final
2025-07-16,bathroomgraffiti,fra,dossier,racine,total,9.7,53,469,final
2025-07-17,bathroomgraffiti,fra,dossier,racine,total,12.3,37,400,final
2025-07-18,bathroomgraffiti,fra,dossier,racine,total,10.9,43,427,final
2025-07-19,bathroomgraffiti,fra,dossier,racine,total,10.7,44,379,final
2025-07-20,bathroomgraffiti,fra,dossier,racine,total,8.4,54,422,final
2025-07-21,bathroomgraffiti,fra,dossier,racine,total,10.4,45,378,final
2025-07-22,bathroomgraffiti,fra,dossier,racine,total,11.0,44,435,final
2025-07-23,bathroomgraffiti,fra,dossier,racine,total,8.4,72,493,final
2025-07-24,bathroomgraffiti,fra,dossier,racine,total,9.3,53,448,final
2025-07-25,bathroomgraffiti,fra,dossier,racine,total,10.7,71,557,final
2025-07-26,bathroomgraffiti,fra,dossier,racine,total,8.9,52,469,final
2025-07-27,bathroomgraffiti,fra,dossier,racine,total,9.8,48,431,final
2025-07-28,bathroomgraffiti,fra,dossier,racine,total,9.7,49,462,final
2025-07-29,bathroomgraffiti,fra,dossier,racine,total,9.9,40,400,final
2025-07-30,bathroomgraffiti,fra,dossier,racine,total,8.9,62,442,final
2025-07-31,bathroomgraffiti,fra,dossier,racine,total,9.0,35,362,final
2025-08-01,bathroomgraffiti,fra,dossier,racine,total,12.7,46,473,final
2025-08-02,bathroomgraffiti,fra,dossier,racine,total,9.5,43,376,final
2025-08-03,bathroomgraffiti,fra,dossier,racine,total,9.8,36,356,final
2025-08-04,bathroomgraffiti,fra,dossier,racine,total,9.5,56,491,final
2025-08-05,bathroomgraffiti,fra,dossier,racine,total,8.6,62,486,final
2025-08-06,bathroomgraffiti,fra,dossier,racine,total,9.8,47,501,final
2025-08-07,bathroomgraffiti,fra,dossier,racine,total,11.1,42,439,final
2025-08-08,bathroomgraffiti,fra,dossier,racine,total,11.2,39,430,final
2025-08-09,bathroomgraffiti,fra,dossier,racine,total,8.8,36,463,final
2025-08-10,bathroomgraffiti,fra,dossier,racine,total,8.9,39,438,final
2025-08-11,bathroomgraffiti,fra,dossier,racine,total,14.1,40,529,final
2025-08-12,bathroomgraffiti,fra,dossier,racine,total,10.5,40,372,final
2025-08-13,bathroomgraffiti,fra,dossier,racine,total,10.1,38,343,final
2025-08-14,bathroomgraffiti,fra,dossier,racine,total,10.3,37,365,final
2025-08-15,bathroomgraffiti,fra,dossier,racine,total,10.3,40,388,final
2025-08-16,bathroomgraffiti,fra,dossier,racine,total,7.6,49,388,final
2025-08-17,bathroomgraffiti,fra,dossier,racine,total,8.1,31,346,final
2025-08-18,bathroomgraffiti,fra,dossier,racine,total,9.4,30,338,final
2025-08-19,bathroomgraffiti,fra,dossier,racine,total,8.5,60,458,final
2025-08-20,bathroomgraffiti,fra,dossier,racine,total,9.4,38,410,final
2025-08-21,bathroomgraffiti,fra,dossier,racine,total,10.5,41,364,final
2025-08-22,bathroomgraffiti,fra,dossier,racine,total,11.7,45,363,final
2025-08-23,bathroomgraffiti,fra,dossier,racine,total,11.3,23,336,final
2025-08-24,bathroomgraffiti,fra,dossier,racine,total,9.5,37,333,final
2025-08-25,bathroomgraffiti,fra,dossier,racine,total,8.4,43,452,final
2025-08-26,bathroomgraffiti,fra,dossier,racine,total,9.6,37,465,final
2025-08-27,bathroomgraffiti,fra,dossier,racine,total,10.8,53,483,final
2025-08-28,bathroomgraffiti,fra,dossier,racine,total,9.1,50,498,final
2025-08-29,bathroomgraffiti,fra,dossier,racine,total,9.5,51,455,final
2025-08-30,bathroomgraffiti,fra,dossier,racine,total,9.4,51,441,final
2025-08-31,bathroomgraffiti,fra,dossier,racine,total,11.7,49,463,final
2025-09-01,bathroomgraffiti,fra,dossier,racine,total,9.6,28,443,final
2025-09-02,bathroomgraffiti,fra,dossier,racine,total,10.8,42,422,final
2025-09-03,bathroomgraffiti,fra,dossier,racine,total,10.3,42,415,final
2025-09-04,bathroomgraffiti,fra,dossier,racine,total,11.3,53,495,final
2025-09-05,bathroomgraffiti,fra,dossier,racine,total,11.8,43,465,final
2025-09-06,bathroomgraffiti,fra,dossier,racine,total,10.0,46,442,final
2025-09-07,bathroomgraffiti,fra,dossier,racine,total,10.5,34,390,final
2025-09-08,bathroomgraffiti,fra,dossier,racine,total,10.0,52,439,final
2025-09-09,bathroomgraffiti,fra,dossier,racine,total,9.2,44,407,final
2025-09-10,bathroomgraffiti,fra,dossier,racine,total,8.1,37,379,final
2025-09-11,bathroomgraffiti,fra,dossier,racine,total,7.3,42,431,final
2025-09-12,bathroomgraffiti,fra,dossier,racine,total,8.5,36,359,final
2025-09-13,bathroomgraffiti,fra,dossier,racine,total,5.1,49,397,final
2025-09-14,bathroomgraffiti,fra,dossier,racine,total,6.0,21,280,final
2025-09-15,bathroomgraffiti,fra,dossier,racine,total,6.3,35,330,final
2025-09-16,bathroomgraffiti,fra,dossier,racine,total,6.0,38,307,final
2025-09-17,bathroomgraffiti,fra,dossier,racine,total,6.3,49,353,final
2025-09-18,bathroomgraffiti,fra,dossier,racine,total,6.7,51,364,final
2025-09-19,bathroomgraffiti,fra,dossier,racine,total,6.2,46,322,final
2025-09-20,bathroomgraffiti,fra,dossier,racine,total,5.9,51,376,final
2025-09-21,bathroomgraffiti,fra,dossier,racine,total,6.1,44,358,final
2025-09-22,bathroomgraffiti,fra,dossier,racine,total,6.2,35,301,final
2025-09-23,bathroomgraffiti,fra,dossier,racine,total,7.0,39,360,final
2025-09-24,bathroomgraffiti,fra,dossier,racine,total,6.8,49,356,final
2025-09-25,bathroomgraffiti,fra,dossier,racine,total,6.3,50,375,final
2025-09-26,bathroomgraffiti,fra,dossier,racine,total,6.1,58,465,final
2025-09-27,bathroomgraffiti,fra,dossier,racine,total,6.0,41,389,final
2025-09-28,bathroomgraffiti,fra,dossier,racine,total,7.1,37,382,final
2025-09-29,bathroomgraffiti,fra,dossier,racine,total,7.5,35,336,final
2025-09-30,bathroomgraffiti,fra,dossier,racine,total,6.1,58,397,final
2025-10-01,bathroomgraffiti,fra,dossier,racine,total,6.6,36,374,final
2025-10-02,bathroomgraffiti,fra,dossier,racine,total,7.3,26,316,final
2025-10-03,bathroomgraffiti,fra,dossier,racine,total,6.6,45,409,final
2025-10-04,bathroomgraffiti,fra,dossier,racine,total,6.5,49,443,final
2025-10-05,bathroomgraffiti,fra,dossier,racine,total,7.2,44,361,final
2025-10-06,bathroomgraffiti,fra,dossier,racine,total,7.2,48,382,final
2025-10-07,bathroomgraffiti,fra,dossier,racine,total,8.4,32,578,final
2025-10-08,bathroomgraffiti,fra,dossier,racine,total,7.2,41,459,final
2025-10-09,bathroomgraffiti,fra,dossier,racine,total,7.2,57,520,final
2025-10-10,bathroomgraffiti,fra,dossier,racine,total,7.1,35,385,final
2025-10-11,bathroomgraffiti,fra,dossier,racine,total,6.1,29,404,final
2025-10-12,bathroomgraffiti,fra,dossier,racine,total,6.8,45,456,final
2025-10-13,bathroomgraffiti,fra,dossier,racine,total,7.0,31,376,final
2025-10-14,bathroomgraffiti,fra,dossier,racine,total,7.4,28,346,final
2025-10-15,bathroomgraffiti,fra,dossier,racine,total,7.3,52,451,final
2025-10-16,bathroomgraffiti,fra,dossier,racine,total,8.3,44,396,final
2025-10-17,bathroomgraffiti,fra,dossier,racine,total,7.1,46,407,final
2025-10-18,bathroomgraffiti,fra,dossier,racine,total,6.0,28,358,final
2025-10-19,bathroomgraffiti,fra,dossier,racine,total,6.5,14,365,final
2025-10-20,bathroomgraffiti,fra,dossier,racine,total,7.2,39,353,final
2025-10-21,bathroomgraffiti,fra,dossier,racine,total,7.0,40,363,final
2025-10-22,bathroomgraffiti,fra,dossier,racine,total,6.3,44,319,final
2025-10-23,bathroomgraffiti,fra,dossier,racine,total,6.0,29,295,final
2025-10-24,bathroomgraffiti,fra,dossier,racine,total,8.8,43,604,final
2025-10-25,bathroomgraffiti,fra,dossier,racine,total,9.6,37,385,final
2025-10-26,bathroomgraffiti,fra,dossier,racine,total,6.1,51,349,final
2025-10-27,bathroomgraffiti,fra,dossier,racine,total,7.5,42,334,final
2025-10-28,bathroomgraffiti,fra,dossier,racine,total,6.6,47,304,final
2025-10-29,bathroomgraffiti,fra,dossier,racine,total,5.0,49,303,final
2025-10-30,bathroomgraffiti,fra,dossier,racine,total,6.4,49,348,final
2025-10-31,bathroomgraffiti,fra,dossier,racine,total,7.5,31,274,final
2025-11-01,bathroomgraffiti,fra,dossier,racine,total,6.4,40,377,final
2025-11-02,bathroomgraffiti,fra,dossier,racine,total,7.5,46,343,final
2025-11-03,bathroomgraffiti,fra,dossier,racine,total,6.7,50,367,final
2025-11-04,bathroomgraffiti,fra,dossier,racine,total,6.1,38,359,final
2025-11-05,bathroomgraffiti,fra,dossier,racine,total,7.3,62,393,final
2025-11-06,bathroomgraffiti,fra,dossier,racine,total,6.3,50,374,final
2025-11-07,bathroomgraffiti,fra,dossier,racine,total,5.7,62,349,final
2025-11-08,bathroomgraffiti,fra,dossier,racine,total,5.8,61,375,final
2025-11-09,bathroomgraffiti,fra,dossier,racine,total,5.6,75,410,final
2025-11-10,bathroomgraffiti,fra,dossier,racine,total,6.6,53,398,final
2025-11-11,bathroomgraffiti,fra,dossier,racine,total,6.0,50,388,final
2025-11-12,bathroomgraffiti,fra,dossier,racine,total,5.8,68,411,final
2025-11-13,bathroomgraffiti,fra,dossier,racine,total,5.5,64,342,final
2025-11-14,bathroomgraffiti,fra,dossier,racine,total,6.8,55,429,final
2025-11-15,bathroomgraffiti,fra,dossier,racine,total,4.9,64,383,final
2025-11-16,bathroomgraffiti,fra,dossier,racine,total,5.3,74,359,final
2025-11-17,bathroomgraffiti,fra,dossier,racine,total,5.4,72,431,final
2025-11-18,bathroomgraffiti,fra,dossier,racine,total,5.2,51,340,final
2025-11-19,bathroomgraffiti,fra,dossier,racine,total,5.5,79,399,final
2025-11-20,bathroomgraffiti,fra,dossier,racine,total,5.2,74,386,final
2025-11-21,bathroomgraffiti,fra,dossier,racine,total,5.4,68,355,final
2025-11-22,bathroomgraffiti,fra,dossier,racine,total,5.4,63,404,final
2025-11-23,bathroomgraffiti,fra,dossier,racine,total,5.9,86,451,final
2025-11-24,bathroomgraffiti,fra,dossier,racine,total,5.9,85,451,final
2025-11-25,bathroomgraffiti,fra,dossier,racine,total,5.2,86,423,final
2025-11-26,bathroomgraffiti,fra,dossier,racine,total,6.2,85,457,final
2025-11-27,bathroomgraffiti,fra,dossier,racine,total,6.5,101,480,final
2025-11-28,bathroomgraffiti,fra,dossier,racine,total,5.6,109,500,final
2025-11-29,bathroomgraffiti,fra,dossier,racine,total,5.1,94,487,final
2025-11-30,bathroomgraffiti,fra,dossier,racine,total,4.6,115,554,final
2025-12-01,bathroomgraffiti,fra,dossier,racine,total,4.9,110,526,final
2025-12-02,bathroomgraffiti,fra,dossier,racine,total,5.4,96,467,final
2025-12-03,bathroomgraffiti,fra,dossier,racine,total,5.5,111,485,final
2025-12-04,bathroomgraffiti,fra,dossier,racine,total,7.0,113,564,final
2025-12-05,bathroomgraffiti,fra,dossier,racine,total,4.4,99,468,final
2025-12-06,bathroomgraffiti,fra,dossier,racine,total,4.7,92,513,final
2025-12-07,bathroomgraffiti,fra,dossier,racine,total,4.8,103,556,final
2025-12-08,bathroomgraffiti,fra,dossier,racine,total,3.9,136,590,final
2025-12-09,bathroomgraffiti,fra,dossier,racine,total,4.8,121,587,final
2025-12-10,bathroomgraffiti,fra,dossier,racine,total,6.6,129,645,final
2025-12-11,bathroomgraffiti,fra,dossier,racine,total,5.3,108,525,final
2025-12-12,bathroomgraffiti,fra,dossier,racine,total,6.0,141,738,final
2025-12-13,bathroomgraffiti,fra,dossier,racine,total,4.2,139,756,final
2025-12-14,bathroomgraffiti,fra,dossier,racine,total,3.8,146,754,final
2025-12-15,bathroomgraffiti,fra,dossier,racine,total,5.1,156,753,final
2025-12-16,bathroomgraffiti,fra,dossier,racine,total,4.1,138,636,final
2025-12-17,bathroomgraffiti,fra,dossier,racine,total,4.1,131,627,final
2025-12-18,bathroomgraffiti,fra,dossier,racine,total,6.0,120,653,final
2025-12-19,bathroomgraffiti,fra,dossier,racine,total,3.8,97,500,final
2025-12-20,bathroomgraffiti,fra,dossier,racine,total,4.3,121,645,final
2025-12-21,bathroomgraffiti,fra,dossier,racine,total,4.2,113,609,final
2025-12-22,bathroomgraffiti,fra,dossier,racine,total,4.9,125,578,final
2025-12-23,bathroomgraffiti,fra,dossier,racine,total,5.0,106,581,final
2025-12-24,bathroomgraffiti,fra,dossier,racine,total,5.1,69,470,final
2025-12-25,bathroomgraffiti,fra,dossier,racine,total,7.1,60,371,final
2025-12-26,bathroomgraffiti,fra,dossier,racine,total,7.5,64,367,final
2025-12-27,bathroomgraffiti,fra,dossier,racine,total,5.3,46,326,final
2025-12-28,bathroomgraffiti,fra,dossier,racine,total,5.2,43,278,final
2025-12-29,bathroomgraffiti,fra,dossier,racine,total,5.4,56,351,final
2025-12-30,bathroomgraffiti,fra,dossier,racine,total,5.4,30,315,final
2025-12-31,bathroomgraffiti,fra,dossier,racine,total,7.6,27,261,final
2026-01-01,bathroomgraffiti,fra,dossier,racine,total,9.9,35,298,final
2026-01-02,bathroomgraffiti,fra,dossier,racine,total,5.5,46,359,final
2026-01-03,bathroomgraffiti,fra,dossier,racine,total,6.6,29,289,final
2026-01-04,bathroomgraffiti,fra,dossier,racine,total,7.2,42,286,final
2026-01-05,bathroomgraffiti,fra,dossier,racine,total,7.9,29,270,final
2026-01-06,bathroomgraffiti,fra,dossier,racine,total,8.1,43,301,final
2026-01-07,bathroomgraffiti,fra,dossier,racine,total,7.3,43,445,final
2026-01-08,bathroomgraffiti,fra,dossier,racine,total,6.8,45,369,final
2026-01-09,bathroomgraffiti,fra,dossier,racine,total,10.1,35,423,final
2026-01-10,bathroomgraffiti,fra,dossier,racine,total,7.5,33,375,final
2026-01-11,bathroomgraffiti,fra,dossier,racine,total,6.8,55,381,final
2026-01-12,bathroomgraffiti,fra,dossier,racine,total,7.3,55,362,final
2026-01-13,bathroomgraffiti,fra,dossier,racine,total,5.8,48,398,final
2026-01-14,bathroomgraffiti,fra,dossier,racine,total,7.4,34,371,final
2026-01-15,bathroomgraffiti,fra,dossier,racine,total,6.3,41,301,final
2026-01-16,bathroomgraffiti,fra,dossier,racine,total,6.8,46,353,final
2026-01-17,bathroomgraffiti,fra,dossier,racine,total,6.2,52,390,final
2026-01-18,bathroomgraffiti,fra,dossier,racine,total,6.1,27,290,final
2026-01-19,bathroomgraffiti,fra,dossier,racine,total,6.1,34,324,final
2026-01-20,bathroomgraffiti,fra,dossier,racine,total,6.4,44,329,final
2026-01-21,bathroomgraffiti,fra,dossier,racine,total,6.5,28,312,final
2026-01-22,bathroomgraffiti,fra,dossier,racine,total,7.8,19,292,final
2026-01-23,bathroomgraffiti,fra,dossier,racine,total,7.8,29,396,final
2026-01-24,bathroomgraffiti,fra,dossier,racine,total,6.5,16,327,final
2026-01-25,bathroomgraffiti,fra,dossier,racine,total,5.5,23,363,final
2026-01-26,bathroomgraffiti,fra,dossier,racine,total,6.5,21,313,final
2026-01-27,bathroomgraffiti,fra,dossier,racine,total,5.7,17,424,final
2026-01-28,bathroomgraffiti,fra,dossier,racine,total,5.5,15,331,final
2026-01-29,bathroomgraffiti,fra,dossier,racine,total,6.6,9,317,final
2026-01-30,bathroomgraffiti,fra,dossier,racine,total,7.8,18,359,final
2026-01-31,bathroomgraffiti,fra,dossier,racine,total,5.4,23,369,final
2026-02-01,bathroomgraffiti,fra,dossier,racine,total,7.7,18,342,final
2026-02-02,bathroomgraffiti,fra,dossier,racine,total,6.6,20,323,final
2026-02-03,bathroomgraffiti,fra,dossier,racine,total,5.9,16,313,final
2026-02-04,bathroomgraffiti,fra,dossier,racine,total,6.6,27,412,final
2026-02-05,bathroomgraffiti,fra,dossier,racine,total,5.8,18,277,final
2026-02-06,bathroomgraffiti,fra,dossier,racine,total,8.7,19,389,final
2026-02-07,bathroomgraffiti,fra,dossier,racine,total,5.9,16,328,final
2026-02-08,bathroomgraffiti,fra,dossier,racine,total,7.1,14,297,final
2026-02-09,bathroomgraffiti,fra,dossier,racine,total,6.8,8,262,final
2026-02-10,bathroomgraffiti,fra,dossier,racine,total,7.6,16,370,final
2026-02-11,bathroomgraffiti,fra,dossier,racine,total,7.4,20,309,final
2026-02-12,bathroomgraffiti,fra,dossier,racine,total,7.0,19,381,final
2026-02-13,bathroomgraffiti,fra,dossier,racine,total,6.4,22,476,final
2026-02-14,bathroomgraffiti,fra,dossier,racine,total,5.0,27,440,final
2026-02-15,bathroomgraffiti,fra,dossier,racine,total,7.2,13,271,final
2026-02-16,bathroomgraffiti,fra,dossier,racine,total,5.5,15,317,final
2026-02-17,bathroomgraffiti,fra,dossier,racine,total,5.5,8,301,final
2026-02-18,bathroomgraffiti,fra,dossier,racine,total,5.8,13,352,final
2026-02-19,bathroomgraffiti,fra,dossier,racine,total,5.8,4,310,final
2026-02-20,bathroomgraffiti,fra,dossier,racine,total,7.2,22,549,final
2026-02-21,bathroomgraffiti,fra,dossier,racine,total,5.5,15,266,final
2026-02-22,bathroomgraffiti,fra,dossier,racine,total,6.5,11,312,final
2026-02-23,bathroomgraffiti,fra,dossier,racine,total,7.4,15,333,final
2026-02-24,bathroomgraffiti,fra,dossier,racine,total,5.8,16,323,final
2026-02-25,bathroomgraffiti,fra,dossier,racine,total,7.1,10,281,final
2026-02-26,bathroomgraffiti,fra,dossier,racine,total,7.6,13,262,final
2026-02-27,bathroomgraffiti,fra,dossier,racine,total,7.4,9,327,final
2026-02-28,bathroomgraffiti,fra,dossier,racine,total,7.5,16,309,final
2026-03-01,bathroomgraffiti,fra,dossier,racine,total,7.5,8,242,final
2026-03-02,bathroomgraffiti,fra,dossier,racine,total,9.6,15,391,final
2026-03-03,bathroomgraffiti,fra,dossier,racine,total,7.4,12,301,final
2026-03-04,bathroomgraffiti,fra,dossier,racine,total,5.9,13,330,final
2026-03-05,bathroomgraffiti,fra,dossier,racine,total,8.1,7,291,final
2026-03-06,bathroomgraffiti,fra,dossier,racine,total,7.3,16,278,final
2026-03-07,bathroomgraffiti,fra,dossier,racine,total,4.4,21,296,final
2026-03-08,bathroomgraffiti,fra,dossier,racine,total,6.1,6,361,final
2026-03-09,bathroomgraffiti,fra,dossier,racine,total,6.4,8,310,final
2026-03-10,bathroomgraffiti,fra,dossier,racine,total,6.0,8,275,final
2026-03-11,bathroomgraffiti,fra,dossier,racine,total,6.7,7,314,final
2026-03-12,bathroomgraffiti,fra,dossier,racine,total,5.9,15,335,final
2026-03-13,bathroomgraffiti,fra,dossier,racine,total,7.9,12,351,final
2026-03-14,bathroomgraffiti,fra,dossier,racine,total,4.8,24,324,final
2026-03-15,bathroomgraffiti,fra,dossier,racine,total,6.4,8,305,final
2026-03-16,bathroomgraffiti,fra,dossier,racine,total,5.8,5,322,final
2026-03-17,bathroomgraffiti,fra,dossier,racine,total,6.5,6,269,final
2026-03-18,bathroomgraffiti,fra,dossier,racine,total,5.8,7,259,final
2026-03-19,bathroomgraffiti,fra,dossier,racine,total,5.1,9,303,final
2026-03-20,bathroomgraffiti,fra,dossier,racine,total,6.0,10,302,final
2026-03-21,bathroomgraffiti,fra,dossier,racine,total,4.9,9,271,final
2026-03-22,bathroomgraffiti,fra,dossier,racine,total,5.1,10,262,final
2026-03-23,bathroomgraffiti,fra,dossier,racine,total,5.8,9,282,final
2026-03-24,bathroomgraffiti,fra,dossier,racine,total,6.3,11,295,final
2026-03-25,bathroomgraffiti,fra,dossier,racine,total,6.1,13,325,final
2026-03-26,bathroomgraffiti,fra,dossier,racine,total,6.7,8,238,final
2026-03-27,bathroomgraffiti,fra,dossier,racine,total,5.6,12,305,final
2026-03-28,bathroomgraffiti,fra,dossier,racine,total,4.8,14,328,final
2026-03-29,bathroomgraffiti,fra,dossier,racine,total,4.7,13,274,final
2026-03-30,bathroomgraffiti,fra,dossier,racine,total,6.1,30,260,final
2026-03-31,bathroomgraffiti,fra,dossier,racine,total,5.5,15,276,final
2026-04-01,bathroomgraffiti,fra,dossier,racine,total,6.6,11,331,final
2026-04-02,bathroomgraffiti,fra,dossier,racine,total,5.7,12,258,final
2026-04-03,bathroomgraffiti,fra,dossier,racine,total,6.9,17,334,final
2026-04-04,bathroomgraffiti,fra,dossier,racine,total,6.8,11,305,final
2026-04-05,bathroomgraffiti,fra,dossier,racine,total,5.4,9,260,final
2026-04-06,bathroomgraffiti,fra,dossier,racine,total,5.3,20,425,final
2026-04-07,bathroomgraffiti,fra,dossier,racine,total,7.7,8,328,final
2026-04-08,bathroomgraffiti,fra,dossier,racine,total,6.6,21,343,final
2026-04-09,bathroomgraffiti,fra,dossier,racine,total,8.5,17,373,final
2026-04-10,bathroomgraffiti,fra,dossier,racine,total,7.0,12,343,final
2026-04-11,bathroomgraffiti,fra,dossier,racine,total,5.3,14,300,final
2026-04-12,bathroomgraffiti,fra,dossier,racine,total,5.6,13,282,final
2026-04-13,bathroomgraffiti,fra,dossier,racine,total,6.8,10,283,final
2026-04-14,bathroomgraffiti,fra,dossier,racine,total,6.9,9,346,final
2026-04-15,bathroomgraffiti,fra,dossier,racine,total,6.6,19,361,final
2026-04-16,bathroomgraffiti,fra,dossier,racine,total,6.5,14,330,final
2026-04-17,bathroomgraffiti,fra,dossier,racine,total,6.3,15,310,final
2026-04-18,bathroomgraffiti,fra,dossier,racine,total,5.4,21,333,final
2026-04-19,bathroomgraffiti,fra,dossier,racine,total,6.0,16,337,final
2026-04-20,bathroomgraffiti,fra,dossier,racine,total,6.3,18,401,final
2026-04-21,bathroomgraffiti,fra,dossier,racine,total,6.8,13,393,final
2026-04-22,bathroomgraffiti,fra,dossier,racine,total,6.6,11,380,final
2026-04-23,bathroomgraffiti,fra,dossier,racine,total,5.8,21,356,final
2026-04-24,bathroomgraffiti,fra,dossier,racine,total,7.8,7,412,final
2026-04-25,bathroomgraffiti,fra,dossier,racine,total,6.8,11,319,final
2026-04-26,bathroomgraffiti,fra,dossier,racine,total,7.5,7,276,final
2026-04-27,bathroomgraffiti,fra,dossier,racine,total,6.4,7,360,final
2026-04-28,bathroomgraffiti,fra,dossier,racine,total,6.4,15,320,final
2026-04-29,bathroomgraffiti,fra,dossier,racine,total,7.8,22,353,final
2026-04-30,bathroomgraffiti,fra,dossier,racine,total,7.8,9,307,final
2026-05-01,bathroomgraffiti,fra,dossier,racine,total,7.0,11,331,final
2026-05-02,bathroomgraffiti,fra,dossier,racine,total,7.1,22,341,final
2026-05-03,bathroomgraffiti,fra,dossier,racine,total,6.3,12,319,final
2026-05-04,bathroomgraffiti,fra,dossier,racine,total,6.2,11,326,final
2026-05-05,bathroomgraffiti,fra,dossier,racine,total,8.0,5,273,final
2026-05-06,bathroomgraffiti,fra,dossier,racine,total,5.2,14,312,final
2026-05-07,bathroomgraffiti,fra,dossier,racine,total,5.9,8,388,final
2026-05-08,bathroomgraffiti,fra,dossier,racine,total,4.9,19,329,final
2026-05-09,bathroomgraffiti,fra,dossier,racine,total,5.0,9,282,final
2026-05-10,bathroomgraffiti,fra,dossier,racine,total,5.3,9,299,final
2026-05-11,bathroomgraffiti,fra,dossier,racine,total,6.0,12,334,final
2026-05-12,bathroomgraffiti,fra,dossier,racine,total,6.5,11,292,final
2026-05-13,bathroomgraffiti,fra,dossier,racine,total,5.1,18,303,final
2026-05-14,bathroomgraffiti,fra,dossier,racine,total,4.6,26,339,final
2026-05-15,bathroomgraffiti,fra,dossier,racine,total,4.8,13,329,final
2026-05-16,bathroomgraffiti,fra,dossier,racine,total,4.9,11,269,final
2026-05-17,bathroomgraffiti,fra,dossier,racine,total,4.6,14,281,final
2026-05-18,bathroomgraffiti,fra,dossier,racine,total,5.3,20,271,final
2026-05-19,bathroomgraffiti,fra,dossier,racine,total,5.8,8,256,final
2026-05-20,bathroomgraffiti,fra,dossier,racine,total,5.1,16,296,final
2026-05-21,bathroomgraffiti,fra,dossier,racine,total,5.4,15,262,final
2026-05-22,bathroomgraffiti,fra,dossier,racine,total,5.1,19,290,final
2026-05-23,bathroomgraffiti,fra,dossier,racine,total,4.6,14,266,final
2026-05-24,bathroomgraffiti,fra,dossier,racine,total,4.9,12,245,final
2026-05-25,bathroomgraffiti,fra,dossier,racine,total,4.8,10,334,final
2026-05-26,bathroomgraffiti,fra,dossier,racine,total,4.3,36,296,final
2026-05-27,bathroomgraffiti,fra,dossier,racine,total,5.1,18,316,final
2026-05-28,bathroomgraffiti,fra,dossier,racine,total,4.8,25,320,final
2026-05-29,bathroomgraffiti,fra,dossier,racine,total,5.2,14,309,final
2026-05-30,bathroomgraffiti,fra,dossier,racine,total,4.9,11,286,final
2026-05-31,bathroomgraffiti,fra,dossier,racine,total,4.3,30,327,final
2026-06-01,bathroomgraffiti,fra,dossier,racine,total,5.5,30,308,final
2026-06-02,bathroomgraffiti,fra,dossier,racine,total,4.7,21,338,final
2026-06-03,bathroomgraffiti,fra,dossier,racine,total,5.3,23,346,final
2026-06-04,bathroomgraffiti,fra,dossier,racine,total,4.9,11,316,final
2026-06-05,bathroomgraffiti,fra,dossier,racine,total,5.4,11,340,final
2026-06-06,bathroomgraffiti,fra,dossier,racine,total,5.1,17,284,final
2026-06-07,bathroomgraffiti,fra,dossier,racine,total,6.1,12,382,final
2026-06-08,bathroomgraffiti,fra,dossier,racine,total,6.4,13,335,final
2026-06-09,bathroomgraffiti,fra,dossier,racine,total,5.6,16,363,final
2026-06-10,bathroomgraffiti,fra,dossier,racine,total,4.7,23,336,final
2026-06-11,bathroomgraffiti,fra,dossier,racine,total,5.4,8,282,final
2026-06-12,bathroomgraffiti,fra,dossier,racine,total,5.4,14,267,final
2026-06-13,bathroomgraffiti,fra,dossier,racine,total,4.4,18,298,final
2026-06-14,bathroomgraffiti,fra,dossier,racine,total,5.3,12,319,final
2026-06-15,bathroomgraffiti,fra,dossier,racine,total,4.6,19,296,final
2026-06-16,bathroomgraffiti,fra,dossier,racine,total,4.3,10,344,final
2026-06-17,bathroomgraffiti,fra,dossier,racine,total,5.4,16,377,final
2026-06-18,bathroomgraffiti,fra,dossier,racine,total,5.8,16,352,final
2026-06-19,bathroomgraffiti,fra,dossier,racine,total,5.0,16,363,final
2026-06-20,bathroomgraffiti,fra,dossier,racine,total,4.3,22,393,final
2026-06-21,bathroomgraffiti,fra,dossier,racine,total,4.2,17,309,final
2026-06-22,bathroomgraffiti,fra,dossier,racine,total,5.0,16,338,final
2026-06-23,bathroomgraffiti,fra,dossier,racine,total,5.6,18,360,final
2026-06-24,bathroomgraffiti,fra,dossier,racine,total,5.0,22,362,final
2026-06-25,bathroomgraffiti,fra,dossier,racine,total,5.1,15,367,final
2026-06-26,bathroomgraffiti,fra,dossier,racine,total,6.3,8,332,final
2026-06-27,bathroomgraffiti,fra,dossier,racine,total,6.1,11,327,final
2026-06-28,bathroomgraffiti,fra,dossier,racine,total,4.6,16,296,final
2026-06-29,bathroomgraffiti,fra,dossier,racine,total,6.2,12,381,final
2026-06-30,bathroomgraffiti,fra,dossier,racine,total,5.8,13,365,final
2026-07-01,bathroomgraffiti,fra,dossier,racine,total,5.3,11,325,final
2026-07-02,bathroomgraffiti,fra,dossier,racine,total,4.6,36,365,final
2026-07-03,bathroomgraffiti,fra,dossier,racine,total,4.9,35,336,final
2026-07-04,bathroomgraffiti,fra,dossier,racine,total,3.7,42,274,final
2026-07-05,bathroomgraffiti,fra,dossier,racine,total,3.6,41,345,final
2026-07-06,bathroomgraffiti,fra,dossier,racine,total,4.2,60,416,final
2026-07-07,bathroomgraffiti,fra,dossier,racine,total,4.4,45,350,final
2026-07-08,bathroomgraffiti,fra,dossier,racine,total,5.7,44,362,final
2026-07-09,bathroomgraffiti,fra,dossier,racine,total,6.2,39,349,final
2026-07-10,bathroomgraffiti,fra,dossier,racine,total,5.8,43,369,final
2026-07-11,bathroomgraffiti,fra,dossier,racine,total,4.5,33,310,final
2026-07-12,bathroomgraffiti,fra,dossier,racine,total,3.9,45,326,final
2026-07-13,bathroomgraffiti,fra,dossier,racine,total,4.4,38,354,final
2026-07-14,bathroomgraffiti,fra,dossier,racine,total,4.4,40,330,final
2026-07-15,bathroomgraffiti,fra,dossier,racine,total,4.8,44,338,final
2026-07-16,bathroomgraffiti,fra,dossier,racine,total,4.7,37,269,final
2026-07-17,bathroomgraffiti,fra,dossier,racine,total,4.7,53,320,final
2026-07-18,bathroomgraffiti,fra,dossier,racine,total,4.4,42,354,final
2026-07-19,bathroomgraffiti,fra,dossier,racine,total,4.0,51,359,final
2026-07-20,bathroomgraffiti,fra,dossier,racine,total,4.1,44,342,final
2026-07-21,bathroomgraffiti,fra,dossier,racine,total,4.4,38,393,final
2026-07-22,bathroomgraffiti,fra,dossier,racine,total,4.5,42,315,final
2026-07-23,bathroomgraffiti,fra,dossier,racine,total,4.4,38,289,final
2026-07-24,bathroomgraffiti,fra,dossier,racine,total,3.7,38,365,final
2026-07-25,bathroomgraffiti,fra,dossier,racine,total,3.7,39,359,final
2026-07-26,bathroomgraffiti,fra,dossier,racine,total,4.7,35,329,final
2026-07-27,bathroomgraffiti,fra,dossier,racine,total,4.5,48,373,final
2026-07-28,bathroomgraffiti,fra,dossier,racine,total,4.1,47,330,final
2026-07-29,bathroomgraffiti,fra,dossier,racine,total,3.9,70,348,final
2026-07-30,bathroomgraffiti,fra,dossier,racine,total,4.4,46,313,final
2026-07-31,bathroomgraffiti,fra,dossier,racine,total,4.7,52,319,final
2026-08-01,bathroomgraffiti,fra,dossier,racine,total,4.4,45,303,final
2026-08-02,bathroomgraffiti,fra,dossier,racine,total,4.0,39,323,final
2026-08-03,bathroomgraffiti,fra,dossier,racine,total,4.4,45,259,final
2026-08-04,bathroomgraffiti,fra,dossier,racine,total,4.7,42,324,final
2026-08-05,bathroomgraffiti,fra,dossier,racine,total,4.5,32,293,final
2026-08-06,bathroomgraffiti,fra,dossier,racine,total,5.3,39,322,final
2026-08-07,bathroomgraffiti,fra,dossier,racine,total,5.5,27,274,final
2026-08-08,bathroomgraffiti,fra,dossier,racine,total,4.6,25,265,final
2026-08-09,bathroomgraffiti,fra,dossier,racine,total,4.0,36,311,final
2026-08-10,bathroomgraffiti,fra,dossier,racine,total,4.8,39,271,final
2026-08-11,bathroomgraffiti,fra,dossier,racine,total,4.4,42,352,final
2026-08-12,bathroomgraffiti,fra,dossier,racine,total,5.2,33,287,final
2026-08-13,bathroomgraffiti,fra,dossier,racine,total,4.7,36,308,final
2026-08-14,bathroomgraffiti,fra,dossier,racine,total,5.7,24,286,final
2026-08-15,bathroomgraffiti,fra,dossier,racine,total,4.7,26,263,final
2026-08-16,bathroomgraffiti,fra,dossier,racine,total,4.7,30,278,final
2026-08-17,bathroomgraffiti,fra,dossier,racine,total,4.5,35,232,final
2026-08-18,bathroomgraffiti,fra,dossier,racine,total,3.8,46,297,final
2026-08-19,bathroomgraffiti,fra,dossier,racine,total,4.2,38,260,final
2026-08-20,bathroomgraffiti,fra,dossier,racine,total,4.1,32,273,final
2026-08-21,bathroomgraffiti,fra,dossier,racine,total,5.0,33,305,final
2026-08-22,bathroomgraffiti,fra,dossier,racine,total,4.7,34,299,final
2026-08-23,bathroomgraffiti,fra,dossier,racine,total,4.4,40,307,final
2026-08-24,bathroomgraffiti,fra,dossier,racine,total,5.0,45,299,final
2026-08-25,bathroomgraffiti,fra,dossier,racine,total,4.9,39,298,final
2026-08-26,bathroomgraffiti,fra,dossier,racine,total,4.7,38,300,final
2026-08-27,bathroomgraffiti,fra,dossier,racine,total,4.0,64,392,final
2026-08-28,bathroomgraffiti,fra,dossier,racine,total,5.2,37,318,final
2026-08-29,bathroomgraffiti,fra,dossier,racine,total,4.2,44,297,final
2026-08-30,bathroomgraffiti,fra,dossier,racine,total,4.2,44,281,final
2026-08-31,bathroomgraffiti,fra,dossier,racine,total,4.1,35,359,final
2026-09-01,bathroomgraffiti,fra,dossier,racine,total,4.5,38,290,final
2026-09-02,bathroomgraffiti,fra,dossier,racine,total,4.5,38,291,final
2026-09-03,bathroomgraffiti,fra,dossier,racine,total,4.8,37,335,final
2026-09-04,bathroomgraffiti,fra,dossier,racine,total,4.8,42,408,final
2026-09-05,bathroomgraffiti,fra,dossier,racine,total,3.8,34,424,final
2026-09-06,bathroomgraffiti,fra,dossier,racine,total,3.6,45,421,final
2026-09-07,bathroomgraffiti,fra,dossier,racine,total,4.6,37,357,final
2026-09-08,bathroomgraffiti,fra,dossier,racine,total,4.4,47,408,final
2026-09-09,bathroomgraffiti,fra,dossier,racine,total,3.9,43,450,final
2026-09-10,bathroomgraffiti,fra,dossier,racine,total,3.9,53,350,final
2026-09-11,bathroomgraffiti,fra,dossier,racine,total,3.8,46,368,final
2026-09-12,bathroomgraffiti,fra,dossier,racine,total,3.3,44,387,final
2026-09-13,bathroomgraffiti,fra,dossier,racine,total,3.8,37,341,final
2026-09-14,bathroomgraffiti,fra,dossier,racine,total,3.7,53,391,final
2026-09-15,bathroomgraffiti,fra,dossier,racine,total,3.7,39,329,final
2026-09-16,bathroomgraffiti,fra,dossier,racine,total,4.6,27,306,final
2026-09-17,bathroomgraffiti,fra,dossier,racine,total,3.4,39,340,final
2026-09-18,bathroomgraffiti,fra,dossier,racine,total,4.4,38,357,final
2026-09-19,bathroomgraffiti,fra,dossier,racine,total,3.9,40,354,final
2026-09-20,bathroomgraffiti,fra,dossier,racine,total,3.6,36,318,final
2026-09-21,bathroomgraffiti,fra,dossier,racine,total,4.3,32,293,final
2026-09-22,bathroomgraffiti,fra,dossier,racine,total,4.2,33,294,final
2026-09-23,bathroomgraffiti,fra,dossier,racine,total,4.1,49,374,final
2026-09-24,bathroomgraffiti,fra,dossier,racine,total,3.5,50,367,final
2026-09-25,bathroomgraffiti,fra,dossier,racine,total,4.0,48,375,final
2026-09-26,bathroomgraffiti,fra,dossier,racine,total,5.4,37,307,final
2026-09-27,bathroomgraffiti,fra,dossier,racine,total,4.6,34,315,final
2026-09-28,bathroomgraffiti,fra,dossier,racine,total,4.5,47,302,final
2026-09-29,bathroomgraffiti,fra,dossier,racine,total,5.6,57,369,final
2026-09-30,bathroomgraffiti,fra,dossier,racine,total,4.5,31,301,final
2026-10-01,bathroomgraffiti,fra,dossier,racine,total,4.3,31,287,final
2026-10-02,bathroomgraffiti,fra,dossier,racine,total,4.6,43,339,final
2026-10-03,bathroomgraffiti,fra,dossier,racine,total,4.7,59,386,fresh
2026-10-04,bathroomgraffiti,fra,dossier,racine,total,5.1,37,335,fresh
