date,site,country,segment,position,clicks,impressions,data_state
2025-06-12,bathroomgraffiti,all,brand,1.1,53,103,final
2025-06-13,bathroomgraffiti,all,brand,1.3,45,87,final
2025-06-14,bathroomgraffiti,all,brand,1.1,65,124,final
2025-06-15,bathroomgraffiti,all,brand,1.6,60,147,final
2025-06-16,bathroomgraffiti,all,brand,1.6,68,131,final
2025-06-17,bathroomgraffiti,all,brand,1.3,61,108,final
2025-06-18,bathroomgraffiti,all,brand,1.2,50,114,final
2025-06-19,bathroomgraffiti,all,brand,1.5,50,83,final
2025-06-20,bathroomgraffiti,all,brand,1.2,62,122,final
2025-06-21,bathroomgraffiti,all,brand,1.5,48,108,final
2025-06-22,bathroomgraffiti,all,brand,1.5,56,101,final
2025-06-23,bathroomgraffiti,all,brand,1.5,58,111,final
2025-06-24,bathroomgraffiti,all,brand,1.4,77,141,final
2025-06-25,bathroomgraffiti,all,brand,1.4,70,122,final
2025-06-26,bathroomgraffiti,all,brand,1.4,56,138,final
2025-06-27,bathroomgraffiti,all,brand,1.3,52,98,final
2025-06-28,bathroomgraffiti,all,brand,2.5,53,110,final
2025-06-29,bathroomgraffiti,all,brand,1.1,42,97,final
2025-06-30,bathroomgraffiti,all,brand,1.2,53,106,final
2025-07-01,bathroomgraffiti,all,brand,1.1,50,98,final
2025-07-02,bathroomgraffiti,all,brand,1.1,61,110,final
2025-07-03,bathroomgraffiti,all,brand,1.3,66,127,final
2025-07-04,bathroomgraffiti,all,brand,1.1,66,99,final
2025-07-05,bathroomgraffiti,all,brand,1.5,52,109,final
2025-07-06,bathroomgraffiti,all,brand,1.5,49,107,final
2025-07-07,bathroomgraffiti,all,brand,1.5,61,122,final
2025-07-08,bathroomgraffiti,all,brand,1.2,47,94,final
2025-07-09,bathroomgraffiti,all,brand,1.9,61,125,final
2025-07-10,bathroomgraffiti,all,brand,1.4,64,122,final
2025-07-11,bathroomgraffiti,all,brand,1.4,53,112,final
2025-07-12,bathroomgraffiti,all,brand,1.5,57,119,final
2025-07-13,bathroomgraffiti,all,brand,1.3,65,120,final
2025-07-14,bathroomgraffiti,all,brand,1.6,45,97,final
2025-07-15,bathroomgraffiti,all,brand,1.2,65,124,final
2025-07-16,bathroomgraffiti,all,brand,1.8,69,123,final
2025-07-17,bathroomgraffiti,all,brand,2.2,48,93,final
2025-07-18,bathroomgraffiti,all,brand,1.5,48,110,final
2025-07-19,bathroomgraffiti,all,brand,1.4,53,111,final
2025-07-20,bathroomgraffiti,all,brand,2.3,57,136,final
2025-07-21,bathroomgraffiti,all,brand,1.5,49,97,final
2025-07-22,bathroomgraffiti,all,brand,1.3,54,107,final
2025-07-23,bathroomgraffiti,all,brand,1.1,77,150,final
2025-07-24,bathroomgraffiti,all,brand,1.2,67,144,final
2025-07-25,bathroomgraffiti,all,brand,1.1,80,162,final
2025-07-26,bathroomgraffiti,all,brand,2.1,66,130,final
2025-07-27,bathroomgraffiti,all,brand,1.7,58,115,final
2025-07-28,bathroomgraffiti,all,brand,1.4,59,134,final
2025-07-29,bathroomgraffiti,all,brand,1.3,45,86,final
2025-07-30,bathroomgraffiti,all,brand,1.2,74,137,final
2025-07-31,bathroomgraffiti,all,brand,1.4,50,102,final
2025-08-01,bathroomgraffiti,all,brand,1.2,64,118,final
2025-08-02,bathroomgraffiti,all,brand,1.2,49,102,final
2025-08-03,bathroomgraffiti,all,brand,1.6,42,83,final
2025-08-04,bathroomgraffiti,all,brand,1.5,66,115,final
2025-08-05,bathroomgraffiti,all,brand,1.2,73,132,final
2025-08-06,bathroomgraffiti,all,brand,1.2,57,116,final
2025-08-07,bathroomgraffiti,all,brand,1.4,50,107,final
2025-08-08,bathroomgraffiti,all,brand,1.1,49,97,final
2025-08-09,bathroomgraffiti,all,brand,2.1,47,96,final
2025-08-10,bathroomgraffiti,all,brand,1.7,46,105,final
2025-08-11,bathroomgraffiti,all,brand,1.2,49,109,final
2025-08-12,bathroomgraffiti,all,brand,1.2,51,104,final
2025-08-13,bathroomgraffiti,all,brand,1.3,49,85,final
2025-08-14,bathroomgraffiti,all,brand,1.2,47,100,final
2025-08-15,bathroomgraffiti,all,brand,1.6,48,94,final
2025-08-16,bathroomgraffiti,all,brand,1.4,61,109,final
2025-08-17,bathroomgraffiti,all,brand,2.3,40,94,final
2025-08-18,bathroomgraffiti,all,brand,1.6,38,97,final
2025-08-19,bathroomgraffiti,all,brand,1.5,70,130,final
2025-08-20,bathroomgraffiti,all,brand,1.4,53,106,final
2025-08-21,bathroomgraffiti,all,brand,1.5,49,94,final
2025-08-22,bathroomgraffiti,all,brand,1.5,53,108,final
2025-08-23,bathroomgraffiti,all,brand,2.0,29,88,final
2025-08-24,bathroomgraffiti,all,brand,1.2,47,94,final
2025-08-25,bathroomgraffiti,all,brand,2.0,48,106,final
2025-08-26,bathroomgraffiti,all,brand,1.2,39,86,final
2025-08-27,bathroomgraffiti,all,brand,1.3,56,95,final
2025-08-28,bathroomgraffiti,all,brand,1.4,60,116,final
2025-08-29,bathroomgraffiti,all,brand,1.2,61,100,final
2025-08-30,bathroomgraffiti,all,brand,1.3,59,118,final
2025-08-31,bathroomgraffiti,all,brand,1.1,46,88,final
2025-09-01,bathroomgraffiti,all,brand,1.6,31,94,final
2025-09-02,bathroomgraffiti,all,brand,1.3,46,99,final
2025-09-03,bathroomgraffiti,all,brand,1.7,51,91,final
2025-09-04,bathroomgraffiti,all,brand,1.2,57,96,final
2025-09-05,bathroomgraffiti,all,brand,1.2,46,88,final
2025-09-06,bathroomgraffiti,all,brand,1.4,61,99,final
2025-09-07,bathroomgraffiti,all,brand,1.5,50,87,final
2025-09-08,bathroomgraffiti,all,brand,1.9,54,99,final
2025-09-09,bathroomgraffiti,all,brand,1.6,43,89,final
2025-09-10,bathroomgraffiti,all,brand,1.2,42,77,final
2025-09-11,bathroomgraffiti,all,brand,1.1,47,88,final
2025-09-12,bathroomgraffiti,all,brand,1.3,38,79,final
2025-09-13,bathroomgraffiti,all,brand,1.2,53,109,final
2025-09-14,bathroomgraffiti,all,brand,1.1,22,47,final
2025-09-15,bathroomgraffiti,all,brand,1.2,41,75,final
2025-09-16,bathroomgraffiti,all,brand,1.1,47,88,final
2025-09-17,bathroomgraffiti,all,brand,5.0,50,94,final
2025-09-18,bathroomgraffiti,all,brand,1.6,52,101,final
2025-09-19,bathroomgraffiti,all,brand,1.4,48,95,final
2025-09-20,bathroomgraffiti,all,brand,1.2,58,92,final
2025-09-21,bathroomgraffiti,all,brand,1.7,49,103,final
2025-09-22,bathroomgraffiti,all,brand,1.2,50,77,final
2025-09-23,bathroomgraffiti,all,brand,4.8,50,117,final
2025-09-24,bathroomgraffiti,all,brand,1.4,53,84,final
2025-09-25,bathroomgraffiti,all,brand,1.1,58,89,final
2025-09-26,bathroomgraffiti,all,brand,1.1,75,125,final
2025-09-27,bathroomgraffiti,all,brand,1.3,54,103,final
2025-09-28,bathroomgraffiti,all,brand,7.4,45,91,final
2025-09-29,bathroomgraffiti,all,brand,1.3,52,89,final
2025-09-30,bathroomgraffiti,all,brand,1.4,66,120,final
2025-10-01,bathroomgraffiti,all,brand,1.4,47,98,final
2025-10-02,bathroomgraffiti,all,brand,1.1,35,69,final
2025-10-03,bathroomgraffiti,all,brand,1.2,52,89,final
2025-10-04,bathroomgraffiti,all,brand,1.5,63,115,final
2025-10-05,bathroomgraffiti,all,brand,1.3,54,92,final
2025-10-06,bathroomgraffiti,all,brand,1.3,51,91,final
2025-10-07,bathroomgraffiti,all,brand,1.5,34,64,final
2025-10-08,bathroomgraffiti,all,brand,1.3,49,93,final
2025-10-09,bathroomgraffiti,all,brand,1.7,67,108,final
2025-10-10,bathroomgraffiti,all,brand,1.3,36,94,final
2025-10-11,bathroomgraffiti,all,brand,1.2,39,104,final
2025-10-12,bathroomgraffiti,all,brand,1.3,50,101,final
2025-10-13,bathroomgraffiti,all,brand,1.5,33,74,final
2025-10-14,bathroomgraffiti,all,brand,2.2,38,91,final
2025-10-15,bathroomgraffiti,all,brand,1.1,57,112,final
2025-10-16,bathroomgraffiti,all,brand,1.5,53,93,final
2025-10-17,bathroomgraffiti,all,brand,1.4,52,87,final
2025-10-18,bathroomgraffiti,all,brand,1.9,36,99,final
2025-10-19,bathroomgraffiti,all,brand,1.4,20,91,final
2025-10-20,bathroomgraffiti,all,brand,2.1,48,92,final
2025-10-21,bathroomgraffiti,all,brand,1.6,44,84,final
2025-10-22,bathroomgraffiti,all,brand,1,49,83,final
2025-10-23,bathroomgraffiti,all,brand,1.3,38,76,final
2025-10-24,bathroomgraffiti,all,brand,1.3,59,99,final
2025-10-25,bathroomgraffiti,all,brand,1.5,44,87,final
2025-10-26,bathroomgraffiti,all,brand,1.5,57,91,final
2025-10-27,bathroomgraffiti,all,brand,1.3,45,98,final
2025-10-28,bathroomgraffiti,all,brand,2.2,52,86,final
2025-10-29,bathroomgraffiti,all,brand,1.2,54,92,final
2025-10-30,bathroomgraffiti,all,brand,1.3,52,106,final
2025-10-31,bathroomgraffiti,all,brand,1.3,37,75,final
2025-11-01,bathroomgraffiti,all,brand,1.1,46,105,final
2025-11-02,bathroomgraffiti,all,brand,1.7,54,90,final
2025-11-03,bathroomgraffiti,all,brand,1.7,59,116,final
2025-11-04,bathroomgraffiti,all,brand,1.3,50,105,final
2025-11-05,bathroomgraffiti,all,brand,1.1,70,109,final
2025-11-06,bathroomgraffiti,all,brand,1.3,63,114,final
2025-11-07,bathroomgraffiti,all,brand,1.3,60,110,final
2025-11-08,bathroomgraffiti,all,brand,1.2,63,110,final
2025-11-09,bathroomgraffiti,all,brand,1.4,77,127,final
2025-11-10,bathroomgraffiti,all,brand,1.3,58,113,final
2025-11-11,bathroomgraffiti,all,brand,1.7,59,108,final
2025-11-12,bathroomgraffiti,all,brand,1.1,71,118,final
2025-11-13,bathroomgraffiti,all,brand,1.1,73,110,final
2025-11-14,bathroomgraffiti,all,brand,1.6,57,111,final
2025-11-15,bathroomgraffiti,all,brand,1.1,70,119,final
2025-11-16,bathroomgraffiti,all,brand,1.4,81,115,final
2025-11-17,bathroomgraffiti,all,brand,1.5,78,143,final
2025-11-18,bathroomgraffiti,all,brand,1.1,66,109,final
2025-11-19,bathroomgraffiti,all,brand,1.1,83,117,final
2025-11-20,bathroomgraffiti,all,brand,2.3,88,141,final
2025-11-21,bathroomgraffiti,all,brand,1.8,76,126,final
2025-11-22,bathroomgraffiti,all,brand,1.5,76,121,final
2025-11-23,bathroomgraffiti,all,brand,1.1,94,137,final
2025-11-24,bathroomgraffiti,all,brand,1.5,95,151,final
2025-11-25,bathroomgraffiti,all,brand,1.6,95,148,final
2025-11-26,bathroomgraffiti,all,brand,4.2,97,165,final
2025-11-27,bathroomgraffiti,all,brand,1.9,113,159,final
2025-11-28,bathroomgraffiti,all,brand,1.6,114,184,final
2025-11-29,bathroomgraffiti,all,brand,1.4,97,178,final
2025-11-30,bathroomgraffiti,all,brand,1.5,133,215,final
2025-12-01,bathroomgraffiti,all,brand,1.4,104,168,final
2025-12-02,bathroomgraffiti,all,brand,1.3,107,162,final
2025-12-03,bathroomgraffiti,all,brand,1.5,119,171,final
2025-12-04,bathroomgraffiti,all,brand,1.5,128,203,final
2025-12-05,bathroomgraffiti,all,brand,1.9,106,176,final
2025-12-06,bathroomgraffiti,all,brand,1.7,100,169,final
2025-12-07,bathroomgraffiti,all,brand,1.4,117,199,final
2025-12-08,bathroomgraffiti,all,brand,1.5,145,228,final
2025-12-09,bathroomgraffiti,all,brand,1.3,131,212,final
2025-12-10,bathroomgraffiti,all,brand,1.2,150,229,final
2025-12-11,bathroomgraffiti,all,brand,1.7,118,203,final
2025-12-12,bathroomgraffiti,all,brand,1.3,162,261,final
2025-12-13,bathroomgraffiti,all,brand,1.7,148,306,final
2025-12-14,bathroomgraffiti,all,brand,1.2,158,278,final
2025-12-15,bathroomgraffiti,all,brand,1.3,168,273,final
2025-12-16,bathroomgraffiti,all,brand,1.2,156,238,final
2025-12-17,bathroomgraffiti,all,brand,1.2,146,253,final
2025-12-18,bathroomgraffiti,all,brand,1.4,131,225,final
2025-12-19,bathroomgraffiti,all,brand,1.3,114,204,final
2025-12-20,bathroomgraffiti,all,brand,1.7,140,252,final
2025-12-21,bathroomgraffiti,all,brand,1.3,113,231,final
2025-12-22,bathroomgraffiti,all,brand,5.9,138,241,final
2025-12-23,bathroomgraffiti,all,brand,1.5,101,209,final
2025-12-24,bathroomgraffiti,all,brand,1.7,81,185,final
2025-12-25,bathroomgraffiti,all,brand,1.0,66,116,final
2025-12-26,bathroomgraffiti,all,brand,1.8,70,119,final
2025-12-27,bathroomgraffiti,all,brand,1.7,53,103,final
2025-12-28,bathroomgraffiti,all,brand,1.5,52,101,final
2025-12-29,bathroomgraffiti,all,brand,1.9,61,119,final
2025-12-30,bathroomgraffiti,all,brand,4.3,40,99,final
2025-12-31,bathroomgraffiti,all,brand,2.6,28,65,final
2026-01-01,bathroomgraffiti,all,brand,2.0,37,61,final
2026-01-02,bathroomgraffiti,all,brand,1.2,54,108,final
2026-01-03,bathroomgraffiti,all,brand,1.7,35,79,final
2026-01-04,bathroomgraffiti,all,brand,1.9,48,87,final
2026-01-05,bathroomgraffiti,all,brand,1.6,27,51,final
2026-01-06,bathroomgraffiti,all,brand,2.1,47,78,final
2026-01-07,bathroomgraffiti,all,brand,5.4,51,102,final
2026-01-08,bathroomgraffiti,all,brand,1.4,49,81,final
2026-01-09,bathroomgraffiti,all,brand,2.7,42,79,final
2026-01-10,bathroomgraffiti,all,brand,2.4,42,109,final
2026-01-11,bathroomgraffiti,all,brand,1.5,58,98,final
2026-01-12,bathroomgraffiti,all,brand,1.6,59,100,final
2026-01-13,bathroomgraffiti,all,brand,2.2,52,129,final
2026-01-14,bathroomgraffiti,all,brand,1.5,37,86,final
2026-01-15,bathroomgraffiti,all,brand,2.5,46,93,final
2026-01-16,bathroomgraffiti,all,brand,1.6,58,98,final
2026-01-17,bathroomgraffiti,all,brand,1.8,60,114,final
2026-01-18,bathroomgraffiti,all,brand,1.9,35,97,final
2026-01-19,bathroomgraffiti,all,brand,10.9,41,96,final
2026-01-20,bathroomgraffiti,all,brand,1.4,56,96,final
2026-01-21,bathroomgraffiti,all,brand,5.0,39,100,final
2026-01-22,bathroomgraffiti,all,brand,7.9,24,104,final
2026-01-23,bathroomgraffiti,all,brand,1.3,35,115,final
2026-01-24,bathroomgraffiti,all,brand,1.2,23,94,final
2026-01-25,bathroomgraffiti,all,brand,1.3,28,116,final
2026-01-26,bathroomgraffiti,all,brand,1.6,23,103,final
2026-01-27,bathroomgraffiti,all,brand,1.8,21,126,final
2026-01-28,bathroomgraffiti,all,brand,2.2,21,95,final
2026-01-29,bathroomgraffiti,all,brand,3,14,82,final
2026-01-30,bathroomgraffiti,all,brand,1.4,17,88,final
2026-01-31,bathroomgraffiti,all,brand,1.8,31,126,final
2026-02-01,bathroomgraffiti,all,brand,1.5,21,86,final
2026-02-02,bathroomgraffiti,all,brand,2.9,23,89,final
2026-02-03,bathroomgraffiti,all,brand,1.7,22,84,final
2026-02-04,bathroomgraffiti,all,brand,4.0,33,137,final
2026-02-05,bathroomgraffiti,all,brand,1.2,21,83,final
2026-02-06,bathroomgraffiti,all,brand,1.9,24,108,final
2026-02-07,bathroomgraffiti,all,brand,1.6,25,107,final
2026-02-08,bathroomgraffiti,all,brand,1.4,18,83,final
2026-02-09,bathroomgraffiti,all,brand,1.1,7,57,final
2026-02-10,bathroomgraffiti,all,brand,1.3,15,84,final
2026-02-11,bathroomgraffiti,all,brand,1.7,24,78,final
2026-02-12,bathroomgraffiti,all,brand,1.3,25,103,final
2026-02-13,bathroomgraffiti,all,brand,1.5,22,114,final
2026-02-14,bathroomgraffiti,all,brand,6.1,32,158,final
2026-02-15,bathroomgraffiti,all,brand,1.2,18,72,final
2026-02-16,bathroomgraffiti,all,brand,6.6,16,79,final
2026-02-17,bathroomgraffiti,all,brand,1.4,11,73,final
2026-02-18,bathroomgraffiti,all,brand,1.4,20,102,final
2026-02-19,bathroomgraffiti,all,brand,2.6,11,87,final
2026-02-20,bathroomgraffiti,all,brand,1.3,20,83,final
2026-02-21,bathroomgraffiti,all,brand,1.6,20,70,final
2026-02-22,bathroomgraffiti,all,brand,5.8,14,98,final
2026-02-23,bathroomgraffiti,all,brand,2.5,19,91,final
2026-02-24,bathroomgraffiti,all,brand,5.4,18,90,final
2026-02-25,bathroomgraffiti,all,brand,2.8,12,65,final
2026-02-26,bathroomgraffiti,all,brand,1.4,17,58,final
2026-02-27,bathroomgraffiti,all,brand,3.3,11,79,final
2026-02-28,bathroomgraffiti,all,brand,21.2,14,128,final
2026-03-01,bathroomgraffiti,all,brand,4.9,9,54,final
2026-03-02,bathroomgraffiti,all,brand,1.4,12,63,final
2026-03-03,bathroomgraffiti,all,brand,2.5,18,67,final
2026-03-04,bathroomgraffiti,all,brand,1.4,13,81,final
2026-03-05,bathroomgraffiti,all,brand,1.5,8,51,final
2026-03-06,bathroomgraffiti,all,brand,2.2,19,63,final
2026-03-07,bathroomgraffiti,all,brand,20.1,19,162,final
2026-03-08,bathroomgraffiti,all,brand,1.2,13,83,final
2026-03-09,bathroomgraffiti,all,brand,2.1,12,67,final
2026-03-10,bathroomgraffiti,all,brand,6.5,11,93,final
2026-03-11,bathroomgraffiti,all,brand,2.0,6,75,final
2026-03-12,bathroomgraffiti,all,brand,1.7,18,81,final
2026-03-13,bathroomgraffiti,all,brand,1.5,15,71,final
2026-03-14,bathroomgraffiti,all,brand,2.3,29,95,final
2026-03-15,bathroomgraffiti,all,brand,1.9,11,77,final
2026-03-16,bathroomgraffiti,all,brand,1.2,8,79,final
2026-03-17,bathroomgraffiti,all,brand,8.8,5,67,final
2026-03-18,bathroomgraffiti,all,brand,2.9,12,68,final
2026-03-19,bathroomgraffiti,all,brand,1.6,17,84,final
2026-03-20,bathroomgraffiti,all,brand,1.5,15,75,final
2026-03-21,bathroomgraffiti,all,brand,2.2,12,87,final
2026-03-22,bathroomgraffiti,all,brand,1.5,12,76,final
2026-03-23,bathroomgraffiti,all,brand,1.6,13,57,final
2026-03-24,bathroomgraffiti,all,brand,1.1,14,64,final
2026-03-25,bathroomgraffiti,all,brand,1.2,15,86,final
2026-03-26,bathroomgraffiti,all,brand,4.2,13,68,final
2026-03-27,bathroomgraffiti,all,brand,1.2,18,88,final
2026-03-28,bathroomgraffiti,all,brand,4.9,16,113,final
2026-03-29,bathroomgraffiti,all,brand,1.2,18,86,final
2026-03-30,bathroomgraffiti,all,brand,1.1,38,77,final
2026-03-31,bathroomgraffiti,all,brand,1.3,15,81,final
2026-04-01,bathroomgraffiti,all,brand,1.2,13,83,final
2026-04-02,bathroomgraffiti,all,brand,1.1,16,70,final
2026-04-03,bathroomgraffiti,all,brand,1.3,20,79,final
2026-04-04,bathroomgraffiti,all,brand,1.3,16,78,final
2026-04-05,bathroomgraffiti,all,brand,2.3,18,67,final
2026-04-06,bathroomgraffiti,all,brand,1.2,26,125,final
2026-04-07,bathroomgraffiti,all,brand,1.3,13,77,final
2026-04-08,bathroomgraffiti,all,brand,1.5,25,89,final
2026-04-09,bathroomgraffiti,all,brand,5.0,18,80,final
2026-04-10,bathroomgraffiti,all,brand,3.1,14,92,final
2026-04-11,bathroomgraffiti,all,brand,2.5,15,93,final
2026-04-12,bathroomgraffiti,all,brand,1.3,19,76,final
2026-04-13,bathroomgraffiti,all,brand,1.1,16,66,final
2026-04-14,bathroomgraffiti,all,brand,1.6,7,66,final
2026-04-15,bathroomgraffiti,all,brand,1.3,23,108,final
2026-04-16,bathroomgraffiti,all,brand,1.6,19,79,final
2026-04-17,bathroomgraffiti,all,brand,3.2,17,92,final
2026-04-18,bathroomgraffiti,all,brand,4.6,25,119,final
2026-04-19,bathroomgraffiti,all,brand,1.8,16,93,final
2026-04-20,bathroomgraffiti,all,brand,1.4,22,95,final
2026-04-21,bathroomgraffiti,all,brand,2.5,16,94,final
2026-04-22,bathroomgraffiti,all,brand,1.3,17,90,final
2026-04-23,bathroomgraffiti,all,brand,1.1,24,92,final
2026-04-24,bathroomgraffiti,all,brand,3.6,13,82,final
2026-04-25,bathroomgraffiti,all,brand,2.5,15,73,final
2026-04-26,bathroomgraffiti,all,brand,2.4,10,58,final
2026-04-27,bathroomgraffiti,all,brand,1.6,9,99,final
2026-04-28,bathroomgraffiti,all,brand,1.6,14,67,final
2026-04-29,bathroomgraffiti,all,brand,1.6,23,73,final
2026-04-30,bathroomgraffiti,all,brand,1.2,13,61,final
2026-05-01,bathroomgraffiti,all,brand,3.2,10,77,final
2026-05-02,bathroomgraffiti,all,brand,3.6,24,93,final
2026-05-03,bathroomgraffiti,all,brand,1.1,10,76,final
2026-05-04,bathroomgraffiti,all,brand,1.1,17,86,final
2026-05-05,bathroomgraffiti,all,brand,8.0,12,69,final
2026-05-06,bathroomgraffiti,all,brand,1.9,14,92,final
2026-05-07,bathroomgraffiti,all,brand,1.4,7,81,final
2026-05-08,bathroomgraffiti,all,brand,1.1,22,102,final
2026-05-09,bathroomgraffiti,all,brand,1.6,17,92,final
2026-05-10,bathroomgraffiti,all,brand,1.5,11,77,final
2026-05-11,bathroomgraffiti,all,brand,1.7,21,88,final
2026-05-12,bathroomgraffiti,all,brand,1.5,12,71,final
2026-05-13,bathroomgraffiti,all,brand,1.1,20,93,final
2026-05-14,bathroomgraffiti,all,brand,1.7,27,121,final
2026-05-15,bathroomgraffiti,all,brand,2.0,15,101,final
2026-05-16,bathroomgraffiti,all,brand,1.4,21,79,final
2026-05-17,bathroomgraffiti,all,brand,1.2,21,85,final
2026-05-18,bathroomgraffiti,all,brand,2.8,21,74,final
2026-05-19,bathroomgraffiti,all,brand,1.8,16,87,final
2026-05-20,bathroomgraffiti,all,brand,1.2,20,98,final
2026-05-21,bathroomgraffiti,all,brand,1.8,21,77,final
2026-05-22,bathroomgraffiti,all,brand,1.5,23,93,final
2026-05-23,bathroomgraffiti,all,brand,1.6,19,86,final
2026-05-24,bathroomgraffiti,all,brand,1.8,20,98,final
2026-05-25,bathroomgraffiti,all,brand,1.3,15,100,final
2026-05-26,bathroomgraffiti,all,brand,1.6,31,99,final
2026-05-27,bathroomgraffiti,all,brand,1.3,23,98,final
2026-05-28,bathroomgraffiti,all,brand,1.4,28,104,final
2026-05-29,bathroomgraffiti,all,brand,1.4,16,86,final
2026-05-30,bathroomgraffiti,all,brand,1.5,12,91,final
2026-05-31,bathroomgraffiti,all,brand,1.2,39,114,final
2026-06-01,bathroomgraffiti,all,brand,1.2,36,83,final
2026-06-02,bathroomgraffiti,all,brand,1.3,28,103,final
2026-06-03,bathroomgraffiti,all,brand,1.3,34,101,final
2026-06-04,bathroomgraffiti,all,brand,2.6,13,88,final
2026-06-05,bathroomgraffiti,all,brand,1.4,19,90,final
2026-06-06,bathroomgraffiti,all,brand,1.1,19,85,final
2026-06-07,bathroomgraffiti,all,brand,2.3,15,94,final
2026-06-08,bathroomgraffiti,all,brand,3.6,14,79,final
2026-06-09,bathroomgraffiti,all,brand,2.0,22,100,final
2026-06-10,bathroomgraffiti,all,brand,1.3,29,104,final
2026-06-11,bathroomgraffiti,all,brand,1.2,13,80,final
2026-06-12,bathroomgraffiti,all,brand,1.1,17,73,final
2026-06-13,bathroomgraffiti,all,brand,1.2,20,103,final
2026-06-14,bathroomgraffiti,all,brand,1.7,18,106,final
2026-06-15,bathroomgraffiti,all,brand,1.5,23,95,final
2026-06-16,bathroomgraffiti,all,brand,1.4,11,107,final
2026-06-17,bathroomgraffiti,all,brand,2.4,20,112,final
2026-06-18,bathroomgraffiti,all,brand,4.1,21,118,final
2026-06-19,bathroomgraffiti,all,brand,1.3,17,108,final
2026-06-20,bathroomgraffiti,all,brand,1.5,24,123,final
2026-06-21,bathroomgraffiti,all,brand,1.7,22,113,final
2026-06-22,bathroomgraffiti,all,brand,1.4,19,103,final
2026-06-23,bathroomgraffiti,all,brand,5.1,20,111,final
2026-06-24,bathroomgraffiti,all,brand,1.4,32,121,final
2026-06-25,bathroomgraffiti,all,brand,1.2,21,107,final
2026-06-26,bathroomgraffiti,all,brand,1.0,15,98,final
2026-06-27,bathroomgraffiti,all,brand,1.1,14,84,final
2026-06-28,bathroomgraffiti,all,brand,1.4,21,103,final
2026-06-29,bathroomgraffiti,all,brand,1.3,20,102,final
2026-06-30,bathroomgraffiti,all,brand,1.5,17,81,final
2026-07-01,bathroomgraffiti,all,brand,1.3,18,94,final
2026-07-02,bathroomgraffiti,all,brand,1.2,43,132,final
2026-07-03,bathroomgraffiti,all,brand,1.2,35,98,final
2026-07-04,bathroomgraffiti,all,brand,1.1,39,82,final
2026-07-05,bathroomgraffiti,all,brand,1.6,56,113,final
2026-07-06,bathroomgraffiti,all,brand,1.4,69,125,final
2026-07-07,bathroomgraffiti,all,brand,1.1,56,102,final
2026-07-08,bathroomgraffiti,all,brand,1.4,52,96,final
2026-07-09,bathroomgraffiti,all,brand,1.6,43,94,final
2026-07-10,bathroomgraffiti,all,brand,1.3,43,95,final
2026-07-11,bathroomgraffiti,all,brand,1.2,43,101,final
2026-07-12,bathroomgraffiti,all,brand,1.3,56,101,final
2026-07-13,bathroomgraffiti,all,brand,1.3,45,113,final
2026-07-14,bathroomgraffiti,all,brand,1.7,47,109,final
2026-07-15,bathroomgraffiti,all,brand,1.6,47,82,final
2026-07-16,bathroomgraffiti,all,brand,2.2,37,84,final
2026-07-17,bathroomgraffiti,all,brand,1.0,56,94,final
2026-07-18,bathroomgraffiti,all,brand,1.5,44,100,final
2026-07-19,bathroomgraffiti,all,brand,1.3,56,103,final
2026-07-20,bathroomgraffiti,all,brand,1.5,47,101,final
2026-07-21,bathroomgraffiti,all,brand,1.7,52,116,final
2026-07-22,bathroomgraffiti,all,brand,1.5,49,96,final
2026-07-23,bathroomgraffiti,all,brand,1.8,47,82,final
2026-07-24,bathroomgraffiti,all,brand,1.2,43,107,final
2026-07-25,bathroomgraffiti,all,brand,1.2,47,104,final
2026-07-26,bathroomgraffiti,all,brand,1.8,41,96,final
2026-07-27,bathroomgraffiti,all,brand,2.3,54,126,final
2026-07-28,bathroomgraffiti,all,brand,1.4,53,111,final
2026-07-29,bathroomgraffiti,all,brand,1.2,74,112,final
2026-07-30,bathroomgraffiti,all,brand,1.4,56,104,final
2026-07-31,bathroomgraffiti,all,brand,1.4,60,104,final
2026-08-01,bathroomgraffiti,all,brand,1.1,49,85,final
2026-08-02,bathroomgraffiti,all,brand,1.2,48,100,final
2026-08-03,bathroomgraffiti,all,brand,1.3,51,84,final
2026-08-04,bathroomgraffiti,all,brand,1.2,44,99,final
2026-08-05,bathroomgraffiti,all,brand,1.8,37,75,final
2026-08-06,bathroomgraffiti,all,brand,2.1,44,89,final
2026-08-07,bathroomgraffiti,all,brand,1.2,36,77,final
2026-08-08,bathroomgraffiti,all,brand,1.0,31,73,final
2026-08-09,bathroomgraffiti,all,brand,3.0,45,117,final
2026-08-10,bathroomgraffiti,all,brand,2.1,43,101,final
2026-08-11,bathroomgraffiti,all,brand,1.9,51,97,final
2026-08-12,bathroomgraffiti,all,brand,1.2,41,83,final
2026-08-13,bathroomgraffiti,all,brand,2.1,48,96,final
2026-08-14,bathroomgraffiti,all,brand,1.5,36,71,final
2026-08-15,bathroomgraffiti,all,brand,1.1,37,80,final
2026-08-16,bathroomgraffiti,all,brand,1.3,40,83,final
2026-08-17,bathroomgraffiti,all,brand,4.3,42,88,final
2026-08-18,bathroomgraffiti,all,brand,1.2,53,90,final
2026-08-19,bathroomgraffiti,all,brand,1.2,47,90,final
2026-08-20,bathroomgraffiti,all,brand,1.6,41,88,final
2026-08-21,bathroomgraffiti,all,brand,1.2,41,78,final
2026-08-22,bathroomgraffiti,all,brand,1.3,41,79,final
2026-08-23,bathroomgraffiti,all,brand,1.3,50,100,final
2026-08-24,bathroomgraffiti,all,brand,1.1,55,99,final
2026-08-25,bathroomgraffiti,all,brand,1.5,54,112,final
2026-08-26,bathroomgraffiti,all,brand,1.3,52,105,final
2026-08-27,bathroomgraffiti,all,brand,1.2,73,151,final
2026-08-28,bathroomgraffiti,all,brand,1.1,40,86,final
2026-08-29,bathroomgraffiti,all,brand,1.4,53,109,final
2026-08-30,bathroomgraffiti,all,brand,3.0,47,106,final
2026-08-31,bathroomgraffiti,all,brand,1.1,45,109,final
2026-09-01,bathroomgraffiti,all,brand,1.2,44,90,final
2026-09-02,bathroomgraffiti,all,brand,1.8,43,86,final
2026-09-03,bathroomgraffiti,all,brand,9.1,41,116,final
2026-09-04,bathroomgraffiti,all,brand,5.8,40,96,final
2026-09-05,bathroomgraffiti,all,brand,1.1,43,94,final
2026-09-06,bathroomgraffiti,all,brand,1.5,61,123,final
2026-09-07,bathroomgraffiti,all,brand,2.1,34,77,final
2026-09-08,bathroomgraffiti,all,brand,1.4,54,101,final
2026-09-09,bathroomgraffiti,all,brand,1.4,45,99,final
2026-09-10,bathroomgraffiti,all,brand,1.1,56,93,final
2026-09-11,bathroomgraffiti,all,brand,1.9,50,86,final
2026-09-12,bathroomgraffiti,all,brand,1.2,49,98,final
2026-09-13,bathroomgraffiti,all,brand,1.2,40,84,final
2026-09-14,bathroomgraffiti,all,brand,1.2,64,105,final
2026-09-15,bathroomgraffiti,all,brand,1.0,44,75,final
2026-09-16,bathroomgraffiti,all,brand,2.3,32,63,final
2026-09-17,bathroomgraffiti,all,brand,1.0,48,92,final
2026-09-18,bathroomgraffiti,all,brand,1.2,46,76,final
2026-09-19,bathroomgraffiti,all,brand,4.8,48,103,final
2026-09-20,bathroomgraffiti,all,brand,1.1,45,85,final
2026-09-21,bathroomgraffiti,all,brand,1.3,43,75,final
2026-09-22,bathroomgraffiti,all,brand,1.1,38,79,final
2026-09-23,bathroomgraffiti,all,brand,1.1,54,97,final
2026-09-24,bathroomgraffiti,all,brand,1.2,59,100,final
2026-09-25,bathroomgraffiti,all,brand,2.6,54,106,final
2026-09-26,bathroomgraffiti,all,brand,1.5,49,101,final
2026-09-27,bathroomgraffiti,all,brand,1.1,52,101,final
2026-09-28,bathroomgraffiti,all,brand,2.6,58,109,final
2026-09-29,bathroomgraffiti,all,brand,2.4,62,110,final
2026-09-30,bathroomgraffiti,all,brand,1.9,37,75,final
2026-10-01,bathroomgraffiti,all,brand,1.3,39,71,final
2026-10-02,bathroomgraffiti,all,brand,1.1,45,74,final
2026-10-03,bathroomgraffiti,all,brand,1.6,71,119,final
2026-10-04,bathroomgraffiti,all,brand,1.5,45,106,final
2026-10-05,bathroomgraffiti,all,brand,1.2,48,83,fresh
2026-10-06,bathroomgraffiti,all,brand,1.8,21,42,fresh
2025-06-12,bathroomgraffiti,all,nonbrand,23.8,38,6924,final
2025-06-13,bathroomgraffiti,all,nonbrand,22.6,39,6809,final
2025-06-14,bathroomgraffiti,all,nonbrand,20.9,38,7865,final
2025-06-15,bathroomgraffiti,all,nonbrand,21.7,38,7810,final
2025-06-16,bathroomgraffiti,all,nonbrand,23.1,37,7238,final
2025-06-17,bathroomgraffiti,all,nonbrand,22.5,33,7455,final
2025-06-18,bathroomgraffiti,all,nonbrand,23.0,45,7921,final
2025-06-19,bathroomgraffiti,all,nonbrand,23.4,37,7637,final
2025-06-20,bathroomgraffiti,all,nonbrand,23.8,28,7354,final
2025-06-21,bathroomgraffiti,all,nonbrand,24.1,31,7315,final
2025-06-22,bathroomgraffiti,all,nonbrand,21.5,34,7411,final
2025-06-23,bathroomgraffiti,all,nonbrand,23.2,38,7757,final
2025-06-24,bathroomgraffiti,all,nonbrand,23.5,40,7776,final
2025-06-25,bathroomgraffiti,all,nonbrand,21.9,40,8132,final
2025-06-26,bathroomgraffiti,all,nonbrand,22.6,44,7917,final
2025-06-27,bathroomgraffiti,all,nonbrand,22.8,26,8134,final
2025-06-28,bathroomgraffiti,all,nonbrand,23.7,43,8176,final
2025-06-29,bathroomgraffiti,all,nonbrand,23.8,39,8378,final
2025-06-30,bathroomgraffiti,all,nonbrand,25.4,36,8622,final
2025-07-01,bathroomgraffiti,all,nonbrand,24.8,58,8714,final
2025-07-02,bathroomgraffiti,all,nonbrand,22.6,42,9285,final
2025-07-03,bathroomgraffiti,all,nonbrand,22.0,26,9548,final
2025-07-04,bathroomgraffiti,all,nonbrand,23.8,27,9487,final
2025-07-05,bathroomgraffiti,all,nonbrand,21.6,43,9607,final
2025-07-06,bathroomgraffiti,all,nonbrand,21.3,42,9628,final
2025-07-07,bathroomgraffiti,all,nonbrand,21.4,37,9200,final
2025-07-08,bathroomgraffiti,all,nonbrand,19.8,46,9438,final
2025-07-09,bathroomgraffiti,all,nonbrand,21.8,32,9783,final
2025-07-10,bathroomgraffiti,all,nonbrand,22.5,30,10074,final
2025-07-11,bathroomgraffiti,all,nonbrand,24.7,25,11804,final
2025-07-12,bathroomgraffiti,all,nonbrand,23.8,30,9633,final
2025-07-13,bathroomgraffiti,all,nonbrand,22.2,47,8673,final
2025-07-14,bathroomgraffiti,all,nonbrand,23.0,36,8575,final
2025-07-15,bathroomgraffiti,all,nonbrand,23.7,32,8705,final
2025-07-16,bathroomgraffiti,all,nonbrand,23.6,32,8297,final
2025-07-17,bathroomgraffiti,all,nonbrand,23.2,33,8649,final
2025-07-18,bathroomgraffiti,all,nonbrand,24.5,27,7828,final
2025-07-19,bathroomgraffiti,all,nonbrand,24.3,31,8379,final
2025-07-20,bathroomgraffiti,all,nonbrand,24.3,39,8775,final
2025-07-21,bathroomgraffiti,all,nonbrand,25.2,31,8137,final
2025-07-22,bathroomgraffiti,all,nonbrand,26.0,30,8750,final
2025-07-23,bathroomgraffiti,all,nonbrand,23.9,45,8551,final
2025-07-24,bathroomgraffiti,all,nonbrand,24.8,28,8264,final
2025-07-25,bathroomgraffiti,all,nonbrand,24.4,41,8697,final
2025-07-26,bathroomgraffiti,all,nonbrand,22.9,34,8292,final
2025-07-27,bathroomgraffiti,all,nonbrand,22.5,46,8595,final
2025-07-28,bathroomgraffiti,all,nonbrand,23.3,47,8956,final
2025-07-29,bathroomgraffiti,all,nonbrand,23.9,31,8706,final
2025-07-30,bathroomgraffiti,all,nonbrand,23.0,37,8682,final
2025-07-31,bathroomgraffiti,all,nonbrand,22.7,40,7973,final
2025-08-01,bathroomgraffiti,all,nonbrand,24.4,35,8965,final
2025-08-02,bathroomgraffiti,all,nonbrand,24.3,42,8490,final
2025-08-03,bathroomgraffiti,all,nonbrand,25.1,32,8746,final
2025-08-04,bathroomgraffiti,all,nonbrand,24.9,31,8878,final
2025-08-05,bathroomgraffiti,all,nonbrand,24.8,37,8975,final
2025-08-06,bathroomgraffiti,all,nonbrand,25.2,27,9547,final
2025-08-07,bathroomgraffiti,all,nonbrand,26.1,27,9537,final
2025-08-08,bathroomgraffiti,all,nonbrand,25.2,33,9171,final
2025-08-09,bathroomgraffiti,all,nonbrand,25.4,35,9403,final
2025-08-10,bathroomgraffiti,all,nonbrand,24.2,44,9541,final
2025-08-11,bathroomgraffiti,all,nonbrand,24.1,47,12405,final
2025-08-12,bathroomgraffiti,all,nonbrand,22.0,46,9444,final
2025-08-13,bathroomgraffiti,all,nonbrand,22.2,36,9393,final
2025-08-14,bathroomgraffiti,all,nonbrand,22.6,38,9013,final
2025-08-15,bathroomgraffiti,all,nonbrand,21.7,45,8603,final
2025-08-16,bathroomgraffiti,all,nonbrand,22.4,42,8601,final
2025-08-17,bathroomgraffiti,all,nonbrand,21.1,33,8504,final
2025-08-18,bathroomgraffiti,all,nonbrand,22.1,40,8804,final
2025-08-19,bathroomgraffiti,all,nonbrand,23.7,31,8943,final
2025-08-20,bathroomgraffiti,all,nonbrand,22.8,54,8959,final
2025-08-21,bathroomgraffiti,all,nonbrand,24.8,43,9186,final
2025-08-22,bathroomgraffiti,all,nonbrand,24.7,29,8766,final
2025-08-23,bathroomgraffiti,all,nonbrand,24.1,26,8676,final
2025-08-24,bathroomgraffiti,all,nonbrand,23.8,29,8701,final
2025-08-25,bathroomgraffiti,all,nonbrand,23.8,33,9013,final
2025-08-26,bathroomgraffiti,all,nonbrand,23.7,29,9382,final
2025-08-27,bathroomgraffiti,all,nonbrand,25.0,34,9863,final
2025-08-28,bathroomgraffiti,all,nonbrand,25.4,24,9461,final
2025-08-29,bathroomgraffiti,all,nonbrand,24.9,43,9525,final
2025-08-30,bathroomgraffiti,all,nonbrand,24.8,38,9349,final
2025-08-31,bathroomgraffiti,all,nonbrand,24.7,39,9374,final
2025-09-01,bathroomgraffiti,all,nonbrand,26.4,35,8655,final
2025-09-02,bathroomgraffiti,all,nonbrand,26.3,24,8480,final
2025-09-03,bathroomgraffiti,all,nonbrand,25.1,38,8959,final
2025-09-04,bathroomgraffiti,all,nonbrand,23.4,39,10207,final
2025-09-05,bathroomgraffiti,all,nonbrand,23.9,29,10054,final
2025-09-06,bathroomgraffiti,all,nonbrand,23.3,31,9857,final
2025-09-07,bathroomgraffiti,all,nonbrand,23.4,35,9580,final
2025-09-08,bathroomgraffiti,all,nonbrand,24.9,33,8644,final
2025-09-09,bathroomgraffiti,all,nonbrand,24.4,35,8905,final
2025-09-10,bathroomgraffiti,all,nonbrand,21.2,44,8499,final
2025-09-11,bathroomgraffiti,all,nonbrand,20.9,29,7707,final
2025-09-12,bathroomgraffiti,all,nonbrand,18.6,39,6853,final
2025-09-13,bathroomgraffiti,all,nonbrand,11.0,44,6960,final
2025-09-14,bathroomgraffiti,all,nonbrand,13.3,38,7174,final
2025-09-15,bathroomgraffiti,all,nonbrand,15.0,30,6610,final
2025-09-16,bathroomgraffiti,all,nonbrand,12.8,44,6348,final
2025-09-17,bathroomgraffiti,all,nonbrand,13.5,51,6977,final
2025-09-18,bathroomgraffiti,all,nonbrand,13.8,34,6439,final
2025-09-19,bathroomgraffiti,all,nonbrand,13.7,39,6478,final
2025-09-20,bathroomgraffiti,all,nonbrand,12.5,58,7078,final
2025-09-21,bathroomgraffiti,all,nonbrand,12.6,37,7107,final
2025-09-22,bathroomgraffiti,all,nonbrand,14.6,25,5962,final
2025-09-23,bathroomgraffiti,all,nonbrand,13.6,40,6296,final
2025-09-24,bathroomgraffiti,all,nonbrand,13.7,34,7278,final
2025-09-25,bathroomgraffiti,all,nonbrand,12.7,56,6581,final
2025-09-26,bathroomgraffiti,all,nonbrand,13.0,30,6753,final
2025-09-27,bathroomgraffiti,all,nonbrand,12.0,40,7810,final
2025-09-28,bathroomgraffiti,all,nonbrand,11.7,37,7475,final
2025-09-29,bathroomgraffiti,all,nonbrand,14.0,31,6379,final
2025-09-30,bathroomgraffiti,all,nonbrand,13.2,45,6455,final
2025-10-01,bathroomgraffiti,all,nonbrand,12.8,34,6995,final
2025-10-02,bathroomgraffiti,all,nonbrand,13.5,28,6470,final
2025-10-03,bathroomgraffiti,all,nonbrand,12.6,36,6319,final
2025-10-04,bathroomgraffiti,all,nonbrand,13.2,67,8064,final
2025-10-05,bathroomgraffiti,all,nonbrand,13.1,45,7596,final
2025-10-06,bathroomgraffiti,all,nonbrand,14.3,60,6404,final
2025-10-07,bathroomgraffiti,all,nonbrand,13.1,37,6307,final
2025-10-08,bathroomgraffiti,all,nonbrand,11.7,32,6659,final
2025-10-09,bathroomgraffiti,all,nonbrand,16.7,29,6961,final
2025-10-10,bathroomgraffiti,all,nonbrand,13.0,66,6127,final
2025-10-11,bathroomgraffiti,all,nonbrand,11.8,69,6683,final
2025-10-12,bathroomgraffiti,all,nonbrand,11.0,47,6923,final
2025-10-13,bathroomgraffiti,all,nonbrand,12.2,61,5708,final
2025-10-14,bathroomgraffiti,all,nonbrand,13.4,35,6016,final
2025-10-15,bathroomgraffiti,all,nonbrand,15.4,43,7727,final
2025-10-16,bathroomgraffiti,all,nonbrand,16.4,97,7997,final
2025-10-17,bathroomgraffiti,all,nonbrand,12.4,65,6444,final
2025-10-18,bathroomgraffiti,all,nonbrand,12.9,46,7597,final
2025-10-19,bathroomgraffiti,all,nonbrand,10.8,104,8218,final
2025-10-20,bathroomgraffiti,all,nonbrand,10.8,66,7554,final
2025-10-21,bathroomgraffiti,all,nonbrand,12.1,75,7892,final
2025-10-22,bathroomgraffiti,all,nonbrand,11.3,67,7915,final
2025-10-23,bathroomgraffiti,all,nonbrand,11.3,69,8153,final
2025-10-24,bathroomgraffiti,all,nonbrand,9.8,62,10017,final
2025-10-25,bathroomgraffiti,all,nonbrand,10.8,95,11031,final
2025-10-26,bathroomgraffiti,all,nonbrand,8.8,97,10437,final
2025-10-27,bathroomgraffiti,all,nonbrand,12.8,57,7607,final
2025-10-28,bathroomgraffiti,all,nonbrand,10.7,53,7579,final
2025-10-29,bathroomgraffiti,all,nonbrand,12.4,41,7933,final
2025-10-30,bathroomgraffiti,all,nonbrand,11.0,64,7773,final
2025-10-31,bathroomgraffiti,all,nonbrand,11.6,61,6786,final
2025-11-01,bathroomgraffiti,all,nonbrand,11.3,123,8857,final
2025-11-02,bathroomgraffiti,all,nonbrand,11.2,98,9289,final
2025-11-03,bathroomgraffiti,all,nonbrand,10.9,60,7236,final
2025-11-04,bathroomgraffiti,all,nonbrand,11.5,45,7227,final
2025-11-05,bathroomgraffiti,all,nonbrand,11.0,77,7830,final
2025-11-06,bathroomgraffiti,all,nonbrand,11.8,54,7332,final
2025-11-07,bathroomgraffiti,all,nonbrand,12.0,41,8128,final
2025-11-08,bathroomgraffiti,all,nonbrand,11.2,86,10011,final
2025-11-09,bathroomgraffiti,all,nonbrand,11.6,85,10785,final
2025-11-10,bathroomgraffiti,all,nonbrand,13.7,74,10295,final
2025-11-11,bathroomgraffiti,all,nonbrand,11.5,86,12587,final
2025-11-12,bathroomgraffiti,all,nonbrand,10.5,90,11372,final
2025-11-13,bathroomgraffiti,all,nonbrand,10.5,57,9766,final
2025-11-14,bathroomgraffiti,all,nonbrand,10.4,78,9922,final
2025-11-15,bathroomgraffiti,all,nonbrand,9.3,87,12317,final
2025-11-16,bathroomgraffiti,all,nonbrand,9.3,97,13396,final
2025-11-17,bathroomgraffiti,all,nonbrand,10.8,94,10267,final
2025-11-18,bathroomgraffiti,all,nonbrand,11.4,96,10724,final
2025-11-19,bathroomgraffiti,all,nonbrand,11.0,104,12699,final
2025-11-20,bathroomgraffiti,all,nonbrand,10.9,96,12384,final
2025-11-21,bathroomgraffiti,all,nonbrand,10.3,84,11963,final
2025-11-22,bathroomgraffiti,all,nonbrand,10.4,100,15546,final
2025-11-23,bathroomgraffiti,all,nonbrand,10.3,122,16581,final
2025-11-24,bathroomgraffiti,all,nonbrand,10.3,96,13731,final
2025-11-25,bathroomgraffiti,all,nonbrand,10.9,114,13874,final
2025-11-26,bathroomgraffiti,all,nonbrand,10.8,112,15009,final
2025-11-27,bathroomgraffiti,all,nonbrand,11.5,126,13402,final
2025-11-28,bathroomgraffiti,all,nonbrand,11.5,139,14696,final
2025-11-29,bathroomgraffiti,all,nonbrand,11.6,113,14797,final
2025-11-30,bathroomgraffiti,all,nonbrand,11.0,146,16338,final
2025-12-01,bathroomgraffiti,all,nonbrand,11.3,129,13273,final
2025-12-02,bathroomgraffiti,all,nonbrand,12.2,162,14098,final
2025-12-03,bathroomgraffiti,all,nonbrand,11.5,193,15275,final
2025-12-04,bathroomgraffiti,all,nonbrand,12.8,127,13841,final
2025-12-05,bathroomgraffiti,all,nonbrand,12.4,133,13019,final
2025-12-06,bathroomgraffiti,all,nonbrand,11.0,162,15175,final
2025-12-07,bathroomgraffiti,all,nonbrand,10.9,161,17331,final
2025-12-08,bathroomgraffiti,all,nonbrand,11.6,149,14274,final
2025-12-09,bathroomgraffiti,all,nonbrand,13.5,145,14163,final
2025-12-10,bathroomgraffiti,all,nonbrand,15.1,184,16592,final
2025-12-11,bathroomgraffiti,all,nonbrand,11.9,144,13119,final
2025-12-12,bathroomgraffiti,all,nonbrand,14.5,137,14596,final
2025-12-13,bathroomgraffiti,all,nonbrand,12.0,159,14097,final
2025-12-14,bathroomgraffiti,all,nonbrand,11.4,155,13801,final
2025-12-15,bathroomgraffiti,all,nonbrand,14.7,107,12519,final
2025-12-16,bathroomgraffiti,all,nonbrand,13.5,99,10682,final
2025-12-17,bathroomgraffiti,all,nonbrand,11.2,89,9917,final
2025-12-18,bathroomgraffiti,all,nonbrand,14.2,79,10203,final
2025-12-19,bathroomgraffiti,all,nonbrand,14.1,78,9656,final
2025-12-20,bathroomgraffiti,all,nonbrand,12.5,81,10416,final
2025-12-21,bathroomgraffiti,all,nonbrand,12.0,86,10293,final
2025-12-22,bathroomgraffiti,all,nonbrand,12.7,72,9785,final
2025-12-23,bathroomgraffiti,all,nonbrand,12.8,67,9332,final
2025-12-24,bathroomgraffiti,all,nonbrand,13.6,47,9067,final
2025-12-25,bathroomgraffiti,all,nonbrand,11.4,85,13131,final
2025-12-26,bathroomgraffiti,all,nonbrand,13.2,83,11149,final
2025-12-27,bathroomgraffiti,all,nonbrand,13.1,63,9868,final
2025-12-28,bathroomgraffiti,all,nonbrand,13.4,71,9114,final
2025-12-29,bathroomgraffiti,all,nonbrand,13.8,56,8646,final
2025-12-30,bathroomgraffiti,all,nonbrand,15.4,56,8211,final
2025-12-31,bathroomgraffiti,all,nonbrand,15.8,43,6773,final
2026-01-01,bathroomgraffiti,all,nonbrand,16.7,55,7425,final
2026-01-02,bathroomgraffiti,all,nonbrand,14.1,61,7780,final
2026-01-03,bathroomgraffiti,all,nonbrand,14.7,50,7018,final
2026-01-04,bathroomgraffiti,all,nonbrand,15.6,49,6961,final
2026-01-05,bathroomgraffiti,all,nonbrand,16.3,40,6389,final
2026-01-06,bathroomgraffiti,all,nonbrand,14.2,41,5893,final
2026-01-07,bathroomgraffiti,all,nonbrand,14.3,33,7600,final
2026-01-08,bathroomgraffiti,all,nonbrand,14.8,57,7174,final
2026-01-09,bathroomgraffiti,all,nonbrand,17.9,47,8134,final
2026-01-10,bathroomgraffiti,all,nonbrand,16.6,59,8836,final
2026-01-11,bathroomgraffiti,all,nonbrand,13.5,61,7189,final
2026-01-12,bathroomgraffiti,all,nonbrand,13.2,47,6137,final
2026-01-13,bathroomgraffiti,all,nonbrand,16.1,42,6571,final
2026-01-14,bathroomgraffiti,all,nonbrand,14.6,63,7107,final
2026-01-15,bathroomgraffiti,all,nonbrand,14.3,48,5900,final
2026-01-16,bathroomgraffiti,all,nonbrand,13.4,49,6122,final
2026-01-17,bathroomgraffiti,all,nonbrand,12.6,58,6778,final
2026-01-18,bathroomgraffiti,all,nonbrand,12.1,46,6587,final
2026-01-19,bathroomgraffiti,all,nonbrand,12.8,45,5754,final
2026-01-20,bathroomgraffiti,all,nonbrand,14.0,48,5762,final
2026-01-21,bathroomgraffiti,all,nonbrand,14.5,32,6183,final
2026-01-22,bathroomgraffiti,all,nonbrand,17.8,38,6293,final
2026-01-23,bathroomgraffiti,all,nonbrand,16.4,37,5821,final
2026-01-24,bathroomgraffiti,all,nonbrand,14.7,35,6290,final
2026-01-25,bathroomgraffiti,all,nonbrand,12.8,50,6850,final
2026-01-26,bathroomgraffiti,all,nonbrand,17.0,47,6595,final
2026-01-27,bathroomgraffiti,all,nonbrand,15.4,50,6819,final
2026-01-28,bathroomgraffiti,all,nonbrand,11.4,59,6165,final
2026-01-29,bathroomgraffiti,all,nonbrand,14.5,47,7044,final
2026-01-30,bathroomgraffiti,all,nonbrand,14.1,51,7636,final
2026-01-31,bathroomgraffiti,all,nonbrand,12.9,47,8002,final
2026-02-01,bathroomgraffiti,all,nonbrand,12.6,65,7291,final
2026-02-02,bathroomgraffiti,all,nonbrand,12.4,42,6138,final
2026-02-03,bathroomgraffiti,all,nonbrand,10.8,39,5524,final
2026-02-04,bathroomgraffiti,all,nonbrand,12.4,37,5982,final
2026-02-05,bathroomgraffiti,all,nonbrand,15.7,46,6161,final
2026-02-06,bathroomgraffiti,all,nonbrand,16.3,23,6485,final
2026-02-07,bathroomgraffiti,all,nonbrand,11.5,40,5940,final
2026-02-08,bathroomgraffiti,all,nonbrand,14.1,38,6361,final
2026-02-09,bathroomgraffiti,all,nonbrand,15.4,29,5744,final
2026-02-10,bathroomgraffiti,all,nonbrand,16.0,33,6436,final
2026-02-11,bathroomgraffiti,all,nonbrand,13.0,37,6462,final
2026-02-12,bathroomgraffiti,all,nonbrand,14.2,34,6183,final
2026-02-13,bathroomgraffiti,all,nonbrand,13.5,37,6243,final
2026-02-14,bathroomgraffiti,all,nonbrand,12.9,37,7017,final
2026-02-15,bathroomgraffiti,all,nonbrand,12.9,50,7614,final
2026-02-16,bathroomgraffiti,all,nonbrand,13.9,34,6386,final
2026-02-17,bathroomgraffiti,all,nonbrand,14.3,48,7463,final
2026-02-18,bathroomgraffiti,all,nonbrand,14.7,45,6867,final
2026-02-19,bathroomgraffiti,all,nonbrand,13.1,41,6960,final
2026-02-20,bathroomgraffiti,all,nonbrand,13.7,36,6620,final
2026-02-21,bathroomgraffiti,all,nonbrand,11.1,40,7720,final
2026-02-22,bathroomgraffiti,all,nonbrand,11.3,33,8045,final
2026-02-23,bathroomgraffiti,all,nonbrand,12.3,39,6811,final
2026-02-24,bathroomgraffiti,all,nonbrand,13.1,45,6912,final
2026-02-25,bathroomgraffiti,all,nonbrand,13.3,39,6843,final
2026-02-26,bathroomgraffiti,all,nonbrand,14.4,22,6936,final
2026-02-27,bathroomgraffiti,all,nonbrand,13.5,46,9685,final
2026-02-28,bathroomgraffiti,all,nonbrand,12.6,43,8363,final
2026-03-01,bathroomgraffiti,all,nonbrand,13.6,39,7051,final
2026-03-02,bathroomgraffiti,all,nonbrand,15.0,51,7429,final
2026-03-03,bathroomgraffiti,all,nonbrand,11.6,42,7853,final
2026-03-04,bathroomgraffiti,all,nonbrand,10.2,33,7006,final
2026-03-05,bathroomgraffiti,all,nonbrand,10.9,30,6560,final
2026-03-06,bathroomgraffiti,all,nonbrand,10.6,32,6674,final
2026-03-07,bathroomgraffiti,all,nonbrand,11.0,42,7597,final
2026-03-08,bathroomgraffiti,all,nonbrand,12.6,42,9325,final
2026-03-09,bathroomgraffiti,all,nonbrand,11.4,46,8642,final
2026-03-10,bathroomgraffiti,all,nonbrand,11.3,47,7561,final
2026-03-11,bathroomgraffiti,all,nonbrand,11.0,42,7512,final
2026-03-12,bathroomgraffiti,all,nonbrand,11.0,39,7122,final
2026-03-13,bathroomgraffiti,all,nonbrand,11.5,43,6761,final
2026-03-14,bathroomgraffiti,all,nonbrand,10.1,55,8572,final
2026-03-15,bathroomgraffiti,all,nonbrand,10.8,42,6955,final
2026-03-16,bathroomgraffiti,all,nonbrand,10.8,35,6420,final
2026-03-17,bathroomgraffiti,all,nonbrand,10.5,34,6329,final
2026-03-18,bathroomgraffiti,all,nonbrand,10.5,34,5989,final
2026-03-19,bathroomgraffiti,all,nonbrand,10.3,31,5270,final
2026-03-20,bathroomgraffiti,all,nonbrand,10.9,28,5393,final
2026-03-21,bathroomgraffiti,all,nonbrand,9.7,33,5942,final
2026-03-22,bathroomgraffiti,all,nonbrand,9.9,56,6393,final
2026-03-23,bathroomgraffiti,all,nonbrand,9.4,35,5905,final
2026-03-24,bathroomgraffiti,all,nonbrand,9.3,37,6002,final
2026-03-25,bathroomgraffiti,all,nonbrand,9.6,37,6187,final
2026-03-26,bathroomgraffiti,all,nonbrand,9.7,34,5390,final
2026-03-27,bathroomgraffiti,all,nonbrand,10.1,28,5264,final
2026-03-28,bathroomgraffiti,all,nonbrand,9.1,24,5400,final
2026-03-29,bathroomgraffiti,all,nonbrand,9.9,30,5099,final
2026-03-30,bathroomgraffiti,all,nonbrand,10.1,24,4770,final
2026-03-31,bathroomgraffiti,all,nonbrand,10.4,24,4808,final
2026-04-01,bathroomgraffiti,all,nonbrand,9.5,23,5023,final
2026-04-02,bathroomgraffiti,all,nonbrand,9.7,22,4491,final
2026-04-03,bathroomgraffiti,all,nonbrand,10.6,16,4222,final
2026-04-04,bathroomgraffiti,all,nonbrand,10.0,18,4608,final
2026-04-05,bathroomgraffiti,all,nonbrand,10.4,16,4804,final
2026-04-06,bathroomgraffiti,all,nonbrand,10.1,25,4365,final
2026-04-07,bathroomgraffiti,all,nonbrand,10.8,21,4169,final
2026-04-08,bathroomgraffiti,all,nonbrand,10.5,23,4567,final
2026-04-09,bathroomgraffiti,all,nonbrand,10.5,29,4519,final
2026-04-10,bathroomgraffiti,all,nonbrand,9.8,25,4210,final
2026-04-11,bathroomgraffiti,all,nonbrand,10.4,21,4992,final
2026-04-12,bathroomgraffiti,all,nonbrand,10.7,33,5115,final
2026-04-13,bathroomgraffiti,all,nonbrand,11.2,16,4991,final
2026-04-14,bathroomgraffiti,all,nonbrand,11.1,24,4824,final
2026-04-15,bathroomgraffiti,all,nonbrand,10.2,18,4539,final
2026-04-16,bathroomgraffiti,all,nonbrand,11.1,13,4464,final
2026-04-17,bathroomgraffiti,all,nonbrand,10.5,23,4145,final
2026-04-18,bathroomgraffiti,all,nonbrand,11.2,19,4506,final
2026-04-19,bathroomgraffiti,all,nonbrand,11.3,30,4503,final
2026-04-20,bathroomgraffiti,all,nonbrand,11.5,24,4178,final
2026-04-21,bathroomgraffiti,all,nonbrand,12.0,20,4504,final
2026-04-22,bathroomgraffiti,all,nonbrand,11.2,20,4302,final
2026-04-23,bathroomgraffiti,all,nonbrand,11.4,23,4085,final
2026-04-24,bathroomgraffiti,all,nonbrand,11.4,12,4200,final
2026-04-25,bathroomgraffiti,all,nonbrand,11.1,17,4328,final
2026-04-26,bathroomgraffiti,all,nonbrand,12.4,18,4216,final
2026-04-27,bathroomgraffiti,all,nonbrand,11.6,12,4001,final
2026-04-28,bathroomgraffiti,all,nonbrand,12.4,18,4387,final
2026-04-29,bathroomgraffiti,all,nonbrand,11.2,20,4197,final
2026-04-30,bathroomgraffiti,all,nonbrand,11.1,20,4438,final
2026-05-01,bathroomgraffiti,all,nonbrand,11.1,27,4025,final
2026-05-02,bathroomgraffiti,all,nonbrand,10.4,23,4079,final
2026-05-03,bathroomgraffiti,all,nonbrand,9.7,34,6533,final
2026-05-04,bathroomgraffiti,all,nonbrand,11.2,18,4131,final
2026-05-05,bathroomgraffiti,all,nonbrand,11.1,16,4335,final
2026-05-06,bathroomgraffiti,all,nonbrand,10.4,21,4416,final
2026-05-07,bathroomgraffiti,all,nonbrand,11.0,13,4842,final
2026-05-08,bathroomgraffiti,all,nonbrand,10.7,15,4439,final
2026-05-09,bathroomgraffiti,all,nonbrand,10.9,31,4410,final
2026-05-10,bathroomgraffiti,all,nonbrand,10.6,31,4591,final
2026-05-11,bathroomgraffiti,all,nonbrand,11.4,21,3862,final
2026-05-12,bathroomgraffiti,all,nonbrand,11.3,22,4100,final
2026-05-13,bathroomgraffiti,all,nonbrand,11.7,15,4472,final
2026-05-14,bathroomgraffiti,all,nonbrand,10.2,35,4723,final
2026-05-15,bathroomgraffiti,all,nonbrand,7.9,24,4262,final
2026-05-16,bathroomgraffiti,all,nonbrand,7.9,26,4153,final
2026-05-17,bathroomgraffiti,all,nonbrand,7.8,27,4270,final
2026-05-18,bathroomgraffiti,all,nonbrand,8.2,31,3897,final
2026-05-19,bathroomgraffiti,all,nonbrand,8.6,21,3759,final
2026-05-20,bathroomgraffiti,all,nonbrand,8.3,21,3869,final
2026-05-21,bathroomgraffiti,all,nonbrand,8.6,17,3493,final
2026-05-22,bathroomgraffiti,all,nonbrand,8.4,16,3374,final
2026-05-23,bathroomgraffiti,all,nonbrand,8.2,17,3455,final
2026-05-24,bathroomgraffiti,all,nonbrand,8.1,35,4192,final
2026-05-25,bathroomgraffiti,all,nonbrand,8.3,35,4503,final
2026-05-26,bathroomgraffiti,all,nonbrand,8.2,36,4724,final
2026-05-27,bathroomgraffiti,all,nonbrand,7.5,38,4225,final
2026-05-28,bathroomgraffiti,all,nonbrand,8.3,42,3980,final
2026-05-29,bathroomgraffiti,all,nonbrand,8.7,20,3818,final
2026-05-30,bathroomgraffiti,all,nonbrand,8.5,21,3607,final
2026-05-31,bathroomgraffiti,all,nonbrand,8.3,20,3442,final
2026-06-01,bathroomgraffiti,all,nonbrand,9.6,25,3513,final
2026-06-02,bathroomgraffiti,all,nonbrand,9.1,25,3570,final
2026-06-03,bathroomgraffiti,all,nonbrand,7.6,13,3727,final
2026-06-04,bathroomgraffiti,all,nonbrand,9.8,19,3250,final
2026-06-05,bathroomgraffiti,all,nonbrand,9.4,15,3051,final
2026-06-06,bathroomgraffiti,all,nonbrand,9.2,20,3401,final
2026-06-07,bathroomgraffiti,all,nonbrand,9.3,22,3861,final
2026-06-08,bathroomgraffiti,all,nonbrand,9.2,21,3286,final
2026-06-09,bathroomgraffiti,all,nonbrand,9.1,28,3158,final
2026-06-10,bathroomgraffiti,all,nonbrand,8.8,22,3115,final
2026-06-11,bathroomgraffiti,all,nonbrand,8.6,21,2983,final
2026-06-12,bathroomgraffiti,all,nonbrand,9.4,22,2915,final
2026-06-13,bathroomgraffiti,all,nonbrand,9.7,18,3079,final
2026-06-14,bathroomgraffiti,all,nonbrand,9.0,28,3224,final
2026-06-15,bathroomgraffiti,all,nonbrand,9.8,19,3144,final
2026-06-16,bathroomgraffiti,all,nonbrand,9.4,22,3568,final
2026-06-17,bathroomgraffiti,all,nonbrand,9.0,16,3309,final
2026-06-18,bathroomgraffiti,all,nonbrand,9.5,19,2997,final
2026-06-19,bathroomgraffiti,all,nonbrand,9.3,16,2865,final
2026-06-20,bathroomgraffiti,all,nonbrand,9.3,20,3076,final
2026-06-21,bathroomgraffiti,all,nonbrand,8.8,27,2909,final
2026-06-22,bathroomgraffiti,all,nonbrand,9.9,23,2818,final
2026-06-23,bathroomgraffiti,all,nonbrand,9.0,23,2889,final
2026-06-24,bathroomgraffiti,all,nonbrand,9.0,26,3188,final
2026-06-25,bathroomgraffiti,all,nonbrand,9.7,19,3046,final
2026-06-26,bathroomgraffiti,all,nonbrand,8.9,18,2969,final
2026-06-27,bathroomgraffiti,all,nonbrand,9.1,24,3295,final
2026-06-28,bathroomgraffiti,all,nonbrand,8.8,15,3133,final
2026-06-29,bathroomgraffiti,all,nonbrand,8.9,29,3133,final
2026-06-30,bathroomgraffiti,all,nonbrand,9.2,28,3222,final
2026-07-01,bathroomgraffiti,all,nonbrand,8.1,25,3802,final
2026-07-02,bathroomgraffiti,all,nonbrand,9.0,26,3233,final
2026-07-03,bathroomgraffiti,all,nonbrand,9.0,23,3112,final
2026-07-04,bathroomgraffiti,all,nonbrand,9.1,27,3374,final
2026-07-05,bathroomgraffiti,all,nonbrand,9.1,20,3326,final
2026-07-06,bathroomgraffiti,all,nonbrand,9.7,28,3138,final
2026-07-07,bathroomgraffiti,all,nonbrand,9.8,19,3018,final
2026-07-08,bathroomgraffiti,all,nonbrand,9.6,20,3347,final
2026-07-09,bathroomgraffiti,all,nonbrand,10.0,28,3368,final
2026-07-10,bathroomgraffiti,all,nonbrand,9.6,24,3071,final
2026-07-11,bathroomgraffiti,all,nonbrand,10.3,10,3197,final
2026-07-12,bathroomgraffiti,all,nonbrand,10.2,22,3286,final
2026-07-13,bathroomgraffiti,all,nonbrand,9.4,25,3335,final
2026-07-14,bathroomgraffiti,all,nonbrand,10.0,24,3386,final
2026-07-15,bathroomgraffiti,all,nonbrand,9.0,22,3145,final
2026-07-16,bathroomgraffiti,all,nonbrand,8.8,30,3555,final
2026-07-17,bathroomgraffiti,all,nonbrand,8.7,28,3262,final
2026-07-18,bathroomgraffiti,all,nonbrand,8.9,32,3476,final
2026-07-19,bathroomgraffiti,all,nonbrand,9.0,30,3338,final
2026-07-20,bathroomgraffiti,all,nonbrand,9.0,27,3271,final
2026-07-21,bathroomgraffiti,all,nonbrand,9.0,18,3480,final
2026-07-22,bathroomgraffiti,all,nonbrand,8.9,28,3268,final
2026-07-23,bathroomgraffiti,all,nonbrand,8.9,27,3396,final
2026-07-24,bathroomgraffiti,all,nonbrand,9.2,38,3406,final
2026-07-25,bathroomgraffiti,all,nonbrand,10.3,37,3682,final
2026-07-26,bathroomgraffiti,all,nonbrand,10.2,39,3869,final
2026-07-27,bathroomgraffiti,all,nonbrand,11.0,32,3903,final
2026-07-28,bathroomgraffiti,all,nonbrand,11.8,28,3862,final
2026-07-29,bathroomgraffiti,all,nonbrand,11.2,41,4260,final
2026-07-30,bathroomgraffiti,all,nonbrand,11.7,30,3996,final
2026-07-31,bathroomgraffiti,all,nonbrand,11.4,42,3923,final
2026-08-01,bathroomgraffiti,all,nonbrand,10.6,39,3930,final
2026-08-02,bathroomgraffiti,all,nonbrand,10.3,35,4750,final
2026-08-03,bathroomgraffiti,all,nonbrand,10.4,38,4458,final
2026-08-04,bathroomgraffiti,all,nonbrand,10.1,34,4789,final
2026-08-05,bathroomgraffiti,all,nonbrand,10.4,44,5332,final
2026-08-06,bathroomgraffiti,all,nonbrand,11.8,32,5748,final
2026-08-07,bathroomgraffiti,all,nonbrand,10.6,31,4684,final
2026-08-08,bathroomgraffiti,all,nonbrand,9.9,27,4932,final
2026-08-09,bathroomgraffiti,all,nonbrand,10.5,46,5105,final
2026-08-10,bathroomgraffiti,all,nonbrand,10.8,48,5180,final
2026-08-11,bathroomgraffiti,all,nonbrand,11.1,28,5195,final
2026-08-12,bathroomgraffiti,all,nonbrand,11.2,21,4900,final
2026-08-13,bathroomgraffiti,all,nonbrand,11.2,25,5138,final
2026-08-14,bathroomgraffiti,all,nonbrand,10.3,20,5035,final
2026-08-15,bathroomgraffiti,all,nonbrand,9.8,28,4775,final
2026-08-16,bathroomgraffiti,all,nonbrand,10.2,31,5279,final
2026-08-17,bathroomgraffiti,all,nonbrand,10.4,29,5667,final
2026-08-18,bathroomgraffiti,all,nonbrand,9.4,34,5603,final
2026-08-19,bathroomgraffiti,all,nonbrand,10.1,26,5890,final
2026-08-20,bathroomgraffiti,all,nonbrand,9.7,31,6014,final
2026-08-21,bathroomgraffiti,all,nonbrand,9.4,34,5531,final
2026-08-22,bathroomgraffiti,all,nonbrand,8.7,23,5533,final
2026-08-23,bathroomgraffiti,all,nonbrand,8.7,32,5445,final
2026-08-24,bathroomgraffiti,all,nonbrand,9.5,19,5621,final
2026-08-25,bathroomgraffiti,all,nonbrand,10.1,37,5696,final
2026-08-26,bathroomgraffiti,all,nonbrand,10.7,36,5880,final
2026-08-27,bathroomgraffiti,all,nonbrand,9.7,38,5688,final
2026-08-28,bathroomgraffiti,all,nonbrand,10.3,24,5628,final
2026-08-29,bathroomgraffiti,all,nonbrand,11.3,24,4762,final
2026-08-30,bathroomgraffiti,all,nonbrand,11.3,32,4571,final
2026-08-31,bathroomgraffiti,all,nonbrand,11.1,22,4214,final
2026-09-01,bathroomgraffiti,all,nonbrand,11.2,32,4127,final
2026-09-02,bathroomgraffiti,all,nonbrand,11.2,35,4290,final
2026-09-03,bathroomgraffiti,all,nonbrand,14.1,16,4838,final
2026-09-04,bathroomgraffiti,all,nonbrand,11.8,34,4455,final
2026-09-05,bathroomgraffiti,all,nonbrand,10.2,30,4863,final
2026-09-06,bathroomgraffiti,all,nonbrand,9.6,20,4615,final
2026-09-07,bathroomgraffiti,all,nonbrand,10.4,18,4335,final
2026-09-08,bathroomgraffiti,all,nonbrand,11.0,34,3902,final
2026-09-09,bathroomgraffiti,all,nonbrand,10.7,25,4039,final
2026-09-10,bathroomgraffiti,all,nonbrand,11.3,11,3147,final
2026-09-11,bathroomgraffiti,all,nonbrand,10.0,18,3552,final
2026-09-12,bathroomgraffiti,all,nonbrand,10.7,31,3960,final
2026-09-13,bathroomgraffiti,all,nonbrand,9.8,25,3884,final
2026-09-14,bathroomgraffiti,all,nonbrand,11.0,26,3343,final
2026-09-15,bathroomgraffiti,all,nonbrand,10.9,23,3105,final
2026-09-16,bathroomgraffiti,all,nonbrand,11.2,28,3452,final
2026-09-17,bathroomgraffiti,all,nonbrand,10.1,14,2849,final
2026-09-18,bathroomgraffiti,all,nonbrand,9.8,23,2966,final
2026-09-19,bathroomgraffiti,all,nonbrand,9.6,22,3168,final
2026-09-20,bathroomgraffiti,all,nonbrand,9.5,23,3086,final
2026-09-21,bathroomgraffiti,all,nonbrand,10.1,17,2845,final
2026-09-22,bathroomgraffiti,all,nonbrand,10.7,21,2862,final
2026-09-23,bathroomgraffiti,all,nonbrand,10.4,17,2943,final
2026-09-24,bathroomgraffiti,all,nonbrand,11.0,24,2725,final
2026-09-25,bathroomgraffiti,all,nonbrand,10.0,22,2814,final
2026-09-26,bathroomgraffiti,all,nonbrand,10.4,23,3279,final
2026-09-27,bathroomgraffiti,all,nonbrand,10.8,16,3130,final
2026-09-28,bathroomgraffiti,all,nonbrand,10.4,24,2484,final
2026-09-29,bathroomgraffiti,all,nonbrand,10.8,15,2711,final
2026-09-30,bathroomgraffiti,all,nonbrand,11.0,23,3104,final
2026-10-01,bathroomgraffiti,all,nonbrand,11.1,18,2925,final
2026-10-02,bathroomgraffiti,all,nonbrand,11.5,21,3182,final
2026-10-03,bathroomgraffiti,all,nonbrand,11.8,27,3815,final
2026-10-04,bathroomgraffiti,all,nonbrand,12.7,23,4025,final
2026-10-05,bathroomgraffiti,all,nonbrand,11.7,16,2958,fresh
2026-10-06,bathroomgraffiti,all,nonbrand,11.5,9,1316,fresh
2025-06-12,bathroomgraffiti,all,total,19.5,162,10149,final
2025-06-13,bathroomgraffiti,all,total,18.6,165,10186,final
2025-06-14,bathroomgraffiti,all,total,17.6,172,12150,final
2025-06-15,bathroomgraffiti,all,total,17.7,161,11729,final
2025-06-16,bathroomgraffiti,all,total,18.9,178,10848,final
2025-06-17,bathroomgraffiti,all,total,18.3,155,11150,final
2025-06-18,bathroomgraffiti,all,total,18.8,159,11862,final
2025-06-19,bathroomgraffiti,all,total,19.1,158,11263,final
2025-06-20,bathroomgraffiti,all,total,19.4,154,10889,final
2025-06-21,bathroomgraffiti,all,total,19.6,155,11091,final
2025-06-22,bathroomgraffiti,all,total,17.5,160,11157,final
2025-06-23,bathroomgraffiti,all,total,19.0,164,11467,final
2025-06-24,bathroomgraffiti,all,total,18.8,188,11663,final
2025-06-25,bathroomgraffiti,all,total,17.7,185,12415,final
2025-06-26,bathroomgraffiti,all,total,18.4,167,11830,final
2025-06-27,bathroomgraffiti,all,total,19.7,167,12464,final
2025-06-28,bathroomgraffiti,all,total,19.2,187,12233,final
2025-06-29,bathroomgraffiti,all,total,19.5,169,12322,final
2025-06-30,bathroomgraffiti,all,total,20.9,184,12627,final
2025-07-01,bathroomgraffiti,all,total,20.1,186,12672,final
2025-07-02,bathroomgraffiti,all,total,18.6,169,13625,final
2025-07-03,bathroomgraffiti,all,total,19.0,161,14560,final
2025-07-04,bathroomgraffiti,all,total,20.1,158,13875,final
2025-07-05,bathroomgraffiti,all,total,18.7,165,13912,final
2025-07-06,bathroomgraffiti,all,total,17.9,170,14224,final
2025-07-07,bathroomgraffiti,all,total,18.0,179,13715,final
2025-07-08,bathroomgraffiti,all,total,17.2,160,13689,final
2025-07-09,bathroomgraffiti,all,total,18.4,176,14141,final
2025-07-10,bathroomgraffiti,all,total,19.8,153,14511,final
2025-07-11,bathroomgraffiti,all,total,25.8,134,18104,final
2025-07-12,bathroomgraffiti,all,total,22.5,148,14692,final
2025-07-13,bathroomgraffiti,all,total,19.2,176,12246,final
2025-07-14,bathroomgraffiti,all,total,19.5,152,12269,final
2025-07-15,bathroomgraffiti,all,total,20.2,151,12520,final
2025-07-16,bathroomgraffiti,all,total,19.9,174,12084,final
2025-07-17,bathroomgraffiti,all,total,19.9,139,12310,final
2025-07-18,bathroomgraffiti,all,total,20.4,128,11744,final
2025-07-19,bathroomgraffiti,all,total,20.4,147,12265,final
2025-07-20,bathroomgraffiti,all,total,20.4,162,12598,final
2025-07-21,bathroomgraffiti,all,total,20.9,129,11935,final
2025-07-22,bathroomgraffiti,all,total,21.8,136,12837,final
2025-07-23,bathroomgraffiti,all,total,20.2,192,12721,final
2025-07-24,bathroomgraffiti,all,total,20.3,174,12302,final
2025-07-25,bathroomgraffiti,all,total,20.8,167,12918,final
2025-07-26,bathroomgraffiti,all,total,18.9,180,12349,final
2025-07-27,bathroomgraffiti,all,total,18.7,175,12470,final
2025-07-28,bathroomgraffiti,all,total,19.2,163,12946,final
2025-07-29,bathroomgraffiti,all,total,19.4,166,12522,final
2025-07-30,bathroomgraffiti,all,total,18.6,176,12697,final
2025-07-31,bathroomgraffiti,all,total,18.4,152,11982,final
2025-08-01,bathroomgraffiti,all,total,20.1,149,13009,final
2025-08-02,bathroomgraffiti,all,total,19.5,162,12477,final
2025-08-03,bathroomgraffiti,all,total,20.8,139,13265,final
2025-08-04,bathroomgraffiti,all,total,20.2,159,13028,final
2025-08-05,bathroomgraffiti,all,total,20.4,181,13058,final
2025-08-06,bathroomgraffiti,all,total,21.0,146,13944,final
2025-08-07,bathroomgraffiti,all,total,21.8,155,13806,final
2025-08-08,bathroomgraffiti,all,total,20.7,150,13290,final
2025-08-09,bathroomgraffiti,all,total,21.0,145,13898,final
2025-08-10,bathroomgraffiti,all,total,20.3,152,13725,final
2025-08-11,bathroomgraffiti,all,total,25.7,165,19450,final
2025-08-12,bathroomgraffiti,all,total,18.5,161,13956,final
2025-08-13,bathroomgraffiti,all,total,18.3,158,13793,final
2025-08-14,bathroomgraffiti,all,total,18.5,159,13469,final
2025-08-15,bathroomgraffiti,all,total,17.6,149,12976,final
2025-08-16,bathroomgraffiti,all,total,18.3,159,12934,final
2025-08-17,bathroomgraffiti,all,total,17.3,147,12651,final
2025-08-18,bathroomgraffiti,all,total,18.1,152,12896,final
2025-08-19,bathroomgraffiti,all,total,19.3,179,13551,final
2025-08-20,bathroomgraffiti,all,total,18.6,180,13502,final
2025-08-21,bathroomgraffiti,all,total,20.1,147,13506,final
2025-08-22,bathroomgraffiti,all,total,20.3,145,12979,final
2025-08-23,bathroomgraffiti,all,total,19.8,112,12796,final
2025-08-24,bathroomgraffiti,all,total,19.2,137,12819,final
2025-08-25,bathroomgraffiti,all,total,19.3,154,13233,final
2025-08-26,bathroomgraffiti,all,total,19.7,149,13803,final
2025-08-27,bathroomgraffiti,all,total,20.6,153,14597,final
2025-08-28,bathroomgraffiti,all,total,20.8,144,13783,final
2025-08-29,bathroomgraffiti,all,total,21.1,175,14382,final
2025-08-30,bathroomgraffiti,all,total,20.9,182,14213,final
2025-08-31,bathroomgraffiti,all,total,20.3,154,13490,final
2025-09-01,bathroomgraffiti,all,total,21.9,129,12480,final
2025-09-02,bathroomgraffiti,all,total,21.7,120,12065,final
2025-09-03,bathroomgraffiti,all,total,20.8,145,13699,final
2025-09-04,bathroomgraffiti,all,total,20.1,148,14316,final
2025-09-05,bathroomgraffiti,all,total,20.8,138,14452,final
2025-09-06,bathroomgraffiti,all,total,20.8,164,15172,final
2025-09-07,bathroomgraffiti,all,total,19.2,151,14066,final
2025-09-08,bathroomgraffiti,all,total,20.6,149,12601,final
2025-09-09,bathroomgraffiti,all,total,20.1,122,13012,final
2025-09-10,bathroomgraffiti,all,total,17.4,151,12841,final
2025-09-11,bathroomgraffiti,all,total,17.8,122,11651,final
2025-09-12,bathroomgraffiti,all,total,15.2,141,10663,final
2025-09-13,bathroomgraffiti,all,total,9.5,164,11333,final
2025-09-14,bathroomgraffiti,all,total,11.3,109,11360,final
2025-09-15,bathroomgraffiti,all,total,12.6,123,10430,final
2025-09-16,bathroomgraffiti,all,total,10.9,155,9880,final
2025-09-17,bathroomgraffiti,all,total,11.5,161,10857,final
2025-09-18,bathroomgraffiti,all,total,11.6,141,10186,final
2025-09-19,bathroomgraffiti,all,total,11.8,138,10332,final
2025-09-20,bathroomgraffiti,all,total,10.6,192,11701,final
2025-09-21,bathroomgraffiti,all,total,10.6,150,11480,final
2025-09-22,bathroomgraffiti,all,total,12.4,141,9778,final
2025-09-23,bathroomgraffiti,all,total,11.3,144,10203,final
2025-09-24,bathroomgraffiti,all,total,11.4,144,11416,final
2025-09-25,bathroomgraffiti,all,total,10.9,171,10153,final
2025-09-26,bathroomgraffiti,all,total,11.1,162,10758,final
2025-09-27,bathroomgraffiti,all,total,10.8,161,12299,final
2025-09-28,bathroomgraffiti,all,total,10.1,156,11548,final
2025-09-29,bathroomgraffiti,all,total,11.9,152,10070,final
2025-09-30,bathroomgraffiti,all,total,11.2,174,10171,final
2025-10-01,bathroomgraffiti,all,total,10.8,157,11127,final
2025-10-02,bathroomgraffiti,all,total,11.2,121,10260,final
2025-10-03,bathroomgraffiti,all,total,10.6,146,10433,final
2025-10-04,bathroomgraffiti,all,total,11.1,219,13042,final
2025-10-05,bathroomgraffiti,all,total,11.8,184,12565,final
2025-10-06,bathroomgraffiti,all,total,11.7,191,10212,final
2025-10-07,bathroomgraffiti,all,total,10.7,128,10149,final
2025-10-08,bathroomgraffiti,all,total,9.9,135,10973,final
2025-10-09,bathroomgraffiti,all,total,13.0,162,10902,final
2025-10-10,bathroomgraffiti,all,total,10.7,162,9944,final
2025-10-11,bathroomgraffiti,all,total,9.9,172,11575,final
2025-10-12,bathroomgraffiti,all,total,9.3,188,11378,final
2025-10-13,bathroomgraffiti,all,total,10.2,156,9428,final
2025-10-14,bathroomgraffiti,all,total,11.3,151,10169,final
2025-10-15,bathroomgraffiti,all,total,13.6,169,12438,final
2025-10-16,bathroomgraffiti,all,total,14.5,214,12563,final
2025-10-17,bathroomgraffiti,all,total,10.7,189,10223,final
2025-10-18,bathroomgraffiti,all,total,11.0,163,12427,final
2025-10-19,bathroomgraffiti,all,total,9.4,200,13023,final
2025-10-20,bathroomgraffiti,all,total,9.7,179,12235,final
2025-10-21,bathroomgraffiti,all,total,10.6,195,12460,final
2025-10-22,bathroomgraffiti,all,total,10.1,178,12394,final
2025-10-23,bathroomgraffiti,all,total,10.2,171,12727,final
2025-10-24,bathroomgraffiti,all,total,9.1,192,15093,final
2025-10-25,bathroomgraffiti,all,total,9.8,221,16006,final
2025-10-26,bathroomgraffiti,all,total,8.3,236,15417,final
2025-10-27,bathroomgraffiti,all,total,10.8,187,12210,final
2025-10-28,bathroomgraffiti,all,total,9.4,174,12150,final
2025-10-29,bathroomgraffiti,all,total,10.7,161,12543,final
2025-10-30,bathroomgraffiti,all,total,9.5,202,12496,final
2025-10-31,bathroomgraffiti,all,total,9.9,175,11010,final
2025-11-01,bathroomgraffiti,all,total,9.7,264,14037,final
2025-11-02,bathroomgraffiti,all,total,9.7,280,14812,final
2025-11-03,bathroomgraffiti,all,total,9.3,206,11993,final
2025-11-04,bathroomgraffiti,all,total,9.8,181,11831,final
2025-11-05,bathroomgraffiti,all,total,9.4,221,13067,final
2025-11-06,bathroomgraffiti,all,total,10.0,199,11994,final
2025-11-07,bathroomgraffiti,all,total,10.3,186,13003,final
2025-11-08,bathroomgraffiti,all,total,9.8,257,16080,final
2025-11-09,bathroomgraffiti,all,total,10.1,291,17165,final
2025-11-10,bathroomgraffiti,all,total,12.0,228,16381,final
2025-11-11,bathroomgraffiti,all,total,10.2,271,19559,final
2025-11-12,bathroomgraffiti,all,total,9.4,274,17601,final
2025-11-13,bathroomgraffiti,all,total,9.3,237,15405,final
2025-11-14,bathroomgraffiti,all,total,9.2,244,15783,final
2025-11-15,bathroomgraffiti,all,total,8.4,289,19309,final
2025-11-16,bathroomgraffiti,all,total,8.4,326,21263,final
2025-11-17,bathroomgraffiti,all,total,9.4,302,16674,final
2025-11-18,bathroomgraffiti,all,total,9.9,293,16923,final
2025-11-19,bathroomgraffiti,all,total,9.6,322,19717,final
2025-11-20,bathroomgraffiti,all,total,9.7,297,18884,final
2025-11-21,bathroomgraffiti,all,total,9.3,267,18529,final
2025-11-22,bathroomgraffiti,all,total,9.4,318,23263,final
2025-11-23,bathroomgraffiti,all,total,9.3,386,25703,final
2025-11-24,bathroomgraffiti,all,total,9.3,344,21356,final
2025-11-25,bathroomgraffiti,all,total,9.6,371,21981,final
2025-11-26,bathroomgraffiti,all,total,9.6,371,24428,final
2025-11-27,bathroomgraffiti,all,total,9.9,413,22127,final
2025-11-28,bathroomgraffiti,all,total,10.0,449,24189,final
2025-11-29,bathroomgraffiti,all,total,10.1,379,24885,final
2025-11-30,bathroomgraffiti,all,total,9.6,475,27031,final
2025-12-01,bathroomgraffiti,all,total,9.8,429,22954,final
2025-12-02,bathroomgraffiti,all,total,10.4,452,23087,final
2025-12-03,bathroomgraffiti,all,total,9.9,495,25151,final
2025-12-04,bathroomgraffiti,all,total,10.7,420,22743,final
2025-12-05,bathroomgraffiti,all,total,10.5,416,20998,final
2025-12-06,bathroomgraffiti,all,total,9.6,439,24722,final
2025-12-07,bathroomgraffiti,all,total,9.6,495,27902,final
2025-12-08,bathroomgraffiti,all,total,9.9,495,23769,final
2025-12-09,bathroomgraffiti,all,total,11.4,471,23398,final
2025-12-10,bathroomgraffiti,all,total,13.2,512,26567,final
2025-12-11,bathroomgraffiti,all,total,10.1,470,21648,final
2025-12-12,bathroomgraffiti,all,total,12.4,476,22993,final
2025-12-13,bathroomgraffiti,all,total,10.3,495,23451,final
2025-12-14,bathroomgraffiti,all,total,9.7,530,22993,final
2025-12-15,bathroomgraffiti,all,total,12.6,470,21129,final
2025-12-16,bathroomgraffiti,all,total,11.1,431,18261,final
2025-12-17,bathroomgraffiti,all,total,9.4,412,17498,final
2025-12-18,bathroomgraffiti,all,total,11.7,339,16727,final
2025-12-19,bathroomgraffiti,all,total,11.9,312,16195,final
2025-12-20,bathroomgraffiti,all,total,10.5,366,17887,final
2025-12-21,bathroomgraffiti,all,total,10.2,349,17083,final
2025-12-22,bathroomgraffiti,all,total,10.6,355,16692,final
2025-12-23,bathroomgraffiti,all,total,10.7,296,15437,final
2025-12-24,bathroomgraffiti,all,total,11.4,202,14135,final
2025-12-25,bathroomgraffiti,all,total,10.2,261,19338,final
2025-12-26,bathroomgraffiti,all,total,11.2,267,17044,final
2025-12-27,bathroomgraffiti,all,total,11.1,203,14952,final
2025-12-28,bathroomgraffiti,all,total,11.1,210,13859,final
2025-12-29,bathroomgraffiti,all,total,11.4,205,13491,final
2025-12-30,bathroomgraffiti,all,total,12.5,200,12741,final
2025-12-31,bathroomgraffiti,all,total,13.0,126,10372,final
2026-01-01,bathroomgraffiti,all,total,13.8,151,10940,final
2026-01-02,bathroomgraffiti,all,total,11.7,186,12199,final
2026-01-03,bathroomgraffiti,all,total,11.8,166,11366,final
2026-01-04,bathroomgraffiti,all,total,12.6,177,11201,final
2026-01-05,bathroomgraffiti,all,total,13.0,142,10187,final
2026-01-06,bathroomgraffiti,all,total,11.4,152,9576,final
2026-01-07,bathroomgraffiti,all,total,11.7,166,12006,final
2026-01-08,bathroomgraffiti,all,total,11.9,175,11255,final
2026-01-09,bathroomgraffiti,all,total,14.7,162,12494,final
2026-01-10,bathroomgraffiti,all,total,13.6,182,13985,final
2026-01-11,bathroomgraffiti,all,total,11.1,188,11901,final
2026-01-12,bathroomgraffiti,all,total,10.7,173,10263,final
2026-01-13,bathroomgraffiti,all,total,12.6,159,10698,final
2026-01-14,bathroomgraffiti,all,total,11.8,159,11426,final
2026-01-15,bathroomgraffiti,all,total,11.6,167,9779,final
2026-01-16,bathroomgraffiti,all,total,11.2,182,10062,final
2026-01-17,bathroomgraffiti,all,total,10.7,190,11511,final
2026-01-18,bathroomgraffiti,all,total,10.3,154,10916,final
2026-01-19,bathroomgraffiti,all,total,10.9,154,9659,final
2026-01-20,bathroomgraffiti,all,total,11.5,174,9557,final
2026-01-21,bathroomgraffiti,all,total,11.8,131,10164,final
2026-01-22,bathroomgraffiti,all,total,14.2,105,10091,final
2026-01-23,bathroomgraffiti,all,total,13.0,146,9710,final
2026-01-24,bathroomgraffiti,all,total,12.0,95,10625,final
2026-01-25,bathroomgraffiti,all,total,10.6,152,11038,final
2026-01-26,bathroomgraffiti,all,total,14.0,123,10353,final
2026-01-27,bathroomgraffiti,all,total,12.6,134,10875,final
2026-01-28,bathroomgraffiti,all,total,10.2,142,10394,final
2026-01-29,bathroomgraffiti,all,total,12.2,122,10959,final
2026-01-30,bathroomgraffiti,all,total,11.9,120,11463,final
2026-01-31,bathroomgraffiti,all,total,10.9,150,12756,final
2026-02-01,bathroomgraffiti,all,total,10.7,148,11717,final
2026-02-02,bathroomgraffiti,all,total,10.6,126,10012,final
2026-02-03,bathroomgraffiti,all,total,9.4,128,9291,final
2026-02-04,bathroomgraffiti,all,total,10.4,132,10015,final
2026-02-05,bathroomgraffiti,all,total,12.5,128,10126,final
2026-02-06,bathroomgraffiti,all,total,13.3,113,10320,final
2026-02-07,bathroomgraffiti,all,total,9.8,142,10335,final
2026-02-08,bathroomgraffiti,all,total,11.6,116,10401,final
2026-02-09,bathroomgraffiti,all,total,12.4,83,9515,final
2026-02-10,bathroomgraffiti,all,total,13.1,96,10565,final
2026-02-11,bathroomgraffiti,all,total,11.0,111,10988,final
2026-02-12,bathroomgraffiti,all,total,11.6,123,10492,final
2026-02-13,bathroomgraffiti,all,total,11.1,115,10481,final
2026-02-14,bathroomgraffiti,all,total,10.6,136,11978,final
2026-02-15,bathroomgraffiti,all,total,10.8,132,12110,final
2026-02-16,bathroomgraffiti,all,total,11.3,121,10487,final
2026-02-17,bathroomgraffiti,all,total,11.9,102,11371,final
2026-02-18,bathroomgraffiti,all,total,12.2,119,11068,final
2026-02-19,bathroomgraffiti,all,total,11.2,110,10780,final
2026-02-20,bathroomgraffiti,all,total,11.5,108,10380,final
2026-02-21,bathroomgraffiti,all,total,9.8,113,12200,final
2026-02-22,bathroomgraffiti,all,total,9.9,98,12401,final
2026-02-23,bathroomgraffiti,all,total,10.3,125,11182,final
2026-02-24,bathroomgraffiti,all,total,11.1,115,10960,final
2026-02-25,bathroomgraffiti,all,total,11.1,105,11083,final
2026-02-26,bathroomgraffiti,all,total,11.8,82,11209,final
2026-02-27,bathroomgraffiti,all,total,11.7,106,14033,final
2026-02-28,bathroomgraffiti,all,total,10.9,122,12855,final
2026-03-01,bathroomgraffiti,all,total,11.2,105,11096,final
2026-03-02,bathroomgraffiti,all,total,12.3,128,11258,final
2026-03-03,bathroomgraffiti,all,total,10.1,95,11610,final
2026-03-04,bathroomgraffiti,all,total,8.9,108,11118,final
2026-03-05,bathroomgraffiti,all,total,9.5,100,10530,final
2026-03-06,bathroomgraffiti,all,total,9.3,103,10570,final
2026-03-07,bathroomgraffiti,all,total,9.6,119,12168,final
2026-03-08,bathroomgraffiti,all,total,10.9,109,13509,final
2026-03-09,bathroomgraffiti,all,total,10.0,110,12544,final
2026-03-10,bathroomgraffiti,all,total,9.8,121,11334,final
2026-03-11,bathroomgraffiti,all,total,9.5,101,12016,final
2026-03-12,bathroomgraffiti,all,total,9.5,103,11183,final
2026-03-13,bathroomgraffiti,all,total,9.7,108,10868,final
2026-03-14,bathroomgraffiti,all,total,8.9,150,13692,final
2026-03-15,bathroomgraffiti,all,total,9.3,118,11183,final
2026-03-16,bathroomgraffiti,all,total,9.3,100,10241,final
2026-03-17,bathroomgraffiti,all,total,9.2,86,10389,final
2026-03-18,bathroomgraffiti,all,total,9.0,100,10115,final
2026-03-19,bathroomgraffiti,all,total,8.8,96,8886,final
2026-03-20,bathroomgraffiti,all,total,9.3,104,9074,final
2026-03-21,bathroomgraffiti,all,total,8.5,96,10177,final
2026-03-22,bathroomgraffiti,all,total,8.6,126,10360,final
2026-03-23,bathroomgraffiti,all,total,8.4,101,9467,final
2026-03-24,bathroomgraffiti,all,total,8.3,107,9609,final
2026-03-25,bathroomgraffiti,all,total,8.4,109,10355,final
2026-03-26,bathroomgraffiti,all,total,8.5,96,9078,final
2026-03-27,bathroomgraffiti,all,total,8.7,85,8867,final
2026-03-28,bathroomgraffiti,all,total,8.1,104,9534,final
2026-03-29,bathroomgraffiti,all,total,8.6,108,8716,final
2026-03-30,bathroomgraffiti,all,total,8.8,132,8123,final
2026-03-31,bathroomgraffiti,all,total,8.9,96,8178,final
2026-04-01,bathroomgraffiti,all,total,8.3,89,8454,final
2026-04-02,bathroomgraffiti,all,total,8.6,69,7640,final
2026-04-03,bathroomgraffiti,all,total,8.9,79,7204,final
2026-04-04,bathroomgraffiti,all,total,8.6,77,7860,final
2026-04-05,bathroomgraffiti,all,total,8.9,92,7933,final
2026-04-06,bathroomgraffiti,all,total,8.7,96,7282,final
2026-04-07,bathroomgraffiti,all,total,9.3,78,6802,final
2026-04-08,bathroomgraffiti,all,total,9.1,82,7280,final
2026-04-09,bathroomgraffiti,all,total,9.2,85,7047,final
2026-04-10,bathroomgraffiti,all,total,8.7,72,6905,final
2026-04-11,bathroomgraffiti,all,total,8.9,83,8363,final
2026-04-12,bathroomgraffiti,all,total,9.1,101,8517,final
2026-04-13,bathroomgraffiti,all,total,10.0,77,8357,final
2026-04-14,bathroomgraffiti,all,total,9.8,73,7754,final
2026-04-15,bathroomgraffiti,all,total,8.9,95,7695,final
2026-04-16,bathroomgraffiti,all,total,9.4,77,7561,final
2026-04-17,bathroomgraffiti,all,total,8.9,106,7148,final
2026-04-18,bathroomgraffiti,all,total,9.4,101,7704,final
2026-04-19,bathroomgraffiti,all,total,9.8,86,7562,final
2026-04-20,bathroomgraffiti,all,total,9.5,87,7053,final
2026-04-21,bathroomgraffiti,all,total,10.1,82,7274,final
2026-04-22,bathroomgraffiti,all,total,9.5,81,7224,final
2026-04-23,bathroomgraffiti,all,total,9.5,118,6863,final
2026-04-24,bathroomgraffiti,all,total,9.8,68,6893,final
2026-04-25,bathroomgraffiti,all,total,9.6,74,7064,final
2026-04-26,bathroomgraffiti,all,total,10.4,75,6880,final
2026-04-27,bathroomgraffiti,all,total,9.7,59,6653,final
2026-04-28,bathroomgraffiti,all,total,10.4,67,7189,final
2026-04-29,bathroomgraffiti,all,total,9.4,86,7035,final
2026-04-30,bathroomgraffiti,all,total,9.6,72,7101,final
2026-05-01,bathroomgraffiti,all,total,9.5,71,6798,final
2026-05-02,bathroomgraffiti,all,total,8.8,107,7127,final
2026-05-03,bathroomgraffiti,all,total,8.7,77,9773,final
2026-05-04,bathroomgraffiti,all,total,9.6,77,7195,final
2026-05-05,bathroomgraffiti,all,total,9.5,64,7220,final
2026-05-06,bathroomgraffiti,all,total,8.9,83,7641,final
2026-05-07,bathroomgraffiti,all,total,9.6,57,7777,final
2026-05-08,bathroomgraffiti,all,total,9.1,89,7655,final
2026-05-09,bathroomgraffiti,all,total,9.3,77,7513,final
2026-05-10,bathroomgraffiti,all,total,9.2,102,8010,final
2026-05-11,bathroomgraffiti,all,total,9.5,100,6771,final
2026-05-12,bathroomgraffiti,all,total,9.4,92,6998,final
2026-05-13,bathroomgraffiti,all,total,9.7,73,7651,final
2026-05-14,bathroomgraffiti,all,total,8.8,124,8213,final
2026-05-15,bathroomgraffiti,all,total,7.3,77,7634,final
2026-05-16,bathroomgraffiti,all,total,7.3,95,7485,final
2026-05-17,bathroomgraffiti,all,total,7.2,100,7461,final
2026-05-18,bathroomgraffiti,all,total,7.5,103,6790,final
2026-05-19,bathroomgraffiti,all,total,7.9,84,6751,final
2026-05-20,bathroomgraffiti,all,total,7.6,111,7028,final
2026-05-21,bathroomgraffiti,all,total,7.8,84,6077,final
2026-05-22,bathroomgraffiti,all,total,7.6,74,5984,final
2026-05-23,bathroomgraffiti,all,total,7.4,99,6458,final
2026-05-24,bathroomgraffiti,all,total,7.4,103,7329,final
2026-05-25,bathroomgraffiti,all,total,7.5,122,8017,final
2026-05-26,bathroomgraffiti,all,total,7.6,129,7933,final
2026-05-27,bathroomgraffiti,all,total,7.1,117,7748,final
2026-05-28,bathroomgraffiti,all,total,7.5,120,7242,final
2026-05-29,bathroomgraffiti,all,total,7.8,98,7056,final
2026-05-30,bathroomgraffiti,all,total,7.5,94,6836,final
2026-05-31,bathroomgraffiti,all,total,7.4,120,6966,final
2026-06-01,bathroomgraffiti,all,total,8.1,113,6539,final
2026-06-02,bathroomgraffiti,all,total,7.8,95,6682,final
2026-06-03,bathroomgraffiti,all,total,7.1,111,7231,final
2026-06-04,bathroomgraffiti,all,total,8.3,71,6265,final
2026-06-05,bathroomgraffiti,all,total,8.0,84,5815,final
2026-06-06,bathroomgraffiti,all,total,7.8,87,6561,final
2026-06-07,bathroomgraffiti,all,total,8.1,68,6935,final
2026-06-08,bathroomgraffiti,all,total,7.9,78,6420,final
2026-06-09,bathroomgraffiti,all,total,7.8,103,6286,final
2026-06-10,bathroomgraffiti,all,total,7.6,98,6352,final
2026-06-11,bathroomgraffiti,all,total,7.5,82,5939,final
2026-06-12,bathroomgraffiti,all,total,7.9,88,5864,final
2026-06-13,bathroomgraffiti,all,total,8.0,99,6319,final
2026-06-14,bathroomgraffiti,all,total,7.8,97,6408,final
2026-06-15,bathroomgraffiti,all,total,8.2,89,6212,final
2026-06-16,bathroomgraffiti,all,total,8.1,72,6922,final
2026-06-17,bathroomgraffiti,all,total,7.9,93,6759,final
2026-06-18,bathroomgraffiti,all,total,8.1,99,6079,final
2026-06-19,bathroomgraffiti,all,total,7.8,82,5760,final
2026-06-20,bathroomgraffiti,all,total,7.9,92,6395,final
2026-06-21,bathroomgraffiti,all,total,7.6,112,6010,final
2026-06-22,bathroomgraffiti,all,total,8.1,87,5830,final
2026-06-23,bathroomgraffiti,all,total,7.7,93,6086,final
2026-06-24,bathroomgraffiti,all,total,7.7,118,6658,final
2026-06-25,bathroomgraffiti,all,total,8.1,93,6251,final
2026-06-26,bathroomgraffiti,all,total,7.6,73,6104,final
2026-06-27,bathroomgraffiti,all,total,8.4,99,6596,final
2026-06-28,bathroomgraffiti,all,total,7.6,81,6344,final
2026-06-29,bathroomgraffiti,all,total,7.6,113,6420,final
2026-06-30,bathroomgraffiti,all,total,7.9,81,6394,final
2026-07-01,bathroomgraffiti,all,total,7.3,92,7210,final
2026-07-02,bathroomgraffiti,all,total,7.7,115,6483,final
2026-07-03,bathroomgraffiti,all,total,7.9,108,6123,final
2026-07-04,bathroomgraffiti,all,total,7.9,133,6441,final
2026-07-05,bathroomgraffiti,all,total,7.7,128,6320,final
2026-07-06,bathroomgraffiti,all,total,8.2,155,6151,final
2026-07-07,bathroomgraffiti,all,total,8.3,120,5798,final
2026-07-08,bathroomgraffiti,all,total,8.1,133,6287,final
2026-07-09,bathroomgraffiti,all,total,8.4,111,6247,final
2026-07-10,bathroomgraffiti,all,total,8.3,118,5947,final
2026-07-11,bathroomgraffiti,all,total,8.8,125,6266,final
2026-07-12,bathroomgraffiti,all,total,9.2,139,6420,final
2026-07-13,bathroomgraffiti,all,total,8.1,134,6247,final
2026-07-14,bathroomgraffiti,all,total,8.5,125,6334,final
2026-07-15,bathroomgraffiti,all,total,7.9,116,6164,final
2026-07-16,bathroomgraffiti,all,total,7.8,115,6479,final
2026-07-17,bathroomgraffiti,all,total,7.6,135,6319,final
2026-07-18,bathroomgraffiti,all,total,7.7,131,6553,final
2026-07-19,bathroomgraffiti,all,total,7.8,145,6490,final
2026-07-20,bathroomgraffiti,all,total,7.9,147,6334,final
2026-07-21,bathroomgraffiti,all,total,7.8,120,6698,final
2026-07-22,bathroomgraffiti,all,total,7.8,147,6618,final
2026-07-23,bathroomgraffiti,all,total,7.9,140,6390,final
2026-07-24,bathroomgraffiti,all,total,8.1,144,6450,final
2026-07-25,bathroomgraffiti,all,total,8.7,145,6970,final
2026-07-26,bathroomgraffiti,all,total,8.7,130,7011,final
2026-07-27,bathroomgraffiti,all,total,9.5,142,7126,final
2026-07-28,bathroomgraffiti,all,total,9.6,155,7063,final
2026-07-29,bathroomgraffiti,all,total,9.4,191,7579,final
2026-07-30,bathroomgraffiti,all,total,9.7,164,7253,final
2026-07-31,bathroomgraffiti,all,total,9.5,160,7045,final
2026-08-01,bathroomgraffiti,all,total,9.0,156,7040,final
2026-08-02,bathroomgraffiti,all,total,9.2,140,7976,final
2026-08-03,bathroomgraffiti,all,total,9.3,164,7536,final
2026-08-04,bathroomgraffiti,all,total,8.7,139,7865,final
2026-08-05,bathroomgraffiti,all,total,9.1,145,8388,final
2026-08-06,bathroomgraffiti,all,total,10.2,126,8932,final
2026-08-07,bathroomgraffiti,all,total,9.1,128,7765,final
2026-08-08,bathroomgraffiti,all,total,8.6,118,7999,final
2026-08-09,bathroomgraffiti,all,total,9.3,145,8215,final
2026-08-10,bathroomgraffiti,all,total,9.4,154,8406,final
2026-08-11,bathroomgraffiti,all,total,9.9,152,8387,final
2026-08-12,bathroomgraffiti,all,total,9.7,113,7848,final
2026-08-13,bathroomgraffiti,all,total,9.6,131,8360,final
2026-08-14,bathroomgraffiti,all,total,8.7,118,8464,final
2026-08-15,bathroomgraffiti,all,total,8.3,125,8281,final
2026-08-16,bathroomgraffiti,all,total,8.6,143,8827,final
2026-08-17,bathroomgraffiti,all,total,9.0,136,9331,final
2026-08-18,bathroomgraffiti,all,total,8.2,135,9189,final
2026-08-19,bathroomgraffiti,all,total,9.0,134,9481,final
2026-08-20,bathroomgraffiti,all,total,8.7,124,9553,final
2026-08-21,bathroomgraffiti,all,total,8.4,118,8843,final
2026-08-22,bathroomgraffiti,all,total,8.0,106,8912,final
2026-08-23,bathroomgraffiti,all,total,7.8,134,8699,final
2026-08-24,bathroomgraffiti,all,total,8.4,137,8937,final
2026-08-25,bathroomgraffiti,all,total,8.9,158,9039,final
2026-08-26,bathroomgraffiti,all,total,9.5,146,9352,final
2026-08-27,bathroomgraffiti,all,total,8.6,160,9054,final
2026-08-28,bathroomgraffiti,all,total,9.0,117,8958,final
2026-08-29,bathroomgraffiti,all,total,9.5,131,8386,final
2026-08-30,bathroomgraffiti,all,total,9.6,144,7991,final
2026-08-31,bathroomgraffiti,all,total,9.3,123,7490,final
2026-09-01,bathroomgraffiti,all,total,9.2,118,7030,final
2026-09-02,bathroomgraffiti,all,total,9.0,142,7449,final
2026-09-03,bathroomgraffiti,all,total,11.5,104,7707,final
2026-09-04,bathroomgraffiti,all,total,9.6,119,7570,final
2026-09-05,bathroomgraffiti,all,total,8.4,118,8540,final
2026-09-06,bathroomgraffiti,all,total,8.2,140,8199,final
2026-09-07,bathroomgraffiti,all,total,8.7,109,7297,final
2026-09-08,bathroomgraffiti,all,total,9.0,144,6783,final
2026-09-09,bathroomgraffiti,all,total,9.1,124,7142,final
2026-09-10,bathroomgraffiti,all,total,9.6,112,5774,final
2026-09-11,bathroomgraffiti,all,total,8.4,107,6158,final
2026-09-12,bathroomgraffiti,all,total,8.7,117,7197,final
2026-09-13,bathroomgraffiti,all,total,8.3,106,6951,final
2026-09-14,bathroomgraffiti,all,total,8.8,148,5968,final
2026-09-15,bathroomgraffiti,all,total,8.8,100,5566,final
2026-09-16,bathroomgraffiti,all,total,8.9,117,6100,final
2026-09-17,bathroomgraffiti,all,total,8.2,105,5250,final
2026-09-18,bathroomgraffiti,all,total,8.1,121,5365,final
2026-09-19,bathroomgraffiti,all,total,7.8,120,5942,final
2026-09-20,bathroomgraffiti,all,total,7.7,122,5788,final
2026-09-21,bathroomgraffiti,all,total,8.1,102,5079,final
2026-09-22,bathroomgraffiti,all,total,8.5,95,5202,final
2026-09-23,bathroomgraffiti,all,total,8.3,124,5497,final
2026-09-24,bathroomgraffiti,all,total,8.7,122,5110,final
2026-09-25,bathroomgraffiti,all,total,8.1,131,5355,final
2026-09-26,bathroomgraffiti,all,total,8.2,128,6183,final
2026-09-27,bathroomgraffiti,all,total,8.4,128,5879,final
2026-09-28,bathroomgraffiti,all,total,8.0,129,4998,final
2026-09-29,bathroomgraffiti,all,total,8.2,132,5440,final
2026-09-30,bathroomgraffiti,all,total,8.4,119,6164,final
2026-10-01,bathroomgraffiti,all,total,8.4,122,5636,final
2026-10-02,bathroomgraffiti,all,total,8.9,127,5831,final
2026-10-03,bathroomgraffiti,all,total,9.1,166,7066,final
2026-10-04,bathroomgraffiti,all,total,9.9,144,7219,final
2026-10-05,bathroomgraffiti,all,total,9.4,103,5751,fresh
2026-10-06,bathroomgraffiti,all,total,9.0,43,2308,fresh
2025-06-12,bathroomgraffiti,fra,brand,1.0,49,86,final
2025-06-13,bathroomgraffiti,fra,brand,1.2,41,74,final
2025-06-14,bathroomgraffiti,fra,brand,1.0,62,117,final
2025-06-15,bathroomgraffiti,fra,brand,1.1,53,121,final
2025-06-16,bathroomgraffiti,fra,brand,1.0,62,110,final
2025-06-17,bathroomgraffiti,fra,brand,1.0,58,98,final
2025-06-18,bathroomgraffiti,fra,brand,1.1,46,92,final
2025-06-19,bathroomgraffiti,fra,brand,1.1,45,71,final
2025-06-20,bathroomgraffiti,fra,brand,1.1,59,98,final
2025-06-21,bathroomgraffiti,fra,brand,1.1,43,83,final
2025-06-22,bathroomgraffiti,fra,brand,1.1,50,86,final
2025-06-23,bathroomgraffiti,fra,brand,1.1,51,97,final
2025-06-24,bathroomgraffiti,fra,brand,1.1,72,116,final
2025-06-25,bathroomgraffiti,fra,brand,1.3,68,110,final
2025-06-26,bathroomgraffiti,fra,brand,1.3,49,105,final
2025-06-27,bathroomgraffiti,fra,brand,1.2,47,85,final
2025-06-28,bathroomgraffiti,fra,brand,1.1,50,87,final
2025-06-29,bathroomgraffiti,fra,brand,1.0,38,81,final
2025-06-30,bathroomgraffiti,fra,brand,1.0,49,97,final
2025-07-01,bathroomgraffiti,fra,brand,1.0,45,82,final
2025-07-02,bathroomgraffiti,fra,brand,1.0,55,96,final
2025-07-03,bathroomgraffiti,fra,brand,1.1,58,103,final
2025-07-04,bathroomgraffiti,fra,brand,1.0,56,81,final
2025-07-05,bathroomgraffiti,fra,brand,1.3,51,98,final
2025-07-06,bathroomgraffiti,fra,brand,1.3,44,83,final
2025-07-07,bathroomgraffiti,fra,brand,1.0,56,102,final
2025-07-08,bathroomgraffiti,fra,brand,1.0,44,83,final
2025-07-09,bathroomgraffiti,fra,brand,1.1,56,107,final
2025-07-10,bathroomgraffiti,fra,brand,1.1,59,110,final
2025-07-11,bathroomgraffiti,fra,brand,1.2,47,95,final
2025-07-12,bathroomgraffiti,fra,brand,1.1,47,97,final
2025-07-13,bathroomgraffiti,fra,brand,1.0,59,102,final
2025-07-14,bathroomgraffiti,fra,brand,1,37,77,final
2025-07-15,bathroomgraffiti,fra,brand,1.0,59,107,final
2025-07-16,bathroomgraffiti,fra,brand,1.2,60,101,final
2025-07-17,bathroomgraffiti,fra,brand,1.0,42,74,final
2025-07-18,bathroomgraffiti,fra,brand,1.0,43,89,final
2025-07-19,bathroomgraffiti,fra,brand,1.1,46,91,final
2025-07-20,bathroomgraffiti,fra,brand,1.0,51,104,final
2025-07-21,bathroomgraffiti,fra,brand,1.1,47,87,final
2025-07-22,bathroomgraffiti,fra,brand,1.0,49,90,final
2025-07-23,bathroomgraffiti,fra,brand,1.0,67,129,final
2025-07-24,bathroomgraffiti,fra,brand,1.1,57,118,final
2025-07-25,bathroomgraffiti,fra,brand,1.1,71,140,final
2025-07-26,bathroomgraffiti,fra,brand,1.1,57,110,final
2025-07-27,bathroomgraffiti,fra,brand,1.2,49,96,final
2025-07-28,bathroomgraffiti,fra,brand,1.0,48,99,final
2025-07-29,bathroomgraffiti,fra,brand,1.1,40,77,final
2025-07-30,bathroomgraffiti,fra,brand,1.1,69,123,final
2025-07-31,bathroomgraffiti,fra,brand,1.2,40,82,final
2025-08-01,bathroomgraffiti,fra,brand,1.1,55,96,final
2025-08-02,bathroomgraffiti,fra,brand,1.0,44,84,final
2025-08-03,bathroomgraffiti,fra,brand,1,35,63,final
2025-08-04,bathroomgraffiti,fra,brand,1.0,61,97,final
2025-08-05,bathroomgraffiti,fra,brand,1.1,69,120,final
2025-08-06,bathroomgraffiti,fra,brand,1.1,52,102,final
2025-08-07,bathroomgraffiti,fra,brand,1.1,45,93,final
2025-08-08,bathroomgraffiti,fra,brand,1,41,77,final
2025-08-09,bathroomgraffiti,fra,brand,1.1,39,80,final
2025-08-10,bathroomgraffiti,fra,brand,1.0,42,85,final
2025-08-11,bathroomgraffiti,fra,brand,1.1,42,95,final
2025-08-12,bathroomgraffiti,fra,brand,1.1,45,89,final
2025-08-13,bathroomgraffiti,fra,brand,1.1,44,72,final
2025-08-14,bathroomgraffiti,fra,brand,1.0,42,89,final
2025-08-15,bathroomgraffiti,fra,brand,1.1,40,77,final
2025-08-16,bathroomgraffiti,fra,brand,1.0,54,93,final
2025-08-17,bathroomgraffiti,fra,brand,1.0,35,78,final
2025-08-18,bathroomgraffiti,fra,brand,1.2,31,82,final
2025-08-19,bathroomgraffiti,fra,brand,1.1,66,116,final
2025-08-20,bathroomgraffiti,fra,brand,1.1,48,88,final
2025-08-21,bathroomgraffiti,fra,brand,1.1,44,83,final
2025-08-22,bathroomgraffiti,fra,brand,1.1,48,95,final
2025-08-23,bathroomgraffiti,fra,brand,1.1,25,74,final
2025-08-24,bathroomgraffiti,fra,brand,1.1,43,79,final
2025-08-25,bathroomgraffiti,fra,brand,1.0,44,94,final
2025-08-26,bathroomgraffiti,fra,brand,1.0,35,78,final
2025-08-27,bathroomgraffiti,fra,brand,1.1,51,82,final
2025-08-28,bathroomgraffiti,fra,brand,1.2,53,105,final
2025-08-29,bathroomgraffiti,fra,brand,1.1,56,89,final
2025-08-30,bathroomgraffiti,fra,brand,1.1,54,99,final
2025-08-31,bathroomgraffiti,fra,brand,1.0,45,81,final
2025-09-01,bathroomgraffiti,fra,brand,1.2,28,80,final
2025-09-02,bathroomgraffiti,fra,brand,1.2,44,90,final
2025-09-03,bathroomgraffiti,fra,brand,1.0,48,72,final
2025-09-04,bathroomgraffiti,fra,brand,1.0,51,84,final
2025-09-05,bathroomgraffiti,fra,brand,1.1,44,78,final
2025-09-06,bathroomgraffiti,fra,brand,1.1,53,86,final
2025-09-07,bathroomgraffiti,fra,brand,1.1,43,71,final
2025-09-08,bathroomgraffiti,fra,brand,1.0,49,79,final
2025-09-09,bathroomgraffiti,fra,brand,1.1,41,70,final
2025-09-10,bathroomgraffiti,fra,brand,1.0,37,66,final
2025-09-11,bathroomgraffiti,fra,brand,1.0,44,80,final
2025-09-12,bathroomgraffiti,fra,brand,1.1,35,68,final
2025-09-13,bathroomgraffiti,fra,brand,1.1,47,97,final
2025-09-14,bathroomgraffiti,fra,brand,1.1,20,41,final
2025-09-15,bathroomgraffiti,fra,brand,1.1,38,65,final
2025-09-16,bathroomgraffiti,fra,brand,1.0,36,71,final
2025-09-17,bathroomgraffiti,fra,brand,1.1,48,78,final
2025-09-18,bathroomgraffiti,fra,brand,1.1,51,93,final
2025-09-19,bathroomgraffiti,fra,brand,1.4,45,91,final
2025-09-20,bathroomgraffiti,fra,brand,1.2,56,88,final
2025-09-21,bathroomgraffiti,fra,brand,1.2,44,89,final
2025-09-22,bathroomgraffiti,fra,brand,1.0,43,66,final
2025-09-23,bathroomgraffiti,fra,brand,4.9,46,109,final
2025-09-24,bathroomgraffiti,fra,brand,1.0,51,78,final
2025-09-25,bathroomgraffiti,fra,brand,1.0,55,82,final
2025-09-26,bathroomgraffiti,fra,brand,1.1,70,117,final
2025-09-27,bathroomgraffiti,fra,brand,1.0,43,87,final
2025-09-28,bathroomgraffiti,fra,brand,1.2,40,69,final
2025-09-29,bathroomgraffiti,fra,brand,1.1,44,76,final
2025-09-30,bathroomgraffiti,fra,brand,1.0,58,100,final
2025-10-01,bathroomgraffiti,fra,brand,1.2,43,86,final
2025-10-02,bathroomgraffiti,fra,brand,1.1,32,63,final
2025-10-03,bathroomgraffiti,fra,brand,1.2,49,84,final
2025-10-04,bathroomgraffiti,fra,brand,1.4,59,103,final
2025-10-05,bathroomgraffiti,fra,brand,1.2,52,79,final
2025-10-06,bathroomgraffiti,fra,brand,1.1,48,79,final
2025-10-07,bathroomgraffiti,fra,brand,1.2,33,59,final
2025-10-08,bathroomgraffiti,fra,brand,1.1,42,75,final
2025-10-09,bathroomgraffiti,fra,brand,1.5,62,98,final
2025-10-10,bathroomgraffiti,fra,brand,1.2,33,85,final
2025-10-11,bathroomgraffiti,fra,brand,1.2,35,97,final
2025-10-12,bathroomgraffiti,fra,brand,1.2,46,93,final
2025-10-13,bathroomgraffiti,fra,brand,1.1,31,67,final
2025-10-14,bathroomgraffiti,fra,brand,2.0,28,74,final
2025-10-15,bathroomgraffiti,fra,brand,1.0,53,103,final
2025-10-16,bathroomgraffiti,fra,brand,1.3,49,83,final
2025-10-17,bathroomgraffiti,fra,brand,1.1,46,79,final
2025-10-18,bathroomgraffiti,fra,brand,1.1,32,84,final
2025-10-19,bathroomgraffiti,fra,brand,1.3,15,77,final
2025-10-20,bathroomgraffiti,fra,brand,1.0,42,80,final
2025-10-21,bathroomgraffiti,fra,brand,1.3,41,77,final
2025-10-22,bathroomgraffiti,fra,brand,1,45,75,final
2025-10-23,bathroomgraffiti,fra,brand,1.1,32,60,final
2025-10-24,bathroomgraffiti,fra,brand,1.0,49,81,final
2025-10-25,bathroomgraffiti,fra,brand,1.1,40,73,final
2025-10-26,bathroomgraffiti,fra,brand,1.3,54,82,final
2025-10-27,bathroomgraffiti,fra,brand,1.1,43,82,final
2025-10-28,bathroomgraffiti,fra,brand,1.4,49,70,final
2025-10-29,bathroomgraffiti,fra,brand,1.0,49,81,final
2025-10-30,bathroomgraffiti,fra,brand,1.0,48,91,final
2025-10-31,bathroomgraffiti,fra,brand,1.0,30,63,final
2025-11-01,bathroomgraffiti,fra,brand,1.1,40,96,final
2025-11-02,bathroomgraffiti,fra,brand,1.3,50,80,final
2025-11-03,bathroomgraffiti,fra,brand,1.3,54,104,final
2025-11-04,bathroomgraffiti,fra,brand,1.1,43,91,final
2025-11-05,bathroomgraffiti,fra,brand,1.1,66,100,final
2025-11-06,bathroomgraffiti,fra,brand,1.1,58,103,final
2025-11-07,bathroomgraffiti,fra,brand,1.0,60,101,final
2025-11-08,bathroomgraffiti,fra,brand,1.0,62,101,final
2025-11-09,bathroomgraffiti,fra,brand,1.3,72,119,final
2025-11-10,bathroomgraffiti,fra,brand,1.1,56,105,final
2025-11-11,bathroomgraffiti,fra,brand,1.1,55,93,final
2025-11-12,bathroomgraffiti,fra,brand,1.1,69,108,final
2025-11-13,bathroomgraffiti,fra,brand,1.1,69,96,final
2025-11-14,bathroomgraffiti,fra,brand,1.1,54,95,final
2025-11-15,bathroomgraffiti,fra,brand,1.1,66,113,final
2025-11-16,bathroomgraffiti,fra,brand,1.0,79,103,final
2025-11-17,bathroomgraffiti,fra,brand,1.1,74,130,final
2025-11-18,bathroomgraffiti,fra,brand,1.0,63,102,final
2025-11-19,bathroomgraffiti,fra,brand,1.1,81,113,final
2025-11-20,bathroomgraffiti,fra,brand,1.1,83,127,final
2025-11-21,bathroomgraffiti,fra,brand,1.1,71,116,final
2025-11-22,bathroomgraffiti,fra,brand,1.0,70,110,final
2025-11-23,bathroomgraffiti,fra,brand,1.0,88,129,final
2025-11-24,bathroomgraffiti,fra,brand,1.1,89,134,final
2025-11-25,bathroomgraffiti,fra,brand,1.2,86,129,final
2025-11-26,bathroomgraffiti,fra,brand,3.8,91,147,final
2025-11-27,bathroomgraffiti,fra,brand,1.0,105,142,final
2025-11-28,bathroomgraffiti,fra,brand,1.1,111,172,final
2025-11-29,bathroomgraffiti,fra,brand,1.1,94,163,final
2025-11-30,bathroomgraffiti,fra,brand,1.1,122,196,final
2025-12-01,bathroomgraffiti,fra,brand,1.3,100,159,final
2025-12-02,bathroomgraffiti,fra,brand,1.2,96,145,final
2025-12-03,bathroomgraffiti,fra,brand,1.0,116,158,final
2025-12-04,bathroomgraffiti,fra,brand,1.1,121,184,final
2025-12-05,bathroomgraffiti,fra,brand,1.2,102,157,final
2025-12-06,bathroomgraffiti,fra,brand,1.0,92,150,final
2025-12-07,bathroomgraffiti,fra,brand,1.2,113,189,final
2025-12-08,bathroomgraffiti,fra,brand,1.2,135,209,final
2025-12-09,bathroomgraffiti,fra,brand,1.1,123,189,final
2025-12-10,bathroomgraffiti,fra,brand,1.1,144,208,final
2025-12-11,bathroomgraffiti,fra,brand,1.3,113,186,final
2025-12-12,bathroomgraffiti,fra,brand,1.1,148,240,final
2025-12-13,bathroomgraffiti,fra,brand,1.2,144,287,final
2025-12-14,bathroomgraffiti,fra,brand,1.1,152,267,final
2025-12-15,bathroomgraffiti,fra,brand,1.1,161,255,final
2025-12-16,bathroomgraffiti,fra,brand,1.2,147,224,final
2025-12-17,bathroomgraffiti,fra,brand,1.2,141,237,final
2025-12-18,bathroomgraffiti,fra,brand,1.1,126,214,final
2025-12-19,bathroomgraffiti,fra,brand,1.0,107,184,final
2025-12-20,bathroomgraffiti,fra,brand,1.1,132,236,final
2025-12-21,bathroomgraffiti,fra,brand,1.0,111,219,final
2025-12-22,bathroomgraffiti,fra,brand,3.3,132,209,final
2025-12-23,bathroomgraffiti,fra,brand,1.1,97,193,final
2025-12-24,bathroomgraffiti,fra,brand,1.2,73,166,final
2025-12-25,bathroomgraffiti,fra,brand,1.0,62,108,final
2025-12-26,bathroomgraffiti,fra,brand,1.1,67,104,final
2025-12-27,bathroomgraffiti,fra,brand,1.1,52,94,final
2025-12-28,bathroomgraffiti,fra,brand,1.6,48,92,final
2025-12-29,bathroomgraffiti,fra,brand,1.0,56,101,final
2025-12-30,bathroomgraffiti,fra,brand,1.1,35,84,final
2025-12-31,bathroomgraffiti,fra,brand,1.1,25,47,final
2026-01-01,bathroomgraffiti,fra,brand,1.3,33,48,final
2026-01-02,bathroomgraffiti,fra,brand,1.2,49,98,final
2026-01-03,bathroomgraffiti,fra,brand,1.2,31,63,final
2026-01-04,bathroomgraffiti,fra,brand,1.1,42,72,final
2026-01-05,bathroomgraffiti,fra,brand,1,26,43,final
2026-01-06,bathroomgraffiti,fra,brand,1.0,42,63,final
2026-01-07,bathroomgraffiti,fra,brand,1.1,46,85,final
2026-01-08,bathroomgraffiti,fra,brand,1.0,46,71,final
2026-01-09,bathroomgraffiti,fra,brand,1,38,66,final
2026-01-10,bathroomgraffiti,fra,brand,1.1,36,91,final
2026-01-11,bathroomgraffiti,fra,brand,1.0,56,87,final
2026-01-12,bathroomgraffiti,fra,brand,1.1,55,87,final
2026-01-13,bathroomgraffiti,fra,brand,1.3,50,114,final
2026-01-14,bathroomgraffiti,fra,brand,1.2,35,76,final
2026-01-15,bathroomgraffiti,fra,brand,1.2,44,78,final
2026-01-16,bathroomgraffiti,fra,brand,1.1,55,91,final
2026-01-17,bathroomgraffiti,fra,brand,1.0,57,103,final
2026-01-18,bathroomgraffiti,fra,brand,1.1,29,75,final
2026-01-19,bathroomgraffiti,fra,brand,1.4,37,64,final
2026-01-20,bathroomgraffiti,fra,brand,1.1,51,84,final
2026-01-21,bathroomgraffiti,fra,brand,1.4,37,79,final
2026-01-22,bathroomgraffiti,fra,brand,3.1,22,76,final
2026-01-23,bathroomgraffiti,fra,brand,1.2,33,106,final
2026-01-24,bathroomgraffiti,fra,brand,1.1,21,88,final
2026-01-25,bathroomgraffiti,fra,brand,1.0,25,103,final
2026-01-26,bathroomgraffiti,fra,brand,1.2,21,84,final
2026-01-27,bathroomgraffiti,fra,brand,1.3,17,111,final
2026-01-28,bathroomgraffiti,fra,brand,1.1,18,84,final
2026-01-29,bathroomgraffiti,fra,brand,1.1,12,68,final
2026-01-30,bathroomgraffiti,fra,brand,1.3,16,83,final
2026-01-31,bathroomgraffiti,fra,brand,1.1,24,109,final
2026-02-01,bathroomgraffiti,fra,brand,1.1,19,72,final
2026-02-02,bathroomgraffiti,fra,brand,3.2,20,79,final
2026-02-03,bathroomgraffiti,fra,brand,1.0,19,72,final
2026-02-04,bathroomgraffiti,fra,brand,4.0,30,129,final
2026-02-05,bathroomgraffiti,fra,brand,1.1,18,74,final
2026-02-06,bathroomgraffiti,fra,brand,1.5,21,94,final
2026-02-07,bathroomgraffiti,fra,brand,1.5,18,92,final
2026-02-08,bathroomgraffiti,fra,brand,1.1,15,75,final
2026-02-09,bathroomgraffiti,fra,brand,1.0,5,53,final
2026-02-10,bathroomgraffiti,fra,brand,1.0,13,79,final
2026-02-11,bathroomgraffiti,fra,brand,1.1,21,67,final
2026-02-12,bathroomgraffiti,fra,brand,1.1,21,89,final
2026-02-13,bathroomgraffiti,fra,brand,1.1,21,108,final
2026-02-14,bathroomgraffiti,fra,brand,5.9,26,145,final
2026-02-15,bathroomgraffiti,fra,brand,1.1,12,62,final
2026-02-16,bathroomgraffiti,fra,brand,7.0,12,65,final
2026-02-17,bathroomgraffiti,fra,brand,1.3,8,68,final
2026-02-18,bathroomgraffiti,fra,brand,1.1,15,88,final
2026-02-19,bathroomgraffiti,fra,brand,1.3,8,75,final
2026-02-20,bathroomgraffiti,fra,brand,1.1,19,78,final
2026-02-21,bathroomgraffiti,fra,brand,1.2,18,66,final
2026-02-22,bathroomgraffiti,fra,brand,6.2,12,91,final
2026-02-23,bathroomgraffiti,fra,brand,1.1,16,72,final
2026-02-24,bathroomgraffiti,fra,brand,5.5,16,85,final
2026-02-25,bathroomgraffiti,fra,brand,1.1,10,57,final
2026-02-26,bathroomgraffiti,fra,brand,1.1,14,49,final
2026-02-27,bathroomgraffiti,fra,brand,1.1,8,57,final
2026-02-28,bathroomgraffiti,fra,brand,22.2,13,120,final
2026-03-01,bathroomgraffiti,fra,brand,5.3,6,45,final
2026-03-02,bathroomgraffiti,fra,brand,1,10,54,final
2026-03-03,bathroomgraffiti,fra,brand,1.0,15,57,final
2026-03-04,bathroomgraffiti,fra,brand,1.1,10,73,final
2026-03-05,bathroomgraffiti,fra,brand,1.3,7,44,final
2026-03-06,bathroomgraffiti,fra,brand,1.2,15,55,final
2026-03-07,bathroomgraffiti,fra,brand,21.3,17,151,final
2026-03-08,bathroomgraffiti,fra,brand,1.2,9,75,final
2026-03-09,bathroomgraffiti,fra,brand,1.4,9,59,final
2026-03-10,bathroomgraffiti,fra,brand,7.2,6,79,final
2026-03-11,bathroomgraffiti,fra,brand,1.6,5,57,final
2026-03-12,bathroomgraffiti,fra,brand,1.3,16,71,final
2026-03-13,bathroomgraffiti,fra,brand,1.1,12,55,final
2026-03-14,bathroomgraffiti,fra,brand,1.2,22,79,final
2026-03-15,bathroomgraffiti,fra,brand,1,8,65,final
2026-03-16,bathroomgraffiti,fra,brand,1.1,4,64,final
2026-03-17,bathroomgraffiti,fra,brand,9.1,5,58,final
2026-03-18,bathroomgraffiti,fra,brand,1.1,8,57,final
2026-03-19,bathroomgraffiti,fra,brand,1.1,14,72,final
2026-03-20,bathroomgraffiti,fra,brand,1.2,12,66,final
2026-03-21,bathroomgraffiti,fra,brand,1.5,10,73,final
2026-03-22,bathroomgraffiti,fra,brand,1.0,10,62,final
2026-03-23,bathroomgraffiti,fra,brand,1.6,13,50,final
2026-03-24,bathroomgraffiti,fra,brand,1.0,13,60,final
2026-03-25,bathroomgraffiti,fra,brand,1.1,11,78,final
2026-03-26,bathroomgraffiti,fra,brand,3.6,10,57,final
2026-03-27,bathroomgraffiti,fra,brand,1.1,15,80,final
2026-03-28,bathroomgraffiti,fra,brand,5.2,12,103,final
2026-03-29,bathroomgraffiti,fra,brand,1.0,14,80,final
2026-03-30,bathroomgraffiti,fra,brand,1.0,34,67,final
2026-03-31,bathroomgraffiti,fra,brand,1.2,13,72,final
2026-04-01,bathroomgraffiti,fra,brand,1.1,11,73,final
2026-04-02,bathroomgraffiti,fra,brand,1.0,14,61,final
2026-04-03,bathroomgraffiti,fra,brand,1.3,17,74,final
2026-04-04,bathroomgraffiti,fra,brand,1,11,64,final
2026-04-05,bathroomgraffiti,fra,brand,1.3,12,52,final
2026-04-06,bathroomgraffiti,fra,brand,1.2,21,113,final
2026-04-07,bathroomgraffiti,fra,brand,1.3,8,61,final
2026-04-08,bathroomgraffiti,fra,brand,1.2,19,72,final
2026-04-09,bathroomgraffiti,fra,brand,4.2,16,71,final
2026-04-10,bathroomgraffiti,fra,brand,1.3,14,81,final
2026-04-11,bathroomgraffiti,fra,brand,1.0,13,80,final
2026-04-12,bathroomgraffiti,fra,brand,1.0,17,70,final
2026-04-13,bathroomgraffiti,fra,brand,1.1,14,62,final
2026-04-14,bathroomgraffiti,fra,brand,1.5,6,60,final
2026-04-15,bathroomgraffiti,fra,brand,1.1,19,96,final
2026-04-16,bathroomgraffiti,fra,brand,1.1,17,72,final
2026-04-17,bathroomgraffiti,fra,brand,1.0,14,75,final
2026-04-18,bathroomgraffiti,fra,brand,4.7,22,104,final
2026-04-19,bathroomgraffiti,fra,brand,1.0,14,82,final
2026-04-20,bathroomgraffiti,fra,brand,1.4,20,92,final
2026-04-21,bathroomgraffiti,fra,brand,1.2,13,78,final
2026-04-22,bathroomgraffiti,fra,brand,1.2,15,81,final
2026-04-23,bathroomgraffiti,fra,brand,1.0,21,85,final
2026-04-24,bathroomgraffiti,fra,brand,2.6,7,70,final
2026-04-25,bathroomgraffiti,fra,brand,1.0,12,65,final
2026-04-26,bathroomgraffiti,fra,brand,2.5,7,47,final
2026-04-27,bathroomgraffiti,fra,brand,1.2,6,86,final
2026-04-28,bathroomgraffiti,fra,brand,1.2,13,61,final
2026-04-29,bathroomgraffiti,fra,brand,1.2,20,63,final
2026-04-30,bathroomgraffiti,fra,brand,1.0,10,54,final
2026-05-01,bathroomgraffiti,fra,brand,1.2,8,62,final
2026-05-02,bathroomgraffiti,fra,brand,2.9,23,83,final
2026-05-03,bathroomgraffiti,fra,brand,1.0,7,65,final
2026-05-04,bathroomgraffiti,fra,brand,1.1,14,80,final
2026-05-05,bathroomgraffiti,fra,brand,8.3,9,63,final
2026-05-06,bathroomgraffiti,fra,brand,1.5,14,87,final
2026-05-07,bathroomgraffiti,fra,brand,1.1,7,76,final
2026-05-08,bathroomgraffiti,fra,brand,1.0,18,93,final
2026-05-09,bathroomgraffiti,fra,brand,1.0,13,79,final
2026-05-10,bathroomgraffiti,fra,brand,1.1,9,69,final
2026-05-11,bathroomgraffiti,fra,brand,1.2,16,71,final
2026-05-12,bathroomgraffiti,fra,brand,1.1,8,55,final
2026-05-13,bathroomgraffiti,fra,brand,1.1,19,82,final
2026-05-14,bathroomgraffiti,fra,brand,1.5,23,111,final
2026-05-15,bathroomgraffiti,fra,brand,1.2,15,95,final
2026-05-16,bathroomgraffiti,fra,brand,1.1,17,67,final
2026-05-17,bathroomgraffiti,fra,brand,1.1,18,78,final
2026-05-18,bathroomgraffiti,fra,brand,2.7,18,68,final
2026-05-19,bathroomgraffiti,fra,brand,1.2,10,70,final
2026-05-20,bathroomgraffiti,fra,brand,1.0,18,87,final
2026-05-21,bathroomgraffiti,fra,brand,1.3,17,68,final
2026-05-22,bathroomgraffiti,fra,brand,1.1,18,82,final
2026-05-23,bathroomgraffiti,fra,brand,1.4,18,76,final
2026-05-24,bathroomgraffiti,fra,brand,1.1,13,71,final
2026-05-25,bathroomgraffiti,fra,brand,1.2,10,92,final
2026-05-26,bathroomgraffiti,fra,brand,1.1,30,87,final
2026-05-27,bathroomgraffiti,fra,brand,1.1,20,91,final
2026-05-28,bathroomgraffiti,fra,brand,1.3,25,91,final
2026-05-29,bathroomgraffiti,fra,brand,1,14,80,final
2026-05-30,bathroomgraffiti,fra,brand,1.2,10,86,final
2026-05-31,bathroomgraffiti,fra,brand,1.0,37,109,final
2026-06-01,bathroomgraffiti,fra,brand,1.2,29,69,final
2026-06-02,bathroomgraffiti,fra,brand,1,23,84,final
2026-06-03,bathroomgraffiti,fra,brand,1.3,28,90,final
2026-06-04,bathroomgraffiti,fra,brand,1.2,12,79,final
2026-06-05,bathroomgraffiti,fra,brand,1.4,16,82,final
2026-06-06,bathroomgraffiti,fra,brand,1.0,17,76,final
2026-06-07,bathroomgraffiti,fra,brand,1.3,13,86,final
2026-06-08,bathroomgraffiti,fra,brand,1.7,12,67,final
2026-06-09,bathroomgraffiti,fra,brand,1.1,17,82,final
2026-06-10,bathroomgraffiti,fra,brand,1.2,27,97,final
2026-06-11,bathroomgraffiti,fra,brand,1.2,8,74,final
2026-06-12,bathroomgraffiti,fra,brand,1.1,16,70,final
2026-06-13,bathroomgraffiti,fra,brand,1.1,19,97,final
2026-06-14,bathroomgraffiti,fra,brand,1.2,13,92,final
2026-06-15,bathroomgraffiti,fra,brand,1.2,19,83,final
2026-06-16,bathroomgraffiti,fra,brand,1.1,8,95,final
2026-06-17,bathroomgraffiti,fra,brand,1.3,19,96,final
2026-06-18,bathroomgraffiti,fra,brand,3.3,18,106,final
2026-06-19,bathroomgraffiti,fra,brand,1.1,14,96,final
2026-06-20,bathroomgraffiti,fra,brand,1.1,22,111,final
2026-06-21,bathroomgraffiti,fra,brand,1.3,17,92,final
2026-06-22,bathroomgraffiti,fra,brand,1.2,15,92,final
2026-06-23,bathroomgraffiti,fra,brand,1.4,19,96,final
2026-06-24,bathroomgraffiti,fra,brand,1.2,26,102,final
2026-06-25,bathroomgraffiti,fra,brand,1.1,17,96,final
2026-06-26,bathroomgraffiti,fra,brand,1.0,10,88,final
2026-06-27,bathroomgraffiti,fra,brand,1.1,11,76,final
2026-06-28,bathroomgraffiti,fra,brand,1.3,15,86,final
2026-06-29,bathroomgraffiti,fra,brand,1.1,14,87,final
2026-06-30,bathroomgraffiti,fra,brand,1.2,15,73,final
2026-07-01,bathroomgraffiti,fra,brand,1.2,13,81,final
2026-07-02,bathroomgraffiti,fra,brand,1.1,37,112,final
2026-07-03,bathroomgraffiti,fra,brand,1.2,34,91,final
2026-07-04,bathroomgraffiti,fra,brand,1.1,39,78,final
2026-07-05,bathroomgraffiti,fra,brand,1.2,51,98,final
2026-07-06,bathroomgraffiti,fra,brand,1.2,61,106,final
2026-07-07,bathroomgraffiti,fra,brand,1.0,49,92,final
2026-07-08,bathroomgraffiti,fra,brand,1.0,48,86,final
2026-07-09,bathroomgraffiti,fra,brand,1.7,40,82,final
2026-07-10,bathroomgraffiti,fra,brand,1.2,43,92,final
2026-07-11,bathroomgraffiti,fra,brand,1.1,39,92,final
2026-07-12,bathroomgraffiti,fra,brand,1.1,52,93,final
2026-07-13,bathroomgraffiti,fra,brand,1.1,44,106,final
2026-07-14,bathroomgraffiti,fra,brand,1.2,44,89,final
2026-07-15,bathroomgraffiti,fra,brand,1.1,44,72,final
2026-07-16,bathroomgraffiti,fra,brand,1.7,32,70,final
2026-07-17,bathroomgraffiti,fra,brand,1.0,52,90,final
2026-07-18,bathroomgraffiti,fra,brand,1.1,40,92,final
2026-07-19,bathroomgraffiti,fra,brand,1.3,50,95,final
2026-07-20,bathroomgraffiti,fra,brand,1.1,43,85,final
2026-07-21,bathroomgraffiti,fra,brand,1.1,48,101,final
2026-07-22,bathroomgraffiti,fra,brand,1.4,43,82,final
2026-07-23,bathroomgraffiti,fra,brand,1.1,40,68,final
2026-07-24,bathroomgraffiti,fra,brand,1.0,37,84,final
2026-07-25,bathroomgraffiti,fra,brand,1.0,42,92,final
2026-07-26,bathroomgraffiti,fra,brand,1.2,37,76,final
2026-07-27,bathroomgraffiti,fra,brand,1.2,48,105,final
2026-07-28,bathroomgraffiti,fra,brand,1.1,45,95,final
2026-07-29,bathroomgraffiti,fra,brand,1.1,68,100,final
2026-07-30,bathroomgraffiti,fra,brand,1.1,47,89,final
2026-07-31,bathroomgraffiti,fra,brand,1.1,50,84,final
2026-08-01,bathroomgraffiti,fra,brand,1.0,45,76,final
2026-08-02,bathroomgraffiti,fra,brand,1.2,43,88,final
2026-08-03,bathroomgraffiti,fra,brand,1,45,68,final
2026-08-04,bathroomgraffiti,fra,brand,1.1,42,83,final
2026-08-05,bathroomgraffiti,fra,brand,1.5,32,69,final
2026-08-06,bathroomgraffiti,fra,brand,1.0,40,75,final
2026-08-07,bathroomgraffiti,fra,brand,1.3,30,69,final
2026-08-08,bathroomgraffiti,fra,brand,1,27,64,final
2026-08-09,bathroomgraffiti,fra,brand,1.0,39,93,final
2026-08-10,bathroomgraffiti,fra,brand,2.1,38,72,final
2026-08-11,bathroomgraffiti,fra,brand,1.9,44,88,final
2026-08-12,bathroomgraffiti,fra,brand,1.0,34,67,final
2026-08-13,bathroomgraffiti,fra,brand,2.1,40,78,final
2026-08-14,bathroomgraffiti,fra,brand,1,27,51,final
2026-08-15,bathroomgraffiti,fra,brand,1.0,30,67,final
2026-08-16,bathroomgraffiti,fra,brand,1.0,32,65,final
2026-08-17,bathroomgraffiti,fra,brand,4.7,36,69,final
2026-08-18,bathroomgraffiti,fra,brand,1,48,79,final
2026-08-19,bathroomgraffiti,fra,brand,1.0,37,60,final
2026-08-20,bathroomgraffiti,fra,brand,1.0,35,65,final
2026-08-21,bathroomgraffiti,fra,brand,1.0,33,62,final
2026-08-22,bathroomgraffiti,fra,brand,1.4,36,70,final
2026-08-23,bathroomgraffiti,fra,brand,1.0,42,76,final
2026-08-24,bathroomgraffiti,fra,brand,1,52,74,final
2026-08-25,bathroomgraffiti,fra,brand,1.0,41,72,final
2026-08-26,bathroomgraffiti,fra,brand,1.0,46,74,final
2026-08-27,bathroomgraffiti,fra,brand,1.0,64,124,final
2026-08-28,bathroomgraffiti,fra,brand,1.0,37,66,final
2026-08-29,bathroomgraffiti,fra,brand,1.2,48,86,final
2026-08-30,bathroomgraffiti,fra,brand,1,44,78,final
2026-08-31,bathroomgraffiti,fra,brand,1.0,39,88,final
2026-09-01,bathroomgraffiti,fra,brand,1.1,42,65,final
2026-09-02,bathroomgraffiti,fra,brand,1.0,40,57,final
2026-09-03,bathroomgraffiti,fra,brand,1.2,37,78,final
2026-09-04,bathroomgraffiti,fra,brand,1.1,37,78,final
2026-09-05,bathroomgraffiti,fra,brand,1,39,87,final
2026-09-06,bathroomgraffiti,fra,brand,1.5,57,111,final
2026-09-07,bathroomgraffiti,fra,brand,1.9,33,62,final
2026-09-08,bathroomgraffiti,fra,brand,1.4,48,88,final
2026-09-09,bathroomgraffiti,fra,brand,1.1,44,87,final
2026-09-10,bathroomgraffiti,fra,brand,1,54,82,final
2026-09-11,bathroomgraffiti,fra,brand,1.9,43,74,final
2026-09-12,bathroomgraffiti,fra,brand,1.1,44,89,final
2026-09-13,bathroomgraffiti,fra,brand,1.1,34,75,final
2026-09-14,bathroomgraffiti,fra,brand,1.1,55,92,final
2026-09-15,bathroomgraffiti,fra,brand,1.0,37,64,final
2026-09-16,bathroomgraffiti,fra,brand,1.5,27,48,final
2026-09-17,bathroomgraffiti,fra,brand,1,40,79,final
2026-09-18,bathroomgraffiti,fra,brand,1.2,42,69,final
2026-09-19,bathroomgraffiti,fra,brand,1.1,41,85,final
2026-09-20,bathroomgraffiti,fra,brand,1.0,37,73,final
2026-09-21,bathroomgraffiti,fra,brand,1,34,58,final
2026-09-22,bathroomgraffiti,fra,brand,1.0,36,69,final
2026-09-23,bathroomgraffiti,fra,brand,1.0,48,82,final
2026-09-24,bathroomgraffiti,fra,brand,1.0,49,83,final
2026-09-25,bathroomgraffiti,fra,brand,2.5,48,93,final
2026-09-26,bathroomgraffiti,fra,brand,1.1,38,84,final
2026-09-27,bathroomgraffiti,fra,brand,1.0,42,89,final
2026-09-28,bathroomgraffiti,fra,brand,2.6,46,92,final
2026-09-29,bathroomgraffiti,fra,brand,2.4,57,97,final
2026-09-30,bathroomgraffiti,fra,brand,1.4,34,65,final
2026-10-01,bathroomgraffiti,fra,brand,1.0,33,62,final
2026-10-02,bathroomgraffiti,fra,brand,1.1,42,71,final
2026-10-03,bathroomgraffiti,fra,brand,1.1,62,98,final
2026-10-04,bathroomgraffiti,fra,brand,1.1,40,90,final
2026-10-05,bathroomgraffiti,fra,brand,1.1,42,68,fresh
2026-10-06,bathroomgraffiti,fra,brand,1.5,21,37,fresh
2025-06-12,bathroomgraffiti,fra,nonbrand,9.9,27,3204,final
2025-06-13,bathroomgraffiti,fra,nonbrand,9.7,31,3310,final
2025-06-14,bathroomgraffiti,fra,nonbrand,9.6,30,4350,final
2025-06-15,bathroomgraffiti,fra,nonbrand,9.1,32,4231,final
2025-06-16,bathroomgraffiti,fra,nonbrand,9.7,30,3601,final
2025-06-17,bathroomgraffiti,fra,nonbrand,9.6,25,3833,final
2025-06-18,bathroomgraffiti,fra,nonbrand,9.4,37,3938,final
2025-06-19,bathroomgraffiti,fra,nonbrand,9.8,32,3798,final
2025-06-20,bathroomgraffiti,fra,nonbrand,9.7,21,3640,final
2025-06-21,bathroomgraffiti,fra,nonbrand,10.5,27,3629,final
2025-06-22,bathroomgraffiti,fra,nonbrand,8.5,30,3914,final
2025-06-23,bathroomgraffiti,fra,nonbrand,9.9,29,3967,final
2025-06-24,bathroomgraffiti,fra,nonbrand,9.4,35,3857,final
2025-06-25,bathroomgraffiti,fra,nonbrand,9.2,37,4305,final
2025-06-26,bathroomgraffiti,fra,nonbrand,9.4,39,4091,final
2025-06-27,bathroomgraffiti,fra,nonbrand,9.3,24,4047,final
2025-06-28,bathroomgraffiti,fra,nonbrand,9.5,35,4026,final
2025-06-29,bathroomgraffiti,fra,nonbrand,8.7,35,4209,final
2025-06-30,bathroomgraffiti,fra,nonbrand,10.2,32,4172,final
2025-07-01,bathroomgraffiti,fra,nonbrand,16.3,49,5497,final
2025-07-02,bathroomgraffiti,fra,nonbrand,21.4,37,7800,final
2025-07-03,bathroomgraffiti,fra,nonbrand,20.9,24,8178,final
2025-07-04,bathroomgraffiti,fra,nonbrand,23.0,24,7930,final
2025-07-05,bathroomgraffiti,fra,nonbrand,20.6,41,8139,final
2025-07-06,bathroomgraffiti,fra,nonbrand,20.2,39,8255,final
2025-07-07,bathroomgraffiti,fra,nonbrand,20.3,34,7816,final
2025-07-08,bathroomgraffiti,fra,nonbrand,18.4,37,7914,final
2025-07-09,bathroomgraffiti,fra,nonbrand,20.6,26,8226,final
2025-07-10,bathroomgraffiti,fra,nonbrand,21.2,23,8628,final
2025-07-11,bathroomgraffiti,fra,nonbrand,25.8,17,10907,final
2025-07-12,bathroomgraffiti,fra,nonbrand,22.0,25,8231,final
2025-07-13,bathroomgraffiti,fra,nonbrand,20.6,42,7488,final
2025-07-14,bathroomgraffiti,fra,nonbrand,21.4,29,7327,final
2025-07-15,bathroomgraffiti,fra,nonbrand,22.4,28,7404,final
2025-07-16,bathroomgraffiti,fra,nonbrand,22.4,30,7121,final
2025-07-17,bathroomgraffiti,fra,nonbrand,22.5,26,7583,final
2025-07-18,bathroomgraffiti,fra,nonbrand,23.8,22,6874,final
2025-07-19,bathroomgraffiti,fra,nonbrand,23.8,29,7446,final
2025-07-20,bathroomgraffiti,fra,nonbrand,23.4,33,7715,final
2025-07-21,bathroomgraffiti,fra,nonbrand,24.2,28,7003,final
2025-07-22,bathroomgraffiti,fra,nonbrand,25.2,26,7642,final
2025-07-23,bathroomgraffiti,fra,nonbrand,22.8,39,7389,final
2025-07-24,bathroomgraffiti,fra,nonbrand,23.3,21,6994,final
2025-07-25,bathroomgraffiti,fra,nonbrand,24.4,37,7257,final
2025-07-26,bathroomgraffiti,fra,nonbrand,22.0,28,7173,final
2025-07-27,bathroomgraffiti,fra,nonbrand,21.7,38,7449,final
2025-07-28,bathroomgraffiti,fra,nonbrand,22.7,37,7764,final
2025-07-29,bathroomgraffiti,fra,nonbrand,23.0,27,7407,final
2025-07-30,bathroomgraffiti,fra,nonbrand,21.9,28,7342,final
2025-07-31,bathroomgraffiti,fra,nonbrand,21.9,36,6757,final
2025-08-01,bathroomgraffiti,fra,nonbrand,23.8,28,7601,final
2025-08-02,bathroomgraffiti,fra,nonbrand,22.8,39,7068,final
2025-08-03,bathroomgraffiti,fra,nonbrand,23.8,29,7478,final
2025-08-04,bathroomgraffiti,fra,nonbrand,24.1,25,7484,final
2025-08-05,bathroomgraffiti,fra,nonbrand,23.9,32,7606,final
2025-08-06,bathroomgraffiti,fra,nonbrand,24.3,23,8094,final
2025-08-07,bathroomgraffiti,fra,nonbrand,25.6,24,8057,final
2025-08-08,bathroomgraffiti,fra,nonbrand,24.8,29,7726,final
2025-08-09,bathroomgraffiti,fra,nonbrand,24.8,32,7995,final
2025-08-10,bathroomgraffiti,fra,nonbrand,23.7,39,8218,final
2025-08-11,bathroomgraffiti,fra,nonbrand,27.6,41,11748,final
2025-08-12,bathroomgraffiti,fra,nonbrand,20.9,41,7783,final
2025-08-13,bathroomgraffiti,fra,nonbrand,21.2,28,7761,final
2025-08-14,bathroomgraffiti,fra,nonbrand,21.4,34,7442,final
2025-08-15,bathroomgraffiti,fra,nonbrand,20.7,37,7189,final
2025-08-16,bathroomgraffiti,fra,nonbrand,21.0,33,7054,final
2025-08-17,bathroomgraffiti,fra,nonbrand,19.6,30,6953,final
2025-08-18,bathroomgraffiti,fra,nonbrand,20.9,30,7340,final
2025-08-19,bathroomgraffiti,fra,nonbrand,22.3,26,7468,final
2025-08-20,bathroomgraffiti,fra,nonbrand,21.5,47,7536,final
2025-08-21,bathroomgraffiti,fra,nonbrand,23.5,37,7729,final
2025-08-22,bathroomgraffiti,fra,nonbrand,23.2,25,7254,final
2025-08-23,bathroomgraffiti,fra,nonbrand,22.7,24,7379,final
2025-08-24,bathroomgraffiti,fra,nonbrand,22.5,27,7344,final
2025-08-25,bathroomgraffiti,fra,nonbrand,22.3,27,7474,final
2025-08-26,bathroomgraffiti,fra,nonbrand,22.8,27,7986,final
2025-08-27,bathroomgraffiti,fra,nonbrand,23.9,32,8338,final
2025-08-28,bathroomgraffiti,fra,nonbrand,23.6,19,7897,final
2025-08-29,bathroomgraffiti,fra,nonbrand,23.4,39,7933,final
2025-08-30,bathroomgraffiti,fra,nonbrand,23.1,33,7842,final
2025-08-31,bathroomgraffiti,fra,nonbrand,23.0,35,7944,final
2025-09-01,bathroomgraffiti,fra,nonbrand,24.9,31,7137,final
2025-09-02,bathroomgraffiti,fra,nonbrand,24.8,20,6951,final
2025-09-03,bathroomgraffiti,fra,nonbrand,23.4,31,7406,final
2025-09-04,bathroomgraffiti,fra,nonbrand,21.8,36,8491,final
2025-09-05,bathroomgraffiti,fra,nonbrand,22.9,25,8324,final
2025-09-06,bathroomgraffiti,fra,nonbrand,21.7,28,8249,final
2025-09-07,bathroomgraffiti,fra,nonbrand,22.0,30,8067,final
2025-09-08,bathroomgraffiti,fra,nonbrand,23.5,29,7177,final
2025-09-09,bathroomgraffiti,fra,nonbrand,22.9,31,7409,final
2025-09-10,bathroomgraffiti,fra,nonbrand,20.2,38,7236,final
2025-09-11,bathroomgraffiti,fra,nonbrand,19.8,23,6585,final
2025-09-12,bathroomgraffiti,fra,nonbrand,17.6,35,5877,final
2025-09-13,bathroomgraffiti,fra,nonbrand,10.8,39,6055,final
2025-09-14,bathroomgraffiti,fra,nonbrand,13.1,33,6342,final
2025-09-15,bathroomgraffiti,fra,nonbrand,14.2,30,5737,final
2025-09-16,bathroomgraffiti,fra,nonbrand,12.3,38,5450,final
2025-09-17,bathroomgraffiti,fra,nonbrand,12.4,50,5866,final
2025-09-18,bathroomgraffiti,fra,nonbrand,13.8,30,5546,final
2025-09-19,bathroomgraffiti,fra,nonbrand,13.4,36,5542,final
2025-09-20,bathroomgraffiti,fra,nonbrand,12.2,54,6120,final
2025-09-21,bathroomgraffiti,fra,nonbrand,12.4,32,6176,final
2025-09-22,bathroomgraffiti,fra,nonbrand,14.2,21,5130,final
2025-09-23,bathroomgraffiti,fra,nonbrand,13.6,33,5456,final
2025-09-24,bathroomgraffiti,fra,nonbrand,13.1,31,6141,final
2025-09-25,bathroomgraffiti,fra,nonbrand,12.7,48,5630,final
2025-09-26,bathroomgraffiti,fra,nonbrand,13.0,23,5776,final
2025-09-27,bathroomgraffiti,fra,nonbrand,12.0,31,6723,final
2025-09-28,bathroomgraffiti,fra,nonbrand,11.5,33,6492,final
2025-09-29,bathroomgraffiti,fra,nonbrand,13.5,24,5475,final
2025-09-30,bathroomgraffiti,fra,nonbrand,12.8,40,5422,final
2025-10-01,bathroomgraffiti,fra,nonbrand,11.9,28,5842,final
2025-10-02,bathroomgraffiti,fra,nonbrand,12.2,23,5406,final
2025-10-03,bathroomgraffiti,fra,nonbrand,12.5,28,5430,final
2025-10-04,bathroomgraffiti,fra,nonbrand,12.3,55,6713,final
2025-10-05,bathroomgraffiti,fra,nonbrand,13.1,36,6567,final
2025-10-06,bathroomgraffiti,fra,nonbrand,13.7,44,5455,final
2025-10-07,bathroomgraffiti,fra,nonbrand,12.0,30,5249,final
2025-10-08,bathroomgraffiti,fra,nonbrand,11.0,29,5832,final
2025-10-09,bathroomgraffiti,fra,nonbrand,12.7,22,5558,final
2025-10-10,bathroomgraffiti,fra,nonbrand,12.4,56,5192,final
2025-10-11,bathroomgraffiti,fra,nonbrand,11.4,54,5731,final
2025-10-12,bathroomgraffiti,fra,nonbrand,10.4,40,5850,final
2025-10-13,bathroomgraffiti,fra,nonbrand,11.5,51,4815,final
2025-10-14,bathroomgraffiti,fra,nonbrand,12.3,28,5083,final
2025-10-15,bathroomgraffiti,fra,nonbrand,15.6,39,6817,final
2025-10-16,bathroomgraffiti,fra,nonbrand,16.4,77,7056,final
2025-10-17,bathroomgraffiti,fra,nonbrand,12.0,57,5613,final
2025-10-18,bathroomgraffiti,fra,nonbrand,11.6,40,6460,final
2025-10-19,bathroomgraffiti,fra,nonbrand,10.3,78,7102,final
2025-10-20,bathroomgraffiti,fra,nonbrand,10.6,48,6521,final
2025-10-21,bathroomgraffiti,fra,nonbrand,11.5,56,6603,final
2025-10-22,bathroomgraffiti,fra,nonbrand,10.9,52,6878,final
2025-10-23,bathroomgraffiti,fra,nonbrand,11.1,55,6970,final
2025-10-24,bathroomgraffiti,fra,nonbrand,9.6,47,8837,final
2025-10-25,bathroomgraffiti,fra,nonbrand,10.8,80,9566,final
2025-10-26,bathroomgraffiti,fra,nonbrand,8.3,83,9048,final
2025-10-27,bathroomgraffiti,fra,nonbrand,12.5,50,6616,final
2025-10-28,bathroomgraffiti,fra,nonbrand,10.0,43,6478,final
2025-10-29,bathroomgraffiti,fra,nonbrand,12.2,36,6523,final
2025-10-30,bathroomgraffiti,fra,nonbrand,10.7,54,6544,final
2025-10-31,bathroomgraffiti,fra,nonbrand,10.8,54,5828,final
2025-11-01,bathroomgraffiti,fra,nonbrand,10.8,99,7814,final
2025-11-02,bathroomgraffiti,fra,nonbrand,10.8,85,8059,final
2025-11-03,bathroomgraffiti,fra,nonbrand,10.3,51,6161,final
2025-11-04,bathroomgraffiti,fra,nonbrand,10.5,40,6172,final
2025-11-05,bathroomgraffiti,fra,nonbrand,10.4,70,6737,final
2025-11-06,bathroomgraffiti,fra,nonbrand,10.9,50,6203,final
2025-11-07,bathroomgraffiti,fra,nonbrand,11.5,37,6929,final
2025-11-08,bathroomgraffiti,fra,nonbrand,10.5,70,8544,final
2025-11-09,bathroomgraffiti,fra,nonbrand,11.4,71,9398,final
2025-11-10,bathroomgraffiti,fra,nonbrand,13.8,58,8952,final
2025-11-11,bathroomgraffiti,fra,nonbrand,11.2,76,11159,final
2025-11-12,bathroomgraffiti,fra,nonbrand,10.2,75,10139,final
2025-11-13,bathroomgraffiti,fra,nonbrand,9.9,48,8479,final
2025-11-14,bathroomgraffiti,fra,nonbrand,9.6,71,8761,final
2025-11-15,bathroomgraffiti,fra,nonbrand,8.7,81,10982,final
2025-11-16,bathroomgraffiti,fra,nonbrand,8.8,81,12144,final
2025-11-17,bathroomgraffiti,fra,nonbrand,10.0,84,9089,final
2025-11-18,bathroomgraffiti,fra,nonbrand,10.3,81,9510,final
2025-11-19,bathroomgraffiti,fra,nonbrand,10.5,95,11542,final
2025-11-20,bathroomgraffiti,fra,nonbrand,10.2,88,11136,final
2025-11-21,bathroomgraffiti,fra,nonbrand,9.8,73,10855,final
2025-11-22,bathroomgraffiti,fra,nonbrand,9.9,93,14230,final
2025-11-23,bathroomgraffiti,fra,nonbrand,9.9,110,15233,final
2025-11-24,bathroomgraffiti,fra,nonbrand,9.9,78,12341,final
2025-11-25,bathroomgraffiti,fra,nonbrand,10.3,98,12411,final
2025-11-26,bathroomgraffiti,fra,nonbrand,10.5,97,13634,final
2025-11-27,bathroomgraffiti,fra,nonbrand,11.3,109,11994,final
2025-11-28,bathroomgraffiti,fra,nonbrand,11.2,125,13203,final
2025-11-29,bathroomgraffiti,fra,nonbrand,11.2,96,13393,final
2025-11-30,bathroomgraffiti,fra,nonbrand,10.8,134,14968,final
2025-12-01,bathroomgraffiti,fra,nonbrand,11.1,114,11835,final
2025-12-02,bathroomgraffiti,fra,nonbrand,11.5,149,12523,final
2025-12-03,bathroomgraffiti,fra,nonbrand,11.4,178,13897,final
2025-12-04,bathroomgraffiti,fra,nonbrand,12.5,118,12384,final
2025-12-05,bathroomgraffiti,fra,nonbrand,12.0,129,11651,final
2025-12-06,bathroomgraffiti,fra,nonbrand,10.7,146,13628,final
2025-12-07,bathroomgraffiti,fra,nonbrand,10.7,150,15803,final
2025-12-08,bathroomgraffiti,fra,nonbrand,11.1,138,12775,final
2025-12-09,bathroomgraffiti,fra,nonbrand,13.2,127,12843,final
2025-12-10,bathroomgraffiti,fra,nonbrand,15.6,168,15376,final
2025-12-11,bathroomgraffiti,fra,nonbrand,11.6,129,11797,final
2025-12-12,bathroomgraffiti,fra,nonbrand,14.2,122,13240,final
2025-12-13,bathroomgraffiti,fra,nonbrand,11.8,147,12743,final
2025-12-14,bathroomgraffiti,fra,nonbrand,11.0,136,12401,final
2025-12-15,bathroomgraffiti,fra,nonbrand,14.6,95,11238,final
2025-12-16,bathroomgraffiti,fra,nonbrand,12.7,90,9363,final
2025-12-17,bathroomgraffiti,fra,nonbrand,10.7,77,8794,final
2025-12-18,bathroomgraffiti,fra,nonbrand,14.1,71,9047,final
2025-12-19,bathroomgraffiti,fra,nonbrand,13.7,70,8588,final
2025-12-20,bathroomgraffiti,fra,nonbrand,11.7,73,9263,final
2025-12-21,bathroomgraffiti,fra,nonbrand,11.4,75,9238,final
2025-12-22,bathroomgraffiti,fra,nonbrand,12.5,67,8757,final
2025-12-23,bathroomgraffiti,fra,nonbrand,12.2,60,8207,final
2025-12-24,bathroomgraffiti,fra,nonbrand,13.2,40,8121,final
2025-12-25,bathroomgraffiti,fra,nonbrand,11.2,76,11942,final
2025-12-26,bathroomgraffiti,fra,nonbrand,13.2,78,9967,final
2025-12-27,bathroomgraffiti,fra,nonbrand,13.0,56,8933,final
2025-12-28,bathroomgraffiti,fra,nonbrand,13.1,64,8254,final
2025-12-29,bathroomgraffiti,fra,nonbrand,13.7,54,7791,final
2025-12-30,bathroomgraffiti,fra,nonbrand,14.8,53,7293,final
2025-12-31,bathroomgraffiti,fra,nonbrand,15.7,37,6096,final
2026-01-01,bathroomgraffiti,fra,nonbrand,16.4,51,6637,final
2026-01-02,bathroomgraffiti,fra,nonbrand,13.8,55,6989,final
2026-01-03,bathroomgraffiti,fra,nonbrand,14.4,44,6219,final
2026-01-04,bathroomgraffiti,fra,nonbrand,15.3,46,6184,final
2026-01-05,bathroomgraffiti,fra,nonbrand,16.1,39,5679,final
2026-01-06,bathroomgraffiti,fra,nonbrand,13.7,35,5177,final
2026-01-07,bathroomgraffiti,fra,nonbrand,14.2,29,6941,final
2026-01-08,bathroomgraffiti,fra,nonbrand,14.3,51,6413,final
2026-01-09,bathroomgraffiti,fra,nonbrand,17.2,43,7342,final
2026-01-10,bathroomgraffiti,fra,nonbrand,16.1,54,8051,final
2026-01-11,bathroomgraffiti,fra,nonbrand,12.6,58,6440,final
2026-01-12,bathroomgraffiti,fra,nonbrand,13.0,43,5434,final
2026-01-13,bathroomgraffiti,fra,nonbrand,15.6,38,5778,final
2026-01-14,bathroomgraffiti,fra,nonbrand,14.4,50,6457,final
2026-01-15,bathroomgraffiti,fra,nonbrand,13.5,44,5226,final
2026-01-16,bathroomgraffiti,fra,nonbrand,12.8,46,5392,final
2026-01-17,bathroomgraffiti,fra,nonbrand,12.0,49,5998,final
2026-01-18,bathroomgraffiti,fra,nonbrand,11.7,42,5912,final
2026-01-19,bathroomgraffiti,fra,nonbrand,12.5,43,5143,final
2026-01-20,bathroomgraffiti,fra,nonbrand,13.4,38,5043,final
2026-01-21,bathroomgraffiti,fra,nonbrand,14.0,25,5446,final
2026-01-22,bathroomgraffiti,fra,nonbrand,17.7,33,5566,final
2026-01-23,bathroomgraffiti,fra,nonbrand,16.4,32,5125,final
2026-01-24,bathroomgraffiti,fra,nonbrand,14.6,27,5682,final
2026-01-25,bathroomgraffiti,fra,nonbrand,12.5,37,6100,final
2026-01-26,bathroomgraffiti,fra,nonbrand,17.0,33,5743,final
2026-01-27,bathroomgraffiti,fra,nonbrand,14.8,36,5875,final
2026-01-28,bathroomgraffiti,fra,nonbrand,10.6,44,5447,final
2026-01-29,bathroomgraffiti,fra,nonbrand,14.2,37,6190,final
2026-01-30,bathroomgraffiti,fra,nonbrand,14.0,44,6758,final
2026-01-31,bathroomgraffiti,fra,nonbrand,12.8,33,7085,final
2026-02-01,bathroomgraffiti,fra,nonbrand,12.4,57,6489,final
2026-02-02,bathroomgraffiti,fra,nonbrand,12.0,34,5453,final
2026-02-03,bathroomgraffiti,fra,nonbrand,10.5,33,4910,final
2026-02-04,bathroomgraffiti,fra,nonbrand,12.3,33,5315,final
2026-02-05,bathroomgraffiti,fra,nonbrand,15.7,40,5388,final
2026-02-06,bathroomgraffiti,fra,nonbrand,16.6,17,5675,final
2026-02-07,bathroomgraffiti,fra,nonbrand,11.5,33,5073,final
2026-02-08,bathroomgraffiti,fra,nonbrand,14.2,35,5660,final
2026-02-09,bathroomgraffiti,fra,nonbrand,15.7,24,5059,final
2026-02-10,bathroomgraffiti,fra,nonbrand,16.0,29,5667,final
2026-02-11,bathroomgraffiti,fra,nonbrand,13.0,26,5631,final
2026-02-12,bathroomgraffiti,fra,nonbrand,14.2,24,5263,final
2026-02-13,bathroomgraffiti,fra,nonbrand,13.5,30,5483,final
2026-02-14,bathroomgraffiti,fra,nonbrand,13.0,32,6232,final
2026-02-15,bathroomgraffiti,fra,nonbrand,12.8,45,6832,final
2026-02-16,bathroomgraffiti,fra,nonbrand,13.9,32,5671,final
2026-02-17,bathroomgraffiti,fra,nonbrand,14.1,40,6653,final
2026-02-18,bathroomgraffiti,fra,nonbrand,14.5,39,6156,final
2026-02-19,bathroomgraffiti,fra,nonbrand,12.8,35,6215,final
2026-02-20,bathroomgraffiti,fra,nonbrand,13.7,32,5889,final
2026-02-21,bathroomgraffiti,fra,nonbrand,11.0,32,6835,final
2026-02-22,bathroomgraffiti,fra,nonbrand,11.2,30,7298,final
2026-02-23,bathroomgraffiti,fra,nonbrand,12.5,34,6024,final
2026-02-24,bathroomgraffiti,fra,nonbrand,13.0,39,6076,final
2026-02-25,bathroomgraffiti,fra,nonbrand,13.6,32,6008,final
2026-02-26,bathroomgraffiti,fra,nonbrand,14.5,20,6220,final
2026-02-27,bathroomgraffiti,fra,nonbrand,13.2,37,8730,final
2026-02-28,bathroomgraffiti,fra,nonbrand,12.7,40,7643,final
2026-03-01,bathroomgraffiti,fra,nonbrand,13.5,34,6451,final
2026-03-02,bathroomgraffiti,fra,nonbrand,15.1,45,6692,final
2026-03-03,bathroomgraffiti,fra,nonbrand,11.5,40,7133,final
2026-03-04,bathroomgraffiti,fra,nonbrand,9.9,31,6268,final
2026-03-05,bathroomgraffiti,fra,nonbrand,10.7,25,5846,final
2026-03-06,bathroomgraffiti,fra,nonbrand,10.3,29,5978,final
2026-03-07,bathroomgraffiti,fra,nonbrand,10.6,40,6827,final
2026-03-08,bathroomgraffiti,fra,nonbrand,12.5,38,8533,final
2026-03-09,bathroomgraffiti,fra,nonbrand,11.2,40,7901,final
2026-03-10,bathroomgraffiti,fra,nonbrand,11.0,38,6894,final
2026-03-11,bathroomgraffiti,fra,nonbrand,10.9,34,6827,final
2026-03-12,bathroomgraffiti,fra,nonbrand,10.9,30,6431,final
2026-03-13,bathroomgraffiti,fra,nonbrand,11.3,34,6069,final
2026-03-14,bathroomgraffiti,fra,nonbrand,9.8,47,7772,final
2026-03-15,bathroomgraffiti,fra,nonbrand,10.6,38,6249,final
2026-03-16,bathroomgraffiti,fra,nonbrand,10.6,30,5742,final
2026-03-17,bathroomgraffiti,fra,nonbrand,10.3,30,5653,final
2026-03-18,bathroomgraffiti,fra,nonbrand,10.3,23,5322,final
2026-03-19,bathroomgraffiti,fra,nonbrand,10.1,27,4675,final
2026-03-20,bathroomgraffiti,fra,nonbrand,10.7,25,4773,final
2026-03-21,bathroomgraffiti,fra,nonbrand,9.6,30,5290,final
2026-03-22,bathroomgraffiti,fra,nonbrand,9.7,50,5626,final
2026-03-23,bathroomgraffiti,fra,nonbrand,9.3,30,5185,final
2026-03-24,bathroomgraffiti,fra,nonbrand,9.1,33,5297,final
2026-03-25,bathroomgraffiti,fra,nonbrand,9.5,29,5571,final
2026-03-26,bathroomgraffiti,fra,nonbrand,9.5,28,4696,final
2026-03-27,bathroomgraffiti,fra,nonbrand,9.9,24,4675,final
2026-03-28,bathroomgraffiti,fra,nonbrand,9.0,22,4826,final
2026-03-29,bathroomgraffiti,fra,nonbrand,9.8,26,4552,final
2026-03-30,bathroomgraffiti,fra,nonbrand,9.8,20,4132,final
2026-03-31,bathroomgraffiti,fra,nonbrand,9.9,23,4283,final
2026-04-01,bathroomgraffiti,fra,nonbrand,9.3,18,4447,final
2026-04-02,bathroomgraffiti,fra,nonbrand,9.7,15,3911,final
2026-04-03,bathroomgraffiti,fra,nonbrand,10.7,14,3681,final
2026-04-04,bathroomgraffiti,fra,nonbrand,9.8,14,4089,final
2026-04-05,bathroomgraffiti,fra,nonbrand,10.3,14,4270,final
2026-04-06,bathroomgraffiti,fra,nonbrand,10.1,21,3915,final
2026-04-07,bathroomgraffiti,fra,nonbrand,10.8,16,3734,final
2026-04-08,bathroomgraffiti,fra,nonbrand,10.6,18,4088,final
2026-04-09,bathroomgraffiti,fra,nonbrand,10.4,26,4080,final
2026-04-10,bathroomgraffiti,fra,nonbrand,9.6,24,3733,final
2026-04-11,bathroomgraffiti,fra,nonbrand,10.4,19,4509,final
2026-04-12,bathroomgraffiti,fra,nonbrand,10.7,30,4568,final
2026-04-13,bathroomgraffiti,fra,nonbrand,11.2,15,4508,final
2026-04-14,bathroomgraffiti,fra,nonbrand,11.1,21,4310,final
2026-04-15,bathroomgraffiti,fra,nonbrand,10.2,16,4061,final
2026-04-16,bathroomgraffiti,fra,nonbrand,11.0,11,3932,final
2026-04-17,bathroomgraffiti,fra,nonbrand,10.3,20,3619,final
2026-04-18,bathroomgraffiti,fra,nonbrand,11.0,18,3920,final
2026-04-19,bathroomgraffiti,fra,nonbrand,11.3,24,3936,final
2026-04-20,bathroomgraffiti,fra,nonbrand,11.5,19,3681,final
2026-04-21,bathroomgraffiti,fra,nonbrand,11.9,15,3964,final
2026-04-22,bathroomgraffiti,fra,nonbrand,11.1,19,3784,final
2026-04-23,bathroomgraffiti,fra,nonbrand,11.7,21,3642,final
2026-04-24,bathroomgraffiti,fra,nonbrand,11.4,7,3720,final
2026-04-25,bathroomgraffiti,fra,nonbrand,10.9,14,3823,final
2026-04-26,bathroomgraffiti,fra,nonbrand,12.3,16,3716,final
2026-04-27,bathroomgraffiti,fra,nonbrand,11.4,10,3538,final
2026-04-28,bathroomgraffiti,fra,nonbrand,12.0,16,3851,final
2026-04-29,bathroomgraffiti,fra,nonbrand,11.1,19,3692,final
2026-04-30,bathroomgraffiti,fra,nonbrand,11.1,17,3961,final
2026-05-01,bathroomgraffiti,fra,nonbrand,11.1,22,3548,final
2026-05-02,bathroomgraffiti,fra,nonbrand,10.2,21,3592,final
2026-05-03,bathroomgraffiti,fra,nonbrand,9.5,28,5981,final
2026-05-04,bathroomgraffiti,fra,nonbrand,11.0,11,3642,final
2026-05-05,bathroomgraffiti,fra,nonbrand,10.9,14,3804,final
2026-05-06,bathroomgraffiti,fra,nonbrand,10.2,19,3941,final
2026-05-07,bathroomgraffiti,fra,nonbrand,11.1,12,4365,final
2026-05-08,bathroomgraffiti,fra,nonbrand,10.5,13,3988,final
2026-05-09,bathroomgraffiti,fra,nonbrand,10.5,30,3862,final
2026-05-10,bathroomgraffiti,fra,nonbrand,10.5,27,4069,final
2026-05-11,bathroomgraffiti,fra,nonbrand,11.4,15,3421,final
2026-05-12,bathroomgraffiti,fra,nonbrand,11.4,16,3648,final
2026-05-13,bathroomgraffiti,fra,nonbrand,11.4,15,3927,final
2026-05-14,bathroomgraffiti,fra,nonbrand,9.8,32,4176,final
2026-05-15,bathroomgraffiti,fra,nonbrand,7.4,20,3734,final
2026-05-16,bathroomgraffiti,fra,nonbrand,7.4,18,3618,final
2026-05-17,bathroomgraffiti,fra,nonbrand,7.4,23,3721,final
2026-05-18,bathroomgraffiti,fra,nonbrand,7.9,29,3368,final
2026-05-19,bathroomgraffiti,fra,nonbrand,8.0,17,3149,final
2026-05-20,bathroomgraffiti,fra,nonbrand,8.0,18,3282,final
2026-05-21,bathroomgraffiti,fra,nonbrand,8.3,15,2938,final
2026-05-22,bathroomgraffiti,fra,nonbrand,8.1,14,2799,final
2026-05-23,bathroomgraffiti,fra,nonbrand,7.7,14,2884,final
2026-05-24,bathroomgraffiti,fra,nonbrand,7.8,32,3579,final
2026-05-25,bathroomgraffiti,fra,nonbrand,7.7,29,3885,final
2026-05-26,bathroomgraffiti,fra,nonbrand,7.8,31,4030,final
2026-05-27,bathroomgraffiti,fra,nonbrand,7.2,35,3576,final
2026-05-28,bathroomgraffiti,fra,nonbrand,7.7,38,3332,final
2026-05-29,bathroomgraffiti,fra,nonbrand,8.1,20,3206,final
2026-05-30,bathroomgraffiti,fra,nonbrand,8.0,21,3004,final
2026-05-31,bathroomgraffiti,fra,nonbrand,7.6,19,2863,final
2026-06-01,bathroomgraffiti,fra,nonbrand,9.1,20,2873,final
2026-06-02,bathroomgraffiti,fra,nonbrand,8.3,20,2898,final
2026-06-03,bathroomgraffiti,fra,nonbrand,7.4,12,3164,final
2026-06-04,bathroomgraffiti,fra,nonbrand,9.8,16,2712,final
2026-06-05,bathroomgraffiti,fra,nonbrand,9.0,14,2567,final
2026-06-06,bathroomgraffiti,fra,nonbrand,8.6,16,2850,final
2026-06-07,bathroomgraffiti,fra,nonbrand,9.3,21,3287,final
2026-06-08,bathroomgraffiti,fra,nonbrand,8.6,19,2753,final
2026-06-09,bathroomgraffiti,fra,nonbrand,9.0,25,2596,final
2026-06-10,bathroomgraffiti,fra,nonbrand,8.4,16,2599,final
2026-06-11,bathroomgraffiti,fra,nonbrand,8.3,17,2440,final
2026-06-12,bathroomgraffiti,fra,nonbrand,8.4,19,2341,final
2026-06-13,bathroomgraffiti,fra,nonbrand,8.9,15,2585,final
2026-06-14,bathroomgraffiti,fra,nonbrand,8.5,24,2721,final
2026-06-15,bathroomgraffiti,fra,nonbrand,8.8,16,2629,final
2026-06-16,bathroomgraffiti,fra,nonbrand,8.6,19,2995,final
2026-06-17,bathroomgraffiti,fra,nonbrand,8.4,13,2848,final
2026-06-18,bathroomgraffiti,fra,nonbrand,9.0,17,2508,final
2026-06-19,bathroomgraffiti,fra,nonbrand,9.0,14,2440,final
2026-06-20,bathroomgraffiti,fra,nonbrand,8.7,17,2637,final
2026-06-21,bathroomgraffiti,fra,nonbrand,8.4,20,2413,final
2026-06-22,bathroomgraffiti,fra,nonbrand,8.9,21,2293,final
2026-06-23,bathroomgraffiti,fra,nonbrand,8.4,17,2364,final
2026-06-24,bathroomgraffiti,fra,nonbrand,8.5,23,2673,final
2026-06-25,bathroomgraffiti,fra,nonbrand,9.1,17,2518,final
2026-06-26,bathroomgraffiti,fra,nonbrand,8.6,13,2476,final
2026-06-27,bathroomgraffiti,fra,nonbrand,8.4,22,2729,final
2026-06-28,bathroomgraffiti,fra,nonbrand,8.3,12,2633,final
2026-06-29,bathroomgraffiti,fra,nonbrand,8.2,24,2618,final
2026-06-30,bathroomgraffiti,fra,nonbrand,8.2,26,2670,final
2026-07-01,bathroomgraffiti,fra,nonbrand,7.6,22,3296,final
2026-07-02,bathroomgraffiti,fra,nonbrand,8.5,25,2725,final
2026-07-03,bathroomgraffiti,fra,nonbrand,8.4,16,2571,final
2026-07-04,bathroomgraffiti,fra,nonbrand,8.3,20,2811,final
2026-07-05,bathroomgraffiti,fra,nonbrand,8.3,18,2778,final
2026-07-06,bathroomgraffiti,fra,nonbrand,8.7,26,2538,final
2026-07-07,bathroomgraffiti,fra,nonbrand,9.0,18,2457,final
2026-07-08,bathroomgraffiti,fra,nonbrand,9.1,15,2773,final
2026-07-09,bathroomgraffiti,fra,nonbrand,9.9,22,2867,final
2026-07-10,bathroomgraffiti,fra,nonbrand,9.2,20,2525,final
2026-07-11,bathroomgraffiti,fra,nonbrand,9.3,8,2530,final
2026-07-12,bathroomgraffiti,fra,nonbrand,9.0,19,2557,final
2026-07-13,bathroomgraffiti,fra,nonbrand,8.8,20,2657,final
2026-07-14,bathroomgraffiti,fra,nonbrand,9.4,20,2688,final
2026-07-15,bathroomgraffiti,fra,nonbrand,8.6,15,2515,final
2026-07-16,bathroomgraffiti,fra,nonbrand,8.7,22,2923,final
2026-07-17,bathroomgraffiti,fra,nonbrand,8.6,23,2667,final
2026-07-18,bathroomgraffiti,fra,nonbrand,8.5,27,2829,final
2026-07-19,bathroomgraffiti,fra,nonbrand,8.8,24,2724,final
2026-07-20,bathroomgraffiti,fra,nonbrand,8.8,18,2676,final
2026-07-21,bathroomgraffiti,fra,nonbrand,9.1,15,2833,final
2026-07-22,bathroomgraffiti,fra,nonbrand,8.8,21,2598,final
2026-07-23,bathroomgraffiti,fra,nonbrand,8.8,21,2759,final
2026-07-24,bathroomgraffiti,fra,nonbrand,8.8,29,2739,final
2026-07-25,bathroomgraffiti,fra,nonbrand,10.1,31,2992,final
2026-07-26,bathroomgraffiti,fra,nonbrand,10.2,32,3173,final
2026-07-27,bathroomgraffiti,fra,nonbrand,10.5,28,3122,final
2026-07-28,bathroomgraffiti,fra,nonbrand,11.4,22,3068,final
2026-07-29,bathroomgraffiti,fra,nonbrand,10.9,35,3378,final
2026-07-30,bathroomgraffiti,fra,nonbrand,11.7,26,3183,final
2026-07-31,bathroomgraffiti,fra,nonbrand,11.3,37,3108,final
2026-08-01,bathroomgraffiti,fra,nonbrand,10.5,29,3060,final
2026-08-02,bathroomgraffiti,fra,nonbrand,10.3,29,3783,final
2026-08-03,bathroomgraffiti,fra,nonbrand,10.2,35,3497,final
2026-08-04,bathroomgraffiti,fra,nonbrand,10.4,30,3799,final
2026-08-05,bathroomgraffiti,fra,nonbrand,10.7,37,4318,final
2026-08-06,bathroomgraffiti,fra,nonbrand,12.6,29,4692,final
2026-08-07,bathroomgraffiti,fra,nonbrand,11.1,27,3614,final
2026-08-08,bathroomgraffiti,fra,nonbrand,10.2,20,3831,final
2026-08-09,bathroomgraffiti,fra,nonbrand,10.7,41,3923,final
2026-08-10,bathroomgraffiti,fra,nonbrand,11.0,43,3945,final
2026-08-11,bathroomgraffiti,fra,nonbrand,11.3,23,3868,final
2026-08-12,bathroomgraffiti,fra,nonbrand,11.6,16,3750,final
2026-08-13,bathroomgraffiti,fra,nonbrand,11.5,22,3958,final
2026-08-14,bathroomgraffiti,fra,nonbrand,10.9,15,3742,final
2026-08-15,bathroomgraffiti,fra,nonbrand,10.4,24,3477,final
2026-08-16,bathroomgraffiti,fra,nonbrand,10.7,26,3958,final
2026-08-17,bathroomgraffiti,fra,nonbrand,11.2,25,4114,final
2026-08-18,bathroomgraffiti,fra,nonbrand,10.0,29,4043,final
2026-08-19,bathroomgraffiti,fra,nonbrand,10.6,20,4191,final
2026-08-20,bathroomgraffiti,fra,nonbrand,10.6,23,4329,final
2026-08-21,bathroomgraffiti,fra,nonbrand,10.3,31,3969,final
2026-08-22,bathroomgraffiti,fra,nonbrand,9.4,20,3975,final
2026-08-23,bathroomgraffiti,fra,nonbrand,9.4,24,3897,final
2026-08-24,bathroomgraffiti,fra,nonbrand,9.9,18,4097,final
2026-08-25,bathroomgraffiti,fra,nonbrand,10.5,32,4149,final
2026-08-26,bathroomgraffiti,fra,nonbrand,11.5,31,4482,final
2026-08-27,bathroomgraffiti,fra,nonbrand,10.5,31,4124,final
2026-08-28,bathroomgraffiti,fra,nonbrand,11.1,23,4159,final
2026-08-29,bathroomgraffiti,fra,nonbrand,11.7,20,3409,final
2026-08-30,bathroomgraffiti,fra,nonbrand,11.9,29,3243,final
2026-08-31,bathroomgraffiti,fra,nonbrand,11.7,17,3004,final
2026-09-01,bathroomgraffiti,fra,nonbrand,12.3,26,3023,final
2026-09-02,bathroomgraffiti,fra,nonbrand,12.3,28,3099,final
2026-09-03,bathroomgraffiti,fra,nonbrand,15.8,13,3667,final
2026-09-04,bathroomgraffiti,fra,nonbrand,13.2,30,3224,final
2026-09-05,bathroomgraffiti,fra,nonbrand,11.6,24,3332,final
2026-09-06,bathroomgraffiti,fra,nonbrand,10.5,17,3112,final
2026-09-07,bathroomgraffiti,fra,nonbrand,11.7,17,2880,final
2026-09-08,bathroomgraffiti,fra,nonbrand,11.4,31,2810,final
2026-09-09,bathroomgraffiti,fra,nonbrand,10.1,20,3054,final
2026-09-10,bathroomgraffiti,fra,nonbrand,10.9,11,2427,final
2026-09-11,bathroomgraffiti,fra,nonbrand,8.6,15,2893,final
2026-09-12,bathroomgraffiti,fra,nonbrand,9.7,30,3205,final
2026-09-13,bathroomgraffiti,fra,nonbrand,8.9,24,3042,final
2026-09-14,bathroomgraffiti,fra,nonbrand,10.0,21,2549,final
2026-09-15,bathroomgraffiti,fra,nonbrand,10.0,20,2281,final
2026-09-16,bathroomgraffiti,fra,nonbrand,10.6,23,2640,final
2026-09-17,bathroomgraffiti,fra,nonbrand,9.5,14,2208,final
2026-09-18,bathroomgraffiti,fra,nonbrand,9.1,22,2239,final
2026-09-19,bathroomgraffiti,fra,nonbrand,8.5,19,2422,final
2026-09-20,bathroomgraffiti,fra,nonbrand,8.6,17,2413,final
2026-09-21,bathroomgraffiti,fra,nonbrand,9.0,14,2192,final
2026-09-22,bathroomgraffiti,fra,nonbrand,9.8,21,2218,final
2026-09-23,bathroomgraffiti,fra,nonbrand,9.8,15,2379,final
2026-09-24,bathroomgraffiti,fra,nonbrand,10.0,21,2087,final
2026-09-25,bathroomgraffiti,fra,nonbrand,9.2,21,2170,final
2026-09-26,bathroomgraffiti,fra,nonbrand,9.7,22,2640,final
2026-09-27,bathroomgraffiti,fra,nonbrand,9.6,14,2446,final
2026-09-28,bathroomgraffiti,fra,nonbrand,10.1,21,1996,final
2026-09-29,bathroomgraffiti,fra,nonbrand,10.2,11,2148,final
2026-09-30,bathroomgraffiti,fra,nonbrand,10.6,16,2441,final
2026-10-01,bathroomgraffiti,fra,nonbrand,11.3,12,2247,final
2026-10-02,bathroomgraffiti,fra,nonbrand,11.2,20,2502,final
2026-10-03,bathroomgraffiti,fra,nonbrand,12.0,24,3207,final
2026-10-04,bathroomgraffiti,fra,nonbrand,12.1,22,3328,final
2026-10-05,bathroomgraffiti,fra,nonbrand,11.1,14,2299,fresh
2026-10-06,bathroomgraffiti,fra,nonbrand,11.9,9,994,fresh
2025-06-12,bathroomgraffiti,fra,total,8.6,128,5619,final
2025-06-13,bathroomgraffiti,fra,total,8.6,140,5822,final
2025-06-14,bathroomgraffiti,fra,total,8.5,153,7513,final
2025-06-15,bathroomgraffiti,fra,total,8.1,135,7324,final
2025-06-16,bathroomgraffiti,fra,total,8.4,145,6273,final
2025-06-17,bathroomgraffiti,fra,total,8.4,125,6612,final
2025-06-18,bathroomgraffiti,fra,total,8.4,139,6937,final
2025-06-19,bathroomgraffiti,fra,total,8.5,133,6541,final
2025-06-20,bathroomgraffiti,fra,total,8.5,133,6293,final
2025-06-21,bathroomgraffiti,fra,total,9.0,137,6381,final
2025-06-22,bathroomgraffiti,fra,total,7.8,140,6864,final
2025-06-23,bathroomgraffiti,fra,total,8.8,134,6832,final
2025-06-24,bathroomgraffiti,fra,total,8.3,168,6916,final
2025-06-25,bathroomgraffiti,fra,total,8.3,166,7686,final
2025-06-26,bathroomgraffiti,fra,total,8.3,146,7077,final
2025-06-27,bathroomgraffiti,fra,total,8.2,149,6992,final
2025-06-28,bathroomgraffiti,fra,total,8.4,157,7121,final
2025-06-29,bathroomgraffiti,fra,total,8.0,148,7232,final
2025-06-30,bathroomgraffiti,fra,total,8.9,167,7161,final
2025-07-01,bathroomgraffiti,fra,total,13.3,167,8655,final
2025-07-02,bathroomgraffiti,fra,total,17.5,148,11421,final
2025-07-03,bathroomgraffiti,fra,total,18.3,142,12419,final
2025-07-04,bathroomgraffiti,fra,total,19.3,136,11593,final
2025-07-05,bathroomgraffiti,fra,total,17.8,148,11734,final
2025-07-06,bathroomgraffiti,fra,total,17.1,145,12169,final
2025-07-07,bathroomgraffiti,fra,total,17.0,155,11591,final
2025-07-08,bathroomgraffiti,fra,total,15.8,137,11359,final
2025-07-09,bathroomgraffiti,fra,total,17.4,154,11726,final
2025-07-10,bathroomgraffiti,fra,total,18.6,131,12349,final
2025-07-11,bathroomgraffiti,fra,total,25.8,112,16242,final
2025-07-12,bathroomgraffiti,fra,total,20.9,120,12407,final
2025-07-13,bathroomgraffiti,fra,total,17.6,158,10378,final
2025-07-14,bathroomgraffiti,fra,total,18.0,126,10305,final
2025-07-15,bathroomgraffiti,fra,total,18.8,132,10488,final
2025-07-16,bathroomgraffiti,fra,total,18.8,154,10184,final
2025-07-17,bathroomgraffiti,fra,total,19.3,119,10648,final
2025-07-18,bathroomgraffiti,fra,total,19.9,108,10071,final
2025-07-19,bathroomgraffiti,fra,total,20.3,126,10695,final
2025-07-20,bathroomgraffiti,fra,total,19.7,134,10997,final
2025-07-21,bathroomgraffiti,fra,total,19.9,121,10136,final
2025-07-22,bathroomgraffiti,fra,total,21.4,120,11086,final
2025-07-23,bathroomgraffiti,fra,total,19.5,168,11005,final
2025-07-24,bathroomgraffiti,fra,total,19.3,141,10415,final
2025-07-25,bathroomgraffiti,fra,total,20.8,148,10880,final
2025-07-26,bathroomgraffiti,fra,total,18.3,153,10681,final
2025-07-27,bathroomgraffiti,fra,total,18.2,144,10723,final
2025-07-28,bathroomgraffiti,fra,total,18.9,133,11147,final
2025-07-29,bathroomgraffiti,fra,total,18.7,144,10636,final
2025-07-30,bathroomgraffiti,fra,total,17.8,152,10684,final
2025-07-31,bathroomgraffiti,fra,total,17.8,129,10094,final
2025-08-01,bathroomgraffiti,fra,total,19.8,125,11018,final
2025-08-02,bathroomgraffiti,fra,total,18.5,147,10419,final
2025-08-03,bathroomgraffiti,fra,total,20.1,123,11351,final
2025-08-04,bathroomgraffiti,fra,total,19.7,136,10945,final
2025-08-05,bathroomgraffiti,fra,total,19.8,159,11048,final
2025-08-06,bathroomgraffiti,fra,total,20.5,128,11826,final
2025-08-07,bathroomgraffiti,fra,total,21.6,127,11559,final
2025-08-08,bathroomgraffiti,fra,total,20.7,130,11125,final
2025-08-09,bathroomgraffiti,fra,total,20.8,120,11734,final
2025-08-10,bathroomgraffiti,fra,total,20.3,131,11700,final
2025-08-11,bathroomgraffiti,fra,total,26.3,143,17313,final
2025-08-12,bathroomgraffiti,fra,total,17.5,141,11364,final
2025-08-13,bathroomgraffiti,fra,total,17.5,136,11354,final
2025-08-14,bathroomgraffiti,fra,total,17.6,142,10991,final
2025-08-15,bathroomgraffiti,fra,total,17.1,124,10678,final
2025-08-16,bathroomgraffiti,fra,total,17.5,132,10666,final
2025-08-17,bathroomgraffiti,fra,total,16.1,128,10405,final
2025-08-18,bathroomgraffiti,fra,total,17.3,122,10752,final
2025-08-19,bathroomgraffiti,fra,total,18.5,158,11384,final
2025-08-20,bathroomgraffiti,fra,total,17.8,159,11327,final
2025-08-21,bathroomgraffiti,fra,total,19.3,128,11337,final
2025-08-22,bathroomgraffiti,fra,total,19.4,128,10736,final
2025-08-23,bathroomgraffiti,fra,total,19.0,94,10807,final
2025-08-24,bathroomgraffiti,fra,total,18.5,120,10784,final
2025-08-25,bathroomgraffiti,fra,total,18.3,131,10988,final
2025-08-26,bathroomgraffiti,fra,total,19.2,139,11703,final
2025-08-27,bathroomgraffiti,fra,total,20.1,139,12301,final
2025-08-28,bathroomgraffiti,fra,total,19.5,125,11577,final
2025-08-29,bathroomgraffiti,fra,total,20.2,161,12059,final
2025-08-30,bathroomgraffiti,fra,total,20.0,160,11961,final
2025-08-31,bathroomgraffiti,fra,total,19.3,139,11419,final
2025-09-01,bathroomgraffiti,fra,total,21.0,111,10253,final
2025-09-02,bathroomgraffiti,fra,total,20.7,106,9874,final
2025-09-03,bathroomgraffiti,fra,total,19.8,125,11419,final
2025-09-04,bathroomgraffiti,fra,total,18.9,135,11845,final
2025-09-05,bathroomgraffiti,fra,total,20.2,120,12008,final
2025-09-06,bathroomgraffiti,fra,total,20.0,145,12800,final
2025-09-07,bathroomgraffiti,fra,total,18.4,131,11814,final
2025-09-08,bathroomgraffiti,fra,total,19.8,128,10398,final
2025-09-09,bathroomgraffiti,fra,total,19.5,105,10623,final
2025-09-10,bathroomgraffiti,fra,total,16.9,133,10744,final
2025-09-11,bathroomgraffiti,fra,total,17.4,105,9844,final
2025-09-12,bathroomgraffiti,fra,total,14.8,125,9017,final
2025-09-13,bathroomgraffiti,fra,total,9.4,138,9693,final
2025-09-14,bathroomgraffiti,fra,total,11.2,97,9909,final
2025-09-15,bathroomgraffiti,fra,total,12.3,112,8842,final
2025-09-16,bathroomgraffiti,fra,total,10.7,130,8335,final
2025-09-17,bathroomgraffiti,fra,total,10.8,151,9107,final
2025-09-18,bathroomgraffiti,fra,total,11.6,131,8638,final
2025-09-19,bathroomgraffiti,fra,total,11.5,125,8693,final
2025-09-20,bathroomgraffiti,fra,total,10.3,169,9950,final
2025-09-21,bathroomgraffiti,fra,total,10.3,132,9825,final
2025-09-22,bathroomgraffiti,fra,total,12.2,119,8133,final
2025-09-23,bathroomgraffiti,fra,total,11.3,123,8654,final
2025-09-24,bathroomgraffiti,fra,total,11.1,130,9562,final
2025-09-25,bathroomgraffiti,fra,total,11.0,151,8577,final
2025-09-26,bathroomgraffiti,fra,total,11.2,144,9144,final
2025-09-27,bathroomgraffiti,fra,total,10.9,131,10502,final
2025-09-28,bathroomgraffiti,fra,total,10.0,132,9868,final
2025-09-29,bathroomgraffiti,fra,total,11.8,121,8506,final
2025-09-30,bathroomgraffiti,fra,total,10.9,153,8518,final
2025-10-01,bathroomgraffiti,fra,total,10.2,140,9234,final
2025-10-02,bathroomgraffiti,fra,total,10.3,104,8448,final
2025-10-03,bathroomgraffiti,fra,total,10.6,128,8875,final
2025-10-04,bathroomgraffiti,fra,total,10.5,192,10954,final
2025-10-05,bathroomgraffiti,fra,total,11.9,162,10845,final
2025-10-06,bathroomgraffiti,fra,total,11.3,158,8583,final
2025-10-07,bathroomgraffiti,fra,total,10.1,111,8401,final
2025-10-08,bathroomgraffiti,fra,total,9.5,117,9495,final
2025-10-09,bathroomgraffiti,fra,total,10.4,143,8820,final
2025-10-10,bathroomgraffiti,fra,total,10.3,143,8362,final
2025-10-11,bathroomgraffiti,fra,total,9.8,147,9867,final
2025-10-12,bathroomgraffiti,fra,total,9.0,161,9640,final
2025-10-13,bathroomgraffiti,fra,total,9.8,141,7890,final
2025-10-14,bathroomgraffiti,fra,total,10.8,122,8589,final
2025-10-15,bathroomgraffiti,fra,total,13.9,151,10942,final
2025-10-16,bathroomgraffiti,fra,total,14.8,182,10971,final
2025-10-17,bathroomgraffiti,fra,total,10.6,163,8804,final
2025-10-18,bathroomgraffiti,fra,total,10.2,143,10619,final
2025-10-19,bathroomgraffiti,fra,total,9.2,160,11159,final
2025-10-20,bathroomgraffiti,fra,total,9.7,144,10459,final
2025-10-21,bathroomgraffiti,fra,total,10.3,161,10422,final
2025-10-22,bathroomgraffiti,fra,total,9.8,152,10628,final
2025-10-23,bathroomgraffiti,fra,total,10.1,144,10800,final
2025-10-24,bathroomgraffiti,fra,total,9.0,152,13160,final
2025-10-25,bathroomgraffiti,fra,total,9.8,191,13790,final
2025-10-26,bathroomgraffiti,fra,total,7.8,206,13252,final
2025-10-27,bathroomgraffiti,fra,total,10.6,169,10482,final
2025-10-28,bathroomgraffiti,fra,total,8.7,153,10259,final
2025-10-29,bathroomgraffiti,fra,total,10.3,145,10339,final
2025-10-30,bathroomgraffiti,fra,total,9.3,174,10533,final
2025-10-31,bathroomgraffiti,fra,total,9.5,151,9420,final
2025-11-01,bathroomgraffiti,fra,total,9.4,220,12255,final
2025-11-02,bathroomgraffiti,fra,total,9.5,248,12808,final
2025-11-03,bathroomgraffiti,fra,total,8.9,183,10194,final
2025-11-04,bathroomgraffiti,fra,total,9.1,157,10055,final
2025-11-05,bathroomgraffiti,fra,total,9.0,203,11226,final
2025-11-06,bathroomgraffiti,fra,total,9.3,179,10152,final
2025-11-07,bathroomgraffiti,fra,total,9.9,171,11151,final
2025-11-08,bathroomgraffiti,fra,total,9.3,225,13811,final
2025-11-09,bathroomgraffiti,fra,total,10.1,255,14926,final
2025-11-10,bathroomgraffiti,fra,total,12.1,199,14192,final
2025-11-11,bathroomgraffiti,fra,total,10.1,246,17239,final
2025-11-12,bathroomgraffiti,fra,total,9.2,247,15552,final
2025-11-13,bathroomgraffiti,fra,total,8.9,213,13370,final
2025-11-14,bathroomgraffiti,fra,total,8.7,222,13742,final
2025-11-15,bathroomgraffiti,fra,total,8.0,265,17217,final
2025-11-16,bathroomgraffiti,fra,total,8.0,297,19138,final
2025-11-17,bathroomgraffiti,fra,total,8.8,262,14611,final
2025-11-18,bathroomgraffiti,fra,total,9.1,254,14864,final
2025-11-19,bathroomgraffiti,fra,total,9.3,293,17690,final
2025-11-20,bathroomgraffiti,fra,total,9.3,274,16674,final
2025-11-21,bathroomgraffiti,fra,total,9.0,235,16554,final
2025-11-22,bathroomgraffiti,fra,total,9.0,289,20962,final
2025-11-23,bathroomgraffiti,fra,total,9.1,345,23249,final
2025-11-24,bathroomgraffiti,fra,total,9.0,306,18933,final
2025-11-25,bathroomgraffiti,fra,total,9.3,328,19393,final
2025-11-26,bathroomgraffiti,fra,total,9.4,334,21910,final
2025-11-27,bathroomgraffiti,fra,total,9.8,370,19567,final
2025-11-28,bathroomgraffiti,fra,total,9.8,396,21445,final
2025-11-29,bathroomgraffiti,fra,total,9.8,341,22226,final
2025-11-30,bathroomgraffiti,fra,total,9.5,436,24425,final
2025-12-01,bathroomgraffiti,fra,total,9.6,388,20181,final
2025-12-02,bathroomgraffiti,fra,total,10.0,407,20302,final
2025-12-03,bathroomgraffiti,fra,total,9.9,455,22528,final
2025-12-04,bathroomgraffiti,fra,total,10.6,386,20106,final
2025-12-05,bathroomgraffiti,fra,total,10.3,384,18590,final
2025-12-06,bathroomgraffiti,fra,total,9.4,397,22013,final
2025-12-07,bathroomgraffiti,fra,total,9.5,457,25252,final
2025-12-08,bathroomgraffiti,fra,total,9.6,455,21086,final
2025-12-09,bathroomgraffiti,fra,total,11.2,421,20974,final
2025-12-10,bathroomgraffiti,fra,total,13.4,473,24176,final
2025-12-11,bathroomgraffiti,fra,total,9.9,434,19231,final
2025-12-12,bathroomgraffiti,fra,total,12.3,432,20668,final
2025-12-13,bathroomgraffiti,fra,total,10.1,463,21071,final
2025-12-14,bathroomgraffiti,fra,total,9.5,483,20614,final
2025-12-15,bathroomgraffiti,fra,total,12.6,426,18764,final
2025-12-16,bathroomgraffiti,fra,total,10.6,387,16020,final
2025-12-17,bathroomgraffiti,fra,total,9.1,376,15461,final
2025-12-18,bathroomgraffiti,fra,total,11.7,312,14732,final
2025-12-19,bathroomgraffiti,fra,total,11.9,282,14283,final
2025-12-20,bathroomgraffiti,fra,total,10.0,341,15870,final
2025-12-21,bathroomgraffiti,fra,total,9.9,322,15185,final
2025-12-22,bathroomgraffiti,fra,total,10.5,328,14724,final
2025-12-23,bathroomgraffiti,fra,total,10.4,277,13534,final
2025-12-24,bathroomgraffiti,fra,total,11.3,181,12485,final
2025-12-25,bathroomgraffiti,fra,total,10.1,231,17356,final
2025-12-26,bathroomgraffiti,fra,total,11.2,247,15149,final
2025-12-27,bathroomgraffiti,fra,total,11.0,187,13355,final
2025-12-28,bathroomgraffiti,fra,total,11.1,187,12364,final
2025-12-29,bathroomgraffiti,fra,total,11.4,191,11966,final
2025-12-30,bathroomgraffiti,fra,total,12.1,173,11187,final
2025-12-31,bathroomgraffiti,fra,total,13.0,112,9179,final
2026-01-01,bathroomgraffiti,fra,total,13.7,137,9640,final
2026-01-02,bathroomgraffiti,fra,total,11.6,165,10850,final
2026-01-03,bathroomgraffiti,fra,total,11.6,147,10071,final
2026-01-04,bathroomgraffiti,fra,total,12.4,162,9875,final
2026-01-05,bathroomgraffiti,fra,total,13.0,133,8928,final
2026-01-06,bathroomgraffiti,fra,total,11.2,131,8338,final
2026-01-07,bathroomgraffiti,fra,total,11.6,148,10757,final
2026-01-08,bathroomgraffiti,fra,total,11.7,157,9862,final
2026-01-09,bathroomgraffiti,fra,total,14.3,148,11095,final
2026-01-10,bathroomgraffiti,fra,total,13.3,164,12532,final
2026-01-11,bathroomgraffiti,fra,total,10.5,179,10509,final
2026-01-12,bathroomgraffiti,fra,total,10.6,161,8998,final
2026-01-13,bathroomgraffiti,fra,total,12.3,141,9294,final
2026-01-14,bathroomgraffiti,fra,total,11.8,134,10238,final
2026-01-15,bathroomgraffiti,fra,total,11.1,150,8551,final
2026-01-16,bathroomgraffiti,fra,total,10.8,172,8876,final
2026-01-17,bathroomgraffiti,fra,total,10.3,165,10123,final
2026-01-18,bathroomgraffiti,fra,total,10.1,131,9693,final
2026-01-19,bathroomgraffiti,fra,total,10.7,136,8452,final
2026-01-20,bathroomgraffiti,fra,total,11.2,152,8256,final
2026-01-21,bathroomgraffiti,fra,total,11.4,113,8777,final
2026-01-22,bathroomgraffiti,fra,total,14.2,91,8659,final
2026-01-23,bathroomgraffiti,fra,total,13.0,124,8420,final
2026-01-24,bathroomgraffiti,fra,total,12.0,76,9396,final
2026-01-25,bathroomgraffiti,fra,total,10.4,125,9700,final
2026-01-26,bathroomgraffiti,fra,total,14.0,101,8788,final
2026-01-27,bathroomgraffiti,fra,total,12.0,107,9158,final
2026-01-28,bathroomgraffiti,fra,total,9.2,114,8832,final
2026-01-29,bathroomgraffiti,fra,total,11.8,106,9302,final
2026-01-30,bathroomgraffiti,fra,total,11.7,105,9930,final
2026-01-31,bathroomgraffiti,fra,total,10.8,116,11175,final
2026-02-01,bathroomgraffiti,fra,total,10.6,129,10261,final
2026-02-02,bathroomgraffiti,fra,total,10.2,106,8468,final
2026-02-03,bathroomgraffiti,fra,total,9.0,110,7993,final
2026-02-04,bathroomgraffiti,fra,total,10.3,116,8650,final
2026-02-05,bathroomgraffiti,fra,total,12.5,105,8656,final
2026-02-06,bathroomgraffiti,fra,total,13.5,94,8861,final
2026-02-07,bathroomgraffiti,fra,total,9.6,114,8719,final
2026-02-08,bathroomgraffiti,fra,total,11.6,100,9027,final
2026-02-09,bathroomgraffiti,fra,total,12.6,69,8042,final
2026-02-10,bathroomgraffiti,fra,total,12.9,80,8869,final
2026-02-11,bathroomgraffiti,fra,total,10.8,86,9265,final
2026-02-12,bathroomgraffiti,fra,total,11.4,96,8496,final
2026-02-13,bathroomgraffiti,fra,total,11.1,97,8878,final
2026-02-14,bathroomgraffiti,fra,total,10.7,117,10251,final
2026-02-15,bathroomgraffiti,fra,total,10.8,106,10513,final
2026-02-16,bathroomgraffiti,fra,total,11.5,106,8861,final
2026-02-17,bathroomgraffiti,fra,total,12.0,80,9668,final
2026-02-18,bathroomgraffiti,fra,total,12.0,102,9512,final
2026-02-19,bathroomgraffiti,fra,total,11.1,90,9343,final
2026-02-20,bathroomgraffiti,fra,total,11.5,95,8985,final
2026-02-21,bathroomgraffiti,fra,total,9.7,95,10601,final
2026-02-22,bathroomgraffiti,fra,total,10.0,85,10921,final
2026-02-23,bathroomgraffiti,fra,total,10.5,107,9664,final
2026-02-24,bathroomgraffiti,fra,total,11.1,97,9390,final
2026-02-25,bathroomgraffiti,fra,total,11.4,87,9517,final
2026-02-26,bathroomgraffiti,fra,total,12.0,67,9706,final
2026-02-27,bathroomgraffiti,fra,total,11.6,90,12299,final
2026-02-28,bathroomgraffiti,fra,total,11.1,101,11527,final
2026-03-01,bathroomgraffiti,fra,total,11.4,87,9898,final
2026-03-02,bathroomgraffiti,fra,total,12.5,113,9944,final
2026-03-03,bathroomgraffiti,fra,total,10.1,86,10257,final
2026-03-04,bathroomgraffiti,fra,total,8.8,94,9828,final
2026-03-05,bathroomgraffiti,fra,total,9.3,84,9192,final
2026-03-06,bathroomgraffiti,fra,total,9.1,89,9354,final
2026-03-07,bathroomgraffiti,fra,total,9.5,109,10805,final
2026-03-08,bathroomgraffiti,fra,total,10.9,89,12163,final
2026-03-09,bathroomgraffiti,fra,total,9.9,86,11251,final
2026-03-10,bathroomgraffiti,fra,total,9.8,94,10093,final
2026-03-11,bathroomgraffiti,fra,total,9.5,83,10732,final
2026-03-12,bathroomgraffiti,fra,total,9.5,90,9925,final
2026-03-13,bathroomgraffiti,fra,total,9.7,85,9609,final
2026-03-14,bathroomgraffiti,fra,total,8.7,127,12333,final
2026-03-15,bathroomgraffiti,fra,total,9.2,98,9934,final
2026-03-16,bathroomgraffiti,fra,total,9.3,83,9005,final
2026-03-17,bathroomgraffiti,fra,total,9.1,69,9179,final
2026-03-18,bathroomgraffiti,fra,total,8.9,75,8808,final
2026-03-19,bathroomgraffiti,fra,total,8.7,82,7740,final
2026-03-20,bathroomgraffiti,fra,total,9.2,93,7914,final
2026-03-21,bathroomgraffiti,fra,total,8.4,83,8916,final
2026-03-22,bathroomgraffiti,fra,total,8.5,105,9034,final
2026-03-23,bathroomgraffiti,fra,total,8.4,84,8134,final
2026-03-24,bathroomgraffiti,fra,total,8.3,97,8295,final
2026-03-25,bathroomgraffiti,fra,total,8.4,93,9131,final
2026-03-26,bathroomgraffiti,fra,total,8.3,77,7744,final
2026-03-27,bathroomgraffiti,fra,total,8.6,77,7736,final
2026-03-28,bathroomgraffiti,fra,total,8.1,88,8420,final
2026-03-29,bathroomgraffiti,fra,total,8.5,94,7687,final
2026-03-30,bathroomgraffiti,fra,total,8.5,119,6949,final
2026-03-31,bathroomgraffiti,fra,total,8.7,82,7057,final
2026-04-01,bathroomgraffiti,fra,total,8.2,72,7438,final
2026-04-02,bathroomgraffiti,fra,total,8.5,51,6542,final
2026-04-03,bathroomgraffiti,fra,total,9.0,64,6264,final
2026-04-04,bathroomgraffiti,fra,total,8.5,61,6860,final
2026-04-05,bathroomgraffiti,fra,total,8.9,72,6975,final
2026-04-06,bathroomgraffiti,fra,total,8.7,80,6468,final
2026-04-07,bathroomgraffiti,fra,total,9.3,60,5869,final
2026-04-08,bathroomgraffiti,fra,total,9.2,64,6360,final
2026-04-09,bathroomgraffiti,fra,total,9.3,73,6201,final
2026-04-10,bathroomgraffiti,fra,total,8.5,64,5990,final
2026-04-11,bathroomgraffiti,fra,total,9.0,70,7360,final
2026-04-12,bathroomgraffiti,fra,total,9.2,85,7468,final
2026-04-13,bathroomgraffiti,fra,total,10.1,70,7435,final
2026-04-14,bathroomgraffiti,fra,total,9.7,61,6762,final
2026-04-15,bathroomgraffiti,fra,total,8.7,77,6685,final
2026-04-16,bathroomgraffiti,fra,total,9.3,66,6476,final
2026-04-17,bathroomgraffiti,fra,total,8.7,89,6190,final
2026-04-18,bathroomgraffiti,fra,total,9.3,90,6643,final
2026-04-19,bathroomgraffiti,fra,total,9.6,70,6487,final
2026-04-20,bathroomgraffiti,fra,total,9.5,71,6101,final
2026-04-21,bathroomgraffiti,fra,total,10.1,69,6202,final
2026-04-22,bathroomgraffiti,fra,total,9.4,71,6296,final
2026-04-23,bathroomgraffiti,fra,total,9.7,99,5993,final
2026-04-24,bathroomgraffiti,fra,total,9.8,52,5986,final
2026-04-25,bathroomgraffiti,fra,total,9.4,65,6170,final
2026-04-26,bathroomgraffiti,fra,total,10.4,60,5936,final
2026-04-27,bathroomgraffiti,fra,total,9.6,45,5814,final
2026-04-28,bathroomgraffiti,fra,total,10.1,57,6221,final
2026-04-29,bathroomgraffiti,fra,total,9.5,72,6117,final
2026-04-30,bathroomgraffiti,fra,total,9.7,60,6205,final
2026-05-01,bathroomgraffiti,fra,total,9.5,54,5885,final
2026-05-02,bathroomgraffiti,fra,total,8.8,96,6166,final
2026-05-03,bathroomgraffiti,fra,total,8.6,66,8820,final
2026-05-04,bathroomgraffiti,fra,total,9.4,59,6102,final
2026-05-05,bathroomgraffiti,fra,total,9.4,52,6214,final
2026-05-06,bathroomgraffiti,fra,total,8.8,73,6710,final
2026-05-07,bathroomgraffiti,fra,total,9.8,53,6867,final
2026-05-08,bathroomgraffiti,fra,total,9.0,69,6783,final
2026-05-09,bathroomgraffiti,fra,total,9.1,67,6549,final
2026-05-10,bathroomgraffiti,fra,total,9.2,87,7061,final
2026-05-11,bathroomgraffiti,fra,total,9.5,81,5878,final
2026-05-12,bathroomgraffiti,fra,total,9.5,73,6094,final
2026-05-13,bathroomgraffiti,fra,total,9.5,66,6695,final
2026-05-14,bathroomgraffiti,fra,total,8.5,106,7205,final
2026-05-15,bathroomgraffiti,fra,total,7.0,70,6659,final
2026-05-16,bathroomgraffiti,fra,total,7.1,79,6501,final
2026-05-17,bathroomgraffiti,fra,total,7.0,86,6449,final
2026-05-18,bathroomgraffiti,fra,total,7.3,87,5819,final
2026-05-19,bathroomgraffiti,fra,total,7.4,59,5546,final
2026-05-20,bathroomgraffiti,fra,total,7.4,94,5934,final
2026-05-21,bathroomgraffiti,fra,total,7.6,73,5092,final
2026-05-22,bathroomgraffiti,fra,total,7.4,61,5000,final
2026-05-23,bathroomgraffiti,fra,total,7.1,82,5440,final
2026-05-24,bathroomgraffiti,fra,total,7.3,82,6243,final
2026-05-25,bathroomgraffiti,fra,total,7.3,98,6913,final
2026-05-26,bathroomgraffiti,fra,total,7.4,106,6803,final
2026-05-27,bathroomgraffiti,fra,total,6.9,101,6657,final
2026-05-28,bathroomgraffiti,fra,total,7.1,107,6170,final
2026-05-29,bathroomgraffiti,fra,total,7.4,81,5951,final
2026-05-30,bathroomgraffiti,fra,total,7.2,76,5777,final
2026-05-31,bathroomgraffiti,fra,total,7.1,106,5904,final
2026-06-01,bathroomgraffiti,fra,total,7.8,99,5476,final
2026-06-02,bathroomgraffiti,fra,total,7.3,76,5569,final
2026-06-03,bathroomgraffiti,fra,total,6.9,92,6244,final
2026-06-04,bathroomgraffiti,fra,total,8.2,58,5333,final
2026-06-05,bathroomgraffiti,fra,total,7.7,68,4926,final
2026-06-06,bathroomgraffiti,fra,total,7.5,70,5535,final
2026-06-07,bathroomgraffiti,fra,total,8.1,61,5936,final
2026-06-08,bathroomgraffiti,fra,total,7.6,63,5443,final
2026-06-09,bathroomgraffiti,fra,total,7.7,82,5197,final
2026-06-10,bathroomgraffiti,fra,total,7.4,84,5390,final
2026-06-11,bathroomgraffiti,fra,total,7.3,67,4978,final
2026-06-12,bathroomgraffiti,fra,total,7.5,73,4792,final
2026-06-13,bathroomgraffiti,fra,total,7.7,81,5248,final
2026-06-14,bathroomgraffiti,fra,total,7.5,80,5401,final
2026-06-15,bathroomgraffiti,fra,total,7.6,72,5213,final
2026-06-16,bathroomgraffiti,fra,total,7.6,58,5819,final
2026-06-17,bathroomgraffiti,fra,total,7.5,81,5715,final
2026-06-18,bathroomgraffiti,fra,total,7.8,83,4996,final
2026-06-19,bathroomgraffiti,fra,total,7.8,73,4833,final
2026-06-20,bathroomgraffiti,fra,total,7.6,85,5476,final
2026-06-21,bathroomgraffiti,fra,total,7.4,86,5008,final
2026-06-22,bathroomgraffiti,fra,total,7.6,72,4777,final
2026-06-23,bathroomgraffiti,fra,total,7.4,77,5002,final
2026-06-24,bathroomgraffiti,fra,total,7.5,104,5666,final
2026-06-25,bathroomgraffiti,fra,total,7.8,76,5156,final
2026-06-26,bathroomgraffiti,fra,total,7.4,56,5124,final
2026-06-27,bathroomgraffiti,fra,total,7.4,83,5495,final
2026-06-28,bathroomgraffiti,fra,total,7.4,61,5354,final
2026-06-29,bathroomgraffiti,fra,total,7.2,91,5410,final
2026-06-30,bathroomgraffiti,fra,total,7.4,73,5362,final
2026-07-01,bathroomgraffiti,fra,total,7.1,76,6215,final
2026-07-02,bathroomgraffiti,fra,total,7.5,99,5524,final
2026-07-03,bathroomgraffiti,fra,total,7.4,88,5067,final
2026-07-04,bathroomgraffiti,fra,total,7.5,117,5431,final
2026-07-05,bathroomgraffiti,fra,total,7.3,110,5286,final
2026-07-06,bathroomgraffiti,fra,total,7.7,132,5059,final
2026-07-07,bathroomgraffiti,fra,total,7.9,104,4796,final
2026-07-08,bathroomgraffiti,fra,total,7.8,110,5223,final
2026-07-09,bathroomgraffiti,fra,total,8.4,93,5302,final
2026-07-10,bathroomgraffiti,fra,total,8.1,102,4955,final
2026-07-11,bathroomgraffiti,fra,total,7.8,102,5062,final
2026-07-12,bathroomgraffiti,fra,total,7.7,124,5109,final
2026-07-13,bathroomgraffiti,fra,total,7.6,113,5082,final
2026-07-14,bathroomgraffiti,fra,total,7.9,114,5128,final
2026-07-15,bathroomgraffiti,fra,total,7.6,98,5077,final
2026-07-16,bathroomgraffiti,fra,total,7.8,92,5431,final
2026-07-17,bathroomgraffiti,fra,total,7.5,118,5234,final
2026-07-18,bathroomgraffiti,fra,total,7.4,111,5437,final
2026-07-19,bathroomgraffiti,fra,total,7.6,127,5410,final
2026-07-20,bathroomgraffiti,fra,total,7.7,123,5279,final
2026-07-21,bathroomgraffiti,fra,total,7.7,103,5596,final
2026-07-22,bathroomgraffiti,fra,total,7.6,128,5404,final
2026-07-23,bathroomgraffiti,fra,total,7.7,115,5253,final
2026-07-24,bathroomgraffiti,fra,total,7.7,114,5257,final
2026-07-25,bathroomgraffiti,fra,total,8.3,122,5767,final
2026-07-26,bathroomgraffiti,fra,total,8.6,108,5799,final
2026-07-27,bathroomgraffiti,fra,total,8.7,122,5754,final
2026-07-28,bathroomgraffiti,fra,total,9.2,128,5748,final
2026-07-29,bathroomgraffiti,fra,total,9.1,161,6105,final
2026-07-30,bathroomgraffiti,fra,total,9.4,137,5930,final
2026-07-31,bathroomgraffiti,fra,total,9.4,134,5689,final
2026-08-01,bathroomgraffiti,fra,total,8.7,129,5613,final
2026-08-02,bathroomgraffiti,fra,total,8.9,117,6415,final
2026-08-03,bathroomgraffiti,fra,total,8.7,140,6009,final
2026-08-04,bathroomgraffiti,fra,total,8.8,115,6353,final
2026-08-05,bathroomgraffiti,fra,total,9.1,119,6882,final
2026-08-06,bathroomgraffiti,fra,total,10.7,107,7317,final
2026-08-07,bathroomgraffiti,fra,total,9.4,104,6159,final
2026-08-08,bathroomgraffiti,fra,total,8.7,93,6392,final
2026-08-09,bathroomgraffiti,fra,total,9.2,121,6471,final
2026-08-10,bathroomgraffiti,fra,total,9.4,132,6528,final
2026-08-11,bathroomgraffiti,fra,total,9.6,124,6373,final
2026-08-12,bathroomgraffiti,fra,total,9.9,89,6171,final
2026-08-13,bathroomgraffiti,fra,total,9.7,106,6540,final
2026-08-14,bathroomgraffiti,fra,total,9.3,99,6182,final
2026-08-15,bathroomgraffiti,fra,total,8.7,106,6096,final
2026-08-16,bathroomgraffiti,fra,total,9.1,124,6563,final
2026-08-17,bathroomgraffiti,fra,total,9.5,112,6728,final
2026-08-18,bathroomgraffiti,fra,total,8.6,119,6743,final
2026-08-19,bathroomgraffiti,fra,total,9.1,105,6873,final
2026-08-20,bathroomgraffiti,fra,total,9.2,102,7012,final
2026-08-21,bathroomgraffiti,fra,total,8.9,103,6549,final
2026-08-22,bathroomgraffiti,fra,total,8.3,92,6560,final
2026-08-23,bathroomgraffiti,fra,total,8.3,106,6401,final
2026-08-24,bathroomgraffiti,fra,total,8.6,120,6749,final
2026-08-25,bathroomgraffiti,fra,total,9.0,130,6789,final
2026-08-26,bathroomgraffiti,fra,total,9.7,127,7281,final
2026-08-27,bathroomgraffiti,fra,total,8.8,137,6850,final
2026-08-28,bathroomgraffiti,fra,total,9.4,105,6848,final
2026-08-29,bathroomgraffiti,fra,total,9.3,116,6380,final
2026-08-30,bathroomgraffiti,fra,total,9.5,130,6058,final
2026-08-31,bathroomgraffiti,fra,total,9.4,104,5708,final
2026-09-01,bathroomgraffiti,fra,total,9.9,104,5366,final
2026-09-02,bathroomgraffiti,fra,total,9.7,122,5543,final
2026-09-03,bathroomgraffiti,fra,total,12.7,91,5903,final
2026-09-04,bathroomgraffiti,fra,total,10.7,107,5575,final
2026-09-05,bathroomgraffiti,fra,total,9.2,100,6212,final
2026-09-06,bathroomgraffiti,fra,total,8.8,126,5960,final
2026-09-07,bathroomgraffiti,fra,total,9.5,97,5155,final
2026-09-08,bathroomgraffiti,fra,total,9.2,124,5128,final
2026-09-09,bathroomgraffiti,fra,total,8.4,109,5557,final
2026-09-10,bathroomgraffiti,fra,total,8.9,102,4605,final
2026-09-11,bathroomgraffiti,fra,total,7.6,91,5130,final
2026-09-12,bathroomgraffiti,fra,total,8.1,107,6028,final
2026-09-13,bathroomgraffiti,fra,total,7.7,88,5688,final
2026-09-14,bathroomgraffiti,fra,total,8.1,128,4738,final
2026-09-15,bathroomgraffiti,fra,total,8.1,84,4345,final
2026-09-16,bathroomgraffiti,fra,total,8.4,99,4889,final
2026-09-17,bathroomgraffiti,fra,total,7.8,88,4241,final
2026-09-18,bathroomgraffiti,fra,total,7.6,108,4205,final
2026-09-19,bathroomgraffiti,fra,total,7.2,103,4726,final
2026-09-20,bathroomgraffiti,fra,total,7.2,101,4718,final
2026-09-21,bathroomgraffiti,fra,total,7.5,78,4048,final
2026-09-22,bathroomgraffiti,fra,total,7.9,92,4214,final
2026-09-23,bathroomgraffiti,fra,total,7.9,107,4604,final
2026-09-24,bathroomgraffiti,fra,total,8.1,103,4111,final
2026-09-25,bathroomgraffiti,fra,total,7.7,109,4329,final
2026-09-26,bathroomgraffiti,fra,total,7.8,104,5137,final
2026-09-27,bathroomgraffiti,fra,total,7.8,109,4811,final
2026-09-28,bathroomgraffiti,fra,total,7.9,102,4096,final
2026-09-29,bathroomgraffiti,fra,total,8.1,114,4346,final
2026-09-30,bathroomgraffiti,fra,total,8.4,104,4980,final
2026-10-01,bathroomgraffiti,fra,total,8.7,101,4395,final
2026-10-02,bathroomgraffiti,fra,total,8.7,114,4716,final
2026-10-03,bathroomgraffiti,fra,total,9.3,142,5993,final
2026-10-04,bathroomgraffiti,fra,total,9.6,125,6075,final
2026-10-05,bathroomgraffiti,fra,total,9.1,91,4694,fresh
2026-10-06,bathroomgraffiti,fra,total,9.2,42,1814,fresh
